Date,USDTRY,Baseline_Anomaly,Baseline_Anomaly_Score,IF_Anomaly,IF_Anomaly_Score,Comparison_Class
2017-04-24,3.573,False,0.588893549648663,False,0.4415031585941437,NEITHER
2017-04-25,3.5797,False,0.5241594478821543,False,0.3885046001180773,NEITHER
2017-04-26,3.5783,False,0.4855439540683588,False,0.38607418557799905,NEITHER
2017-04-27,3.5612,False,0.4758120227242198,False,0.3882956533210616,NEITHER
2017-04-28,3.5516,False,0.4679124612020388,False,0.40147386775556615,NEITHER
2017-05-01,3.5545,False,0.1583993878412125,False,0.38331738903774154,NEITHER
2017-05-02,3.5273,False,0.2776379579834159,False,0.4074743476256077,NEITHER
2017-05-03,3.5349,False,0.2440415716889604,False,0.39155378348426567,NEITHER
2017-05-04,3.554,False,0.3048200363827033,False,0.372370359657223,NEITHER
2017-05-05,3.5441,False,0.3058762455930517,False,0.3664550456326346,NEITHER
2017-05-08,3.5851,False,0.4463368609995353,False,0.38375482127763966,NEITHER
2017-05-09,3.6239,False,0.5118287546030139,False,0.3998412135785453,NEITHER
2017-05-10,3.5874,False,0.548099467232532,False,0.3866917577500656,NEITHER
2017-05-11,3.5758,False,0.5619250239595105,False,0.3697391712515736,NEITHER
2017-05-12,3.5731,False,0.5582097433836414,False,0.3675658033811302,NEITHER
2017-05-15,3.5483,False,0.4761886847069073,False,0.3796214536821235,NEITHER
2017-05-16,3.5392,False,0.448777386282352,False,0.39778887113048816,NEITHER
2017-05-17,3.5681,False,0.3527950279317547,False,0.3767730084935498,NEITHER
2017-05-18,3.6251,False,0.6018025684884698,False,0.407149956094583,NEITHER
2017-05-19,3.5753,False,0.6838686385226426,False,0.4097031131341451,NEITHER
2017-05-22,3.5593,False,0.6639265662315534,False,0.3820652855517005,NEITHER
2017-05-23,3.5704,False,0.6658733987588104,False,0.3843601841487771,NEITHER
2017-05-24,3.5604,False,0.6377834323755389,False,0.37910904466811335,NEITHER
2017-05-25,3.5667,False,0.4078005927238368,False,0.3759237175186769,NEITHER
2017-05-26,3.5777,False,0.217435073508067,False,0.361171240667817,NEITHER
2017-05-29,3.5772,False,0.1542659870903232,False,0.3603268035839907,NEITHER
2017-05-30,3.5491,False,0.2723265247408659,False,0.37389620824289244,NEITHER
2017-05-31,3.527,False,0.3144052952046082,False,0.37583035408051324,NEITHER
2017-06-01,3.5246,False,0.2951708238739798,False,0.36347564149897266,NEITHER
2017-06-02,3.5098,False,0.2228901154864483,False,0.3856237623107814,NEITHER
2017-06-05,3.5237,False,0.3114325047036433,False,0.37177248450772704,NEITHER
2017-06-06,3.5151,False,0.255599587324188,False,0.36435054359385166,NEITHER
2017-06-07,3.5503,False,0.4374146140382289,False,0.3815949482003506,NEITHER
2017-06-08,3.5244,False,0.4795177568074862,False,0.36742366189017794,NEITHER
2017-06-09,3.5373,False,0.457625620831879,False,0.36407557316008804,NEITHER
2017-06-12,3.5164,False,0.4955120544846427,False,0.366139608965064,NEITHER
2017-06-13,3.5198,False,0.4918377218577238,False,0.3572431242728441,NEITHER
2017-06-14,3.4878,False,0.3792483642753381,False,0.3962119479967592,NEITHER
2017-06-15,3.513,False,0.4595403710037534,False,0.37034676754114687,NEITHER
2017-06-16,3.5027,False,0.433305261550848,False,0.36858032133556257,NEITHER
2017-06-19,3.5228,False,0.4523157480612301,False,0.3639868364454866,NEITHER
2017-06-20,3.5444,False,0.493915291360548,False,0.36509194015602303,NEITHER
2017-06-21,3.531,False,0.3706295472569684,False,0.36424581137984374,NEITHER
2017-06-22,3.5077,False,0.4019104356697344,False,0.3670098011526049,NEITHER
2017-06-23,3.5088,False,0.3897908935480614,False,0.3540544630362448,NEITHER
2017-06-26,3.5008,False,0.3329346183459145,False,0.36033226193538204,NEITHER
2017-06-27,3.5263,False,0.3721818225123981,False,0.3693966214037871,NEITHER
2017-06-28,3.5128,False,0.3682440569467272,False,0.36087740474545776,NEITHER
2017-06-29,3.5265,False,0.3165237033302608,False,0.35719235606080274,NEITHER
2017-06-30,3.5212,False,0.3286590182248351,False,0.3511776312385836,NEITHER
2017-07-03,3.5571,False,0.4509789329294605,False,0.38132099322374646,NEITHER
2017-07-04,3.5594,False,0.3784343393384215,False,0.3531217314258689,NEITHER
2017-07-05,3.6062,False,0.5299923978212084,False,0.4058451263856903,NEITHER
2017-07-06,3.6212,False,0.507407506630592,False,0.3809664541858609,NEITHER
2017-07-07,3.6182,False,0.685253031941116,False,0.3864794844275229,NEITHER
2017-07-10,3.6083,False,0.588573326510868,False,0.37391842743471637,NEITHER
2017-07-11,3.6139,False,0.606742592531662,False,0.37174910819117307,NEITHER
2017-07-12,3.5672,False,0.6181773419201942,False,0.39674893941181777,NEITHER
2017-07-13,3.5657,False,0.4283329761369653,False,0.35855581221858995,NEITHER
2017-07-14,3.5381,False,0.4355514747385691,False,0.3777191783326278,NEITHER
2017-07-17,3.5284,False,0.4643452001869144,False,0.36800907689495355,NEITHER
2017-07-18,3.5231,False,0.412404474441747,False,0.3719964475678855,NEITHER
2017-07-19,3.522,False,0.2427647963325785,False,0.3605300727737256,NEITHER
2017-07-20,3.5264,False,0.2722730312661165,False,0.35554247444483195,NEITHER
2017-07-21,3.5364,False,0.1750997084418557,False,0.35170928579335026,NEITHER
2017-07-24,3.5567,False,0.2299270284859256,False,0.3552133308000676,NEITHER
2017-07-25,3.5724,False,0.2719924967587099,False,0.3583753774328601,NEITHER
2017-07-26,3.5385,False,0.4746624652617176,False,0.3714429225194964,NEITHER
2017-07-27,3.5363,False,0.4802462515848134,False,0.3473967072058054,NEITHER
2017-07-28,3.5279,False,0.4775017120597775,False,0.35144022486493953,NEITHER
2017-07-31,3.5193,False,0.4035046646200996,False,0.3590434075636269,NEITHER
2017-08-01,3.5271,False,0.3591949891821655,False,0.36423414733106885,NEITHER
2017-08-02,3.5305,False,0.174238399532526,False,0.350732292780298,NEITHER
2017-08-03,3.5396,False,0.2078815804154075,False,0.3498535804678876,NEITHER
2017-08-04,3.528,False,0.229168772853345,False,0.35054822338344244,NEITHER
2017-08-07,3.5291,False,0.2002225400708612,False,0.3485906527312044,NEITHER
2017-08-08,3.5338,False,0.1895251443176713,False,0.35095443306740326,NEITHER
2017-08-09,3.5376,False,0.1934509997310814,False,0.3497207297977978,NEITHER
2017-08-10,3.5418,False,0.1826031663833204,False,0.350403108264679,NEITHER
2017-08-11,3.5369,False,0.1121209289406598,False,0.3575548402008675,NEITHER
2017-08-14,3.5257,False,0.240989164312968,False,0.36084741578293145,NEITHER
2017-08-15,3.5352,False,0.2329161276152643,False,0.35131409787607026,NEITHER
2017-08-16,3.5156,False,0.4298007004987842,False,0.37893793043867685,NEITHER
2017-08-17,3.5254,False,0.3619908073894539,False,0.356282955016114,NEITHER
2017-08-18,3.5185,False,0.3656293973124677,False,0.35549799124385995,NEITHER
2017-08-21,3.497,False,0.4215249935050959,False,0.38696632582419904,NEITHER
2017-08-22,3.4944,False,0.3658424691662413,False,0.3732930791876159,NEITHER
2017-08-23,3.4787,False,0.3471378806282227,False,0.3842700746095365,NEITHER
2017-08-24,3.4838,False,0.3018806763313738,False,0.3814681503960754,NEITHER
2017-08-25,3.4389,True,1.0807355747277947,False,0.465572964403111,BASELINE_ONLY
2017-08-28,3.4441,False,0.5812711688354946,False,0.3975494065360071,NEITHER
2017-08-29,3.4465,False,0.5981511847013196,False,0.39340318855761663,NEITHER
2017-08-30,3.4517,False,0.634433356468073,False,0.38660821298578574,NEITHER
2017-08-31,3.4527,False,0.6327678132527893,False,0.3879360989266378,NEITHER
2017-09-01,3.4284,False,0.3794816916817555,False,0.3922033332935116,NEITHER
2017-09-04,3.4348,False,0.3740712926164525,False,0.3723370021941983,NEITHER
2017-09-05,3.4375,False,0.374907275679972,False,0.3691546488542654,NEITHER
2017-09-06,3.4257,False,0.3822735899002463,False,0.37938688757630823,NEITHER
2017-09-07,3.4045,False,0.4208872177967703,False,0.40292814773975594,NEITHER
2017-09-08,3.4117,False,0.3848803635110729,False,0.3765974376646654,NEITHER
2017-09-11,3.406,False,0.3520626995548704,False,0.3785476866320491,NEITHER
2017-09-12,3.4331,False,0.5776165349826756,False,0.3919358300960995,NEITHER
2017-09-13,3.4579,False,0.618571430855847,False,0.3857472022643372,NEITHER
2017-09-14,3.4331,False,0.6517811999780307,False,0.3911093916865479,NEITHER
2017-09-15,3.4376,False,0.6509066480013675,False,0.3766035714536295,NEITHER
2017-09-18,3.4895,False,0.8042861222326095,False,0.4383212079132596,NEITHER
2017-09-19,3.4887,False,0.813205203760816,False,0.38773371768299353,NEITHER
2017-09-20,3.503,False,0.7871844578871692,False,0.38359529116420965,NEITHER
2017-09-21,3.5023,False,0.6276985448529014,False,0.37894415210831217,NEITHER
2017-09-22,3.4962,False,0.6713478124416451,False,0.37862077684097845,NEITHER
2017-09-25,3.5494,False,0.6880143036133031,False,0.41128516162818474,NEITHER
2017-09-26,3.5424,False,0.6744382525995692,False,0.37651039739295716,NEITHER
2017-09-27,3.5774,False,0.7513793061815696,False,0.39583799496505934,NEITHER
2017-09-28,3.5603,False,0.8338214796502338,False,0.3955753269812396,NEITHER
2017-09-29,3.5637,False,0.8035141984412462,False,0.3851814444343408,NEITHER
2017-10-02,3.5635,False,0.5293108877124492,False,0.35592066333760836,NEITHER
2017-10-03,3.5718,False,0.5086841682202018,False,0.3646793718325718,NEITHER
2017-10-04,3.5723,False,0.2712031718876856,False,0.35037780088389026,NEITHER
2017-10-05,3.5836,False,0.320048642971644,False,0.36448110653091925,NEITHER
2017-10-06,3.6149,False,0.3578377434427715,False,0.36487338572248257,NEITHER
2017-10-09,3.7011,False,0.863352766783929,False,0.4479093580899134,NEITHER
2017-10-10,3.7114,False,0.8208395045289106,False,0.3897726237757806,NEITHER
2017-10-11,3.6484,True,1.1719847831983845,False,0.4599703441816024,BASELINE_ONLY
2017-10-12,3.654,True,1.175864220073857,False,0.4259939391499638,BASELINE_ONLY
2017-10-13,3.6349,True,1.184435038723207,False,0.43264561777866317,BASELINE_ONLY
2017-10-16,3.6463,False,0.682479680782849,False,0.3813727117242839,NEITHER
2017-10-17,3.6663,False,0.7227373652335477,False,0.3798739570777855,NEITHER
2017-10-18,3.6768,False,0.3298644378296906,False,0.35110154085376727,NEITHER
2017-10-19,3.6456,False,0.483947542250561,False,0.37173974935127146,NEITHER
2017-10-20,3.6714,False,0.4861420825658792,False,0.36153724743087445,NEITHER
2017-10-23,3.7163,False,0.595465586886877,False,0.3823499025632876,NEITHER
2017-10-24,3.7414,False,0.5984513578829722,False,0.37198498496253046,NEITHER
2017-10-25,3.7668,False,0.5978676442607738,False,0.37003222966551513,NEITHER
2017-10-26,3.8203,False,0.3550759265158725,False,0.42230271435118344,NEITHER
2017-10-27,3.7885,False,0.6452981295909781,False,0.391943681755561,NEITHER
2017-10-30,3.7798,False,0.6413014815831457,False,0.37373525385682593,NEITHER
2017-10-31,3.792,False,0.6266506654710877,False,0.36882366111158194,NEITHER
2017-11-01,3.813,False,0.6150786395386348,False,0.3642257522568652,NEITHER
2017-11-02,3.7975,False,0.4042557205382404,False,0.3695649960063899,NEITHER
2017-11-03,3.8864,False,0.7304240687978008,False,0.42384331309544154,NEITHER
2017-11-06,3.828,False,0.9096519028515484,False,0.420810015753285,NEITHER
2017-11-07,3.8844,False,0.952690866277568,False,0.42607303630861015,NEITHER
2017-11-08,3.8665,False,0.9899287234936396,False,0.41139192196119273,NEITHER
2017-11-09,3.8647,False,0.9694521987002744,False,0.3995796298064852,NEITHER
2017-11-10,3.8636,False,0.6749408862896291,False,0.3761950979806156,NEITHER
2017-11-13,3.8706,False,0.4682474261051113,False,0.3620184601130851,NEITHER
2017-11-14,3.886,False,0.202661838458904,False,0.3572280950332657,NEITHER
2017-11-15,3.8811,False,0.1360334464852643,False,0.3606164209341928,NEITHER
2017-11-16,3.8629,False,0.2075686069824805,False,0.3628577762246793,NEITHER
2017-11-17,3.8773,False,0.2406041675153709,False,0.35094864292781114,NEITHER
2017-11-20,3.9285,False,0.4349827930144068,False,0.3747729020304322,NEITHER
2017-11-21,3.9566,False,0.4503516411354307,False,0.3628153924837592,NEITHER
2017-11-22,3.9184,False,0.5762842204769284,False,0.3836840288675483,NEITHER
2017-11-23,3.9201,False,0.534439791839977,False,0.35718539729098214,NEITHER
2017-11-24,3.9437,False,0.5468172203772692,False,0.3631890961754828,NEITHER
2017-11-27,3.9062,False,0.5076336502055075,False,0.38168621189006385,NEITHER
2017-11-28,3.9645,False,0.6422372373113059,False,0.3900657755889987,NEITHER
2017-11-29,3.9613,False,0.5531512586328134,False,0.3619452192115891,NEITHER
2017-11-30,3.919,False,0.6521716729316724,False,0.3839403370780733,NEITHER
2017-12-01,3.9131,False,0.6182753478482594,False,0.3673308461686768,NEITHER
2017-12-04,3.8742,False,0.6134245447431874,False,0.38541239662707455,NEITHER
2017-12-05,3.8444,False,0.6058771597931659,False,0.41804858537507156,NEITHER
2017-12-06,3.8506,False,0.558456299659478,False,0.39873654552311577,NEITHER
2017-12-07,3.8631,False,0.3444144709461509,False,0.37057624804047984,NEITHER
2017-12-08,3.8388,False,0.37482658595031,False,0.38186315689285144,NEITHER
2017-12-11,3.8367,False,0.2929270097549132,False,0.36290553140632104,NEITHER
2017-12-12,3.8479,False,0.2373758709410177,False,0.35586021975192705,NEITHER
2017-12-13,3.8119,False,0.3359712758952912,False,0.3816163786516302,NEITHER
2017-12-14,3.8869,False,0.6711185085405791,False,0.4038602637339483,NEITHER
2017-12-15,3.8617,False,0.6509439228614035,False,0.37356776768825095,NEITHER
2017-12-18,3.83,False,0.7034885590759052,False,0.38626378660362853,NEITHER
2017-12-19,3.8336,False,0.6986311406480321,False,0.37654698824921684,NEITHER
2017-12-20,3.8203,False,0.6564554895599215,False,0.3759494306798076,NEITHER
2017-12-21,3.8175,False,0.350107201412536,False,0.3778306793411562,NEITHER
2017-12-22,3.8157,False,0.232059528313782,False,0.3705019139673176,NEITHER
2017-12-25,3.8074,False,0.1140118552150319,False,0.37626392003224324,NEITHER
2017-12-26,3.812,False,0.108967082860386,False,0.3708030798876769,NEITHER
2017-12-27,3.8156,False,0.1067731458796492,False,0.36610062437477253,NEITHER
2017-12-28,3.7749,False,0.3253216373806644,False,0.3913385650796447,NEITHER
2017-12-29,3.79,False,0.3271487143370785,False,0.3671627889324817,NEITHER
2018-01-01,3.7875,False,0.3481845008396169,False,0.3578736413156872,NEITHER
2018-01-02,3.7667,False,0.3548196384985297,False,0.37570693746493444,NEITHER
2018-01-03,3.7812,False,0.4033963231329777,False,0.3688169568821223,NEITHER
2018-01-04,3.748,False,0.3582513725878023,False,0.38421644874388666,NEITHER
2018-01-05,3.7367,False,0.3037503963417495,False,0.37865476002628784,NEITHER
2018-01-08,3.7443,False,0.3315425312053688,False,0.3749392230386775,NEITHER
2018-01-09,3.7679,False,0.3812080918375949,False,0.36607884894696896,NEITHER
2018-01-10,3.7994,False,0.4391530219027725,False,0.369694758327124,NEITHER
2018-01-11,3.7741,False,0.3959024948272703,False,0.3693585356062431,NEITHER
2018-01-12,3.7483,False,0.4488466160137435,False,0.3753993174374773,NEITHER
2018-01-15,3.8007,False,0.745258027154645,False,0.4172601438946117,NEITHER
2018-01-16,3.798,False,0.5839734120994575,False,0.3679402476571093,NEITHER
2018-01-17,3.8182,False,0.5560039679710644,False,0.36688641488592333,NEITHER
2018-01-18,3.7701,False,0.6580247297597615,False,0.4041153898330408,NEITHER
2018-01-19,3.8065,False,0.6539760625545084,False,0.3917520218178095,NEITHER
2018-01-22,3.775,False,0.5788221419839344,False,0.3804770207496805,NEITHER
2018-01-23,3.7673,False,0.5791531504827798,False,0.3686172808686472,NEITHER
2018-01-24,3.7384,False,0.53834180505888,False,0.39436489224445265,NEITHER
2018-01-25,3.7525,False,0.4795188647196634,False,0.3657036447550363,NEITHER
2018-01-26,3.7548,False,0.3544930666969718,False,0.3649864057842014,NEITHER
2018-01-29,3.7934,False,0.4607895831002939,False,0.3712789516563148,NEITHER
2018-01-30,3.781,False,0.4892284475568865,False,0.35768716083290675,NEITHER
2018-01-31,3.7555,False,0.4675053097178314,False,0.3647063707373404,NEITHER
2018-02-01,3.7315,False,0.4971883904324067,False,0.37245437408689336,NEITHER
2018-02-02,3.7734,False,0.622875682038547,False,0.37939410939057233,NEITHER
2018-02-05,3.79,False,0.5374830709278109,False,0.35926133952569644,NEITHER
2018-02-06,3.7695,False,0.5554818400971644,False,0.3646497703301858,NEITHER
2018-02-07,3.8047,False,0.5563999266291606,False,0.37317728142269946,NEITHER
2018-02-08,3.8216,False,0.4545339891537379,False,0.373095441175418,NEITHER
2018-02-09,3.8226,False,0.3755857508338098,False,0.35406168124368137,NEITHER
2018-02-12,3.7997,False,0.4560687719848379,False,0.359319464859269,NEITHER
2018-02-13,3.8106,False,0.396888345258627,False,0.35552475886995627,NEITHER
2018-02-14,3.7824,False,0.3744284990047264,False,0.3653611083487203,NEITHER
2018-02-15,3.7644,False,0.3086897142087875,False,0.3694869428740827,NEITHER
2018-02-16,3.7474,False,0.37936688106949,False,0.3823960549427607,NEITHER
2018-02-19,3.7573,False,0.3368606158415064,False,0.3646323801547505,NEITHER
2018-02-20,3.7984,False,0.5458433267344422,False,0.37529917223012227,NEITHER
2018-02-21,3.7891,False,0.4837635826399447,False,0.35644868877287755,NEITHER
2018-02-22,3.7843,False,0.4546187597826376,False,0.35788788369583807,NEITHER
2018-02-23,3.7905,False,0.599194968209152,False,0.36655927103433666,NEITHER
2018-02-26,3.7864,False,0.52815521825771,False,0.3641676990356255,NEITHER
2018-02-27,3.8155,False,0.4550693814620739,False,0.36630411384184186,NEITHER
2018-02-28,3.7988,False,0.3422194033684766,False,0.3542562319958969,NEITHER
2018-03-01,3.8056,False,0.335495575708088,False,0.34773737683104006,NEITHER
2018-03-02,3.8071,False,0.3378788870403847,False,0.3393272357288165,NEITHER
2018-03-05,3.8084,False,0.329264833404203,False,0.34022458329076327,NEITHER
2018-03-06,3.7942,False,0.209331776010114,False,0.358083156578628,NEITHER
2018-03-07,3.8027,False,0.1819517856944304,False,0.3460990058311268,NEITHER
2018-03-08,3.8236,False,0.3001895048397299,False,0.3548697690482921,NEITHER
2018-03-09,3.8111,False,0.3253227736957462,False,0.35394708072505243,NEITHER
2018-03-12,3.8438,False,0.4630619254501229,False,0.37047619630664597,NEITHER
2018-03-13,3.8733,False,0.4769868018214999,False,0.3741421085095378,NEITHER
2018-03-14,3.8796,False,0.4332501479327959,False,0.36351821170826276,NEITHER
2018-03-15,3.8956,False,0.3989821180576491,False,0.3550275810146846,NEITHER
2018-03-16,3.9196,False,0.2439648682509356,False,0.3669659371597346,NEITHER
2018-03-19,3.9362,False,0.1880563345943482,False,0.3576809710035771,NEITHER
2018-03-20,3.9339,False,0.2151887397892616,False,0.3501572657720773,NEITHER
2018-03-21,3.9085,False,0.5176474338687393,False,0.37452856764614706,NEITHER
2018-03-22,3.9343,False,0.4574314504081578,False,0.3519926845365695,NEITHER
2018-03-23,3.9824,False,0.5877688413355253,False,0.3781926363213989,NEITHER
2018-03-26,3.9657,False,0.6234192805406502,False,0.3698561642077859,NEITHER
2018-03-27,3.9819,False,0.6246910558938225,False,0.3551460308797084,NEITHER
2018-03-28,4.0103,False,0.482698373245893,False,0.36519410766971017,NEITHER
2018-03-29,3.9422,True,1.0199907453456727,False,0.4408351483005126,BASELINE_ONLY
2018-03-30,3.9552,False,0.743601869202241,False,0.3741744937802362,NEITHER
2018-04-02,3.9735,False,0.7533321012553043,False,0.36667672277991786,NEITHER
2018-04-03,3.9887,False,0.7545693092289998,False,0.3658478017110537,NEITHER
2018-04-04,3.9991,False,0.7170162027807111,False,0.3617464297251315,NEITHER
2018-04-05,4.0515,False,0.4115550326961292,False,0.3839690915944606,NEITHER
2018-04-06,4.0449,False,0.4152369056819544,False,0.3641333236794738,NEITHER
2018-04-09,4.0737,False,0.4365557248710527,False,0.3637678967393373,NEITHER
2018-04-10,4.1121,False,0.4514445743620392,False,0.3718531539799824,NEITHER
2018-04-11,4.136,False,0.4260725735771251,False,0.36863304776810196,NEITHER
2018-04-12,4.1102,False,0.529454633136748,False,0.37621703253926053,NEITHER
2018-04-13,4.0969,False,0.560240265227868,False,0.3659859856563558,NEITHER
2018-04-16,4.0963,False,0.534802593216003,False,0.35687000076662323,NEITHER
2018-04-17,4.0976,False,0.3744704715180542,False,0.35600276484303145,NEITHER
2018-04-18,4.0086,False,0.830567224733666,False,0.46997098660623143,NEITHER
2018-04-19,4.0403,False,0.8296793397268752,False,0.4020942416168684,NEITHER
2018-04-20,4.0766,False,0.9181313153338256,False,0.39939913988854403,NEITHER
2018-04-23,4.1079,False,0.970288061343468,False,0.3916852765890597,NEITHER
2018-04-24,4.086,False,0.9867245801238002,False,0.39904438316451657,NEITHER
2018-04-25,4.0809,False,0.4876443833406245,False,0.36533992960605505,NEITHER
2018-04-26,4.0664,False,0.5002399399384112,False,0.35529669873192804,NEITHER
2018-04-27,4.0422,False,0.4244161957315097,False,0.36749192662525465,NEITHER
2018-04-30,4.0617,False,0.3335001071028715,False,0.36409185138125894,NEITHER
2018-05-01,4.103,False,0.4995815282789111,False,0.3594633683981417,NEITHER
2018-05-02,4.1771,False,0.7213203377748763,False,0.40279566214128193,NEITHER
2018-05-03,4.2131,False,0.6356601623675026,False,0.38084969503143207,NEITHER
2018-05-04,4.226,False,0.453578336557058,False,0.388434603675834,NEITHER
2018-05-07,4.2669,False,0.3889813998521221,False,0.396138135143058,NEITHER
2018-05-08,4.3327,False,0.4157314961555839,False,0.4147218989526459,NEITHER
2018-05-09,4.2876,False,0.6817739473728821,False,0.3986308822692273,NEITHER
2018-05-10,4.2352,False,0.825363217295957,False,0.4111833369643285,NEITHER
2018-05-11,4.3136,False,0.9526533847078874,False,0.4287745090411901,NEITHER
2018-05-14,4.3674,False,0.9593256713403586,False,0.41954075341978736,NEITHER
2018-05-15,4.445,False,0.9667972221499116,False,0.4396945302862229,NEITHER
2018-05-16,4.4139,False,0.9069072662644844,False,0.4170063399843014,NEITHER
2018-05-17,4.4606,False,0.64346976223248,False,0.42090227347084797,NEITHER
2018-05-18,4.4917,False,0.5795933290343895,False,0.3959231209378378,NEITHER
2018-05-21,4.5749,False,0.6258714120373501,False,0.42963133669045256,NEITHER
2018-05-22,4.6691,False,0.6420669050620752,False,0.4472871768789959,NEITHER
2018-05-23,4.5762,False,0.8994319124870696,False,0.4734507825124161,NEITHER
2018-05-24,4.7073,False,0.98513651032572,False,0.495955844474088,NEITHER
2018-05-25,4.7081,True,1.0159646563295168,False,0.45786785128757973,BASELINE_ONLY
2018-05-28,4.5822,True,1.170558002100823,False,0.51790214346601,BASELINE_ONLY
2018-05-29,4.5488,True,1.0351259077932369,False,0.48328701658816053,BASELINE_ONLY
2018-05-30,4.465,False,0.988799644851814,False,0.49897916979755447,NEITHER
2018-05-31,4.5245,False,0.779932456829718,False,0.48051321544084014,NEITHER
2018-06-01,4.6508,False,0.9994244456337176,False,0.502186573618945,NEITHER
2018-06-04,4.5921,False,0.8467488506636761,False,0.44704951081447664,NEITHER
2018-06-05,4.5985,False,0.8260555768021655,False,0.43244332896245186,NEITHER
2018-06-06,4.5554,False,0.7242542627958874,False,0.44372976678849285,NEITHER
2018-06-07,4.4844,False,0.751730925020255,False,0.4592603849390919,NEITHER
2018-06-08,4.474,False,0.75104606953973,False,0.4632786003559561,NEITHER
2018-06-11,4.524,False,0.4321386452588908,False,0.4317406741833444,NEITHER
2018-06-12,4.5976,False,0.562194400345385,False,0.4261820471317208,NEITHER
2018-06-13,4.6452,False,0.5394619008614424,False,0.4188596209487145,NEITHER
2018-06-14,4.7259,False,0.95027718187804,False,0.47080419893959924,NEITHER
2018-06-15,4.7301,False,0.9944563624392,False,0.4521976503476291,NEITHER
2018-06-18,4.7042,False,0.67254502907543,False,0.4348555893278405,NEITHER
2018-06-19,4.7402,False,0.4694037934623299,False,0.40890753968850235,NEITHER
2018-06-20,4.7327,False,0.3720201407464003,False,0.38880792819421506,NEITHER
2018-06-21,4.7225,False,0.2079197623218334,False,0.37908833405918974,NEITHER
2018-06-22,4.6773,False,0.2674292305226706,False,0.3948959646669528,NEITHER
2018-06-25,4.681,False,0.2596433461858702,False,0.3691174165526727,NEITHER
2018-06-26,4.6155,False,0.526138137631322,False,0.42818989087167986,NEITHER
2018-06-27,4.6225,False,0.46495928441838,False,0.3934284955773172,NEITHER
2018-06-28,4.5853,False,0.5788785283321379,False,0.41698536913300055,NEITHER
2018-06-29,4.5872,False,0.38015273617147,False,0.3839431907637145,NEITHER
2018-07-02,4.6161,False,0.3362447372082268,False,0.37909139592292723,NEITHER
2018-07-03,4.6705,False,0.3103093819300339,False,0.380419368244057,NEITHER
2018-07-04,4.6667,False,0.3098532343219792,False,0.35906623864436,NEITHER
2018-07-05,4.5925,False,0.4605156310181418,False,0.4011594942037574,NEITHER
2018-07-06,4.5704,False,0.4322802008874121,False,0.38159843647521463,NEITHER
2018-07-09,4.7338,False,0.9207876049246032,False,0.49119590052095724,NEITHER
2018-07-10,4.7077,False,0.7565455208611,False,0.4111352309046271,NEITHER
2018-07-11,4.8762,False,0.9244163517252594,False,0.5049626013233282,NEITHER
2018-07-12,4.8552,False,0.8295645639510812,False,0.47199375741098326,NEITHER
2018-07-13,4.8552,False,0.8012885842744705,False,0.4712124283279951,NEITHER
2018-07-16,4.8463,False,0.6505217967636697,False,0.4094513777321835,NEITHER
2018-07-17,4.8065,False,0.6650647978455256,False,0.4161626661133751,NEITHER
2018-07-18,4.7953,False,0.3318157581723459,False,0.3989850596643933,NEITHER
2018-07-19,4.8066,False,0.199335548172756,False,0.3868451684026642,NEITHER
2018-07-20,4.7927,False,0.25634715557196,False,0.3927191312508564,NEITHER
2018-07-23,4.7395,False,0.43804601944137,False,0.4156336763757186,NEITHER
2018-07-24,4.8861,False,0.773288321552905,False,0.455552918900276,NEITHER
2018-07-25,4.7728,False,0.7092087739307583,False,0.4565538373754788,NEITHER
2018-07-26,4.8649,False,0.7709807329019508,False,0.450606496694818,NEITHER
2018-07-27,4.8529,False,0.7693377719522202,False,0.4300967532586968,NEITHER
2018-07-30,4.8823,False,0.7223163187021991,False,0.44313125766317674,NEITHER
2018-07-31,4.9142,False,0.5505823970833643,False,0.4002621916686919,NEITHER
2018-08-01,4.995,False,0.4637645565993299,False,0.43951446359411145,NEITHER
2018-08-02,5.066,False,0.35535535535535,False,0.42387348671220276,NEITHER
2018-08-03,5.0815,False,0.2041080441678649,False,0.41174501983018086,NEITHER
2018-08-06,5.3301,True,1.223064055889005,True,0.54927753730526,BOTH
2018-08-07,5.2443,False,0.7731260272418231,False,0.5038371766161575,NEITHER
2018-08-08,5.28,False,0.7778981619688894,False,0.47727065367357757,NEITHER
2018-08-09,5.5457,True,1.25804924242424,True,0.5862099595652526,BOTH
2018-08-10,6.4275,True,3.975151919505202,True,0.745587473696885,BOTH
2018-08-13,6.8834,True,1.7732399844418476,True,0.7247216367840893,BOTH
2018-08-14,6.3544,True,1.9212888979283496,True,0.7451159753449618,BOTH
2018-08-15,5.9905,True,2.40636847132535,True,0.7409783539471488,BOTH
2018-08-16,5.827,True,3.069413371299068,True,0.720613211378653,BOTH
2018-08-17,6.014,True,2.526077229276228,True,0.6873085273057633,BOTH
2018-08-20,6.0808,True,2.331987099398552,True,0.6694702953301414,BOTH
2018-08-21,6.0758,False,0.809483685388034,True,0.6174314527820935,ISOLATION_FOREST_ONLY
2018-08-22,6.0512,False,0.3618837561945867,True,0.5784169774390705,ISOLATION_FOREST_ONLY
2018-08-23,6.1247,False,0.8649795159368919,True,0.592746403170219,ISOLATION_FOREST_ONLY
2018-08-24,6.0068,False,0.4812480611295225,True,0.5730344366276081,ISOLATION_FOREST_ONLY
2018-08-27,6.1217,False,0.4782080308983125,True,0.5707679997069475,ISOLATION_FOREST_ONLY
2018-08-28,6.273,False,0.6178839211330149,True,0.5977649900379002,ISOLATION_FOREST_ONLY
2018-08-29,6.4752,True,1.23194932736729,True,0.6301041646371024,BOTH
2018-08-30,6.6519,True,1.531801144783102,True,0.6399506659875721,BOTH
2018-08-31,6.538,True,1.5434233082488318,True,0.6363966060215498,BOTH
2018-09-03,6.634,True,1.488508585873264,True,0.6277997925393993,BOTH
2018-09-04,6.6711,True,1.1566958189266918,True,0.6106951906289406,BOTH
2018-09-05,6.6011,False,0.365807595083824,True,0.5874828217874991,ISOLATION_FOREST_ONLY
2018-09-06,6.5827,False,0.2074796957157603,True,0.5720524270638243,ISOLATION_FOREST_ONLY
2018-09-07,6.397,False,0.7052577209959424,True,0.578313661449453,ISOLATION_FOREST_ONLY
2018-09-10,6.4616,False,0.500915245372928,True,0.5433994584781227,ISOLATION_FOREST_ONLY
2018-09-11,6.4302,False,0.699944794723536,True,0.5343046356164646,ISOLATION_FOREST_ONLY
2018-09-12,6.342,False,0.752825638492606,True,0.5408560025024098,ISOLATION_FOREST_ONLY
2018-09-13,6.0812,True,1.457128744515792,True,0.6266211234971171,BOTH
2018-09-14,6.1703,False,0.658686114420202,True,0.5585991685606901,ISOLATION_FOREST_ONLY
2018-09-17,6.3144,False,0.5838451939127725,True,0.5574497818224872,ISOLATION_FOREST_ONLY
2018-09-18,6.3846,False,0.4187469543323434,True,0.5239005885742694,ISOLATION_FOREST_ONLY
2018-09-19,6.2493,False,0.5297904332299574,True,0.5483812432213353,ISOLATION_FOREST_ONLY
2018-09-20,6.196,False,0.333556091466428,True,0.5275822004593129,ISOLATION_FOREST_ONLY
2018-09-21,6.2937,False,0.3942059393156874,True,0.5290701065610802,ISOLATION_FOREST_ONLY
2018-09-24,6.1524,False,0.56127556127556,True,0.5470384322293206,ISOLATION_FOREST_ONLY
2018-09-25,6.1618,False,0.6473545050411119,True,0.5236261294962453,ISOLATION_FOREST_ONLY
2018-09-26,6.107,False,0.4134584652933139,False,0.5165406235719541,NEITHER
2018-09-27,6.008,False,0.54624168288927,True,0.537826452901535,ISOLATION_FOREST_ONLY
2018-09-28,6.056,False,0.690647063950956,True,0.5258713058437247,ISOLATION_FOREST_ONLY
2018-10-01,5.936,False,0.6287590434959479,True,0.5429559863959141,ISOLATION_FOREST_ONLY
2018-10-02,5.9846,False,0.514861841531802,False,0.5171099433796781,NEITHER
2018-10-03,6.0458,False,0.2556561842061249,False,0.5012458385762715,NEITHER
2018-10-04,6.1627,False,0.4833934301498575,False,0.5191415674511595,NEITHER
2018-10-05,6.1333,False,0.2418105845050737,False,0.48332787324555854,NEITHER
2018-10-08,6.1106,False,0.507307435279076,False,0.49107030402344093,NEITHER
2018-10-09,6.1011,False,0.338495510939362,False,0.4786496382062046,NEITHER
2018-10-10,6.076,False,0.1637569007445698,False,0.4702789946946297,NEITHER
2018-10-11,5.9258,False,0.68832263125781,True,0.5489206394955116,ISOLATION_FOREST_ONLY
2018-10-12,5.8721,False,0.7589272743121159,True,0.5355974183772431,ISOLATION_FOREST_ONLY
2018-10-15,5.7867,False,0.941104686637416,True,0.5650920480418847,ISOLATION_FOREST_ONLY
2018-10-16,5.6856,True,1.2072522300026138,True,0.5938774904918812,BOTH
2018-10-17,5.5835,True,1.430978876717898,True,0.6134653315364696,BOTH
2018-10-18,5.6425,False,0.823139727460264,True,0.5790102035840329,ISOLATION_FOREST_ONLY
2018-10-19,5.6425,False,0.6671121829328499,True,0.5463800049822541,ISOLATION_FOREST_ONLY
2018-10-22,5.6689,False,0.342272714065722,True,0.5283563214355974,ISOLATION_FOREST_ONLY
2018-10-23,5.737,False,0.333337027575082,True,0.5302959404549631,ISOLATION_FOREST_ONLY
2018-10-24,5.7023,False,0.345178254932154,True,0.5254846674628393,ISOLATION_FOREST_ONLY
2018-10-25,5.6345,False,0.2972484786840375,True,0.5229846805901399,ISOLATION_FOREST_ONLY
2018-10-26,5.5929,False,0.184577158576625,True,0.5224228846577517,ISOLATION_FOREST_ONLY
2018-10-29,5.5611,False,0.3132173054013999,True,0.5305724039056546,ISOLATION_FOREST_ONLY
2018-10-30,5.4746,False,0.762413923351834,True,0.596336395745693,ISOLATION_FOREST_ONLY
2018-10-31,5.5835,False,0.5325295431267424,True,0.562497502948214,ISOLATION_FOREST_ONLY
2018-11-01,5.5118,False,0.35650986431124,True,0.5418627724584278,ISOLATION_FOREST_ONLY
2018-11-02,5.4296,False,0.47447482348839,True,0.5580712591877347,ISOLATION_FOREST_ONLY
2018-11-05,5.3134,False,0.5350302048032974,True,0.5861542584386843,ISOLATION_FOREST_ONLY
2018-11-06,5.356,False,0.4897307355353358,True,0.5584641643715035,ISOLATION_FOREST_ONLY
2018-11-07,5.3612,False,0.3720688355547559,True,0.5324300719750634,ISOLATION_FOREST_ONLY
2018-11-08,5.4583,False,0.5036116306859972,True,0.5515276173097732,ISOLATION_FOREST_ONLY
2018-11-09,5.4606,False,0.59498865424641,False,0.5105675177484987,NEITHER
2018-11-12,5.4685,False,0.464990781130548,False,0.5013429656058142,NEITHER
2018-11-13,5.4776,False,0.364557569216468,False,0.48666638070638063,NEITHER
2018-11-14,5.4624,False,0.303398240170286,False,0.4793217539063108,NEITHER
2018-11-15,5.3481,False,0.523121704745165,True,0.5326848406854824,ISOLATION_FOREST_ONLY
2018-11-16,5.3318,False,0.3861432147621819,False,0.4953708680488553,NEITHER
2018-11-19,5.3075,False,0.482679018452728,False,0.5046775078517272,NEITHER
2018-11-20,5.3776,False,0.4064596598406586,True,0.5195845242482817,ISOLATION_FOREST_ONLY
2018-11-21,5.308,False,0.4628921767024919,False,0.5155674599597818,NEITHER
2018-11-22,5.296,False,0.3471341031018315,False,0.48310164363068614,NEITHER
2018-11-23,5.2875,False,0.3492367348514627,False,0.480552215849409,NEITHER
2018-11-26,5.2477,False,0.3664586712925008,False,0.4900395260613934,NEITHER
2018-11-27,5.2716,False,0.2479358215579073,False,0.4863042305354777,NEITHER
2018-11-28,5.2219,False,0.235696942104865,False,0.49529433427475156,NEITHER
2018-11-29,5.1631,False,0.2815067312663949,False,0.5002783769643494,NEITHER
2018-11-30,5.2128,False,0.3561223976251059,False,0.4985871123525424,NEITHER
2018-12-03,5.2501,False,0.596869839977614,False,0.4798599666405696,NEITHER
2018-12-04,5.3875,False,0.904663216507492,True,0.5444533443086201,ISOLATION_FOREST_ONLY
2018-12-05,5.3262,False,0.8189958275823159,False,0.5099166566200319,NEITHER
2018-12-06,5.3386,False,0.742493987724756,False,0.48514607163131884,NEITHER
2018-12-07,5.3029,False,0.5892006148079338,False,0.4784029316863657,NEITHER
2018-12-10,5.3248,False,0.6054679104666655,False,0.47148614259393945,NEITHER
2018-12-11,5.3653,False,0.3330256282386025,False,0.43218540058725297,NEITHER
2018-12-12,5.3482,False,0.310885975140588,False,0.4276628209064881,NEITHER
2018-12-13,5.3392,False,0.2475898474577548,False,0.41972501032987886,NEITHER
2018-12-14,5.3635,False,0.7947976366560459,False,0.4398541058289933,NEITHER
2018-12-17,5.3686,False,0.742746248689818,False,0.43035105735501833,NEITHER
2018-12-18,5.345,False,0.2965448600568839,False,0.42125460863677344,NEITHER
2018-12-19,5.2861,False,0.2926398546772443,False,0.4295582583471635,NEITHER
2018-12-20,5.2649,False,0.2687267794763064,False,0.4155007283830134,NEITHER
2018-12-21,5.3181,False,0.3553262958162713,False,0.42309057816263046,NEITHER
2018-12-24,5.289,False,0.3626127553588906,False,0.4164946727929381,NEITHER
2018-12-25,5.3101,False,0.3875538005269263,False,0.4062304540989983,NEITHER
2018-12-26,5.2766,False,0.3351309340081662,False,0.4112409945472424,NEITHER
2018-12-27,5.285,False,0.3332092532644694,False,0.3994800805544463,NEITHER
2018-12-28,5.2725,False,0.2166827833312224,False,0.4033046622177484,NEITHER
2018-12-31,5.2887,False,0.2080702809228565,False,0.3980293320502835,NEITHER
2019-01-01,5.2933,False,0.1906029930346219,False,0.3972992413703831,NEITHER
2019-01-02,5.4003,True,1.102087415455068,False,0.4894778364651169,BASELINE_ONLY
2019-01-03,5.4664,True,1.3844222286465997,False,0.4616351171499733,BASELINE_ONLY
2019-01-04,5.3311,True,1.168456843018966,False,0.5158710740606417,BASELINE_ONLY
2019-01-07,5.3848,True,1.43530690366882,False,0.4716183938961101,BASELINE_ONLY
2019-01-08,5.4811,True,1.6842621432340958,False,0.5043756290203969,BASELINE_ONLY
2019-01-09,5.4768,False,0.86650588884714,False,0.4357899572317069,NEITHER
2019-01-10,5.4168,False,0.7980172067017397,False,0.426431947737384,NEITHER
2019-01-11,5.455,False,0.591553098871374,False,0.3999309021614088,NEITHER
2019-01-14,5.4447,False,0.5101779462092298,False,0.3776175254677749,NEITHER
2019-01-15,5.4466,False,0.3078142033330421,False,0.3608583935876038,NEITHER
2019-01-16,5.3363,False,0.5063897552230305,False,0.4279595360254992,NEITHER
2019-01-17,5.348,False,0.4900178819531234,False,0.385996524869008,NEITHER
2019-01-18,5.3283,False,0.4229601273147526,False,0.3822135739331145,NEITHER
2019-01-21,5.3247,False,0.428878368180518,False,0.3785013196038209,NEITHER
2019-01-22,5.3435,False,0.4603604711808584,False,0.3769749060489303,NEITHER
2019-01-23,5.286,False,0.2792190274827511,False,0.3909726160770858,NEITHER
2019-01-24,5.265,False,0.2598607809166644,False,0.3785011581890007,NEITHER
2019-01-25,5.2688,False,0.2767606412982729,False,0.3725940260695653,NEITHER
2019-01-28,5.3279,False,0.4271363801340578,False,0.38593287387509173,NEITHER
2019-01-29,5.3098,False,0.4224261950977136,False,0.3755722228799702,NEITHER
2019-01-30,5.2252,False,0.4989073530279627,False,0.4111266175740897,NEITHER
2019-01-31,5.1645,False,0.5558154410560555,False,0.41789525117965926,NEITHER
2019-02-01,5.2084,False,0.6193989739048186,False,0.4119029679984125,NEITHER
2019-02-04,5.2182,False,0.5118383352244074,False,0.3985798024552471,NEITHER
2019-02-05,5.1985,False,0.5114201737655407,False,0.3981554867649241,NEITHER
2019-02-06,5.2168,False,0.3975341656200063,False,0.3683993467479133,NEITHER
2019-02-07,5.2668,False,0.37328273521738,False,0.3893276416892656,NEITHER
2019-02-08,5.2474,False,0.2964350578300985,False,0.3608643661809987,NEITHER
2019-02-11,5.2779,False,0.3136963514253872,False,0.36929495995756445,NEITHER
2019-02-12,5.2516,False,0.3360761061131,False,0.3668036007045354,NEITHER
2019-02-13,5.285,False,0.3559360957278291,False,0.36925062076002885,NEITHER
2019-02-14,5.2729,False,0.2958157436905813,False,0.35290266060694186,NEITHER
2019-02-15,5.2714,False,0.2730487123744822,False,0.3518612998204415,NEITHER
2019-02-18,5.3083,False,0.2902218732886976,False,0.3607021589284025,NEITHER
2019-02-19,5.2828,False,0.2872578088117049,False,0.35924739192705435,NEITHER
2019-02-20,5.3244,False,0.3101887559067195,False,0.3645474177009663,NEITHER
2019-02-21,5.3214,False,0.3011679918395076,False,0.35369556240515343,NEITHER
2019-02-22,5.3186,False,0.3052101065704451,False,0.35254676871613977,NEITHER
2019-02-25,5.3026,False,0.273587404350899,False,0.35420562516885606,NEITHER
2019-02-26,5.3066,False,0.2514778646369699,False,0.34913889846899365,NEITHER
2019-02-27,5.3136,False,0.1033063765426589,False,0.35893108811237584,NEITHER
2019-02-28,5.3371,False,0.1676840048820835,False,0.35827192869045626,NEITHER
2019-03-01,5.3742,False,0.2805786330003108,False,0.36527930799745767,NEITHER
2019-03-04,5.3769,False,0.2711134626261139,False,0.36320713911072605,NEITHER
2019-03-05,5.387,False,0.293371768440638,False,0.363959339535908,NEITHER
2019-03-06,5.4288,False,0.420353578661218,False,0.3849184862009372,NEITHER
2019-03-07,5.4712,False,0.489317837660322,False,0.39010974210550364,NEITHER
2019-03-08,5.4303,False,0.522545772072387,False,0.3806876079755576,NEITHER
2019-03-11,5.4455,False,0.3819201965066409,False,0.35270736000592484,NEITHER
2019-03-12,5.4572,False,0.3824652694487735,False,0.3537820322401053,NEITHER
2019-03-13,5.4564,False,0.3475030486473477,False,0.3435295930072298,NEITHER
2019-03-14,5.4671,False,0.265580686576136,False,0.3420103320118657,NEITHER
2019-03-15,5.4467,False,0.3255950521422606,False,0.3613193532240157,NEITHER
2019-03-18,5.4683,False,0.1864178368281302,False,0.3466626550282842,NEITHER
2019-03-19,5.4764,False,0.1829048074259838,False,0.34241607794703843,NEITHER
2019-03-20,5.4208,False,0.745827862710492,False,0.3889874488980966,NEITHER
2019-03-21,5.4652,False,0.4435361965024912,False,0.35913760325455174,NEITHER
2019-03-22,5.7627,True,2.750186108907983,True,0.5927110296676101,BOTH
2019-03-25,5.5503,True,1.4238060700610546,True,0.568044031286616,BOTH
2019-03-26,5.3279,True,1.50619721855356,True,0.6131419884403608,BOTH
2019-03-27,5.3278,True,1.5356779210897462,True,0.5728974272132709,BOTH
2019-03-28,5.561,True,1.6071903525155484,True,0.6047042338305799,BOTH
2019-03-29,5.5555,True,1.281921299582808,True,0.5271179870592014,BOTH
2019-04-01,5.4863,True,1.1330373819391188,False,0.49506979500778553,BASELINE_ONLY
2019-04-02,5.605,False,0.961701979974668,False,0.5073395205560749,NEITHER
2019-04-03,5.626,True,1.03493154250612,False,0.49170715775961477,BASELINE_ONLY
2019-04-04,5.5925,False,0.4821751482269813,False,0.41132984398340766,NEITHER
2019-04-05,5.6262,False,0.4855926201156963,False,0.41266736474571547,NEITHER
2019-04-08,5.6903,False,0.708001457650056,False,0.4370109445272186,NEITHER
2019-04-09,5.6943,False,0.309924167490932,False,0.4033122909826966,NEITHER
2019-04-10,5.6818,False,0.2596668890122025,False,0.3955138927941594,NEITHER
2019-04-11,5.7388,False,0.5077481041872759,False,0.4254093702984105,NEITHER
2019-04-12,5.7693,False,0.4737362694570239,False,0.41867378450521375,NEITHER
2019-04-15,5.8041,False,0.251271105558158,False,0.41553560024238656,NEITHER
2019-04-16,5.7703,False,0.244769381733574,False,0.40190868314931394,NEITHER
2019-04-17,5.7387,False,0.2740028958346178,False,0.40027582980721804,NEITHER
2019-04-18,5.8018,False,0.2836263445678275,False,0.4025296821218856,NEITHER
2019-04-19,5.8112,False,0.2759529884264217,False,0.3830387116688619,NEITHER
2019-04-22,5.8272,False,0.2629351267338402,False,0.37597041629299627,NEITHER
2019-04-23,5.8287,False,0.2254042835237538,False,0.3681920388133689,NEITHER
2019-04-24,5.8753,False,0.225357936631002,False,0.3907782165646457,NEITHER
2019-04-25,5.9268,False,0.2191377461576425,False,0.38331171940115777,NEITHER
2019-04-26,5.9382,False,0.1481626842461456,False,0.3742187651189464,NEITHER
2019-04-29,5.9483,False,0.1534641614438767,False,0.3719443469120817,NEITHER
2019-04-30,5.9656,False,0.1340750129351122,False,0.37687197016684365,NEITHER
2019-05-01,5.9665,False,0.1399278968206591,False,0.3715150638840423,NEITHER
2019-05-02,5.9645,False,0.1531711552334541,False,0.37934505136181657,NEITHER
2019-05-03,5.9648,False,0.1588123435113366,False,0.3796856528317405,NEITHER
2019-05-06,6.0803,False,0.8180539183261872,False,0.42506620453653665,NEITHER
2019-05-07,6.1511,False,0.3487328413263262,False,0.40161997739971617,NEITHER
2019-05-08,6.186,False,0.3213187970254008,False,0.39307169750490356,NEITHER
2019-05-09,6.1926,False,0.3100235333091128,False,0.3936633909503023,NEITHER
2019-05-10,5.9851,True,1.576247125878589,True,0.5315740412969179,BOTH
2019-05-13,6.0594,False,0.6873948505374463,False,0.44217311421915684,NEITHER
2019-05-14,6.0306,False,0.6420026877072104,False,0.42952887613018287,NEITHER
2019-05-15,6.0007,False,0.619771985918674,False,0.4422717833304041,NEITHER
2019-05-16,6.0457,False,0.6438754914703624,False,0.4321872416078039,NEITHER
2019-05-17,6.055,False,0.2752936860289585,False,0.3745970558407975,NEITHER
2019-05-20,6.0272,False,0.1987641281593908,False,0.3820163611861568,NEITHER
2019-05-21,6.0525,False,0.1969872498415102,False,0.37003983066751567,NEITHER
2019-05-22,6.1002,False,0.32135129024965,False,0.38794701592960357,NEITHER
2019-05-23,6.0964,False,0.1704029827173634,False,0.3693918547493322,NEITHER
2019-05-24,6.0825,False,0.1821585737011919,False,0.36932051083372447,NEITHER
2019-05-27,6.0629,False,0.1694295803956887,False,0.3719458491594015,NEITHER
2019-05-28,6.0319,False,0.1813445104340742,False,0.38095047416570027,NEITHER
2019-05-29,6.0121,False,0.284533152472304,False,0.4068898776719506,NEITHER
2019-05-30,5.8772,False,0.707941736911798,False,0.4811552023562631,NEITHER
2019-05-31,5.8382,False,0.789006233246132,False,0.45737810562226966,NEITHER
2019-06-03,5.8339,False,0.7395924167554819,False,0.44525415206813246,NEITHER
2019-06-04,5.7824,False,0.8058004715305379,False,0.4637942298986855,NEITHER
2019-06-05,5.731,False,0.907857765720376,False,0.48040599448360977,NEITHER
2019-06-06,5.7801,False,0.313600103349156,False,0.4275886370342843,NEITHER
2019-06-07,5.831,False,0.3047538032295305,False,0.3980607591924844,NEITHER
2019-06-10,5.7747,False,0.3374066151746591,False,0.4132912350414965,NEITHER
2019-06-11,5.7976,False,0.3173328187994366,False,0.39490951425294385,NEITHER
2019-06-12,5.808,False,0.2615373554207693,False,0.3980491731376497,NEITHER
2019-06-13,5.8682,False,0.3881094788081408,False,0.40349121003602545,NEITHER
2019-06-14,5.9015,False,0.2950642751521403,False,0.37830968972683915,NEITHER
2019-06-17,5.8733,False,0.318444595161968,False,0.3817819924057074,NEITHER
2019-06-18,5.8284,False,0.354569351706876,False,0.3765059377837744,NEITHER
2019-06-19,5.7914,False,0.3849906743943911,False,0.3821750256601739,NEITHER
2019-06-20,5.7644,False,0.3352388334463719,False,0.39119402669239994,NEITHER
2019-06-21,5.8214,False,0.4065961318213239,False,0.4038741943598431,NEITHER
2019-06-24,5.809,False,0.4003237724822132,False,0.37839697489295904,NEITHER
2019-06-25,5.7949,False,0.3812277696128637,False,0.37453591791729796,NEITHER
2019-06-26,5.7749,False,0.3526052182294085,False,0.37677052093554314,NEITHER
2019-06-27,5.7725,False,0.3275246943565456,False,0.3686742049441603,NEITHER
2019-06-28,5.7921,False,0.1614884075241523,False,0.3847796372532589,NEITHER
2019-07-01,5.6507,False,0.9078066739346928,False,0.5010423226478595,NEITHER
2019-07-02,5.6528,False,0.63420399007807,False,0.43723619739243186,NEITHER
2019-07-03,5.6249,False,0.631280889819204,False,0.44020457671727586,NEITHER
2019-07-04,5.5953,False,0.618977938551212,False,0.4540663661882689,NEITHER
2019-07-05,5.6288,False,0.653616856388341,False,0.45058535322588456,NEITHER
2019-07-08,5.7367,False,0.6714795366248382,False,0.4381619240083578,NEITHER
2019-07-09,5.7322,False,0.5633029101250397,False,0.39084092567924617,NEITHER
2019-07-10,5.6741,False,0.6242651541004879,False,0.4135627729466311,NEITHER
2019-07-11,5.6734,False,0.6002720478882034,False,0.40121714930319974,NEITHER
2019-07-12,5.72,False,0.6074325478656832,False,0.4093677288971813,NEITHER
2019-07-15,5.7148,False,0.3587766863593173,False,0.3716364705721242,NEITHER
2019-07-16,5.7118,False,0.3588227919737781,False,0.370359104208479,NEITHER
2019-07-17,5.6842,False,0.2651714912864939,False,0.37363970660048973,NEITHER
2019-07-18,5.6181,False,0.3994236985182161,False,0.4070615081551609,NEITHER
2019-07-19,5.6551,False,0.3668024343960143,False,0.3923110996995259,NEITHER
2019-07-22,5.677,False,0.3971393217977139,False,0.37869990003202864,NEITHER
2019-07-23,5.7178,False,0.448050239748631,False,0.3817057120342879,NEITHER
2019-07-24,5.7085,False,0.427290795380216,False,0.37015668739170854,NEITHER
2019-07-25,5.7027,False,0.2732293382424179,False,0.37984627964291046,NEITHER
2019-07-26,5.6718,False,0.2700415122429647,False,0.37570480260907185,NEITHER
2019-07-29,5.6148,False,0.3595939039844548,False,0.39514826800071023,NEITHER
2019-07-30,5.5597,False,0.510609437070052,False,0.43595525445704747,NEITHER
2019-07-31,5.5864,False,0.394341633562636,False,0.4082412599848194,NEITHER
2019-08-01,5.6039,False,0.4034667722658601,False,0.38164852423893175,NEITHER
2019-08-02,5.5597,False,0.4728043011275259,False,0.4005330987314575,NEITHER
2019-08-05,5.5715,False,0.4501873309118938,False,0.37932202096470546,NEITHER
2019-08-06,5.5209,False,0.4325987542770967,False,0.4066075136140766,NEITHER
2019-08-07,5.4938,False,0.3724119469602266,False,0.3979270312595325,NEITHER
2019-08-08,5.4782,False,0.4121176354873619,False,0.41393394298427694,NEITHER
2019-08-09,5.4917,False,0.3249459683159147,False,0.4001375950121291,NEITHER
2019-08-12,5.564,False,0.6546290117706522,False,0.4175237616508382,NEITHER
2019-08-13,5.5629,False,0.4587702035913616,False,0.3728179612089197,NEITHER
2019-08-14,5.6128,False,0.4280367856643422,False,0.40004842348980374,NEITHER
2019-08-15,5.568,False,0.5282245792686034,False,0.40072413401634005,NEITHER
2019-08-16,5.5785,False,0.5286436481736895,False,0.3903799952919639,NEITHER
2019-08-19,5.6609,False,0.5838357090057523,False,0.4214492517818874,NEITHER
2019-08-20,5.729,False,0.8198141518175379,False,0.42368438112113443,NEITHER
2019-08-21,5.7162,False,0.958534133196848,False,0.40622225814721713,NEITHER
2019-08-22,5.7688,True,1.242022420473882,False,0.43567177422863024,BASELINE_ONLY
2019-08-23,5.7599,True,1.118037191981548,False,0.4198618136676411,BASELINE_ONLY
2019-08-26,5.8252,False,0.971548166595646,False,0.41847882692751126,NEITHER
2019-08-27,5.8275,False,0.6909837366118319,False,0.38355964920147345,NEITHER
2019-08-28,5.8134,False,0.4140761059080146,False,0.36970160966144344,NEITHER
2019-08-29,5.84,False,0.3675808715443073,False,0.3621571229825234,NEITHER
2019-08-30,5.8306,False,0.3722654653550371,False,0.3610539843492547,NEITHER
2019-09-02,5.8068,False,0.2301242283288786,False,0.3628899179426402,NEITHER
2019-09-03,5.7293,False,0.536498640198184,False,0.39761085283697545,NEITHER
2019-09-04,5.667,False,0.496145047869184,False,0.4033368762954248,NEITHER
2019-09-05,5.6917,False,0.5025840887909859,False,0.38760473954543834,NEITHER
2019-09-06,5.7155,False,0.5358013847620351,False,0.37108858139666395,NEITHER
2019-09-09,5.75,False,0.6070900447630816,False,0.3607083333343364,NEITHER
2019-09-10,5.7683,False,0.4517740434950504,False,0.35348309346448487,NEITHER
2019-09-11,5.7515,False,0.491631016725492,False,0.3688757045874641,NEITHER
2019-09-12,5.6566,False,0.5957963332815602,False,0.40118330050604767,NEITHER
2019-09-13,5.6861,False,0.597783919422114,False,0.366298760645369,NEITHER
2019-09-16,5.729,False,0.6122791554790349,False,0.36694857306233203,NEITHER
2019-09-17,5.7016,False,0.6018649025392225,False,0.37246177670389313,NEITHER
2019-09-18,5.6768,False,0.6041910153567859,False,0.37712340318132054,NEITHER
2019-09-19,5.7187,False,0.3921427855221061,False,0.36390630212115,NEITHER
2019-09-20,5.7439,False,0.3862233981077955,False,0.3531870023136052,NEITHER
2019-09-23,5.7174,False,0.3976908940481592,False,0.3505404732887498,NEITHER
2019-09-24,5.6973,False,0.3822282942480279,False,0.3485684635119491,NEITHER
2019-09-25,5.6706,False,0.3867804428637587,False,0.3511771789584513,NEITHER
2019-09-26,5.6655,False,0.2613565081130944,False,0.3563300757670233,NEITHER
2019-09-27,5.6708,False,0.2503424657534239,False,0.368891454701832,NEITHER
2019-09-30,5.6489,False,0.234589041095888,False,0.3748606356157783,NEITHER
2019-10-01,5.7231,False,0.5276856478548201,False,0.37386768199730624,NEITHER
2019-10-02,5.702,False,0.5035534857186694,False,0.35167206839147147,NEITHER
2019-10-03,5.6947,False,0.5055108741805705,False,0.3485461006050667,NEITHER
2019-10-04,5.6962,False,0.512211679908193,False,0.34892583453282544,NEITHER
2019-10-07,5.8328,False,0.9375057607385822,False,0.4591513245577845,NEITHER
2019-10-08,5.8311,False,0.7546106655421154,False,0.3830515484490354,NEITHER
2019-10-09,5.8712,False,0.7013682511938996,False,0.3925118418970684,NEITHER
2019-10-10,5.8365,False,0.7763628829425657,False,0.39666239631827255,NEITHER
2019-10-11,5.8853,False,0.755906988916847,False,0.39915541423914863,NEITHER
2019-10-14,5.9271,False,0.409105794311471,False,0.35901193008680615,NEITHER
2019-10-15,5.9165,False,0.4278792146804283,False,0.35276384444758246,NEITHER
2019-10-16,5.887,False,0.450239152263288,False,0.3601848202785172,NEITHER
2019-10-17,5.8299,False,0.5119972067569704,False,0.37422766450737344,NEITHER
2019-10-18,5.7919,False,0.45620961347033,False,0.3785394078175044,NEITHER
2019-10-21,5.8582,False,0.5379030708407906,False,0.37778662507184685,NEITHER
2019-10-22,5.8084,False,0.5683695524605331,False,0.38604592745408434,NEITHER
2019-10-23,5.7351,False,0.6149333289445766,False,0.41495978048980475,NEITHER
2019-10-24,5.7647,False,0.6482294402944146,False,0.3773509681713873,NEITHER
2019-10-25,5.7748,False,0.6412204580129337,False,0.3619890668040719,NEITHER
2019-10-28,5.7312,False,0.4806643367549892,False,0.3910459221825526,NEITHER
2019-10-29,5.7373,False,0.4802839868434614,False,0.36614788422474626,NEITHER
2019-10-30,5.702,False,0.3547924339167964,False,0.36767699264960807,NEITHER
2019-10-31,5.713,False,0.3031935016519025,False,0.3644007742579758,NEITHER
2019-11-01,5.7124,False,0.284531915983925,False,0.36506601206269657,NEITHER
2019-11-04,5.7387,False,0.2650871802601567,False,0.3525218041387798,NEITHER
2019-11-05,5.7533,False,0.2733848115696071,False,0.3482089492554099,NEITHER
2019-11-06,5.7508,False,0.1646673752762699,False,0.3552005050497212,NEITHER
2019-11-07,5.7522,False,0.146250255920687,False,0.35168203420406213,NEITHER
2019-11-08,5.7668,False,0.183563631455518,False,0.35931673012666904,NEITHER
2019-11-11,5.7733,False,0.116751868536046,False,0.35592875351799924,NEITHER
2019-11-12,5.7776,False,0.0867101018590485,False,0.3550111920300371,NEITHER
2019-11-13,5.7403,False,0.2508005276956507,False,0.3588925979743535,NEITHER
2019-11-14,5.7477,False,0.2599096381023075,False,0.3476876068813203,NEITHER
2019-11-15,5.7453,False,0.2364471123499001,False,0.34789920834241017,NEITHER
2019-11-18,5.7369,False,0.2294948688756972,False,0.35310640160859336,NEITHER
2019-11-19,5.699,False,0.2957635907723802,False,0.38324994068997015,NEITHER
2019-11-20,5.6997,False,0.226081029941823,False,0.3605047025819136,NEITHER
2019-11-21,5.6966,False,0.2041313251624323,False,0.36711248689819787,NEITHER
2019-11-22,5.7132,False,0.2570482543067044,False,0.36217821674326794,NEITHER
2019-11-25,5.7416,False,0.3966876965819532,False,0.3588199073232765,NEITHER
2019-11-26,5.7597,False,0.2346391634911032,False,0.3673168922770211,NEITHER
2019-11-27,5.7779,False,0.2638727202173059,False,0.37152591754679315,NEITHER
2019-11-28,5.7585,False,0.3325809826711217,False,0.3720359604130863,NEITHER
2019-11-29,5.747,False,0.2841174439955742,False,0.35337751732743794,NEITHER
2019-12-02,5.7415,False,0.2364931983587674,False,0.350035525714252,NEITHER
2019-12-03,5.7431,False,0.1956004448107936,False,0.35263043192462984,NEITHER
2019-12-04,5.7508,False,0.1459331853525466,False,0.36200892385701056,NEITHER
2019-12-05,5.7485,False,0.1058335736332448,False,0.35753660108989044,NEITHER
2019-12-06,5.7766,False,0.4118570871337738,False,0.36199837207616986,NEITHER
2019-12-09,5.8113,False,0.4721762967782964,False,0.3737412473481478,NEITHER
2019-12-10,5.8057,False,0.2663246966611708,False,0.35598580893721593,NEITHER
2019-12-11,5.8074,False,0.2766015850474677,False,0.35048831722423596,NEITHER
2019-12-12,5.7914,False,0.3273235727774881,False,0.3563427424934857,NEITHER
2019-12-13,5.8082,False,0.2971981701457367,False,0.34666629255980186,NEITHER
2019-12-16,5.8498,False,0.5250269644016256,False,0.36060648850333443,NEITHER
2019-12-17,5.886,False,0.3788716019148112,False,0.3654176202738654,NEITHER
2019-12-18,5.9261,False,0.415191173507946,False,0.37851015257008686,NEITHER
2019-12-19,5.9417,False,0.45789677920062,False,0.3806081110292683,NEITHER
2019-12-20,5.94,False,0.395485742625118,False,0.37372144960589115,NEITHER
2019-12-23,5.9486,False,0.2629177600444946,False,0.3594227715187467,NEITHER
2019-12-24,5.9468,False,0.2622444730660503,False,0.3473073323018845,NEITHER
2019-12-25,5.935,False,0.2773026186794075,False,0.351354643227356,NEITHER
2019-12-26,5.9335,False,0.1208937421928473,False,0.3473229614921035,NEITHER
2019-12-27,5.9502,False,0.164922116021485,False,0.3436899377070747,NEITHER
2019-12-30,5.9479,False,0.1868921890431473,False,0.3431784221838012,NEITHER
2019-12-31,5.9489,False,0.1862523937016794,False,0.3403921527080066,NEITHER
2020-01-01,5.9466,False,0.1779189979921585,False,0.3427547426254403,NEITHER
2020-01-02,5.9566,False,0.1570004783434704,False,0.3402726701093864,NEITHER
2020-01-03,5.9723,False,0.1538410141989714,False,0.3443938467707486,NEITHER
2020-01-06,5.969,False,0.1889679167180993,False,0.3423187154194861,NEITHER
2020-01-07,5.9727,False,0.1581305114021741,False,0.3402376231758827,NEITHER
2020-01-08,5.9091,True,1.097925955545607,False,0.426878045093184,BASELINE_ONLY
2020-01-09,5.8739,False,0.6217262647424145,False,0.3938880162074022,NEITHER
2020-01-10,5.8777,False,0.5829411660983508,False,0.3792216963900445,NEITHER
2020-01-13,5.8671,False,0.602820044088018,False,0.38602250090116197,NEITHER
2020-01-14,5.8819,False,0.683831595797329,False,0.39115306480925455,NEITHER
2020-01-15,5.8758,False,0.4536489023257682,False,0.36073396181385875,NEITHER
2020-01-16,5.8597,False,0.3015805534702839,False,0.3634467538799362,NEITHER
2020-01-17,5.8908,False,0.4831843166812053,False,0.36500464213720174,NEITHER
2020-01-20,5.9132,False,0.4959120237144396,False,0.3561618698084035,NEITHER
2020-01-21,5.9376,False,0.5184131049379712,False,0.35825430733529456,NEITHER
2020-01-22,5.9222,False,0.5878003413086867,False,0.3525641680522912,NEITHER
2020-01-23,5.9344,False,0.464444947858131,False,0.3565128468792122,NEITHER
2020-01-24,5.9391,False,0.4087198753140161,False,0.3430236179857529,NEITHER
2020-01-27,5.944,False,0.3711125570235326,False,0.33996101308322674,NEITHER
2020-01-28,5.9403,False,0.2703713328944124,False,0.3403621395162501,NEITHER
2020-01-29,5.9567,False,0.1978069729780899,False,0.34895902546066476,NEITHER
2020-01-30,5.9725,False,0.2157975041630815,False,0.3486328152101514,NEITHER
2020-01-31,5.9822,False,0.2127522915211736,False,0.34574953943005615,NEITHER
2020-02-03,5.9844,False,0.2225151393540456,False,0.34364472477697094,NEITHER
2020-02-04,5.9801,False,0.2271646554038085,False,0.34362460354317975,NEITHER
2020-02-05,5.9827,False,0.2042497787497395,False,0.34130862029368364,NEITHER
2020-02-06,5.9874,False,0.1331840452557278,False,0.34392463169210297,NEITHER
2020-02-07,6.0153,False,0.4220484069069426,False,0.35000727447812213,NEITHER
2020-02-10,6.0108,False,0.3467147379969597,False,0.3428476606959987,NEITHER
2020-02-11,6.0163,False,0.3340145780695308,False,0.33684920958231906,NEITHER
2020-02-12,6.042,False,0.384649569202608,False,0.34694058710003356,NEITHER
2020-02-13,6.0405,False,0.4124125870453212,False,0.34114950804725014,NEITHER
2020-02-14,6.0505,False,0.3220491351750009,False,0.3359957077948322,NEITHER
2020-02-17,6.0449,False,0.3332017347772569,False,0.34196143315328764,NEITHER
2020-02-18,6.0642,False,0.3639230991054694,False,0.34140643365097495,NEITHER
2020-02-19,6.0823,False,0.3076117133053004,False,0.3411516225466623,NEITHER
2020-02-20,6.1004,False,0.2898952075883198,False,0.34330582935964976,NEITHER
2020-02-21,6.0964,False,0.3546426633329903,False,0.3447710145569456,NEITHER
2020-02-24,6.1177,False,0.3100790228612693,False,0.3466396928779455,NEITHER
2020-02-25,6.1441,False,0.3940061702344625,False,0.3517790442889489,NEITHER
2020-02-26,6.159,False,0.3159362101470445,False,0.3447092326254598,NEITHER
2020-02-27,6.2078,False,0.843060443660788,False,0.3874950180516004,NEITHER
2020-02-28,6.2427,False,0.3976744029594324,False,0.3693654873878547,NEITHER
2020-03-02,6.1743,True,1.3323490152138238,False,0.4598131932744504,BASELINE_ONLY
2020-03-03,6.107,True,1.205796048511531,False,0.4582824557008902,BASELINE_ONLY
2020-03-04,6.0773,True,1.1656237864916963,False,0.4361199762301571,BASELINE_ONLY
2020-03-05,6.1105,True,1.0718006893218623,False,0.42234465974332996,BASELINE_ONLY
2020-03-06,6.0919,False,0.87004496475618,False,0.4134764633300932,NEITHER
2020-03-09,6.1442,True,1.0057700082896246,False,0.40117763050625926,BASELINE_ONLY
2020-03-10,6.1575,False,0.7277069261614314,False,0.35911527643631364,NEITHER
2020-03-11,6.2091,False,0.6205855263675155,False,0.38273338994024664,NEITHER
2020-03-12,6.3159,False,0.855100430780975,False,0.4285742205820668,NEITHER
2020-03-13,6.3321,False,0.6837338923151648,False,0.3928609998824796,NEITHER
2020-03-16,6.4315,False,0.7314148145775654,False,0.42133455343559856,NEITHER
2020-03-17,6.3974,False,0.952756245420448,False,0.40755071355441014,NEITHER
2020-03-18,6.4752,False,0.940605162835415,False,0.4099580729033395,NEITHER
2020-03-19,6.5439,False,0.8104798210135324,False,0.3964986269609514,NEITHER
2020-03-20,6.5525,False,0.8286149544849742,False,0.3905265157561025,NEITHER
2020-03-23,6.5617,False,0.6966474441091587,False,0.3762816013614358,NEITHER
2020-03-24,6.4203,True,1.120751022794922,False,0.4642559791937735,BASELINE_ONLY
2020-03-25,6.417,False,0.9895485685766766,False,0.4131486220758964,NEITHER
2020-03-26,6.3979,False,0.8051148384841768,False,0.40673743608825014,NEITHER
2020-03-27,6.455,False,0.9252707492850686,False,0.4110630864572126,NEITHER
2020-03-30,6.5773,True,1.157577964144785,False,0.4424122884620972,BASELINE_ONLY
2020-03-31,6.6143,False,0.6617978495730052,False,0.3872512316876539,NEITHER
2020-04-01,6.703,False,0.63531740421717,False,0.4168574838960577,NEITHER
2020-04-02,6.6153,False,0.9064378518261412,False,0.42832020112681923,NEITHER
2020-04-03,6.731,False,0.93668681108081,False,0.4393971632588527,NEITHER
2020-04-06,6.7815,False,0.838611820605954,False,0.3964388085159564,NEITHER
2020-04-07,6.754,False,0.8949698678431648,False,0.4025143201133542,NEITHER
2020-04-08,6.7737,False,0.820430215959969,False,0.38483150322988824,NEITHER
2020-04-09,6.6746,False,0.8213905935041546,False,0.41157968755606783,NEITHER
2020-04-10,6.7001,False,0.5950776172719396,False,0.37701190222881553,NEITHER
2020-04-13,6.7721,False,0.6462903383930712,False,0.38112562152013263,NEITHER
2020-04-14,6.8155,False,0.651703622883044,False,0.3750858756605463,NEITHER
2020-04-15,6.9118,False,0.7393477070111228,False,0.4011621748726593,NEITHER
2020-04-16,6.9397,False,0.315269483152694,False,0.39617060207334437,NEITHER
2020-04-17,6.9317,False,0.3905669914493255,False,0.3824678893322994,NEITHER
2020-04-20,6.9402,False,0.3878597274227185,False,0.36887715033163077,NEITHER
2020-04-21,6.9812,False,0.3860786614327682,False,0.3692557649606046,NEITHER
2020-04-22,6.9787,False,0.1962038618440981,False,0.3646554667730967,NEITHER
2020-04-23,6.9462,False,0.2517919510053525,False,0.3751108986399838,NEITHER
2020-04-24,6.9742,False,0.2672623041876131,False,0.35787081401678733,NEITHER
2020-04-27,6.9861,False,0.2677854768896167,False,0.3557119572163931,NEITHER
2020-04-28,6.9868,False,0.209110958097932,False,0.35840656140962845,NEITHER
2020-04-29,6.952,False,0.2572708685362639,False,0.3709750478171538,NEITHER
2020-04-30,6.9864,False,0.25501227177579,False,0.3573193781569955,NEITHER
2020-05-01,7.012,False,0.250964087914918,False,0.352226362238026,NEITHER
2020-05-04,7.043,False,0.270024724876543,False,0.35325920393888094,NEITHER
2020-05-05,7.0746,False,0.2738487901560782,False,0.3547672486847269,NEITHER
2020-05-06,7.1968,False,0.623470914395404,False,0.40924485163207686,NEITHER
2020-05-07,7.1195,False,0.6125674792283563,False,0.4031952959854938,NEITHER
2020-05-08,7.084,False,0.6545311122107683,False,0.3896470649809595,NEITHER
2020-05-11,7.0762,False,0.653461305203602,False,0.37812344177347773,NEITHER
2020-05-12,6.9971,False,0.6965128022991388,False,0.42613393738428573,NEITHER
2020-05-13,6.9748,False,0.6169408626056,False,0.4095693622370219,NEITHER
2020-05-14,6.922,False,0.5488550466874179,False,0.4201953307593623,NEITHER
2020-05-15,6.9012,False,0.508003557136504,False,0.4007770214757043,NEITHER
2020-05-18,6.8851,False,0.531069364161848,False,0.4053157015342355,NEITHER
2020-05-19,6.7775,False,0.6102712316585139,False,0.4552743793430842,NEITHER
2020-05-20,6.7912,False,0.5102267674522,False,0.40753091954655135,NEITHER
2020-05-21,6.7916,False,0.3943298275715696,False,0.3870372304294828,NEITHER
2020-05-22,6.8147,False,0.4367533303410417,False,0.38280734232034447,NEITHER
2020-05-25,6.81,False,0.4468318240322256,False,0.3749837042439204,NEITHER
2020-05-26,6.7275,False,0.3785079314587729,False,0.40535411395202076,NEITHER
2020-05-27,6.7739,False,0.4151595517673884,False,0.37936975400820794,NEITHER
2020-05-28,6.8138,False,0.4476959057174774,False,0.36851365988974055,NEITHER
2020-05-29,6.8202,False,0.4407688341025521,False,0.35919847964174545,NEITHER
2020-06-01,6.8142,False,0.4430488386293054,False,0.3582758481701932,NEITHER
2020-06-02,6.7145,False,0.4884740827715076,False,0.4135023203008727,NEITHER
2020-06-03,6.744,False,0.4640362139223783,False,0.3763427780811292,NEITHER
2020-06-04,6.7558,False,0.4380160071114383,False,0.3726509735196767,NEITHER
2020-06-05,6.77,False,0.4450455313663404,False,0.370092962644332,NEITHER
2020-06-08,6.7876,False,0.469768117040263,False,0.3663567264307704,NEITHER
2020-06-09,6.7973,False,0.23010226767452,False,0.39107752980103516,NEITHER
2020-06-10,6.7768,False,0.1390099151534826,False,0.3733465505445101,NEITHER
2020-06-11,6.8414,False,0.4269667817810228,False,0.38746593327305445,NEITHER
2020-06-12,6.8126,False,0.3328268060989737,False,0.36305519819671517,NEITHER
2020-06-15,6.8363,False,0.3366528125737942,False,0.36161547604683686,NEITHER
2020-06-16,6.8439,False,0.3605696029120938,False,0.35642012444973964,NEITHER
2020-06-17,6.8448,False,0.3300582439930318,False,0.3601799738176107,NEITHER
2020-06-18,6.8562,False,0.1881295323956028,False,0.35898910129210193,NEITHER
2020-06-19,6.8531,False,0.1125500222321059,False,0.3668390130655436,NEITHER
2020-06-22,6.8483,False,0.0705127249944432,False,0.3698489950626119,NEITHER
2020-06-23,6.8511,False,0.0647292972859368,False,0.36670829343603334,NEITHER
2020-06-24,6.8558,False,0.0681087303334164,False,0.3667705301938832,NEITHER
2020-06-25,6.8549,False,0.0430721219780566,False,0.37136358464396363,NEITHER
2020-06-26,6.8546,False,0.0419901959921586,False,0.37173608377949297,NEITHER
2020-06-29,6.8548,False,0.0275101593804598,False,0.37561294900903736,NEITHER
2020-06-30,6.8525,False,0.035762589607828,False,0.3756900526615776,NEITHER
2020-07-01,6.8479,False,0.1506159406642926,False,0.3819404549721412,NEITHER
2020-07-02,6.851,False,0.0353900629080488,False,0.37402322964333623,NEITHER
2020-07-03,6.8623,False,0.0873579523266755,False,0.3679797439713531,NEITHER
2020-07-06,6.8609,False,0.0820177057911441,False,0.3654536317677777,NEITHER
2020-07-07,6.8595,False,0.0789601479655922,False,0.36476876440075867,NEITHER
2020-07-08,6.8605,False,0.0709661701525302,False,0.36750195040687644,NEITHER
2020-07-09,6.8619,False,0.0714368227730621,False,0.36901205806091025,NEITHER
2020-07-10,6.8658,False,0.0734834641833018,False,0.3821348209218877,NEITHER
2020-07-13,6.8602,False,0.3060971271102695,False,0.3875590457634561,NEITHER
2020-07-14,6.8642,False,0.1451908746112109,False,0.3788364002387151,NEITHER
2020-07-15,6.8558,False,0.4880471957860437,False,0.3936437606696372,NEITHER
2020-07-16,6.8572,False,0.0787796679068403,False,0.37312712339309667,NEITHER
2020-07-17,6.8587,False,0.0751461425460181,False,0.3754860882412051,NEITHER
2020-07-20,6.8578,False,0.0659793732598306,False,0.3748824371122439,NEITHER
2020-07-21,6.8254,True,1.705264271987599,False,0.4481671690535306,BASELINE_ONLY
2020-07-22,6.8506,False,0.789382401152386,False,0.3844356054601437,NEITHER
2020-07-23,6.8439,False,0.2878490275893239,False,0.36029984570120654,NEITHER
2020-07-24,6.8484,False,0.2919236950290156,False,0.3587782521305822,NEITHER
2020-07-27,6.8625,False,0.345996697422075,False,0.3612067043674125,NEITHER
2020-07-28,6.9355,True,1.6627132159745457,False,0.43873385796546693,BASELINE_ONLY
2020-07-29,6.983,False,0.578640369883236,False,0.39390243145825204,NEITHER
2020-07-30,6.9955,False,0.7308548136959799,False,0.3869786009928711,NEITHER
2020-07-31,6.972,False,0.673699740545244,False,0.39444623153973085,NEITHER
2020-08-03,6.9578,False,0.816691758738466,False,0.39362331646926607,NEITHER
2020-08-04,6.9008,False,0.6639519691879073,False,0.40384923832814934,NEITHER
2020-08-05,7.0476,True,1.345083749577556,False,0.47976457014483676,BASELINE_ONLY
2020-08-06,7.2389,True,1.273990665925702,False,0.5065366555912331,BASELINE_ONLY
2020-08-07,7.2941,True,1.182817405023685,False,0.44808424802017255,BASELINE_ONLY
2020-08-10,7.3329,True,1.0982764424044444,False,0.4317989953998425,BASELINE_ONLY
2020-08-11,7.2025,True,1.3497909959973524,False,0.48865386357938567,BASELINE_ONLY
2020-08-12,7.3282,True,1.237025902000484,False,0.4560148026852596,BASELINE_ONLY
2020-08-13,7.3354,False,0.954548230920946,False,0.39349485869137646,NEITHER
2020-08-14,7.3664,False,0.9365374123466256,False,0.3903163784113363,NEITHER
2020-08-17,7.3787,False,0.9275589127830222,False,0.38693085482407746,NEITHER
2020-08-18,7.3696,False,0.5664694224638722,False,0.37753831245923025,NEITHER
2020-08-19,7.2905,False,0.4299165218913892,False,0.3868987104958643,NEITHER
2020-08-20,7.2938,False,0.4285772459588607,False,0.36415921812596275,NEITHER
2020-08-21,7.3365,False,0.4575001920775099,False,0.36719475707347277,NEITHER
2020-08-24,7.3768,False,0.5005074793777059,False,0.3598464175782488,NEITHER
2020-08-25,7.3893,False,0.5265237645318435,False,0.35853244159196107,NEITHER
2020-08-26,7.3662,False,0.2913336144597372,False,0.3636810566658808,NEITHER
2020-08-27,7.3587,False,0.30744680140367,False,0.3572699623128333,NEITHER
2020-08-28,7.3329,False,0.2903682311708519,False,0.35872000584965685,NEITHER
2020-08-31,7.3466,False,0.1981844654241442,False,0.36458748417602604,NEITHER
2020-09-01,7.3652,False,0.2154505464007439,False,0.36286508752098867,NEITHER
2020-09-02,7.3822,False,0.2044482865483803,False,0.35426987175116276,NEITHER
2020-09-03,7.4335,False,0.2912337498543448,False,0.3558914144294116,NEITHER
2020-09-04,7.4331,False,0.2030839538569612,False,0.35486527834382886,NEITHER
2020-09-07,7.4542,False,0.1996941009923975,False,0.35586037319635905,NEITHER
2020-09-08,7.4817,False,0.2002149365195152,False,0.3566361333557235,NEITHER
2020-09-09,7.4848,False,0.2224699303269472,False,0.3491786733182267,NEITHER
2020-09-10,7.4481,False,0.3808476644142382,False,0.3692785044795234,NEITHER
2020-09-11,7.4724,False,0.2789530253464651,False,0.3463411546326571,NEITHER
2020-09-14,7.484,False,0.2701641915114489,False,0.34145784676077356,NEITHER
2020-09-15,7.4854,False,0.2388341110055218,False,0.3410657400486968,NEITHER
2020-09-16,7.5054,False,0.2557781060550778,False,0.3426874075348483,NEITHER
2020-09-17,7.5464,False,0.3273373997045141,False,0.3626912415086191,NEITHER
2020-09-18,7.5555,False,0.1577819775899969,False,0.34605666317768025,NEITHER
2020-09-21,7.6321,False,0.7166381539996733,False,0.38401093285587956,NEITHER
2020-09-22,7.6622,False,0.2641894212587437,False,0.3574925289103648,NEITHER
2020-09-23,7.7009,False,0.2494650525656995,False,0.3656885162702636,NEITHER
2020-09-24,7.6254,False,0.8867816630077103,False,0.4041445005443172,NEITHER
2020-09-25,7.6582,False,0.5570962190537422,False,0.3579018047388379,NEITHER
2020-09-28,7.8006,False,0.993253933960141,False,0.4223740225277359,NEITHER
2020-09-29,7.8168,False,0.721398654423898,False,0.37104086899995503,NEITHER
2020-09-30,7.7213,False,0.854024259286365,False,0.41036610763350906,NEITHER
2020-10-01,7.746,False,0.7541988226525296,False,0.3657181323399626,NEITHER
2020-10-02,7.758,False,0.7543952946025962,False,0.36495790019956337,NEITHER
2020-10-05,7.7646,False,0.4411758269328266,False,0.3534978367900461,NEITHER
2020-10-06,7.7978,False,0.4634638450261311,False,0.35087251788966284,NEITHER
2020-10-07,7.8818,False,0.3392308569616361,False,0.3738696502042866,NEITHER
2020-10-08,7.9435,False,0.2872144712424864,False,0.3657816705127037,NEITHER
2020-10-09,7.8564,False,0.5595039875215597,False,0.3838436785634974,NEITHER
2020-10-12,7.8888,False,0.5572039151137296,False,0.354826545111007,NEITHER
2020-10-13,7.9191,False,0.5605826726664761,False,0.3556866150550786,NEITHER
2020-10-14,7.9106,False,0.4859599739189446,False,0.35369358222414654,NEITHER
2020-10-15,7.9324,False,0.4238378998639489,False,0.34914307652988824,NEITHER
2020-10-16,7.9333,False,0.1936174230502939,False,0.3590827221912073,NEITHER
2020-10-19,7.8766,False,0.3303864695074334,False,0.36590284545318635,NEITHER
2020-10-20,7.8627,False,0.241832446366074,False,0.35408100087180794,NEITHER
2020-10-21,7.8122,False,0.2802817043506399,False,0.37409032951266086,NEITHER
2020-10-22,7.9378,False,0.6039932555632762,False,0.38491823648447177,NEITHER
2020-10-23,7.9671,False,0.6147900870397573,False,0.3550377782790202,NEITHER
2020-10-26,8.0834,False,0.627402924448554,False,0.38816334628390503,NEITHER
2020-10-27,8.1848,False,0.5992763665583175,False,0.3940979600239766,NEITHER
2020-10-28,8.2566,False,0.3308356891119021,False,0.40900897080000953,NEITHER
2020-10-29,8.2883,False,0.3635461026501326,False,0.37783802786161913,NEITHER
2020-10-30,8.3456,False,0.3166750689724922,False,0.3899981862233685,NEITHER
2020-11-02,8.44,False,0.2827837423312875,False,0.40510011906366195,NEITHER
2020-11-03,8.4112,False,0.4418114277148268,False,0.3848968110696711,NEITHER
2020-11-04,8.4215,False,0.4562095290841539,False,0.3692540622964912,NEITHER
2020-11-05,8.416,False,0.486185686197644,False,0.3660904833725228,NEITHER
2020-11-06,8.5193,False,0.573668545327943,False,0.38943648147301335,NEITHER
2020-11-09,8.0525,True,2.166143520178692,True,0.6108016195186617,BOTH
2020-11-10,8.156,True,1.43401689396904,True,0.5365931694833123,BOTH
2020-11-11,7.793,True,1.66123080278885,True,0.6295757713073497,BOTH
2020-11-12,7.6888,True,1.892818664373054,True,0.602050009783452,BOTH
2020-11-13,7.6804,True,1.9694106323289455,True,0.5910217225550316,BOTH
2020-11-16,7.7068,False,0.9667791738843894,True,0.5264841907756128,ISOLATION_FOREST_ONLY
2020-11-17,7.6995,True,1.071684293310484,True,0.5306597067200187,BOTH
2020-11-18,7.716,False,0.2905198068094497,False,0.44157791755080344,NEITHER
2020-11-19,7.5499,False,0.538167444271645,False,0.49762031415692176,NEITHER
2020-11-20,7.619,False,0.4948168182689444,False,0.46883590649161244,NEITHER
2020-11-23,7.8873,False,0.88036487728048,True,0.5214070671852263,ISOLATION_FOREST_ONLY
2020-11-24,8.0054,False,0.804153999937426,False,0.4922793512125188,NEITHER
2020-11-25,7.9522,False,0.8394882415876282,False,0.4824890192268069,NEITHER
2020-11-26,7.8717,False,0.7554611294355159,False,0.4884041845624445,NEITHER
2020-11-27,7.8137,False,0.7546911441631096,False,0.4807764997860532,NEITHER
2020-11-30,7.8256,False,0.3935527518952356,False,0.42216683429287577,NEITHER
2020-12-01,7.8314,False,0.408484265139156,False,0.43770166341009825,NEITHER
2020-12-02,7.8616,False,0.2353057364970953,False,0.42144210121989406,NEITHER
2020-12-03,7.7718,False,0.2855652793324525,False,0.4395956721912987,NEITHER
2020-12-04,7.813,False,0.2545874771733819,False,0.4199711143242088,NEITHER
2020-12-07,7.8097,False,0.2524738450753874,False,0.40241899799983594,NEITHER
2020-12-08,7.8191,False,0.253360736360335,False,0.40420933685229504,NEITHER
2020-12-09,7.8244,False,0.2397465315937397,False,0.3968732590321974,NEITHER
2020-12-10,7.8903,False,0.27819187022408,False,0.4171400113759658,NEITHER
2020-12-11,7.8421,False,0.1979882728471433,False,0.3983477028256149,NEITHER
2020-12-14,7.8508,False,0.1972714591812145,False,0.388089120707315,NEITHER
2020-12-15,7.8362,False,0.2034259462007243,False,0.3869319035372519,NEITHER
2020-12-16,7.8026,False,0.2186441095431957,False,0.3932902239247055,NEITHER
2020-12-17,7.7027,False,0.4404117709201459,False,0.44073962506786196,NEITHER
2020-12-18,7.6433,False,0.4667050109750799,False,0.43770831147950284,NEITHER
2020-12-21,7.6412,False,0.4920592067423339,False,0.4276455911857093,NEITHER
2020-12-22,7.6593,False,0.415292336224806,False,0.4225400707736554,NEITHER
2020-12-23,7.6405,False,0.380547697580786,False,0.41773467220664595,NEITHER
2020-12-24,7.5623,False,0.3603100196158253,False,0.44311429838608557,NEITHER
2020-12-25,7.5863,False,0.2249758834741296,False,0.4117393329459715,NEITHER
2020-12-28,7.4382,False,0.7923706104996823,False,0.49669741714920657,NEITHER
2020-12-29,7.3954,False,0.6195344687943819,False,0.46970392589278925,NEITHER
2020-12-30,7.3832,False,0.604040238047724,False,0.46263861461606665,NEITHER
2020-12-31,7.4349,False,0.394461144538139,False,0.44757520846542403,NEITHER
2021-01-01,7.4299,False,0.3779344099057578,False,0.42861359074126265,NEITHER
2021-01-04,7.4222,False,0.1791250102572743,False,0.41244258526759786,NEITHER
2021-01-05,7.3866,False,0.1689824283389988,False,0.42162296024434776,NEITHER
2021-01-06,7.3059,False,0.3097225243684319,False,0.450522729688024,NEITHER
2021-01-07,7.3481,False,0.3410427629767791,False,0.43723412604925643,NEITHER
2021-01-08,7.3732,False,0.2670744941253262,False,0.42445998384627903,NEITHER
2021-01-11,7.4836,False,0.6774996622601467,False,0.4535082503502667,NEITHER
2021-01-12,7.4544,False,0.3739431761096597,False,0.4144319820289821,NEITHER
2021-01-13,7.4028,False,0.3276331808023275,False,0.43016365224870556,NEITHER
2021-01-14,7.3609,False,0.3503161037314719,False,0.4235016887029636,NEITHER
2021-01-15,7.4586,False,0.5192603739952973,False,0.4519513424454378,NEITHER
2021-01-18,7.4731,False,0.3204016741141975,False,0.4062228929163658,NEITHER
2021-01-19,7.4647,False,0.31516667843935,False,0.4031055958490252,NEITHER
2021-01-20,7.4186,False,0.3102351905777667,False,0.41473257717967477,NEITHER
2021-01-21,7.3679,False,0.3197708882559243,False,0.41866569532821774,NEITHER
2021-01-22,7.4103,False,0.2193576398932553,False,0.41780076254066423,NEITHER
2021-01-25,7.4046,False,0.2011792606401867,False,0.41028356497021296,NEITHER
2021-01-26,7.3439,False,0.2916414273124043,False,0.4359595269005793,NEITHER
2021-01-27,7.4139,False,0.3532335591866532,False,0.420982225092288,NEITHER
2021-01-28,7.3342,False,0.3758371952826206,False,0.4388124417924955,NEITHER
2021-01-29,7.3193,False,0.5517592380482259,False,0.41906840194781175,NEITHER
2021-02-01,7.1865,False,0.5790358476983155,False,0.4817732119181994,NEITHER
2021-02-02,7.2023,False,0.75298595642253,False,0.4532402656553082,NEITHER
2021-02-03,7.1645,False,0.49421695055167,False,0.4436380662654181,NEITHER
2021-02-04,7.1358,False,0.609619923452116,False,0.4400682795588562,NEITHER
2021-02-05,7.0564,False,0.4258401348564909,False,0.459488077859008,NEITHER
2021-02-08,7.0732,False,0.3128648078837907,False,0.4139828881503891,NEITHER
2021-02-09,7.0686,False,0.3340245334399279,False,0.4199452953225396,NEITHER
2021-02-10,7.0578,False,0.2820044327093087,False,0.4116933355953142,NEITHER
2021-02-11,7.0258,False,0.2963125425588117,False,0.42187212262455165,NEITHER
2021-02-12,7.0357,False,0.1582391414912303,False,0.4148981750826506,NEITHER
2021-02-15,6.9642,False,0.3139392879873263,False,0.4438357463377512,NEITHER
2021-02-16,6.993,False,0.4039234533635064,False,0.41826918147751646,NEITHER
2021-02-17,6.966,False,0.4076709605690333,False,0.415031429800654,NEITHER
2021-02-18,6.9644,False,0.4092473928011588,False,0.4089182823341984,NEITHER
2021-02-19,6.9814,False,0.4222020314272458,False,0.41111235799163287,NEITHER
2021-02-22,7.021,False,0.397779146187334,False,0.4233461165618129,NEITHER
2021-02-23,7.1052,False,0.5484373859663245,False,0.43104053498002065,NEITHER
2021-02-24,7.1692,False,0.51506279862616,False,0.4289447642677621,NEITHER
2021-02-25,7.3527,False,0.98424647985501,True,0.5228821724281176,ISOLATION_FOREST_ONLY
2021-02-26,7.4249,True,1.124165114127474,False,0.4837357424678087,BASELINE_ONLY
2021-03-01,7.296,False,0.953469830857917,False,0.5037555223606446,NEITHER
2021-03-02,7.3601,False,0.9335566785002708,False,0.4693000738482435,NEITHER
2021-03-03,7.4455,False,0.9234452068264604,False,0.47614187407954917,NEITHER
2021-03-04,7.5113,False,0.7220701723410532,False,0.42732116159574207,NEITHER
2021-03-05,7.532,False,0.700299088154056,False,0.40988724108034336,NEITHER
2021-03-08,7.7454,True,1.274661622076062,True,0.5355897004365321,BOTH
2021-03-09,7.6072,False,0.8797111439845746,False,0.4932905125577435,NEITHER
2021-03-10,7.5045,False,0.9630187872596356,False,0.4571692753268564,NEITHER
2021-03-11,7.4759,False,0.9568979757323182,False,0.42914189914794015,NEITHER
2021-03-12,7.5668,False,0.996251916350003,False,0.4455692176856215,NEITHER
2021-03-15,7.5327,False,0.6003487977892852,False,0.4052567820417164,NEITHER
2021-03-16,7.4852,False,0.488192615568358,False,0.3858245628007122,NEITHER
2021-03-17,7.4954,False,0.3886038493776206,False,0.36088770168681344,NEITHER
2021-03-18,7.3226,False,0.6421760985332683,False,0.4471642160574647,NEITHER
2021-03-19,7.2131,False,0.913316290959796,False,0.47820452699598875,NEITHER
2021-03-22,7.7886,True,1.9946347617529223,True,0.6322948075661815,BOTH
2021-03-23,7.94,True,1.4164435282695345,True,0.5733741236569955,BOTH
2021-03-24,7.921,True,1.426147149975668,True,0.5597724335440499,BOTH
2021-03-25,7.9417,True,1.2891161757148994,True,0.5712603296371903,BOTH
2021-03-26,8.0803,True,1.37449324760503,True,0.5828488780948633,BOTH
2021-03-29,8.1995,False,0.3687981881860849,False,0.4608205351947862,NEITHER
2021-03-30,8.3233,False,0.3774620403683125,False,0.4630056959013472,NEITHER
2021-03-31,8.2399,False,0.3933818468562138,False,0.4612067105377731,NEITHER
2021-04-01,8.1056,False,0.5366912040862846,False,0.4720574820282982,NEITHER
2021-04-02,8.1525,False,0.481309104133199,False,0.44659305690997925,NEITHER
2021-04-05,8.1021,False,0.531519950019822,False,0.44990034553069197,NEITHER
2021-04-06,8.1282,False,0.4688044405464159,False,0.4428975618079333,NEITHER
2021-04-07,8.1464,False,0.3052669580710343,False,0.42442757260777225,NEITHER
2021-04-08,8.1325,False,0.1582730583002667,False,0.41633007592947147,NEITHER
2021-04-09,8.1546,False,0.1357571918645472,False,0.4158496641780774,NEITHER
2021-04-12,8.1432,False,0.0987589057224899,False,0.4207772008772379,NEITHER
2021-04-13,8.1047,False,0.1181967776795374,False,0.42471125659449016,NEITHER
2021-04-14,8.0651,False,0.195355207670036,False,0.43345447727466896,NEITHER
2021-04-15,8.0123,False,0.288827748609326,False,0.4411978693928863,NEITHER
2021-04-16,8.0605,False,0.226112239135922,False,0.42976302836517205,NEITHER
2021-04-19,8.0896,False,0.1933350709138562,False,0.3930972373010617,NEITHER
2021-04-20,8.1068,False,0.1869794566660725,False,0.3794243927868663,NEITHER
2021-04-21,8.1807,False,0.2777744404262739,False,0.39878112456584003,NEITHER
2021-04-22,8.3095,False,0.714139824348514,False,0.4524243156934781,NEITHER
2021-04-23,8.3682,False,0.63148030228395,False,0.422700594775224,NEITHER
2021-04-26,8.2709,False,0.3947876490998588,False,0.41695826910515466,NEITHER
2021-04-27,8.2069,False,0.3990265511346926,False,0.3913260648199308,NEITHER
2021-04-28,8.188,False,0.3821451991572464,False,0.3782133370024373,NEITHER
2021-04-29,8.1953,False,0.380071116773946,False,0.3861592900789694,NEITHER
2021-04-30,8.2822,False,0.3823311446568869,False,0.39630895462872995,NEITHER
2021-05-03,8.2474,False,0.2399774424167516,False,0.3714538575733685,NEITHER
2021-05-04,8.3244,False,0.3119952303790195,False,0.38367843094035503,NEITHER
2021-05-05,8.3127,False,0.2980330298033,False,0.3725417943991077,NEITHER
2021-05-06,8.2727,False,0.2572843187887692,False,0.373346780675985,NEITHER
2021-05-07,8.2343,False,0.2064019238037257,False,0.3743269762079106,NEITHER
2021-05-10,8.2744,False,0.2150829994051309,False,0.36404767519904657,NEITHER
2021-05-11,8.277,False,0.1380880070358355,False,0.36783153284028247,NEITHER
2021-05-12,8.4186,False,0.5617521376134639,False,0.40319466423312106,NEITHER
2021-05-13,8.502,False,0.288856441619271,False,0.38542945138064905,NEITHER
2021-05-14,8.4554,False,0.2967534251327097,False,0.3873019952179517,NEITHER
2021-05-17,8.3117,False,0.6132600112478912,False,0.42349751450442824,NEITHER
2021-05-18,8.3548,False,0.4518516460154916,False,0.38658597767707126,NEITHER
2021-05-19,8.4125,False,0.3742694646248108,False,0.38419173997389044,NEITHER
2021-05-20,8.3805,False,0.330021332398496,False,0.3835186714718628,NEITHER
2021-05-21,8.4154,False,0.3411140943912972,False,0.3721685830033868,NEITHER
2021-05-24,8.389,False,0.181839567160666,False,0.36678055401822096,NEITHER
2021-05-25,8.4618,False,0.2530812934039603,False,0.37772330667399806,NEITHER
2021-05-26,8.4559,False,0.1858628295955874,False,0.35942911527630567,NEITHER
2021-05-27,8.4982,False,0.2768760291696059,False,0.37246956864003355,NEITHER
2021-05-28,8.5647,False,0.2037167725241139,False,0.3787057872937964,NEITHER
2021-05-31,8.4919,False,0.3345636801664986,False,0.38118190289071935,NEITHER
2021-06-01,8.519,False,0.2316944042225405,False,0.35612193358411204,NEITHER
2021-06-02,8.5927,False,0.2557862060822954,False,0.3701618322080706,NEITHER
2021-06-03,8.7025,False,0.3553588844070823,False,0.3846102463012432,NEITHER
2021-06-04,8.6668,False,0.3246303699052345,False,0.3717272440033911,NEITHER
2021-06-07,8.6126,False,0.2996765559402599,False,0.3739717222176161,NEITHER
2021-06-08,8.6052,False,0.3064425957781683,False,0.36095313141447666,NEITHER
2021-06-09,8.5899,False,0.2763478245214226,False,0.3658743660495755,NEITHER
2021-06-10,8.4279,False,0.667637174246722,False,0.4556226106982239,NEITHER
2021-06-11,8.3942,False,0.626486641769608,False,0.414217425645121,NEITHER
2021-06-14,8.4692,False,0.5850439402735444,False,0.38721054884747713,NEITHER
2021-06-15,8.5574,False,0.710690976503283,False,0.3829214889223476,NEITHER
2021-06-16,8.6159,False,0.7385677512720588,False,0.3686245410232167,NEITHER
2021-06-17,8.7193,False,0.6310830221200819,False,0.39789356216179456,NEITHER
2021-06-18,8.7373,False,0.7085320310255699,False,0.3950315188933961,NEITHER
2021-06-21,8.77,False,0.53616776788279,False,0.38220332564726606,NEITHER
2021-06-22,8.6499,False,0.6032237707873674,False,0.38573820533307757,NEITHER
2021-06-23,8.64,False,0.5930253905065958,False,0.3540785987130718,NEITHER
2021-06-24,8.7087,False,0.5403462924449358,False,0.3610505237156095,NEITHER
2021-06-25,8.7643,False,0.5734560781935246,False,0.3532279502228427,NEITHER
2021-06-28,8.6845,False,0.6162683445340242,False,0.37894620644784666,NEITHER
2021-06-29,8.7318,False,0.4598085893161673,False,0.3545746841534365,NEITHER
2021-06-30,8.7026,False,0.4779810146896538,False,0.3526765181563916,NEITHER
2021-07-01,8.6551,False,0.4414259814354175,False,0.356447873128475,NEITHER
2021-07-02,8.6796,False,0.3860883605422908,False,0.3560071550070129,NEITHER
2021-07-05,8.6658,False,0.2892441413186909,False,0.3425194196433891,NEITHER
2021-07-06,8.6893,False,0.2386536321741274,False,0.3492587425635159,NEITHER
2021-07-07,8.6814,False,0.2241769267013635,False,0.3437340650862028,NEITHER
2021-07-08,8.6943,False,0.1348486991340445,False,0.3452091018006371,NEITHER
2021-07-09,8.6581,False,0.2170719327076542,False,0.3559964603722488,NEITHER
2021-07-12,8.6353,False,0.1860936898102204,False,0.35463594946385507,NEITHER
2021-07-13,8.621,False,0.1557582668186959,False,0.3641947378048268,NEITHER
2021-07-14,8.5851,False,0.2196123147092339,False,0.3767970941145424,NEITHER
2021-07-15,8.5629,False,0.299657924743442,False,0.39053270205270124,NEITHER
2021-07-16,8.5178,False,0.319954389965792,False,0.398344364852751,NEITHER
2021-07-19,8.5854,False,0.4358589389292138,False,0.36540615288868167,NEITHER
2021-07-20,8.5646,False,0.3704670200238651,False,0.3524241044497742,NEITHER
2021-07-21,8.5578,False,0.3536017880975666,False,0.3470123255326256,NEITHER
2021-07-22,8.5648,False,0.346474194961349,False,0.34399327652717343,NEITHER
2021-07-23,8.5504,False,0.297680274159479,False,0.34860503867204984,NEITHER
2021-07-26,8.5497,False,0.0913260059740368,False,0.3637528518151719,NEITHER
2021-07-27,8.5594,False,0.1369046722678575,False,0.36101215533535913,NEITHER
2021-07-28,8.5488,False,0.0894409606822763,False,0.3601718541284852,NEITHER
2021-07-29,8.4521,False,0.8250565941382333,False,0.419081160553251,NEITHER
2021-07-30,8.4457,False,0.3589531461573887,False,0.3697436172984918,NEITHER
2021-08-02,8.3466,False,0.7023710295553548,False,0.4339796990323102,NEITHER
2021-08-03,8.4026,False,0.5434429267009416,False,0.40086901617931514,NEITHER
2021-08-04,8.4732,False,0.6891386972211851,False,0.3949999976530313,NEITHER
2021-08-05,8.5199,False,0.5995269714813916,False,0.36686946316192576,NEITHER
2021-08-06,8.615,False,0.6492068247075491,False,0.396915416440334,NEITHER
2021-08-09,8.6303,False,0.6469783352337479,False,0.39339079015885414,NEITHER
2021-08-10,8.592,False,0.4609002723793831,False,0.37660721143398257,NEITHER
2021-08-11,8.625,False,0.4326452840144068,False,0.3652228543419397,NEITHER
2021-08-12,8.5436,False,0.593027227402442,False,0.37677485637385877,NEITHER
2021-08-13,8.5124,False,0.3965898556676676,False,0.3633752794443111,NEITHER
2021-08-16,8.4553,False,0.39908779931585,False,0.38821380137214706,NEITHER
2021-08-17,8.4291,False,0.3757391643649618,False,0.37701545794217206,NEITHER
2021-08-18,8.4512,False,0.3963511972633979,False,0.3816848607331714,NEITHER
2021-08-19,8.5025,False,0.3891925512392439,False,0.3584672698908931,NEITHER
2021-08-20,8.4813,False,0.3838235573804854,False,0.3514659583705366,NEITHER
2021-08-23,8.4198,False,0.3978244959989354,False,0.36857673920831785,NEITHER
2021-08-24,8.3956,False,0.396343731865617,False,0.3590594171942075,NEITHER
2021-08-25,8.3731,False,0.3759989877815813,False,0.3662611540768969,NEITHER
2021-08-26,8.388,False,0.261117445838082,False,0.37387947949116884,NEITHER
2021-08-27,8.3468,False,0.30672748004561,False,0.38191005923566,NEITHER
2021-08-30,8.3709,False,0.2685585602780549,False,0.36597862798786546,NEITHER
2021-08-31,8.3069,False,0.3543167695095635,False,0.38762949914339995,NEITHER
2021-09-01,8.2837,False,0.3543613565643573,False,0.37472211156470087,NEITHER
2021-09-02,8.2742,False,0.342266468598562,False,0.38006111387824587,NEITHER
2021-09-03,8.3145,False,0.4228493435296989,False,0.372718394210935,NEITHER
2021-09-06,8.2763,False,0.4074308329688939,False,0.3787217088510406,NEITHER
2021-09-07,8.3478,False,0.6068499915373,False,0.38441943411046253,NEITHER
2021-09-08,8.4597,False,0.744388698286053,False,0.4183758582832704,NEITHER
2021-09-09,8.4375,False,0.6690825276050077,False,0.38311777840962236,NEITHER
2021-09-10,8.456,False,0.6700566477693122,False,0.3790238742133265,NEITHER
2021-09-13,8.4255,False,0.6494086078802362,False,0.37925963026811377,NEITHER
2021-09-14,8.4336,False,0.6314114403250699,False,0.36725634668768037,NEITHER
2021-09-15,8.4278,False,0.2245662624169748,False,0.35679316489260654,NEITHER
2021-09-16,8.5237,False,0.5398682023946513,False,0.3843331628475893,NEITHER
2021-09-17,8.6468,False,0.6907531607209472,False,0.4194726855540026,NEITHER
2021-09-20,8.6661,False,0.622652037906458,False,0.3927418275456889,NEITHER
2021-09-21,8.6273,False,0.717172808367836,False,0.398287358101931,NEITHER
2021-09-22,8.6503,False,0.6801753087153932,False,0.3965864620038,NEITHER
2021-09-23,8.7616,False,0.6846492933213676,False,0.40794189934244535,NEITHER
2021-09-24,8.8718,False,0.6199917793131609,False,0.392907844361278,NEITHER
2021-09-27,8.8202,False,0.7397456434372406,False,0.3872712128609994,NEITHER
2021-09-28,8.869,False,0.6368356402753084,False,0.3742832974949545,NEITHER
2021-09-29,8.9093,False,0.6238642768071712,False,0.37070385131195527,NEITHER
2021-09-30,8.8805,False,0.6008395289405392,False,0.36465148588805485,NEITHER
2021-10-01,8.8493,False,0.4220126592915743,False,0.3623380093475626,NEITHER
2021-10-04,8.8495,False,0.3469952799299339,False,0.3447328465697133,NEITHER
2021-10-05,8.8668,False,0.2816325620128959,False,0.3490529714824398,NEITHER
2021-10-06,8.8701,False,0.1969974594177664,False,0.35426991868170987,NEITHER
2021-10-07,8.8715,False,0.1657350070733504,False,0.34767600202042054,NEITHER
2021-10-08,8.9521,False,0.3162782880203543,False,0.35967252505784436,NEITHER
2021-10-11,9.0012,False,0.3151179795959835,False,0.3575241871440027,NEITHER
2021-10-12,9.0376,False,0.3080947860750885,False,0.3555464084554426,NEITHER
2021-10-13,9.0824,False,0.2630961687912236,False,0.36404383085821085,NEITHER
2021-10-14,9.1834,False,0.3083262187999062,False,0.3893822446845716,NEITHER
2021-10-15,9.2566,False,0.2281110589542658,False,0.3879918436542691,NEITHER
2021-10-18,9.3302,False,0.2219418944328541,False,0.39696814539147685,NEITHER
2021-10-19,9.2911,False,0.4611377969563768,False,0.389169066736718,NEITHER
2021-10-20,9.2051,False,0.6839502259669605,False,0.4055401433062529,NEITHER
2021-10-21,9.5061,True,1.179145797885392,False,0.5055078217410058,BASELINE_ONLY
2021-10-22,9.6026,True,1.0796695976782529,False,0.44155365133456254,BASELINE_ONLY
2021-10-25,9.5845,True,1.144638690176028,False,0.4378706271590793,BASELINE_ONLY
2021-10-26,9.5312,True,1.151444046134647,False,0.44112443397165674,BASELINE_ONLY
2021-10-27,9.4835,True,1.094495426329604,False,0.430739726322023,BASELINE_ONLY
2021-10-28,9.527,False,0.4574558137297112,False,0.37323034531734295,NEITHER
2021-10-29,9.5896,False,0.379922935180172,False,0.3690945361095252,NEITHER
2021-11-01,9.5363,False,0.4099895878959438,False,0.37974179607567393,NEITHER
2021-11-02,9.6024,False,0.4255780023732277,False,0.3660384860224854,NEITHER
2021-11-03,9.6391,False,0.3469819280847017,False,0.36680221718183814,NEITHER
2021-11-04,9.6919,False,0.3586429240046777,False,0.36625630244701124,NEITHER
2021-11-05,9.6745,False,0.3659436588245341,False,0.36189947473011136,NEITHER
2021-11-08,9.6775,False,0.254820471902637,False,0.36214274946117336,NEITHER
2021-11-09,9.7322,False,0.2330061576398614,False,0.36343838327096445,NEITHER
2021-11-10,9.8378,False,0.3469952370590025,False,0.37673752605100175,NEITHER
2021-11-11,9.9049,False,0.3555578257697716,False,0.36941627037333313,NEITHER
2021-11-12,9.9909,False,0.2757184256147876,False,0.3859412110480546,NEITHER
2021-11-15,10.0604,False,0.1739082565134275,False,0.4044890834310455,NEITHER
2021-11-16,10.3168,False,0.63715160430997,False,0.4607648218405015,NEITHER
2021-11-17,10.6327,False,0.76549899193548,False,0.4984912828471411,NEITHER
2021-11-18,11.036,False,0.948253971239665,True,0.5546336469455937,ISOLATION_FOREST_ONLY
2021-11-19,11.2495,False,0.6175796897069548,True,0.529685460122813,ISOLATION_FOREST_ONLY
2021-11-22,11.4062,False,0.4900825651118943,True,0.5249281565941941,ISOLATION_FOREST_ONLY
2021-11-23,12.8129,True,3.0831915975522075,True,0.7250755677186674,BOTH
2021-11-24,11.8876,True,1.8054070507067077,True,0.7183157376215026,BOTH
2021-11-25,11.9998,True,1.6875418700946414,True,0.6767684856606127,BOTH
2021-11-26,12.369,True,1.6734054485840528,True,0.6825725100217062,BOTH
2021-11-29,12.817,True,1.654255963627442,True,0.686529461744229,BOTH
2021-11-30,13.6848,True,1.6926737926191748,True,0.6792290912771398,BOTH
2021-12-01,13.3044,False,0.8883803582083,True,0.6617906272989924,ISOLATION_FOREST_ONLY
2021-12-02,13.6765,True,1.257059398114022,True,0.658329129009777,BOTH
2021-12-03,13.7212,False,0.7781635135000002,True,0.6396201175460972,ISOLATION_FOREST_ONLY
2021-12-06,13.7985,False,0.7681590422444174,True,0.6191471855068601,ISOLATION_FOREST_ONLY
2021-12-07,13.4845,False,0.568902416929375,True,0.6040954885119963,ISOLATION_FOREST_ONLY
2021-12-08,13.6624,False,0.3962198271923259,True,0.5919550649027697,ISOLATION_FOREST_ONLY
2021-12-09,13.7773,False,0.3017846826944319,True,0.5715744552950958,ISOLATION_FOREST_ONLY
2021-12-10,13.8803,False,0.3073648489653256,True,0.5721346348071094,ISOLATION_FOREST_ONLY
2021-12-13,13.8319,False,0.3082655319910256,True,0.5745346006381045,ISOLATION_FOREST_ONLY
2021-12-14,14.3961,True,1.0197442144607751,True,0.6328731932671642,BOTH
2021-12-15,14.8062,False,0.7121720465959525,True,0.6247450391845278,ISOLATION_FOREST_ONLY
2021-12-16,15.6828,True,1.4801231916359323,True,0.6790087205400683,BOTH
2021-12-17,16.5047,True,1.310193332823215,True,0.6902712690860817,BOTH
2021-12-20,13.437,True,4.646706695668505,True,0.7687667257240295,BOTH
2021-12-21,12.557,True,4.78372827134089,True,0.7772766254909154,BOTH
2021-12-22,12.19,True,5.22845007785661,True,0.7725692790018654,BOTH
2021-12-23,11.2898,True,6.319290868661652,True,0.789681149879476,BOTH
2021-12-24,10.9914,True,6.680884838864079,True,0.7716645805205665,BOTH
2021-12-27,11.567,True,2.2660211939629296,True,0.7426815926504539,BOTH
2021-12-28,11.828,False,0.8833847328336759,True,0.7081817856006104,ISOLATION_FOREST_ONLY
2021-12-29,12.668,True,1.7754480892796725,True,0.7145359139642089,BOTH
2021-12-30,13.1706,True,2.279108375190096,True,0.7084160437555698,BOTH
2021-12-31,13.2844,True,2.778602458693582,True,0.6850510307535512,BOTH
2022-01-03,13.0819,True,1.835719522317882,True,0.6844993023675789,BOTH
2022-01-04,13.4246,True,1.934721624749312,True,0.6822936047064809,BOTH
2022-01-05,13.643,True,1.1814816385635618,True,0.6401518067320423,BOTH
2022-01-06,13.8301,False,0.799166298084788,True,0.6201324123624331,ISOLATION_FOREST_ONLY
2022-01-07,13.8328,False,0.6645379800905179,True,0.6077239661999022,ISOLATION_FOREST_ONLY
2022-01-10,13.8227,False,0.897683690100396,True,0.6188944213651576,ISOLATION_FOREST_ONLY
2022-01-11,13.8005,False,0.455506613267736,True,0.5959006443741929,ISOLATION_FOREST_ONLY
2022-01-12,13.2242,True,1.043983913626315,True,0.6502588070691481,BOTH
2022-01-13,13.5696,False,0.65296955581434,True,0.6351058373571367,ISOLATION_FOREST_ONLY
2022-01-14,13.5384,False,0.356746866044218,True,0.622105567921433,ISOLATION_FOREST_ONLY
2022-01-17,13.4402,False,0.463504335128776,True,0.6042018263024834,ISOLATION_FOREST_ONLY
2022-01-18,13.528,False,0.33020897077802,True,0.5991494328072993,ISOLATION_FOREST_ONLY
2022-01-19,13.4321,False,0.2519282386229379,True,0.5753991752660834,ISOLATION_FOREST_ONLY
2022-01-20,13.3634,False,0.249868219355696,True,0.5640149773606425,ISOLATION_FOREST_ONLY
2022-01-21,13.4644,False,0.1889489201849825,True,0.5443758266425487,ISOLATION_FOREST_ONLY
2022-01-24,13.5109,False,0.0863387896972749,True,0.5278210650816029,ISOLATION_FOREST_ONLY
2022-01-25,13.4821,False,0.111116782391666,True,0.5313812647096627,ISOLATION_FOREST_ONLY
2022-01-26,13.5904,False,0.20082183042701,False,0.5177529488758313,NEITHER
2022-01-27,13.6469,False,0.343538507213094,True,0.52394494572902,ISOLATION_FOREST_ONLY
2022-01-28,13.5203,False,0.2319208025265799,True,0.5224045442462611,ISOLATION_FOREST_ONLY
2022-01-31,13.3266,False,0.35816512947198,True,0.5454614170985983,ISOLATION_FOREST_ONLY
2022-02-01,13.3612,False,0.1465037231818819,True,0.5194969553349393,ISOLATION_FOREST_ONLY
2022-02-02,13.4673,False,0.198522587791515,True,0.5205473127877739,ISOLATION_FOREST_ONLY
2022-02-03,13.5672,False,0.1854491991713275,False,0.515514071933974,NEITHER
2022-02-04,13.5595,False,0.1098742699499434,False,0.4978050814169377,NEITHER
2022-02-07,13.59,False,0.319181808818096,True,0.520658361859675,ISOLATION_FOREST_ONLY
2022-02-08,13.5614,False,0.2425975631183839,False,0.5146191492621505,NEITHER
2022-02-09,13.5412,False,0.08955024932292,False,0.5044686011529838,NEITHER
2022-02-10,13.5115,False,0.0989591945272417,True,0.5251904853133246,ISOLATION_FOREST_ONLY
2022-02-11,13.501,False,0.070888898313814,True,0.5222293235963475,ISOLATION_FOREST_ONLY
2022-02-14,13.5948,False,0.2792698711986073,False,0.5164099448325197,NEITHER
2022-02-15,13.6078,False,0.056226408235228,False,0.4891419263021701,NEITHER
2022-02-16,13.6015,False,0.073070095185006,False,0.4870634253297285,NEITHER
2022-02-17,13.5839,False,0.0877325852635879,False,0.49086375858249065,NEITHER
2022-02-18,13.6522,False,0.1832205371803179,False,0.4939752671341169,NEITHER
2022-02-21,13.6754,False,0.097669148787922,False,0.48864387070427506,NEITHER
2022-02-22,13.8129,False,0.4227283668355977,False,0.5069883303302436,NEITHER
2022-02-23,13.8286,False,0.275194338582344,False,0.4859918688932702,NEITHER
2022-02-24,14.0966,False,0.8115159764956958,True,0.549735007790374,ISOLATION_FOREST_ONLY
2022-02-25,13.8788,False,0.6087439949539472,True,0.5260723669949244,ISOLATION_FOREST_ONLY
2022-02-28,13.8723,False,0.238598702187858,False,0.48955583097562694,NEITHER
2022-03-01,13.9088,False,0.1794451627249818,False,0.4798541481800414,NEITHER
2022-03-02,14.0869,False,0.4012450091497717,False,0.5077161512480619,NEITHER
2022-03-03,14.1434,False,0.1492821335859544,False,0.47243943323248977,NEITHER
2022-03-04,14.2244,False,0.418789799269296,False,0.4889749236763979,NEITHER
2022-03-07,14.3929,False,0.6308506061909639,True,0.524638578581655,ISOLATION_FOREST_ONLY
2022-03-08,14.5004,False,0.7168867049991839,True,0.5209560023267975,ISOLATION_FOREST_ONLY
2022-03-09,14.6594,False,0.69374178264373,True,0.5333437310543779,ISOLATION_FOREST_ONLY
2022-03-10,14.8751,False,0.8866565281404679,True,0.5505136801872142,ISOLATION_FOREST_ONLY
2022-03-11,14.7786,True,2.633465876080528,True,0.542767998843766,BOTH
2022-03-14,14.7808,True,2.432239576723758,False,0.49340922102804247,BASELINE_ONLY
2022-03-15,14.7037,True,2.198310483820912,False,0.48260828953791873,BASELINE_ONLY
2022-03-16,14.6193,True,1.8921598648143,False,0.47385409868747186,BASELINE_ONLY
2022-03-17,14.7144,True,1.7586444597068078,False,0.4619478954395151,BASELINE_ONLY
2022-03-18,14.7905,False,0.1800625641143574,False,0.38359835218839006,NEITHER
2022-03-21,14.8331,False,0.2002288768335376,False,0.37326354233266346,NEITHER
2022-03-22,14.8285,False,0.1710759373073551,False,0.37505468189589325,NEITHER
2022-03-23,14.8296,False,0.2827544016510759,False,0.37857086379542965,NEITHER
2022-03-24,14.8366,False,0.1643014164610679,False,0.37002587768802897,NEITHER
2022-03-25,14.8317,False,0.0987028637278055,False,0.373250520626976,NEITHER
2022-03-28,14.829,False,0.144245969422934,False,0.38604918258271953,NEITHER
2022-03-29,14.5738,False,0.8427758800033422,False,0.4387989223267543,NEITHER
2022-03-30,14.6667,False,0.4646399271130696,False,0.37789666837459995,NEITHER
2022-03-31,14.6724,False,0.4713007048743566,False,0.372333149808777,NEITHER
2022-04-01,14.6857,False,0.475698647299679,False,0.370866050927004,NEITHER
2022-04-04,14.6795,False,0.47514701438547,False,0.3717605279077645,NEITHER
2022-04-05,14.722,False,0.199259164644268,False,0.3695231523194792,NEITHER
2022-04-06,14.7139,False,0.0927629240293595,False,0.36207043240082326,NEITHER
2022-04-07,14.7429,False,0.1100822832652371,False,0.3565999026851067,NEITHER
2022-04-08,14.7443,False,0.1140433492272996,False,0.3529769406473247,NEITHER
2022-04-11,14.6631,False,0.2664559457457122,False,0.36116791305483137,NEITHER
2022-04-12,14.6013,False,0.2305939221785688,False,0.36861279906444155,NEITHER
2022-04-13,14.6003,False,0.2373109630953055,False,0.3582367248776926,NEITHER
2022-04-14,14.6048,False,0.2090125881532969,False,0.36157901649052043,NEITHER
2022-04-15,14.6352,False,0.2454639447990964,False,0.3585624632134935,NEITHER
2022-04-18,14.64,False,0.1779181564649004,False,0.34765455756881175,NEITHER
2022-04-19,14.6554,False,0.0930056989600282,False,0.35673542796056584,NEITHER
2022-04-20,14.6728,False,0.097478336280094,False,0.3584149533214688,NEITHER
2022-04-21,14.7041,False,0.1445207413729158,False,0.3607371083161114,NEITHER
2022-04-22,14.7517,False,0.198642540138358,False,0.3582614387122656,NEITHER
2022-04-25,14.7686,False,0.172906400629238,False,0.35582463345912113,NEITHER
2022-04-26,14.8077,False,0.204771732627006,False,0.3671402110477514,NEITHER
2022-04-27,14.8168,False,0.1936121437839079,False,0.3575773005408611,NEITHER
2022-04-28,14.7915,False,0.2586813235475199,False,0.3531579673003744,NEITHER
2022-04-29,14.8562,False,0.4505962571389434,False,0.35636623494952185,NEITHER
2022-05-02,14.8784,False,0.192508718112608,False,0.3453996553577325,NEITHER
2022-05-03,14.7987,False,0.6366985132919135,False,0.3743334439603123,NEITHER
2022-05-04,14.7399,False,0.3978329798515694,False,0.3681750623621928,NEITHER
2022-05-05,14.8667,False,0.7537966152158793,False,0.37571083859091464,NEITHER
2022-05-06,14.953,False,0.4992312999963529,False,0.35741412217524027,NEITHER
2022-05-09,15.0973,False,0.6221175015613369,False,0.3759317377828968,NEITHER
2022-05-10,15.2561,False,0.594689866283827,False,0.3858203570751057,NEITHER
2022-05-11,15.3022,False,0.2484877364975229,False,0.3741247287750854,NEITHER
2022-05-12,15.3562,False,0.2787541517988294,False,0.3629621287169951,NEITHER
2022-05-13,15.4792,False,0.3422787361973571,False,0.3771700527389258,NEITHER
2022-05-16,15.56,False,0.2539244098052933,False,0.3710739713262514,NEITHER
2022-05-17,15.9107,True,1.1646442653686664,False,0.45319279710618837,BASELINE_ONLY
2022-05-18,15.95,False,0.613328299058208,False,0.38783566232017114,NEITHER
2022-05-19,15.8538,False,0.8153593994785538,False,0.41177962667092677,NEITHER
2022-05-20,15.9051,False,0.8763466426712735,False,0.39327487554898427,NEITHER
2022-05-23,15.9263,False,0.8918440825260904,False,0.3895540822483588,NEITHER
2022-05-24,16.064,False,0.4376403445421142,False,0.37392699698014426,NEITHER
2022-05-25,16.3832,False,0.7671411166033278,False,0.4322644665616221,NEITHER
2022-05-26,16.3659,False,0.6615909808577148,False,0.3921739590779168,NEITHER
2022-05-27,16.1993,False,0.8672340517245531,False,0.41834751024273253,NEITHER
2022-05-30,16.38,False,0.8950451438692839,False,0.4033900199858621,NEITHER
2022-05-31,16.4148,False,0.8964053117309502,False,0.3923015838456145,NEITHER
2022-06-01,16.4018,False,0.6032919717496015,False,0.3714570660946939,NEITHER
2022-06-02,16.4566,False,0.6306643292389558,False,0.368974195636066,NEITHER
2022-06-03,16.4174,False,0.4342677326828784,False,0.3739215807429514,NEITHER
2022-06-06,16.5859,False,0.3985816326927563,False,0.3746531445643157,NEITHER
2022-06-07,16.7654,False,0.4954912033043786,False,0.3858435584384707,NEITHER
2022-06-08,17.1627,False,0.7320928253024694,False,0.4543704292748462,NEITHER
2022-06-09,17.2662,False,0.7077673127370626,False,0.41753462941253816,NEITHER
2022-06-10,17.125,False,0.8400565919054769,False,0.43362546194758056,NEITHER
2022-06-13,17.271,False,0.8316981993876135,False,0.41236866023189905,NEITHER
2022-06-14,17.2711,False,0.860598037951061,False,0.40619874068742867,NEITHER
2022-06-15,17.2215,False,0.489704663380666,False,0.38381197325804167,NEITHER
2022-06-16,17.3002,False,0.4706824883269537,False,0.3771495307359926,NEITHER
2022-06-17,17.3156,False,0.3209358664326878,False,0.37587966326433025,NEITHER
2022-06-20,17.3282,False,0.1934282932846448,False,0.3733859196339505,NEITHER
2022-06-21,17.3358,False,0.2071939832073117,False,0.3719887867057,NEITHER
2022-06-22,17.3456,False,0.1383679850388557,False,0.3729615697445072,NEITHER
2022-06-23,17.3501,False,0.0872354394955581,False,0.3910367530290515,NEITHER
2022-06-24,16.8875,False,0.9879636681591876,False,0.4967533456421808,NEITHER
2022-06-27,16.5309,False,0.94431732381946,False,0.5103694038737956,NEITHER
2022-06-28,16.6728,False,0.9514197471071536,False,0.481573306371643,NEITHER
2022-06-29,16.6478,False,0.9350114247795271,False,0.47585667223860867,NEITHER
2022-06-30,16.6919,False,0.957645861179304,False,0.47059056744391736,NEITHER
2022-07-01,16.7427,False,0.7115744310131763,False,0.40222919281478386,NEITHER
2022-07-04,16.8367,False,0.352505172880848,False,0.39474088784453043,NEITHER
2022-07-05,16.9942,False,0.3704877781684239,False,0.3960918748386455,NEITHER
2022-07-06,17.232,False,0.6734255133976159,False,0.42054794242695653,NEITHER
2022-07-07,17.2726,False,0.669390954518996,False,0.3942602168762412,NEITHER
2022-07-08,17.289,False,0.6297370043976699,False,0.3887030214208749,NEITHER
2022-07-11,17.3744,False,0.591812150938612,False,0.38733851399641905,NEITHER
2022-07-12,17.2915,False,0.4198073282098347,False,0.36824918681117164,NEITHER
2022-07-13,17.4303,False,0.2918283203480415,False,0.35794553916466343,NEITHER
2022-07-14,17.4493,False,0.2935403922236349,False,0.34728187675479644,NEITHER
2022-07-15,17.405,False,0.318727570093769,False,0.3499091637188545,NEITHER
2022-07-18,17.4615,False,0.3042155526433862,False,0.34648487880444967,NEITHER
2022-07-19,17.5517,False,0.2435490143076107,False,0.352619208624205,NEITHER
2022-07-20,17.6228,False,0.1847783530014544,False,0.3538402016779727,NEITHER
2022-07-21,17.7149,False,0.1960647368005104,False,0.35738816697786907,NEITHER
2022-07-22,17.7289,False,0.1108581858580119,False,0.35837915957140815,NEITHER
2022-07-25,17.8005,False,0.1099932768415781,False,0.362470730413509,NEITHER
2022-07-26,17.8623,False,0.1014615274563136,False,0.36289934902820764,NEITHER
2022-07-27,17.89,False,0.1145950748457784,False,0.355145603967447,NEITHER
2022-07-28,17.9301,False,0.0850993046842864,False,0.3579089688805545,NEITHER
2022-07-29,17.8963,False,0.3394812038109831,False,0.36527405622223147,NEITHER
2022-08-01,17.8957,False,0.2004121382690847,False,0.35227144314414294,NEITHER
2022-08-02,17.9369,False,0.1120997357698075,False,0.3481555559470952,NEITHER
2022-08-03,17.924,False,0.2155060276872992,False,0.35273634648999086,NEITHER
2022-08-04,17.9173,False,0.1938016831189895,False,0.3543575582601565,NEITHER
2022-08-05,17.9111,False,0.1777192666873376,False,0.35615287516427035,NEITHER
2022-08-08,17.9482,False,0.0922542336439826,False,0.3517625381752362,NEITHER
2022-08-09,17.9694,False,0.0801181185119771,False,0.351482319822872,NEITHER
2022-08-10,17.8566,False,0.7829700540396133,False,0.3986983892095053,NEITHER
2022-08-11,17.9495,False,0.3546416913351709,False,0.3559395700265171,NEITHER
2022-08-12,17.9542,False,0.2796211114464294,False,0.3439974358477531,NEITHER
2022-08-15,17.9724,False,0.2747248346942705,False,0.3432056099626397,NEITHER
2022-08-16,17.9548,False,0.2758583700347307,False,0.3486880620368929,NEITHER
2022-08-17,17.9614,False,0.1661901324179668,False,0.3486581220925083,NEITHER
2022-08-18,18.0848,False,0.5665096162373997,False,0.36895519603906707,NEITHER
2022-08-19,18.0917,False,0.2203750706956222,False,0.34259445117691845,NEITHER
2022-08-22,18.0851,False,0.2322184497742258,False,0.34226941465815974,NEITHER
2022-08-23,18.1129,False,0.2138712141740652,False,0.34240583558644627,NEITHER
2022-08-24,18.1457,False,0.2066967086812113,False,0.3437535852688912,NEITHER
2022-08-25,18.1663,False,0.0648048798817067,False,0.34926507467216183,NEITHER
2022-08-26,18.1894,False,0.061952597560485,False,0.34824905416431395,NEITHER
2022-08-29,18.1993,False,0.0353191240627759,False,0.35556871731410916,NEITHER
2022-08-30,18.2148,False,0.0358184193322626,False,0.3549657222649208,NEITHER
2022-08-31,18.2064,False,0.122545423337229,False,0.35064059818161525,NEITHER
2022-09-01,18.2107,False,0.0552584930624643,False,0.3489646275875572,NEITHER
2022-09-02,18.2191,False,0.0424377658255214,False,0.3539664354111511,NEITHER
2022-09-05,18.2251,False,0.0529862766514538,False,0.3537021312617929,NEITHER
2022-09-06,18.2302,False,0.0494872034888904,False,0.35636279156416717,NEITHER
2022-09-07,18.2348,False,0.0477035838936005,False,0.3598683390690202,NEITHER
2022-09-08,18.2354,False,0.137505904342308,False,0.36208218233565065,NEITHER
2022-09-09,18.24,False,0.0853356647682163,False,0.36047414806785744,NEITHER
2022-09-12,18.2352,False,0.1667885647098881,False,0.3620988518069579,NEITHER
2022-09-13,18.255,False,0.0561396097548988,False,0.35317477746448567,NEITHER
2022-09-14,18.2448,False,0.2246108549985672,False,0.3557270763003574,NEITHER
2022-09-15,18.2711,False,0.1043583228430353,False,0.3493480530106759,NEITHER
2022-09-16,18.2628,False,0.3439897620782144,False,0.3530614889849621,NEITHER
2022-09-19,18.2802,False,0.1667915890442301,False,0.34337863615223546,NEITHER
2022-09-20,18.3132,False,0.451158023511492,False,0.35201062189076865,NEITHER
2022-09-21,18.3347,False,0.2153913023508426,False,0.34489387755818673,NEITHER
2022-09-22,18.3371,False,0.1430716301178825,False,0.34193238450710184,NEITHER
2022-09-23,18.418,True,1.402756683249338,False,0.39539369185635315,BASELINE_ONLY
2022-09-26,18.4774,False,0.5924210293369406,False,0.3562327252593544,NEITHER
2022-09-27,18.4431,False,0.5268927143370136,False,0.3597246517025012,NEITHER
2022-09-28,18.5488,False,0.93108211780343,False,0.38005662442074933,NEITHER
2022-09-29,18.5075,False,0.7231834902172698,False,0.3670877832975519,NEITHER
2022-09-30,18.502,False,0.6776144987242566,False,0.3483743750172003,NEITHER
2022-10-03,18.5568,False,0.679334902248056,False,0.35107550209521854,NEITHER
2022-10-04,18.5681,False,0.644530725367868,False,0.3456107995047763,NEITHER
2022-10-05,18.594,False,0.4370061473631929,False,0.3357106822426789,NEITHER
2022-10-06,18.584,False,0.3194170333941064,False,0.33686260140885327,NEITHER
2022-10-07,18.616,False,0.2996910733157958,False,0.33803945166419214,NEITHER
2022-10-10,18.5806,False,0.3703304829560396,False,0.3490278792508344,NEITHER
2022-10-11,18.5902,False,0.3496096494116749,False,0.3345888787479791,NEITHER
2022-10-12,18.5589,False,0.360827186154312,False,0.35140426998536844,NEITHER
2022-10-13,18.553,False,0.3733351092077746,False,0.3419914412068152,NEITHER
2022-10-14,18.5606,False,0.2805363556101853,False,0.3435347293276826,NEITHER
2022-10-17,18.5815,False,0.2705840479958711,False,0.337582576709041,NEITHER
2022-10-18,18.5829,False,0.2661791798318818,False,0.33827389367333155,NEITHER
2022-10-19,18.5791,False,0.1482218636284872,False,0.3458162473083174,NEITHER
2022-10-20,18.5913,False,0.1324371168932927,False,0.3453659814299969,NEITHER
2022-10-21,18.5868,False,0.1542671015221298,False,0.34578774040625415,NEITHER
2022-10-24,18.603,False,0.1320709774373334,False,0.3450213749342447,NEITHER
2022-10-25,18.5947,False,0.1551555846988164,False,0.34519244016100736,NEITHER
2022-10-26,18.6016,False,0.1491873025580213,False,0.34487576812698745,NEITHER
2022-10-27,18.5956,False,0.1466281044776501,False,0.34814485420642044,NEITHER
2022-10-28,18.589,False,0.1509799799692062,False,0.3495973126042779,NEITHER
2022-10-31,18.6139,False,0.2490134468261379,False,0.3452364284770156,NEITHER
2022-11-01,18.5776,False,0.5559952816298365,False,0.3689128581458714,NEITHER
2022-11-02,18.6281,False,0.6417053554191027,False,0.36142075686486386,NEITHER
2022-11-03,18.6173,False,0.5578813464692399,False,0.34325965595064895,NEITHER
2022-11-04,18.5622,False,0.6886142958322776,False,0.3864224234458589,NEITHER
2022-11-07,18.4998,False,0.6956992573075711,False,0.3965883265135049,NEITHER
2022-11-08,18.5269,False,0.7591152669446999,False,0.373437324282174,NEITHER
2022-11-09,18.588,False,0.7950779884758112,False,0.38033899487053546,NEITHER
2022-11-10,18.4871,True,1.0300637723850234,False,0.4355712216530363,BASELINE_ONLY
2022-11-11,18.5474,True,1.1122833372327234,False,0.40790953115325224,BASELINE_ONLY
2022-11-14,18.6007,True,1.018499614338358,False,0.3887427418610816,BASELINE_ONLY
2022-11-15,18.603,True,1.0253158385856886,False,0.38006949987031313,BASELINE_ONLY
2022-11-16,18.5863,False,0.9626504297973086,False,0.3789999169531905,NEITHER
2022-11-17,18.5928,False,0.5016194417585793,False,0.3492072702384366,NEITHER
2022-11-18,18.6178,False,0.3918183517990438,False,0.3441906838478412,NEITHER
2022-11-21,18.6223,False,0.2189892566114012,False,0.3430653143168718,NEITHER
2022-11-22,18.6108,False,0.2430462469038835,False,0.34492044647040193,NEITHER
2022-11-23,18.6169,False,0.1911340849671184,False,0.34463274794598464,NEITHER
2022-11-24,18.6289,False,0.1950967915584522,False,0.3441198394601253,NEITHER
2022-11-25,18.6289,False,0.1296601000256512,False,0.3499760767786078,NEITHER
2022-11-28,18.627,False,0.1303381677318732,False,0.3498533827954192,NEITHER
2022-11-29,18.6364,False,0.0878615683390318,False,0.3543434457739944,NEITHER
2022-11-30,18.6335,False,0.1013209478029077,False,0.3526578479201732,NEITHER
2022-12-01,18.633,False,0.0726045820343063,False,0.3581015674840569,NEITHER
2022-12-02,18.6307,False,0.0754898759244677,False,0.35715693166781326,NEITHER
2022-12-05,18.6391,False,0.088242534788181,False,0.35335040434559556,NEITHER
2022-12-06,18.6346,False,0.0850230944256172,False,0.35892169420179154,NEITHER
2022-12-07,18.6361,False,0.0727814639702778,False,0.3574814536709234,NEITHER
2022-12-08,18.6428,False,0.0824433924591995,False,0.3569261064672193,NEITHER
2022-12-09,18.6433,False,0.0963012141701778,False,0.35925078820456974,NEITHER
2022-12-12,18.6364,False,0.20329068497188,False,0.3632297764039283,NEITHER
2022-12-13,18.6424,False,0.0812309938214229,False,0.36045353926903895,NEITHER
2022-12-14,18.6223,False,0.4211861959273094,False,0.37053141432966297,NEITHER
2022-12-15,18.6423,False,0.3475609671367272,False,0.35374729702562485,NEITHER
2022-12-16,18.6564,False,0.2521396233299603,False,0.3483004767852653,NEITHER
2022-12-19,18.65,False,0.2576625941126371,False,0.3469294238510112,NEITHER
2022-12-20,18.6575,False,0.2623140313562719,False,0.34536800232093884,NEITHER
2022-12-21,18.6662,False,0.1765263629375834,False,0.35165653333739366,NEITHER
2022-12-22,18.655,False,0.2605059888037433,False,0.3537749876216071,NEITHER
2022-12-23,18.6755,False,0.3659424142515635,False,0.3529531449609963,NEITHER
2022-12-26,18.6626,False,0.290187826110019,False,0.3535306527568791,NEITHER
2022-12-27,18.6813,False,0.3224025073256931,False,0.34749460459784604,NEITHER
2022-12-28,18.7117,False,0.5359762618085705,False,0.3564714692129402,NEITHER
2022-12-29,18.7069,False,0.3429111444018169,False,0.3432286605672526,NEITHER
2022-12-30,18.7058,False,0.3382963258588489,False,0.3424371097746468,NEITHER
2023-01-02,18.7127,False,0.2792149459564667,False,0.34139722322878924,NEITHER
2023-01-03,18.7198,False,0.2633016622425707,False,0.34193804838224895,NEITHER
2023-01-04,18.7381,False,0.2665096941363526,False,0.35260745359875845,NEITHER
2023-01-05,18.7635,False,0.3849945041941068,False,0.35164959288401126,NEITHER
2023-01-06,18.7134,True,1.0124064422088652,False,0.40353219326830525,BASELINE_ONLY
2023-01-09,18.7673,False,0.6946496661593853,False,0.37166490474773345,NEITHER
2023-01-10,18.7747,False,0.6944124520596623,False,0.35058785440180296,NEITHER
2023-01-11,18.769,False,0.7006918756679349,False,0.35227473513252533,NEITHER
2023-01-12,18.7824,False,0.6798858362820761,False,0.35071980770516625,NEITHER
2023-01-13,18.7813,False,0.4314093438557174,False,0.3432387414301464,NEITHER
2023-01-16,18.7874,False,0.136062778323736,False,0.34730354728868346,NEITHER
2023-01-17,18.7695,False,0.3012986344348936,False,0.35354264904466465,NEITHER
2023-01-18,18.7984,False,0.3113271185347103,False,0.3412632347490675,NEITHER
2023-01-19,18.7901,False,0.3176113899723148,False,0.3416528120911823,NEITHER
2023-01-20,18.8066,False,0.3363953341791719,False,0.3388408991404504,NEITHER
2023-01-23,18.8103,False,0.3380903488028332,False,0.3379358795867383,NEITHER
2023-01-24,18.7967,False,0.3205142541301595,False,0.3457621573238239,NEITHER
2023-01-25,18.7886,False,0.2270161535936834,False,0.3471077479391346,NEITHER
2023-01-26,18.8031,False,0.2505393194308066,False,0.34253790915922033,NEITHER
2023-01-27,18.8052,False,0.2144115603747372,False,0.3436927582028182,NEITHER
2023-01-30,18.7917,False,0.2499864987211641,False,0.34973145348070744,NEITHER
2023-01-31,18.8105,False,0.2913468036072588,False,0.342940379154176,NEITHER
2023-02-01,18.8056,False,0.2941357548009734,False,0.34234705890756156,NEITHER
2023-02-02,18.8004,False,0.3357076026914181,False,0.3444515711814622,NEITHER
2023-02-03,18.8189,False,0.4490418526933508,False,0.3459929099343974,NEITHER
2023-02-06,18.8264,False,0.387192132205546,False,0.3434863143403671,NEITHER
2023-02-07,18.8275,False,0.3235789457823322,False,0.3440942808090744,NEITHER
2023-02-08,18.8293,False,0.2955591082707465,False,0.344462727490753,NEITHER
2023-02-09,18.8276,False,0.2660419394632778,False,0.34750788560562323,NEITHER
2023-02-10,18.8332,False,0.123802791710204,False,0.3543133873656288,NEITHER
2023-02-13,18.8403,False,0.1195194674057771,False,0.35546971062046795,NEITHER
2023-02-14,18.8367,False,0.1552059812813974,False,0.3561100013269135,NEITHER
2023-02-15,18.8497,False,0.2286891958891421,False,0.35172409692900286,NEITHER
2023-02-16,18.8468,False,0.2380849606901193,False,0.3504531848655826,NEITHER
2023-02-17,18.8618,False,0.2924847356708434,False,0.3498427586294474,NEITHER
2023-02-20,18.8651,False,0.2933847923018151,False,0.34609930223583424,NEITHER
2023-02-21,18.8662,False,0.2614883527686834,False,0.3490194004489363,NEITHER
2023-02-22,18.8725,False,0.2273123204536148,False,0.3503581445565485,NEITHER
2023-02-23,18.8721,False,0.2060759882502452,False,0.3524386121333447,NEITHER
2023-02-24,18.8764,False,0.0890904255028655,False,0.35994823984054136,NEITHER
2023-02-27,18.884,False,0.1144175181645057,False,0.3592091260796996,NEITHER
2023-02-28,18.8832,False,0.1299585518918799,False,0.35913573025079054,NEITHER
2023-03-01,18.8828,False,0.126580523146973,False,0.359616682450621,NEITHER
2023-03-02,18.8908,False,0.1425787399204537,False,0.3587803130458285,NEITHER
2023-03-03,18.8944,False,0.142256255551119,False,0.3573216549422341,NEITHER
2023-03-06,18.8961,False,0.121790531603065,False,0.35879740330576504,NEITHER
2023-03-07,18.9194,False,0.372863532221006,False,0.35430917787818306,NEITHER
2023-03-08,18.9381,False,0.3237035153538461,False,0.3504141073202881,NEITHER
2023-03-09,18.9556,False,0.3308605179488574,False,0.34939709369688393,NEITHER
2023-03-10,18.9658,False,0.289890522026495,False,0.3470980869724435,NEITHER
2023-03-13,18.9668,False,0.3003468571617483,False,0.34684867225768573,NEITHER
2023-03-14,18.9746,False,0.2507117965750298,False,0.3494893743539016,NEITHER
2023-03-15,18.9918,False,0.2362628930723891,False,0.35218467142573,NEITHER
2023-03-16,18.9957,False,0.2151859549846121,False,0.3492988585829737,NEITHER
2023-03-17,19.0086,False,0.2285916108219026,False,0.3504985173986044,NEITHER
2023-03-20,19.0005,False,0.339531204621026,False,0.35290924993036893,NEITHER
2023-03-21,19.0196,False,0.3921057477949546,False,0.3469557630649618,NEITHER
2023-03-22,19.038,False,0.4080265791313576,False,0.3462031562908005,NEITHER
2023-03-23,19.0283,False,0.5068109508162273,False,0.35735587953031095,NEITHER
2023-03-24,19.0612,False,0.6425485553283498,False,0.3617025530715487,NEITHER
2023-03-27,19.0895,False,0.558959713063932,False,0.35237216567768126,NEITHER
2023-03-28,19.1156,False,0.5648773024034297,False,0.3513030149666695,NEITHER
2023-03-29,19.1247,False,0.588259106435744,False,0.3466121267761675,NEITHER
2023-03-30,19.1607,False,0.4430466044647443,False,0.3556430445384338,NEITHER
2023-03-31,19.1707,False,0.4473264104394157,False,0.34498205479392013,NEITHER
2023-04-03,19.1802,False,0.5243691720484516,False,0.34727318941090474,NEITHER
2023-04-04,19.2195,False,0.6189649426547168,False,0.36096796150051,NEITHER
2023-04-05,19.2396,False,0.5658710641435972,False,0.34821618237799,NEITHER
2023-04-06,19.2476,False,0.5284499170309639,False,0.34606166013624445,NEITHER
2023-04-07,19.2376,False,0.7164968459005284,False,0.36784530203232835,NEITHER
2023-04-10,19.2663,False,0.738380900350236,False,0.3563533209655085,NEITHER
2023-04-11,19.2875,False,0.6021858013767416,False,0.34674683323941796,NEITHER
2023-04-12,19.312,False,0.6316420776495734,False,0.34874513782073213,NEITHER
2023-04-13,19.3199,False,0.642756487841406,False,0.3487337985821141,NEITHER
2023-04-14,19.3477,False,0.338695025820916,False,0.34768691360584697,NEITHER
2023-04-17,19.388,False,0.4457353166583421,False,0.35419544815985277,NEITHER
2023-04-18,19.3882,False,0.6277959780539887,False,0.35764379631118154,NEITHER
2023-04-19,19.3938,False,0.6748203633076376,False,0.35261248438741577,NEITHER
2023-04-20,19.3861,False,0.7855866624392587,False,0.37004372709068883,NEITHER
2023-04-21,19.401,False,0.7250901174049019,False,0.35069854613473606,NEITHER
2023-04-24,19.4009,False,0.3354243556789462,False,0.3519249135255889,NEITHER
2023-04-25,19.4265,False,0.5167357308777837,False,0.34727677161014514,NEITHER
2023-04-26,19.4147,False,0.6170159067353967,False,0.36546468861181025,NEITHER
2023-04-27,19.4342,False,0.6050509668003808,False,0.34763635145419575,NEITHER
2023-04-28,19.4482,False,0.6039883208112256,False,0.3464404969803726,NEITHER
2023-05-01,19.4379,False,0.6734441870278856,False,0.3639862030544157,NEITHER
2023-05-02,19.4624,False,0.6584009405727538,False,0.3501697172694251,NEITHER
2023-05-03,19.4734,False,0.5178180535105299,False,0.34411832087230626,NEITHER
2023-05-04,19.4899,False,0.5065843743447888,False,0.344603505277505,NEITHER
2023-05-05,19.5138,False,0.5510240201040127,False,0.3465218319414268,NEITHER
2023-05-08,19.5018,False,0.5626870056319938,False,0.3604549222217258,NEITHER
2023-05-09,19.5096,False,0.5117369658450962,False,0.3445320232404799,NEITHER
2023-05-10,19.5385,False,0.603218905226256,False,0.34931560595714056,NEITHER
2023-05-11,19.537,False,0.6422752079374997,False,0.3497700242663257,NEITHER
2023-05-12,19.564,False,0.6611666328404159,False,0.35085909583504277,NEITHER
2023-05-15,19.6553,True,1.310801018272307,False,0.4344594514609692,BASELINE_ONLY
2023-05-16,19.7211,True,1.0024098048121572,False,0.39214425077031917,BASELINE_ONLY
2023-05-17,19.755,False,0.9848386494995064,False,0.37782232329417204,NEITHER
2023-05-18,19.7917,False,0.737529011184299,False,0.3593986564021141,NEITHER
2023-05-19,19.8124,False,0.7820306324294227,False,0.3618038339557925,NEITHER
2023-05-22,19.8246,False,0.5581075748581416,False,0.34901446300635736,NEITHER
2023-05-23,19.8489,False,0.272663234092194,False,0.34568589025274044,NEITHER
2023-05-24,19.8912,False,0.3283579347656671,False,0.34876590465479185,NEITHER
2023-05-25,19.9279,False,0.3247709572422599,False,0.3469815320102731,NEITHER
2023-05-26,19.9662,False,0.3275960192243108,False,0.34844230928532277,NEITHER
2023-05-29,20.0926,True,1.0248321660743738,False,0.41390476788241287,BASELINE_ONLY
2023-05-30,20.4955,True,2.8983855414582056,True,0.5376979311119083,BOTH
2023-05-31,20.7815,True,1.2588793749799865,False,0.4629979014909347,BASELINE_ONLY
2023-06-01,20.8023,True,1.289101380588883,False,0.44063534676158767,BASELINE_ONLY
2023-06-02,20.9567,True,1.1320580462892509,False,0.43407647472490124,BASELINE_ONLY
2023-06-05,21.2569,True,1.0056656596525395,False,0.4546218503767778,BASELINE_ONLY
2023-06-06,21.5686,False,0.751105977660897,False,0.43695619866234287,NEITHER
2023-06-07,23.2553,True,3.098041520080465,True,0.6822822333184482,BOTH
2023-06-08,23.1098,True,1.5347541541227745,True,0.5920080392821984,BOTH
2023-06-09,23.3834,True,1.5077516451000312,True,0.5880922847812594,BOTH
2023-06-12,23.6125,True,1.5215927420599784,True,0.5875395355652561,BOTH
2023-06-13,23.6313,True,1.5822814829678482,True,0.5794204631484821,BOTH
2023-06-14,23.5614,False,0.3672960768393974,False,0.4470176301750586,NEITHER
2023-06-15,23.6458,False,0.2869522243300551,False,0.44579271710804813,NEITHER
2023-06-16,23.6143,False,0.2328584130352977,False,0.4410480015492984,NEITHER
2023-06-19,23.5748,False,0.1503506691772141,False,0.4473110424662034,NEITHER
2023-06-20,23.5601,False,0.1334097336658819,False,0.444684662149563,NEITHER
2023-06-21,23.5664,False,0.1192385404667887,False,0.44196862638686013,NEITHER
2023-06-22,24.8748,True,1.3879930748862774,True,0.5719418562889121,BOTH
2023-06-23,25.2305,False,0.9544632112522824,True,0.528446084877482,ISOLATION_FOREST_ONLY
2023-06-26,25.9038,False,0.8881454866069192,True,0.5583364764047464,ISOLATION_FOREST_ONLY
2023-06-27,25.9814,False,0.8604049249618237,True,0.5422026671202844,ISOLATION_FOREST_ONLY
2023-06-28,26.0387,False,0.8449705016896001,True,0.5418260137285836,ISOLATION_FOREST_ONLY
2023-06-29,26.0194,False,0.4358785810768266,False,0.4942202156196942,NEITHER
2023-06-30,25.8881,False,0.4735804747609442,False,0.4918772933156577,NEITHER
2023-07-03,25.9212,False,0.1227747820532923,False,0.48810225940146473,NEITHER
2023-07-04,25.9613,False,0.1125805158502476,False,0.4837573178703935,NEITHER
2023-07-05,26.067,False,0.1300605449716994,False,0.4654499030432452,NEITHER
2023-07-06,26.0728,False,0.1284784302044122,False,0.45563498365250826,NEITHER
2023-07-07,26.0375,False,0.1366199848587624,False,0.45447182653723034,NEITHER
2023-07-10,26.0886,False,0.090250281312046,False,0.4491864168786333,NEITHER
2023-07-11,26.0934,False,0.0893255970896028,False,0.44435835117674544,NEITHER
2023-07-12,26.1246,False,0.0702743815780545,False,0.4469213564875576,NEITHER
2023-07-13,26.0296,False,0.1631989560236837,False,0.4431402430698776,NEITHER
2023-07-14,26.1253,False,0.103946686289982,False,0.42886821165118305,NEITHER
2023-07-17,26.3211,False,0.187366269478245,False,0.4270836624668949,NEITHER
2023-07-18,26.9155,False,0.5645660705669575,False,0.46348585722045127,NEITHER
2023-07-19,26.7849,False,0.4145243585992762,False,0.4412661642035554,NEITHER
2023-07-20,26.747,False,0.39903765815098,False,0.41704583182087174,NEITHER
2023-07-21,26.9681,False,0.3993829473466166,False,0.41889843090334783,NEITHER
2023-07-24,26.9499,False,0.4147692013880579,False,0.41177031549329923,NEITHER
2023-07-25,26.9079,False,0.1840253399366306,False,0.39591615807220976,NEITHER
2023-07-26,26.907,False,0.1553797793556521,False,0.386032301706469,NEITHER
2023-07-27,26.9021,False,0.1501139906603265,False,0.3812695342275209,NEITHER
2023-07-28,26.8765,False,0.1097537526106835,False,0.40363376009073715,NEITHER
2023-07-31,26.9113,False,0.0402422987127199,False,0.38847349237406326,NEITHER
2023-08-01,26.9178,False,0.0707177271277031,False,0.385888011542961,NEITHER
2023-08-02,26.9181,False,0.0776413446009026,False,0.3855628936051276,NEITHER
2023-08-03,26.9555,False,0.0396023449927879,False,0.3835512452410452,NEITHER
2023-08-04,26.914,False,0.1382535892926846,False,0.3829490731464368,NEITHER
2023-08-07,26.9624,False,0.0488849913522377,False,0.3764962717619953,NEITHER
2023-08-08,26.982,False,0.0490363206692182,False,0.3750509759080879,NEITHER
2023-08-09,26.9901,False,0.0597266947335419,False,0.3734557351676541,NEITHER
2023-08-10,26.9981,False,0.0578936923248974,False,0.3739988070204312,NEITHER
2023-08-11,26.9654,False,0.1337592069486362,False,0.3804888496107676,NEITHER
2023-08-14,27.0119,False,0.0431108012490075,False,0.37463521609393896,NEITHER
2023-08-15,27.0472,False,0.0422446108939657,False,0.3744888308790931,NEITHER
2023-08-16,27.043,False,0.0435463809613504,False,0.3714103855349966,NEITHER
2023-08-17,27.0793,False,0.1013201833133962,False,0.37091361706722814,NEITHER
2023-08-18,27.0689,False,0.1204664178560879,False,0.37591996258590377,NEITHER
2023-08-21,27.1392,False,0.5700843793474948,False,0.38727598063302804,NEITHER
2023-08-22,27.1721,False,0.1850167767519971,False,0.37246682713304663,NEITHER
2023-08-23,27.1893,False,0.0409107203027387,False,0.3706558054782428,NEITHER
2023-08-24,25.7736,True,12.16580386969299,True,0.6180983461146577,BOTH
2023-08-25,26.5335,False,0.955987446367446,True,0.5258445635850602,ISOLATION_FOREST_ONLY
2023-08-28,26.4642,False,0.952320499185998,False,0.4827462051418679,NEITHER
2023-08-29,26.5177,False,0.957701668413174,False,0.4828296345275501,NEITHER
2023-08-30,26.6899,True,1.2544716094077724,False,0.49706309919234426,BASELINE_ONLY
2023-08-31,26.6899,False,0.67401514566392,False,0.42224105904094955,NEITHER
2023-09-01,26.6917,False,0.1434890637580418,False,0.37594333787622125,NEITHER
2023-09-04,26.7578,False,0.215967310670004,False,0.38501414541971285,NEITHER
2023-09-05,26.7615,False,0.1793352532062239,False,0.37931174689448344,NEITHER
2023-09-06,26.8114,False,0.089373393209826,False,0.38508176413727824,NEITHER
2023-09-07,26.8106,False,0.0887849264232619,False,0.384772317072475,NEITHER
2023-09-08,26.8365,False,0.106512488368584,False,0.38623314674879156,NEITHER
2023-09-11,26.8663,False,0.079810807928116,False,0.3883598597522868,NEITHER
2023-09-12,26.8363,False,0.0550216445439899,False,0.38659954846256944,NEITHER
2023-09-13,26.9321,False,0.089244791569625,False,0.3846916084186375,NEITHER
2023-09-14,26.945,False,0.098862420143218,False,0.3756723913041616,NEITHER
2023-09-15,26.982,False,0.1070273968068279,False,0.37687848690811904,NEITHER
2023-09-18,27.0089,False,0.1048942047055279,False,0.3744141300172642,NEITHER
2023-09-19,27.0115,False,0.128874226258126,False,0.37827290743853675,NEITHER
2023-09-20,26.9957,False,0.04678310953206,False,0.38410483214909563,NEITHER
2023-09-21,27.1371,False,0.141305587124344,False,0.3564411788052989,NEITHER
2023-09-22,27.1418,False,0.1352615459944635,False,0.3527592095101017,NEITHER
2023-09-25,27.1993,False,0.137047696439526,False,0.35228193050210405,NEITHER
2023-09-26,27.2436,False,0.130786743314462,False,0.3501298240304057,NEITHER
2023-09-27,26.9039,True,1.8078152477509295,False,0.4381714749201569,BASELINE_ONLY
2023-09-28,27.3141,True,1.100343561689166,False,0.4167347140003408,BASELINE_ONLY
2023-09-29,27.3824,False,0.5457176246512068,False,0.35697173083000977,NEITHER
2023-10-02,27.4301,False,0.5456553464328338,False,0.3567027240318761,NEITHER
2023-10-03,27.4357,False,0.547010149498998,False,0.3561045922531239,NEITHER
2023-10-04,27.5287,False,0.3366642537182576,False,0.35936663426970566,NEITHER
2023-10-05,27.5588,False,0.0686088810403341,False,0.3533063386064237,NEITHER
2023-10-06,27.5771,False,0.0690763589511188,False,0.3515545349564186,NEITHER
2023-10-09,27.6736,False,0.1122774128174876,False,0.35349173718163196,NEITHER
2023-10-10,27.721,False,0.0772279533306514,False,0.35119062524663397,NEITHER
2023-10-11,27.6717,False,0.1807823824704474,False,0.3511923137674794,NEITHER
2023-10-12,27.7247,False,0.1155348283491076,False,0.34435436232486105,NEITHER
2023-10-13,27.7642,False,0.1149752339768921,False,0.34380643937356486,NEITHER
2023-10-16,27.8561,False,0.1118232780627677,False,0.34792425520218717,NEITHER
2023-10-17,27.9446,False,0.1226828712990044,False,0.348056412514693,NEITHER
2023-10-18,27.9745,False,0.0606527394790931,False,0.35508793525767496,NEITHER
2023-10-19,27.981,False,0.0823093288563598,False,0.35151013617187976,NEITHER
2023-10-20,27.9433,False,0.1543657166323596,False,0.34919847839096874,NEITHER
2023-10-23,28.0652,False,0.1534944244299763,False,0.35021608717099134,NEITHER
2023-10-24,28.0921,False,0.1240715155684003,False,0.34395133632632324,NEITHER
2023-10-25,28.1237,False,0.1240921622751953,False,0.3452034994973003,NEITHER
2023-10-26,28.1377,False,0.1254253965512778,False,0.34925253881996743,NEITHER
2023-10-27,28.1667,False,0.0932234438431784,False,0.35121996920639476,NEITHER
2023-10-30,28.245,False,0.2174676154468568,False,0.36454566512477193,NEITHER
2023-10-31,28.2995,False,0.0724957070164135,False,0.3594643270015839,NEITHER
2023-11-01,28.3294,False,0.0787945524289211,False,0.35823177476569934,NEITHER
2023-11-02,28.3246,False,0.2648688806330683,False,0.36214056998931504,NEITHER
2023-11-03,28.3801,False,0.0943096217465604,False,0.3559589810502378,NEITHER
2023-11-06,28.4367,False,0.0897501687834013,False,0.3579606769349987,NEITHER
2023-11-07,28.4916,False,0.0959530826868253,False,0.358380763348855,NEITHER
2023-11-08,28.4479,False,0.4893993893014966,False,0.37220750706272493,NEITHER
2023-11-09,28.4655,False,0.1314038237569316,False,0.35263435735351134,NEITHER
2023-11-10,28.5481,False,0.2703662840963429,False,0.35519102832408217,NEITHER
2023-11-13,28.5929,False,0.1000872419661868,False,0.3490382290519835,NEITHER
2023-11-14,28.6318,False,0.0969883722053236,False,0.34854679558402896,NEITHER
2023-11-15,28.6809,False,0.0911071430236259,False,0.36021579878349563,NEITHER
2023-11-16,28.6547,False,0.3939646930849765,False,0.3578972782717733,NEITHER
2023-11-17,28.6774,False,0.1776168605224219,False,0.34183886143742703,NEITHER
2023-11-20,28.7431,False,0.2051381901965272,False,0.34561399984419783,NEITHER
2023-11-21,28.7802,False,0.204540702639987,False,0.34132348418205366,NEITHER
2023-11-22,28.852,False,0.2845652990386391,False,0.3471181500258417,NEITHER
2023-11-23,28.8257,False,0.4710155235086012,False,0.35878094957747625,NEITHER
2023-11-24,28.8595,False,0.231790292571542,False,0.3390103689568077,NEITHER
2023-11-27,28.9042,False,0.2142959805900844,False,0.3401214733488243,NEITHER
2023-11-28,28.9046,False,0.2377460416716842,False,0.3428788131536731,NEITHER
2023-11-29,28.9259,False,0.1680867285453968,False,0.3405617693890833,NEITHER
2023-11-30,28.8699,False,0.61383827810654,False,0.36175947511441253,NEITHER
2023-12-01,28.896,False,0.2280971861624354,False,0.3378656303356189,NEITHER
2023-12-04,28.9143,False,0.1992074705888243,False,0.33786159310083347,NEITHER
2023-12-05,28.884,False,0.3572978160647294,False,0.3541519050396708,NEITHER
2023-12-06,28.9123,False,0.2260389119804011,False,0.33782946809455444,NEITHER
2023-12-07,28.9199,False,0.1417070361249161,False,0.34321071633007816,NEITHER
2023-12-08,28.9846,False,0.2876263903416915,False,0.34340713220850705,NEITHER
2023-12-11,29.0011,False,0.2030864304059448,False,0.33746190565723244,NEITHER
2023-12-12,28.9958,False,0.1875428205059583,False,0.3426395159278439,NEITHER
2023-12-13,28.9699,False,0.3191295270598933,False,0.35023249937657525,NEITHER
2023-12-14,28.9604,False,0.2096675462147746,False,0.34418476325055086,NEITHER
2023-12-15,28.9791,False,0.1119523329740107,False,0.34568522765962884,NEITHER
2023-12-18,29.0582,False,0.4662363723269192,False,0.34879416596807883,NEITHER
2023-12-19,29.0934,False,0.2441160435466222,False,0.3356541285425154,NEITHER
2023-12-20,29.1302,False,0.2438938936112444,False,0.33827764145444345,NEITHER
2023-12-21,29.1522,False,0.3059072893416357,False,0.3379772634118978,NEITHER
2023-12-22,29.2107,False,0.329101032794585,False,0.3453494308171514,NEITHER
2023-12-25,29.152,False,0.5757262404170884,False,0.36514240259986946,NEITHER
2023-12-26,29.2725,False,0.7607543495639076,False,0.37588305636410274,NEITHER
2023-12-27,29.3874,False,0.8567220705916262,False,0.3732934760296604,NEITHER
2023-12-28,29.435,False,0.836480725486809,False,0.35956791803312105,NEITHER
2023-12-29,29.5711,False,0.8907738892277582,False,0.3837950838184313,NEITHER
2024-01-01,29.5134,False,0.8715365338402548,False,0.37971594230803896,NEITHER
2024-01-02,29.7309,False,0.9921341566875056,False,0.40914213784596837,NEITHER
2024-01-03,29.7691,True,1.0304604741288204,False,0.3772901640580808,BASELINE_ONLY
2024-01-04,29.7529,True,1.1009684499192312,False,0.38817244280898183,BASELINE_ONLY
2024-01-05,29.8403,True,1.0335021106599829,False,0.3788091311803086,BASELINE_ONLY
2024-01-08,29.8705,False,0.8795209406607899,False,0.36700542327826907,NEITHER
2024-01-09,29.9245,False,0.3712415486587095,False,0.34351661706820047,NEITHER
2024-01-10,29.9598,False,0.3715915835068372,False,0.34307548491711,NEITHER
2024-01-11,29.9971,False,0.2309583122408589,False,0.34430964766269473,NEITHER
2024-01-12,30.098,False,0.2850370564072455,False,0.34985831731659234,NEITHER
2024-01-15,30.0779,False,0.4355686808313002,False,0.3527816659187054,NEITHER
2024-01-16,30.1,False,0.4357788619940644,False,0.34304805593903764,NEITHER
2024-01-17,30.129,False,0.4366066716659073,False,0.3428412581491219,NEITHER
2024-01-18,30.1332,False,0.454036137979489,False,0.34365646152159585,NEITHER
2024-01-19,30.2005,False,0.3212097917310463,False,0.34230921592323127,NEITHER
2024-01-22,30.2562,False,0.255652415249976,False,0.34366297241265814,NEITHER
2024-01-23,30.2164,False,0.4214837605780652,False,0.3561335869718139,NEITHER
2024-01-24,30.2349,False,0.4202827017711205,False,0.34292410781158794,NEITHER
2024-01-25,30.2424,False,0.4184155686412726,False,0.34304627405693316,NEITHER
2024-01-26,30.0999,False,0.7200451160517906,False,0.3981147986801368,NEITHER
2024-01-29,30.3456,True,1.148964385108278,False,0.4181137192007639,BASELINE_ONLY
2024-01-30,30.3488,True,1.1236270160968274,False,0.38524883692199197,BASELINE_ONLY
2024-01-31,30.3454,True,1.1413241498965636,False,0.3866201923817982,BASELINE_ONLY
2024-02-01,30.3329,True,1.1432390113980064,False,0.3871881775545854,BASELINE_ONLY
2024-02-02,30.4907,False,0.9258895947424954,False,0.3854921585716396,NEITHER
2024-02-05,30.5514,False,0.5588636000607186,False,0.3470796137921589,NEITHER
2024-02-06,30.5517,False,0.5607836079993399,False,0.34599904401627335,NEITHER
2024-02-07,30.5837,False,0.5317120053009335,False,0.3445538502206355,NEITHER
2024-02-08,30.5893,False,0.5065076190558632,False,0.34370173546759886,NEITHER
2024-02-09,30.6745,False,0.2818738555596816,False,0.34519268817736004,NEITHER
2024-02-12,30.7137,False,0.2639616807229057,False,0.33937541659521825,NEITHER
2024-02-13,30.7063,False,0.2781548168608637,False,0.33967813528012086,NEITHER
2024-02-14,30.7433,False,0.2800328752567066,False,0.3381208802381799,NEITHER
2024-02-15,30.7253,False,0.3231667434614167,False,0.33937315198959844,NEITHER
2024-02-16,30.839,False,0.3993689609338155,False,0.34476196518246144,NEITHER
2024-02-19,30.8376,False,0.4131580280767676,False,0.3387018112206424,NEITHER
2024-02-20,30.9105,False,0.4123402494735975,False,0.34229888733530806,NEITHER
2024-02-21,31.0042,False,0.445259986859938,False,0.3452037597176225,NEITHER
2024-02-22,30.9876,False,0.4474024711413484,False,0.34260172807713307,NEITHER
2024-02-23,31.0391,False,0.3639218794346963,False,0.3388960054702741,NEITHER
2024-02-26,31.0937,False,0.3179748162892319,False,0.33868287548361625,NEITHER
2024-02-27,31.1427,False,0.3070097552556251,False,0.3379033849992165,NEITHER
2024-02-28,31.2017,False,0.2431248221820723,False,0.3402046936551448,NEITHER
2024-02-29,31.2335,False,0.0805436991651189,False,0.3536373335454335,NEITHER
2024-03-01,31.3634,False,0.4518970722120651,False,0.355534874126721,NEITHER
2024-03-04,31.5712,False,0.9542041078299572,False,0.38979533822283075,NEITHER
2024-03-05,31.5876,False,0.5716771401311165,False,0.35293361508120463,NEITHER
2024-03-06,31.7653,False,0.6033285320812497,False,0.3752099187110891,NEITHER
2024-03-07,31.8177,False,0.5762856897322536,False,0.3584133000256496,NEITHER
2024-03-08,31.9088,False,0.5776710501653002,False,0.3597077636830608,NEITHER
2024-03-11,32.022,False,0.4297520354007329,False,0.3559236801429946,NEITHER
2024-03-12,32.0589,False,0.3905879269084561,False,0.3528908459951124,NEITHER
2024-03-13,32.0416,False,0.3561206687135145,False,0.3607181727245064,NEITHER
2024-03-14,32.1327,False,0.3642953815090829,False,0.35208872726161344,NEITHER
2024-03-15,32.1271,False,0.3936730926449949,False,0.35672977547980267,NEITHER
2024-03-18,32.2803,False,0.4853032748290692,False,0.36212510819544236,NEITHER
2024-03-19,32.3476,False,0.4880157487143172,False,0.35374707270278805,NEITHER
2024-03-20,32.3779,False,0.4213294078681603,False,0.35359291523567155,NEITHER
2024-03-21,32.0211,True,1.679865315483454,False,0.47689623539552817,BASELINE_ONLY
2024-03-22,31.9679,True,1.0983889729979237,False,0.40927809964868894,BASELINE_ONLY
2024-03-25,32.1128,True,1.089454693299536,False,0.4046378421161524,BASELINE_ONLY
2024-03-26,32.1354,True,1.1074526470161885,False,0.3996152327715328,BASELINE_ONLY
2024-03-27,32.256,True,1.172886525832452,False,0.406102779482121,BASELINE_ONLY
2024-03-28,32.3174,False,0.4654430702996177,False,0.3558029363287177,NEITHER
2024-03-29,32.3984,False,0.2846100599207101,False,0.3638938442291146,NEITHER
2024-04-01,32.1785,False,0.7311223869086171,False,0.3902217419205506,NEITHER
2024-04-02,32.0214,False,0.8073822561410201,False,0.38618239859044906,NEITHER
2024-04-03,31.9543,False,0.6828385952169894,False,0.37933311648640916,NEITHER
2024-04-04,31.8958,False,0.5846499246380713,False,0.379273456546819,NEITHER
2024-04-05,32.0158,False,0.6613914998829968,False,0.3818037329130367,NEITHER
2024-04-08,32.0122,False,0.5272573368360424,False,0.35824336284294267,NEITHER
2024-04-09,32.2378,False,0.6345721533832248,False,0.3660030110982015,NEITHER
2024-04-10,32.2842,False,0.5565888637447632,False,0.35432749015088977,NEITHER
2024-04-11,32.2783,False,0.4906376937514902,False,0.35592051938500285,NEITHER
2024-04-12,32.3565,False,0.4755237474343418,False,0.35509986930397114,NEITHER
2024-04-15,32.4045,False,0.4398066207422081,False,0.3528523437729839,NEITHER
2024-04-16,32.4515,False,0.1516640546985149,False,0.34301140808254116,NEITHER
2024-04-17,32.3808,False,0.2899613157359693,False,0.3399068887658916,NEITHER
2024-04-18,32.4747,False,0.3185539675555415,False,0.3402491632944064,NEITHER
2024-04-19,32.5004,False,0.3094825845056074,False,0.3344141080322942,NEITHER
2024-04-22,32.5131,False,0.3199949354163011,False,0.3339971387184677,NEITHER
2024-04-23,32.5468,False,0.314389668005288,False,0.3341459158013769,NEITHER
2024-04-24,32.54,False,0.2020008175678617,False,0.33796549442124735,NEITHER
2024-04-25,32.5105,False,0.1354533745858638,False,0.3451202592216321,NEITHER
2024-04-26,32.4375,False,0.2188188524184604,False,0.3516145904276939,NEITHER
2024-04-29,32.4363,False,0.2097068714269458,False,0.34501592099106254,NEITHER
2024-04-30,32.3795,False,0.2095684193308995,False,0.361968677230785,NEITHER
2024-05-01,32.4788,False,0.3595969053738604,False,0.34466626548016643,NEITHER
2024-05-02,32.3591,False,0.4918459069760247,False,0.3713075126542708,NEITHER
2024-05-03,32.3374,False,0.4165715615245431,False,0.34809861081853627,NEITHER
2024-05-06,32.2398,False,0.4403051557636683,False,0.368721934044069,NEITHER
2024-05-07,32.257,False,0.4538729377223415,False,0.35004549331009494,NEITHER
2024-05-08,32.2468,False,0.3017704215452809,False,0.3582252524567658,NEITHER
2024-05-09,32.2398,False,0.2234406720623229,False,0.3542601666808709,NEITHER
2024-05-10,32.2081,False,0.2251605517845686,False,0.35803689257907706,NEITHER
2024-05-13,32.2788,False,0.3375933652586322,False,0.3541299100965216,NEITHER
2024-05-14,32.2618,False,0.2074180393691775,False,0.3480071457794962,NEITHER
2024-05-15,32.1624,False,0.3881682828916415,False,0.36699313180016774,NEITHER
2024-05-16,32.2745,False,0.5146176949716073,False,0.35648587370982643,NEITHER
2024-05-17,32.202,False,0.4597744053369024,False,0.35332671575230973,NEITHER
2024-05-20,32.184,False,0.4123782635684627,False,0.3522450110040423,NEITHER
2024-05-21,32.1427,False,0.4144693760336835,False,0.3548844401020541,NEITHER
2024-05-22,32.1662,False,0.3617106349433993,False,0.35147259147607013,NEITHER
2024-05-23,32.1791,False,0.1989510256438736,False,0.3577072803283962,NEITHER
2024-05-24,32.2247,False,0.2487756609950466,False,0.3565955462446969,NEITHER
2024-05-27,32.1324,False,0.3273721398457458,False,0.36464584483528223,NEITHER
2024-05-28,32.2213,False,0.401077019924614,False,0.354735165285749,NEITHER
2024-05-29,32.2181,False,0.3626608827444083,False,0.34581024265689847,NEITHER
2024-05-30,32.1822,False,0.3790164309956784,False,0.3505798389139591,NEITHER
2024-05-31,32.2329,False,0.3856363294026093,False,0.3512622978179163,NEITHER
2024-06-03,32.149,False,0.3725367452428313,False,0.3637173806525067,NEITHER
2024-06-04,32.529,True,1.6313158784209267,False,0.45637126640419245,BASELINE_ONLY
2024-06-05,32.2163,True,1.1214544000404971,False,0.4379332761008654,BASELINE_ONLY
2024-06-06,32.2076,True,1.1243681280705458,False,0.40063975455701867,BASELINE_ONLY
2024-06-07,32.3,True,1.129606271620251,False,0.4020397903830706,BASELINE_ONLY
2024-06-10,32.3566,True,1.1185265439412853,False,0.39881442986154836,BASELINE_ONLY
2024-06-11,32.3413,False,0.7224623724499376,False,0.3682116549658546,NEITHER
2024-06-12,32.3088,False,0.2422566062114825,False,0.34698372837846986,NEITHER
2024-06-13,32.2852,False,0.2783967526520165,False,0.345649016421735,NEITHER
2024-06-14,32.7682,False,0.9704424006863174,False,0.4293922456514233,NEITHER
2024-06-17,32.793,False,0.958615322946772,False,0.3773326473095008,NEITHER
2024-06-18,32.5128,True,1.1350464192838452,False,0.41786150039573294,BASELINE_ONLY
2024-06-19,32.5026,True,1.1387753737018167,False,0.3940952829874863,BASELINE_ONLY
2024-06-20,32.8109,True,1.1637919636587006,False,0.41360004102980025,BASELINE_ONLY
2024-06-21,32.8221,False,0.815694102559347,False,0.35888650032530506,NEITHER
2024-06-24,32.8946,False,0.8449099495840658,False,0.36111711241364347,NEITHER
2024-06-25,32.9356,False,0.5289017413374715,False,0.3503387742074623,NEITHER
2024-06-26,32.8128,False,0.6356041589524605,False,0.3565392191884448,NEITHER
2024-06-27,32.8278,False,0.301469530711331,False,0.33865453566759773,NEITHER
2024-06-28,32.7525,False,0.3322195076405665,False,0.34721776531814874,NEITHER
2024-07-01,32.6446,False,0.2967114400328017,False,0.35943277503555776,NEITHER
2024-07-02,32.517,False,0.254193031248858,False,0.3744020965466443,NEITHER
2024-07-03,32.5192,False,0.2649173218288861,False,0.358912110638306,NEITHER
2024-07-04,32.5584,False,0.29554832590496,False,0.3543103888893177,NEITHER
2024-07-05,32.661,False,0.4023102029759179,False,0.34629969188835413,NEITHER
2024-07-08,32.6925,False,0.3497886994274222,False,0.3374449486384453,NEITHER
2024-07-09,32.8481,False,0.2515130489460399,False,0.35374880251517044,NEITHER
2024-07-10,32.8188,False,0.2890059493726654,False,0.34393139683552826,NEITHER
2024-07-11,32.8078,False,0.3184278691551172,False,0.33985005625844755,NEITHER
2024-07-12,33.0372,False,0.4457873699247645,False,0.35493146830883265,NEITHER
2024-07-15,32.9742,False,0.5075721453553504,False,0.34382537583610423,NEITHER
2024-07-16,33.0252,False,0.4583033696204698,False,0.33822578038870255,NEITHER
2024-07-17,33.0562,False,0.4369229982619348,False,0.33774986587908873,NEITHER
2024-07-18,33.0595,False,0.4304803697909588,False,0.33787321740196863,NEITHER
2024-07-19,33.0413,False,0.1748618509943589,False,0.3380043865605996,NEITHER
2024-07-22,32.8963,False,0.4325853872883349,False,0.3628029450621062,NEITHER
2024-07-23,32.8492,False,0.2637840764729065,False,0.35281941212199736,NEITHER
2024-07-24,32.8069,False,0.222201697991434,False,0.35826936093582773,NEITHER
2024-07-25,32.9827,False,0.4828283333314984,False,0.3564709309995975,NEITHER
2024-07-26,32.9449,False,0.4593015900890626,False,0.34656829255640953,NEITHER
2024-07-29,33.0711,False,0.4190674796293443,False,0.34455105580816753,NEITHER
2024-07-30,33.0577,False,0.3973689023197739,False,0.33944197947675114,NEITHER
2024-07-31,33.1513,False,0.3555223772464145,False,0.3439745865461435,NEITHER
2024-08-01,33.0852,False,0.3260516946457494,False,0.3424194203057502,NEITHER
2024-08-02,33.2012,False,0.3300249189017876,False,0.3415447916901331,NEITHER
2024-08-05,33.3451,False,0.342732565418336,False,0.3414850456675627,NEITHER
2024-08-06,33.5981,False,0.549756058454344,False,0.36287980551457466,NEITHER
2024-08-07,33.4399,False,0.6090771127438112,False,0.36981281571486824,NEITHER
2024-08-08,33.4842,False,0.5601414426048856,False,0.346525888494291,NEITHER
2024-08-09,33.491,False,0.5674357940012242,False,0.34584724635194264,NEITHER
2024-08-12,33.5916,False,0.547838779093381,False,0.34513095452556103,NEITHER
2024-08-13,33.5335,False,0.3642768687791656,False,0.34197075514779063,NEITHER
2024-08-14,33.5803,False,0.2145415988619747,False,0.3372432876834211,NEITHER
2024-08-15,33.6102,False,0.2121645858329982,False,0.33681838021979726,NEITHER
2024-08-16,33.6825,False,0.2197831697358568,False,0.33950470189868104,NEITHER
2024-08-19,33.7433,False,0.1905561623976975,False,0.33719557342225015,NEITHER
2024-08-20,33.8598,False,0.1856316021741835,False,0.3523976054330809,NEITHER
2024-08-21,33.8521,False,0.1699592646249114,False,0.3415681620323355,NEITHER
2024-08-22,33.8864,False,0.1684326160007287,False,0.33956384880483237,NEITHER
2024-08-23,33.9767,False,0.1763200458480044,False,0.344956332030885,NEITHER
2024-08-26,33.9757,False,0.2022522623234375,False,0.33965180474300233,NEITHER
2024-08-27,33.9985,False,0.1523088523088851,False,0.33971711549578953,NEITHER
2024-08-28,34.0385,False,0.1406969491683356,False,0.3410079370210495,NEITHER
2024-08-29,34.0697,False,0.1412684853573621,False,0.3405552701581825,NEITHER
2024-08-30,34.0669,False,0.1578678311508415,False,0.3473900721936496,NEITHER
2024-09-02,33.878,False,0.7025217031445977,False,0.38250251875002317,NEITHER
2024-09-03,33.982,False,0.4505091889755292,False,0.34522938124063207,NEITHER
2024-09-04,34.0158,False,0.4491854617145598,False,0.33948467115569136,NEITHER
2024-09-05,33.9376,False,0.4551929046227089,False,0.3630799334770961,NEITHER
2024-09-06,33.9762,False,0.5470181224688045,False,0.34734197848571136,NEITHER
2024-09-09,34.0428,False,0.3219633140561568,False,0.3394044295538951,NEITHER
2024-09-10,34.0306,False,0.2897893846470901,False,0.3372335237922324,NEITHER
2024-09-11,33.9557,False,0.3717150997335062,False,0.35583310035945126,NEITHER
2024-09-12,33.8832,False,0.3502563164832722,False,0.3563342029533585,NEITHER
2024-09-13,33.8935,False,0.3262663697210892,False,0.346002624283004,NEITHER
2024-09-16,33.9773,False,0.3601333815617812,False,0.3481629389775851,NEITHER
2024-09-17,34.0729,False,0.4455592289263886,False,0.34247195057630087,NEITHER
2024-09-18,34.0617,False,0.3875658745722443,False,0.33704364411398163,NEITHER
2024-09-19,34.0168,False,0.3372099642943146,False,0.3404507799565241,NEITHER
2024-09-20,34.0973,False,0.3575448713616737,False,0.3417285270515556,NEITHER
2024-09-23,34.1205,False,0.3383498467417177,False,0.3335936135905097,NEITHER
2024-09-24,34.1089,False,0.2770497315570208,False,0.3344936903920455,NEITHER
2024-09-25,34.1316,False,0.2721424841790823,False,0.33415395300725764,NEITHER
2024-09-26,34.1374,False,0.2019444646979957,False,0.33680367031576136,NEITHER
2024-09-27,34.1623,False,0.0925362123686816,False,0.34651430449355863,NEITHER
2024-09-30,34.1833,False,0.0905804145334552,False,0.34600382519905976,NEITHER
2024-10-01,34.2059,False,0.0463041381698344,False,0.3571259206784153,NEITHER
2024-10-02,34.1633,False,0.2625231112328122,False,0.3481558783963945,NEITHER
2024-10-03,34.1435,False,0.1833177304934225,False,0.3444256838208821,NEITHER
2024-10-04,34.2398,False,0.4410301222285872,False,0.34599583843733106,NEITHER
2024-10-07,34.2276,False,0.3443498399948463,False,0.3365172174354365,NEITHER
2024-10-08,34.2617,False,0.350832151584704,False,0.33670403345414335,NEITHER
2024-10-09,34.2158,False,0.3538532581016607,False,0.34304233973134113,NEITHER
2024-10-10,34.1664,False,0.3850962543275593,False,0.3503762157691206,NEITHER
2024-10-11,34.2714,False,0.486976715221059,False,0.3506733208578912,NEITHER
2024-10-14,34.2605,False,0.4179972994928966,False,0.33891151319581764,NEITHER
2024-10-15,34.1951,False,0.4459577539380118,False,0.3587837293036273,NEITHER
2024-10-16,34.1617,False,0.4386949109586101,False,0.3483491951449967,NEITHER
2024-10-17,34.1203,False,0.4462878068075084,False,0.352196564919466,NEITHER
2024-10-18,34.2271,False,0.5264236456493595,False,0.356125125189922,NEITHER
2024-10-21,34.218,False,0.4569402793311902,False,0.3423561177720157,NEITHER
2024-10-22,34.258,False,0.4168289229560229,False,0.34153323490094084,NEITHER
2024-10-23,34.2763,False,0.3826931418809853,False,0.3393606665524243,NEITHER
2024-10-24,34.2255,False,0.4031701616924218,False,0.34877628199737376,NEITHER
2024-10-25,34.2863,False,0.3026017167132767,False,0.3408054360278796,NEITHER
2024-10-28,34.2911,False,0.3025019451545995,False,0.3373877134865519,NEITHER
2024-10-29,34.2741,False,0.3325192177153685,False,0.3400209314970533,NEITHER
2024-10-30,34.253,False,0.3572895464748315,False,0.3424589828965286,NEITHER
2024-10-31,34.2451,False,0.286552501778171,False,0.3405529454528276,NEITHER
2024-11-01,34.3061,False,0.2855654747715724,False,0.34261379662064717,NEITHER
2024-11-04,34.3406,False,0.3146787799172286,False,0.3391794038667778,NEITHER
2024-11-05,34.2819,False,0.4096255363574472,False,0.3515597422973176,NEITHER
2024-11-06,34.1941,False,0.5294968650186789,False,0.37187886514734947,NEITHER
2024-11-07,34.2225,False,0.5520911725963575,False,0.3534183323497827,NEITHER
2024-11-08,34.3826,False,0.7924536922408753,False,0.379338700705419,NEITHER
2024-11-11,34.3262,False,0.821103218682642,False,0.36780726408447234,NEITHER
2024-11-12,34.3604,False,0.8060192871721611,False,0.3590397741863194,NEITHER
2024-11-13,34.356,False,0.6677865824230848,False,0.35198004838735225,NEITHER
2024-11-14,34.3324,False,0.7001751020667246,False,0.3564312837399569,NEITHER
2024-11-15,34.4347,False,0.5049542131212088,False,0.34958007424978615,NEITHER
2024-11-18,34.5492,False,0.5004873217814506,False,0.3537667785271268,NEITHER
2024-11-19,34.4818,False,0.6391163018263989,False,0.3581162218702687,NEITHER
2024-11-20,34.4605,False,0.654153845750915,False,0.35070208672295444,NEITHER
2024-11-21,34.4788,False,0.6257782752695077,False,0.3456521163877966,NEITHER
2024-11-22,34.5424,False,0.5620160343973243,False,0.34458606746385845,NEITHER
2024-11-25,34.5573,False,0.4251812973641375,False,0.3380948359515898,NEITHER
2024-11-26,34.6445,False,0.3756474555673577,False,0.3431076062119423,NEITHER
2024-11-27,34.6373,False,0.3392675830840723,False,0.3380771228458793,NEITHER
2024-11-28,34.6011,False,0.449863423928263,False,0.3417142466264204,NEITHER
2024-11-29,34.6904,False,0.4951376768555088,False,0.3448777944410739,NEITHER
2024-12-02,34.7145,False,0.4950931870771302,False,0.3395426301331764,NEITHER
2024-12-03,34.7341,False,0.4119523207268337,False,0.33612696258609276,NEITHER
2024-12-04,34.7258,False,0.4216162957602274,False,0.33733549490745257,NEITHER
2024-12-05,34.6852,False,0.4386906212279003,False,0.34463928977209524,NEITHER
2024-12-06,34.7784,False,0.4437253623139101,False,0.3424694206356526,NEITHER
2024-12-09,34.8218,False,0.4612002264581566,False,0.3376526184979939,NEITHER
2024-12-10,34.8404,False,0.4706175864401456,False,0.33642515747823815,NEITHER
2024-12-11,34.8654,False,0.4460647434888856,False,0.33532395355936523,NEITHER
2024-12-12,34.8925,False,0.2841051194841164,False,0.33602775204681556,NEITHER
2024-12-13,34.9466,False,0.1374181970638503,False,0.34551649287722813,NEITHER
2024-12-16,34.9405,False,0.2016082145277453,False,0.33993370061198386,NEITHER
2024-12-17,34.9865,False,0.2179625510132155,False,0.3393815348990944,NEITHER
2024-12-18,35.0379,False,0.233143993373137,False,0.3393440131564663,NEITHER
2024-12-19,35.0923,False,0.2407800069424085,False,0.3399543758839098,NEITHER
2024-12-20,35.1981,False,0.481243721665301,False,0.35158343181464463,NEITHER
2024-12-23,35.1932,False,0.3541691253197866,False,0.34158061342708584,NEITHER
2024-12-24,35.17,False,0.4630495741578034,False,0.347868787573946,NEITHER
2024-12-25,35.2215,False,0.4661688306865008,False,0.3386046630852578,NEITHER
2024-12-26,35.1498,False,0.6099807977486486,False,0.36628611628448987,NEITHER
2024-12-27,35.1564,False,0.4050334098952862,False,0.340642330528058,NEITHER
2024-12-30,35.3234,False,0.8394095870318676,False,0.38000441501436233,NEITHER
2024-12-31,35.3711,False,0.7372476594774888,False,0.3472152405407448,NEITHER
2025-01-01,35.3659,False,0.760123674088735,False,0.3522232525392056,NEITHER
2025-01-02,35.326,False,0.6910360510988298,False,0.3580229809059428,NEITHER
2025-01-03,35.3743,False,0.68984945088108,False,0.34969607413445397,NEITHER
2025-01-06,35.304,False,0.485154717716008,False,0.3595613283086439,NEITHER
2025-01-07,35.3377,False,0.4336433934857656,False,0.3379569344712551,NEITHER
2025-01-08,35.3389,False,0.4377457528764006,False,0.3388392307601837,NEITHER
2025-01-09,35.3286,False,0.4101776454725634,False,0.33843944050845787,NEITHER
2025-01-10,35.4226,False,0.5402576923032303,False,0.3456907840732313,NEITHER
2025-01-13,35.4877,False,0.3884144625887281,False,0.33946634641126455,NEITHER
2025-01-14,35.4793,False,0.4286175355454941,False,0.3365942369333314,NEITHER
2025-01-15,35.4613,False,0.4566435743601368,False,0.33773144766835467,NEITHER
2025-01-16,35.4275,False,0.502461304358046,False,0.34258082298686066,NEITHER
2025-01-17,35.4856,False,0.4080971104794608,False,0.33730869653300644,NEITHER
2025-01-20,35.5675,False,0.4495351478845435,False,0.3412193881378028,NEITHER
2025-01-21,35.62,False,0.4501816531576733,False,0.3365404017583287,NEITHER
2025-01-22,35.6452,False,0.394417769317665,False,0.3352490976452797,NEITHER
2025-01-23,35.6339,False,0.3169436248070446,False,0.3366022775260272,NEITHER
2025-01-24,35.6798,False,0.3084058239023545,False,0.3350753307168174,NEITHER
2025-01-27,35.7431,False,0.2603973164217051,False,0.3386925709909641,NEITHER
2025-01-28,35.7352,False,0.2942285921593695,False,0.33636756861515416,NEITHER
2025-01-29,35.7944,False,0.3408000354435998,False,0.3386249266880855,NEITHER
2025-01-30,35.7721,False,0.3684998733967487,False,0.34144125039897216,NEITHER
2025-01-31,35.844,False,0.4320339705715576,False,0.34146058081313585,NEITHER
2025-02-03,35.9745,False,0.600109598115158,False,0.35909352748479506,NEITHER
2025-02-04,35.9325,False,0.6731368105621692,False,0.3608985909562546,NEITHER
2025-02-05,35.9044,False,0.7115681756487265,False,0.35580679864882075,NEITHER
2025-02-06,35.8882,False,0.7051517773653861,False,0.351545085203055,NEITHER
2025-02-07,35.9677,False,0.7251441267360302,False,0.35038276285858005,NEITHER
2025-02-10,35.9951,False,0.4851827210829078,False,0.33883022316929245,NEITHER
2025-02-11,36.0423,False,0.4495575657277439,False,0.33810356756616583,NEITHER
2025-02-12,36.1027,False,0.370442899595267,False,0.3407085254709291,NEITHER
2025-02-13,36.0963,False,0.3319200801039831,False,0.34041893426460446,NEITHER
2025-02-14,36.2225,False,0.502886473284464,False,0.3551120375674702,NEITHER
2025-02-17,36.2417,False,0.4904866983372455,False,0.340411807565395,NEITHER
2025-02-18,36.2722,False,0.5042205001037448,False,0.33981688946529004,NEITHER
2025-02-19,36.2922,False,0.5096009401838975,False,0.33915372283044976,NEITHER
2025-02-20,36.2991,False,0.490360307562674,False,0.33979575150067015,NEITHER
2025-02-21,36.4339,False,0.5216471216657754,False,0.35604836445837557,NEITHER
2025-02-24,36.434,False,0.5385026839982271,False,0.34347788323971074,NEITHER
2025-02-25,36.4455,False,0.551083608081144,False,0.3414897969664224,NEITHER
2025-02-26,36.4511,False,0.5652890197509494,False,0.3427031398049996,NEITHER
2025-02-27,36.4292,False,0.6130104498315573,False,0.34808780760484653,NEITHER
2025-02-28,36.4935,False,0.3172725055772004,False,0.33834496609592873,NEITHER
2025-03-03,36.438,False,0.4309856925563727,False,0.3582351995496197,NEITHER
2025-03-04,36.4371,False,0.4260629122442463,False,0.3427668726439228,NEITHER
2025-03-05,36.4178,False,0.4268697005252288,False,0.3474062302248505,NEITHER
2025-03-06,36.4023,False,0.4201483079294505,False,0.3475148783100753,NEITHER
2025-03-07,36.475,False,0.450926673256078,False,0.345177128351537,NEITHER
2025-03-10,36.5508,False,0.4537870316397146,False,0.34321412156964315,NEITHER
2025-03-11,36.5873,False,0.4380777816140332,False,0.3371723429185725,NEITHER
2025-03-12,36.5878,False,0.3933998436157531,False,0.339238326930295,NEITHER
2025-03-13,36.607,False,0.3151674592262709,False,0.3383307911754862,NEITHER
2025-03-14,36.6383,False,0.2714622252950054,False,0.33711322216080103,NEITHER
2025-03-17,36.6454,False,0.1496315477545745,False,0.34429843742607,NEITHER
2025-03-18,36.6908,False,0.1778518969562899,False,0.3431312979809181,NEITHER
2025-03-19,37.808,True,6.410805166710201,True,0.5811876091698724,BOTH
2025-03-20,37.8242,True,1.6386510938862815,False,0.46321371387063126,BASELINE_ONLY
2025-03-21,37.839,True,1.6453487279650083,False,0.4624167263235061,BASELINE_ONLY
2025-03-24,37.9769,True,1.6108840307667356,False,0.45979223014588055,BASELINE_ONLY
2025-03-25,37.979,True,1.6277926156712643,False,0.4614695126417631,BASELINE_ONLY
2025-03-26,37.9973,False,0.1836601520451654,False,0.3485670705867171,NEITHER
2025-03-27,37.9622,False,0.2127011547895461,False,0.3479891380500161,NEITHER
2025-03-28,37.9821,False,0.2119725992191003,False,0.34511363652481547,NEITHER
2025-03-31,37.9447,False,0.1107841642208864,False,0.35634889962139393,NEITHER
2025-04-01,37.9461,False,0.0913943526018221,False,0.35357447797096114,NEITHER
2025-04-02,37.9435,False,0.0807382056066405,False,0.35492473596071783,NEITHER
2025-04-03,37.9101,False,0.1092605121255935,False,0.35600420046393166,NEITHER
2025-04-04,37.9772,False,0.1366642230100365,False,0.34746957468373296,NEITHER
2025-04-07,37.9771,False,0.1200227063041929,False,0.34731212820748075,NEITHER
2025-04-08,37.9207,False,0.1514445568254731,False,0.35086052877145574,NEITHER
2025-04-09,37.9793,False,0.1781575383278307,False,0.34418488337104447,NEITHER
2025-04-10,37.9132,False,0.2021160121760924,False,0.3480329280110024,NEITHER
2025-04-11,38.03,False,0.2515887739713832,False,0.34528107897957994,NEITHER
2025-04-14,38.032,False,0.2513936941135909,False,0.3430534205511816,NEITHER
2025-04-15,38.0832,False,0.2222930861686508,False,0.34466393902810566,NEITHER
2025-04-16,38.1278,False,0.2188519819123074,False,0.34234964080949454,NEITHER
2025-04-17,37.9702,False,0.820575621265265,False,0.3841759054270416,NEITHER
2025-04-18,38.1008,False,0.4712907434670902,False,0.3527500128343373,NEITHER
2025-04-21,38.212,False,0.3635969298442656,False,0.34512965967172465,NEITHER
2025-04-22,38.2629,False,0.3638660910434032,False,0.3396936872123387,NEITHER
2025-04-23,38.3008,False,0.3636305972722639,False,0.33789779250884117,NEITHER
2025-04-24,38.3395,False,0.1401809590548861,False,0.3454234366228627,NEITHER
2025-04-25,38.4149,False,0.2039273881058946,False,0.3483557404562131,NEITHER
2025-04-28,38.4339,False,0.0659177639648101,False,0.3482806386719467,NEITHER
2025-04-29,38.4866,False,0.1014674861411343,False,0.35008960702605596,NEITHER
2025-04-30,38.4903,False,0.0894282639802164,False,0.3438081821401595,NEITHER
2025-05-01,38.4421,False,0.2744888875526619,False,0.34699054030971016,NEITHER
2025-05-02,38.5687,False,0.3577867190656626,False,0.34384640653646203,NEITHER
2025-05-05,38.5637,False,0.2110273282790274,False,0.33626270835893435,NEITHER
2025-05-06,38.6239,False,0.2135648634993907,False,0.33595712331132366,NEITHER
2025-05-07,38.6504,False,0.2096349296673404,False,0.33421499752029016,NEITHER
2025-05-08,38.6112,False,0.2600665387922415,False,0.3402672079627218,NEITHER
2025-05-09,38.7612,False,0.4195329230898259,False,0.3456718841209755,NEITHER
2025-05-12,38.7747,False,0.2201957933364549,False,0.3342666998910134,NEITHER
2025-05-13,38.7892,False,0.2202810054885165,False,0.3337936650208329,NEITHER
2025-05-14,38.7704,False,0.2321602380202507,False,0.3358943272949539,NEITHER
2025-05-15,38.7145,False,0.3077836643502723,False,0.34357177913766707,NEITHER
2025-05-16,38.852,False,0.4178294736930247,False,0.3464121892799754,NEITHER
2025-05-19,38.8038,False,0.3571341347763379,False,0.34748892885867155,NEITHER
2025-05-20,38.8394,False,0.2485256149370258,False,0.3339105013626117,NEITHER
2025-05-21,38.8704,False,0.244222294834284,False,0.3337203367707765,NEITHER
2025-05-22,38.9174,False,0.2059474603890267,False,0.3357741562992377,NEITHER
2025-05-23,38.9344,False,0.1173665690390647,False,0.33781972244239006,NEITHER
2025-05-26,38.9598,False,0.0350899996262309,False,0.355187880176675,NEITHER
2025-05-27,38.9837,False,0.0353293518448872,False,0.35401059087204106,NEITHER
2025-05-28,39.097,False,0.3724166669023958,False,0.350228125241633,NEITHER
2025-05-29,39.1054,False,0.1334664586766569,False,0.3389803258144306,NEITHER
2025-05-30,39.2289,False,0.3765148872666155,False,0.3489472378164993,NEITHER
2025-06-02,39.1961,False,0.2778955599108281,False,0.34286039410136304,NEITHER
2025-06-03,39.1492,False,0.3246465940409967,False,0.34545929788850416,NEITHER
2025-06-04,39.1642,False,0.2065504474064235,False,0.3355539118567504,NEITHER
2025-06-05,39.2864,False,0.3836256616242833,False,0.3427557891770218,NEITHER
2025-06-06,39.2423,False,0.3033622821498201,False,0.34385059472247126,NEITHER
2025-06-09,39.2561,False,0.2102513117024256,False,0.33422319914230736,NEITHER
2025-06-10,39.2056,False,0.3102384583592437,False,0.34439138093685123,NEITHER
2025-06-11,39.1681,False,0.574322493059132,False,0.34849444942920127,NEITHER
2025-06-12,39.3445,False,0.7226100511642921,False,0.36663828511505686,NEITHER
2025-06-13,39.2169,False,0.8206673771281935,False,0.3824600438943302,NEITHER
2025-06-16,39.3602,False,0.9553304899871684,False,0.3778858597393464,NEITHER
2025-06-17,39.4751,False,0.930448660947455,False,0.3704906164847455,NEITHER
2025-06-18,39.516,False,0.8632830868744757,False,0.3597074205455683,NEITHER
2025-06-19,39.6085,False,0.7658950965967356,False,0.35208944040661144,NEITHER
2025-06-20,39.6706,False,0.2914330433018803,False,0.3428306638079384,NEITHER
2025-06-23,39.6149,False,0.4646790054037394,False,0.34672601390775604,NEITHER
2025-06-24,39.5944,False,0.4258259603722475,False,0.33904893820203197,NEITHER
2025-06-25,39.7576,False,0.5991998030132984,False,0.3516453092586997,NEITHER
2025-06-26,39.7712,False,0.5831952849126668,False,0.3401780320548362,NEITHER
2025-06-27,39.8993,False,0.644845208760967,False,0.3500754161853843,NEITHER
2025-06-30,39.8102,False,0.6941967711944578,False,0.36033064918573493,NEITHER
2025-07-01,39.8237,False,0.676964421306691,False,0.3462937515394622,NEITHER
2025-07-02,39.7761,False,0.5439164457909361,False,0.34984993017779864,NEITHER
2025-07-03,39.8232,False,0.5679557318824283,False,0.3414775073026262,NEITHER
2025-07-04,39.862,False,0.400543543858022,False,0.3376958398170582,NEITHER
2025-07-07,39.9734,False,0.3889053961488755,False,0.3410659432670745,NEITHER
2025-07-08,40.0353,False,0.3888650074481162,False,0.3368495975725612,NEITHER
2025-07-09,40.0431,False,0.2560779078154314,False,0.3390778370280895,NEITHER
2025-07-10,40.0815,False,0.2774510051027084,False,0.3366983088263282,NEITHER
2025-07-11,40.1704,False,0.2973254017064489,False,0.3400386770947176,NEITHER
2025-07-14,40.1734,False,0.2665569121696065,False,0.33760905098302463,NEITHER
2025-07-15,40.2048,False,0.251204910272871,False,0.33560973300460895,NEITHER
2025-07-16,40.2497,False,0.2276887416798028,False,0.3371040465648845,NEITHER
2025-07-17,40.2957,False,0.2276891775248681,False,0.33717106618970555,NEITHER
2025-07-18,40.3912,False,0.2437812596715764,False,0.34358195502144945,NEITHER
2025-07-21,40.3844,False,0.2659903343843045,False,0.3389268255203549,NEITHER
2025-07-22,40.4147,False,0.2669221524483841,False,0.33623760627204236,NEITHER
2025-07-23,40.4534,False,0.2671811966248438,False,0.3369432296259953,NEITHER
2025-07-24,40.7511,True,1.277278383664907,False,0.4145167416369703,BASELINE_ONLY
2025-07-25,40.5557,True,1.0853830838896,False,0.41931496041229066,BASELINE_ONLY
2025-07-28,40.5562,True,1.083579624015898,False,0.38722365419198,BASELINE_ONLY
2025-07-29,40.5763,True,1.0853064165968374,False,0.3874322334653241,BASELINE_ONLY
2025-07-30,40.5856,True,1.08601104507296,False,0.38640249515004216,BASELINE_ONLY
2025-07-31,40.638,False,0.6100556422392646,False,0.3523326768508144,NEITHER
2025-08-01,40.647,False,0.1286940367237806,False,0.3474284317863701,NEITHER
2025-08-04,40.6608,False,0.1150834883783309,False,0.3467264091745717,NEITHER
2025-08-05,40.6734,False,0.1175503057265973,False,0.34652954164591576,NEITHER
2025-08-06,40.6454,False,0.1800505431392499,False,0.34635290777227157,NEITHER
2025-08-07,40.6128,False,0.1835676806906492,False,0.3521543824645815,NEITHER
2025-08-08,40.6825,False,0.2661619339646862,False,0.34227077459301525,NEITHER
2025-08-11,40.7088,False,0.2744232476215945,False,0.3374951836891103,NEITHER
2025-08-12,40.7258,False,0.27513946149453,False,0.3369220524917875,NEITHER
2025-08-13,40.7739,False,0.2503060420820853,False,0.33789282878912363,NEITHER
2025-08-14,40.8279,False,0.1386431734433197,False,0.3462713748995658,NEITHER
2025-08-15,40.8638,False,0.0986515854576184,False,0.34855939026036686,NEITHER
2025-08-18,40.8789,False,0.1146937866087305,False,0.3441417915567443,NEITHER
2025-08-19,40.8937,False,0.118310278965705,False,0.34306255203303493,NEITHER
2025-08-20,40.9321,False,0.1097506374104444,False,0.3437595662515699,NEITHER
2025-08-21,40.9374,False,0.0947984670351047,False,0.3459599337383669,NEITHER
2025-08-22,40.988,False,0.188456144061582,False,0.3471536949426265,NEITHER
2025-08-25,40.9925,False,0.149644794340387,False,0.3446723990910034,NEITHER
2025-08-26,41.0433,False,0.2503775092774608,False,0.34609576422888166,NEITHER
2025-08-27,41.0374,False,0.25478905879652,False,0.3459812492613131,NEITHER
2025-08-28,41.0458,False,0.1833035485725297,False,0.3403554708160843,NEITHER
2025-08-29,41.1402,False,0.6403741196722633,False,0.35796721713018076,NEITHER
2025-09-01,41.1162,False,0.3882394318474501,False,0.34972913884253815,NEITHER
2025-09-02,41.1404,False,0.3114851288632954,False,0.33543309154776463,NEITHER
2025-09-03,41.1597,False,0.2991338462260766,False,0.33561175860305165,NEITHER
2025-09-04,41.1573,False,0.3193085992293563,False,0.33930673862701566,NEITHER
2025-09-05,41.2411,False,0.4872237964198939,False,0.3491393358956821,NEITHER
2025-09-08,41.2487,False,0.2578728188794355,False,0.33797200542392275,NEITHER
2025-09-09,41.2581,False,0.2687144010830704,False,0.33705439868954873,NEITHER
2025-09-10,41.2704,False,0.2713980808790646,False,0.33678036198745603,NEITHER
2025-09-11,41.3269,False,0.2700937051098087,False,0.34090578877271177,NEITHER
2025-09-12,41.3597,False,0.1638771300203143,False,0.34229959377704583,NEITHER
2025-09-15,41.2925,False,0.7662382374111706,False,0.37438966030915305,NEITHER
2025-09-16,41.2349,False,0.5386688231150324,False,0.36949946233711356,NEITHER
2025-09-17,41.2799,False,0.4785142427439176,False,0.34595911295258375,NEITHER
2025-09-18,41.2899,False,0.4177473794003309,False,0.3426626234650221,NEITHER
2025-09-19,41.3754,False,0.5380313343082437,False,0.35084250051284915,NEITHER
2025-09-22,41.3658,False,0.4584580694052088,False,0.33984679382082295,NEITHER
2025-09-23,41.3941,False,0.3065483091124126,False,0.3381250684637053,NEITHER
2025-09-24,41.4428,False,0.3137073976856208,False,0.338605597126804,NEITHER
2025-09-25,41.4835,False,0.294874955800413,False,0.33791830901181824,NEITHER
2025-09-26,41.5663,False,0.3536369981962319,False,0.3430264548419938,NEITHER
2025-09-29,41.5876,False,0.2071086128072922,False,0.33953624265938454,NEITHER
2025-09-30,41.5853,False,0.2747218264487554,False,0.33825358367051234,NEITHER
2025-10-01,41.5626,False,0.3498708842674066,False,0.3428886175159102,NEITHER
2025-10-02,41.6007,False,0.3476528492474759,False,0.33573990384946567,NEITHER
2025-10-03,41.6842,False,0.3633999390896342,False,0.3426877633221966,NEITHER
2025-10-06,41.6917,False,0.3559004580061489,False,0.33546116740633153,NEITHER
2025-10-07,41.6921,False,0.3522745398991896,False,0.33625874397639804,NEITHER
2025-10-08,41.6959,False,0.3022112785545499,False,0.3358772484788143,NEITHER
2025-10-09,41.7439,False,0.3112344572918702,False,0.3367057404259635,NEITHER
2025-10-10,41.8312,False,0.3935304828312476,False,0.344205530185662,NEITHER
2025-10-13,41.8054,False,0.3836303312114962,False,0.34442040662831513,NEITHER
2025-10-14,41.8173,False,0.3736552895972451,False,0.33597067376189055,NEITHER
2025-10-15,41.8402,False,0.3609128873349548,False,0.33480855826089845,NEITHER
2025-10-16,41.8426,False,0.4656982119403482,False,0.33962583597268103,NEITHER
2025-10-17,41.9043,False,0.4556466604999218,False,0.34175277384188013,NEITHER
2025-10-20,41.9564,False,0.3651371719437444,False,0.34013826808219044,NEITHER
2025-10-21,41.97,False,0.3608401101510093,False,0.33899186865963155,NEITHER
2025-10-22,41.9703,False,0.4093410476281179,False,0.34072607315569514,NEITHER
2025-10-23,42.0024,False,0.3661554329236105,False,0.3378836536911824,NEITHER
2025-10-24,41.9391,False,0.653835089756547,False,0.374149682168093,NEITHER
2025-10-27,41.877,False,0.5762672159021988,False,0.37884521180292613,NEITHER
2025-10-28,41.9357,False,0.7119686827487846,False,0.35905886862376096,NEITHER
2025-10-29,41.9493,False,0.7320921967962511,False,0.3541018126270655,NEITHER
2025-10-30,41.9615,False,0.7109519521084214,False,0.3545015942706846,NEITHER
2025-10-31,42.0611,False,0.7907710211187046,False,0.369002047335863,NEITHER
2025-11-03,42.049,False,0.5789322796746776,False,0.34778046686065117,NEITHER
2025-11-04,42.0909,False,0.5556296879440219,False,0.3440073486984608,NEITHER
2025-11-05,42.0903,False,0.5805696576493216,False,0.3434160198561673,NEITHER
2025-11-06,42.105,False,0.5814973983222697,False,0.3422348560052708,NEITHER
2025-11-07,42.2081,False,0.5773171230218002,False,0.35316551275220553,NEITHER
2025-11-10,42.2331,False,0.5051567913284707,False,0.3398806907025144,NEITHER
2025-11-11,42.2206,False,0.5680806017335486,False,0.3451773843722195,NEITHER
2025-11-12,42.2306,False,0.5520657436399315,False,0.34057962256761987,NEITHER
2025-11-13,42.2506,False,0.5486648919849103,False,0.34066693982230445,NEITHER
2025-11-14,42.2451,False,0.2014369175547086,False,0.3462482786806904,NEITHER
2025-11-17,42.3089,False,0.3725188990298488,False,0.34189294229980804,NEITHER
2025-11-18,42.3322,False,0.320938860301899,False,0.3378689757058479,NEITHER
2025-11-19,42.3518,False,0.312260823486104,False,0.33794008225796474,NEITHER
2025-11-20,42.3676,False,0.3156369788378494,False,0.3379308946482199,NEITHER
2025-11-21,42.4369,False,0.3305156485057457,False,0.34385795345622805,NEITHER
2025-11-24,42.4184,False,0.3995057178058657,False,0.3464592216316883,NEITHER
2025-11-25,42.4144,False,0.4236467468474502,False,0.342720077976656,NEITHER
2025-11-26,42.4397,False,0.4265403376694738,False,0.33807429199977623,NEITHER
2025-11-27,42.435,False,0.4452184451765177,False,0.3413529843268416,NEITHER
2025-11-28,42.5007,False,0.4319400437198792,False,0.34332404730739857,NEITHER
2025-12-01,42.4321,False,0.698331485211296,False,0.37697859525768324,NEITHER
2025-12-02,42.4447,False,0.6051030051826388,False,0.3481605472834617,NEITHER
2025-12-03,42.4437,False,0.5893900558531108,False,0.348537794627072,NEITHER
2025-12-04,42.4994,False,0.6582381095308674,False,0.35091573317485936,NEITHER
2025-12-05,42.5291,False,0.5733891215009782,False,0.3447913585144594,NEITHER
2025-12-08,42.5687,False,0.2853301440916082,False,0.34343682528844727,NEITHER
2025-12-09,42.5875,False,0.2849997139888386,False,0.34140087847975875,NEITHER
2025-12-10,42.5938,False,0.2534653491749383,False,0.3431427317083747,NEITHER
2025-12-11,42.5971,False,0.2047224251713565,False,0.3447003686656848,NEITHER
2025-12-12,42.6945,False,0.6101587394616286,False,0.3582809470176109,NEITHER
2025-12-15,42.6941,False,0.5432730137815507,False,0.34240058178331445,NEITHER
2025-12-16,42.6948,False,0.5612638660392005,False,0.3432704450047273,NEITHER
2025-12-17,42.7184,False,0.5527204409177447,False,0.3416763437067219,NEITHER
2025-12-18,42.728,False,0.5440367321312986,False,0.34135220500790536,NEITHER
2025-12-19,42.8012,False,0.4078410090172211,False,0.34498238266681047,NEITHER
2025-12-22,42.8122,False,0.3856392884527249,False,0.33810770411415786,NEITHER
2025-12-23,42.8227,False,0.3644899765903994,False,0.33788188274886627,NEITHER
2025-12-24,42.8411,False,0.3715929073817122,False,0.3381989164033435,NEITHER
2025-12-25,42.8461,False,0.3811493968038339,False,0.33928945606522815,NEITHER
2025-12-26,42.9027,False,0.2869215348983928,False,0.3440824337820869,NEITHER
2025-12-29,42.9289,False,0.2789659877654762,False,0.3401681788244517,NEITHER
2025-12-30,42.934,False,0.2927852552347309,False,0.3415983094475751,NEITHER
2025-12-31,42.9256,False,0.3492072040222048,False,0.3470075842008769,NEITHER
2026-01-01,42.9562,False,0.3449718501141161,False,0.3390154954633219,NEITHER
2026-01-02,43.0237,False,0.405315248230059,False,0.34578577821985645,NEITHER
2026-01-05,43.0151,False,0.4568654012637323,False,0.3472238227890327,NEITHER
2026-01-06,43.0317,False,0.4474452358074849,False,0.33917392538254276,NEITHER
2026-01-07,43.0342,False,0.4168567925317558,False,0.34130549698802853,NEITHER
2026-01-08,43.0385,False,0.4221327820112224,False,0.339668987953959,NEITHER
2026-01-09,43.1297,False,0.5702784746806409,False,0.35825960878996943,NEITHER
2026-01-12,43.1112,False,0.5805173187411136,False,0.3545813340459707,NEITHER
2026-01-13,43.1528,False,0.5935959626261018,False,0.34497116807079703,NEITHER
2026-01-14,43.1739,False,0.57359891535608,False,0.3424814226534447,NEITHER
2026-01-15,43.1825,False,0.5659288665514934,False,0.3433145732597505,NEITHER
2026-01-16,43.2756,False,0.5828796433939778,False,0.35835674286530994,NEITHER
2026-01-19,43.2572,False,0.6059975024863485,False,0.3540098766373715,NEITHER
2026-01-20,43.2731,False,0.6071317691612733,False,0.3437052519727849,NEITHER
2026-01-21,43.2949,False,0.6073077994076177,False,0.34408140723554603,NEITHER
2026-01-22,43.2557,False,0.7200641175997102,False,0.36847783742627355,NEITHER
2026-01-23,43.363,False,0.7948466705147286,False,0.37255056131053715,NEITHER
2026-01-26,43.3512,False,0.7810707718083238,False,0.3572746185784409,NEITHER
2026-01-27,43.4006,False,0.801560380878459,False,0.35492360771773507,NEITHER
2026-01-28,43.3978,False,0.8214833674837998,False,0.3567333453144273,NEITHER
2026-01-29,43.4066,False,0.6926095104553429,False,0.34930895668118456,NEITHER
2026-01-30,43.4888,False,0.5703701256555465,False,0.34807876401959803,NEITHER
2026-02-02,43.4709,False,0.585497581452366,False,0.3482567872604719,NEITHER
2026-02-03,43.4814,False,0.55489801790306,False,0.34126906392963274,NEITHER
2026-02-04,43.5189,False,0.5435692508273178,False,0.34115170622628094,NEITHER
2026-02-05,43.5344,False,0.5353223205654866,False,0.3401083805005126,NEITHER
2026-02-06,43.6024,False,0.455344792321006,False,0.3421439963975417,NEITHER
2026-02-09,43.5901,False,0.4328134723072325,False,0.34200071914618313,NEITHER
2026-02-10,43.6254,False,0.4221799841924076,False,0.33779947339896826,NEITHER
2026-02-11,43.6403,False,0.4229450170144628,False,0.3373693385581912,NEITHER
2026-02-12,43.645,False,0.4387859314227234,False,0.3384289050150077,NEITHER
2026-02-13,43.7288,False,0.5190519256722051,False,0.34788357569322176,NEITHER
2026-02-16,43.704,False,0.5652033203573315,False,0.35083337128493264,NEITHER
2026-02-17,43.7239,False,0.5591337110285381,False,0.34140016559874437,NEITHER
2026-02-18,43.7597,False,0.5649573673512706,False,0.34180397891349745,NEITHER
2026-02-19,43.7574,False,0.5787073009388376,False,0.34355535493822853,NEITHER
2026-02-20,43.829,False,0.5145136564663952,False,0.3458710141314572,NEITHER
2026-02-23,43.835,False,0.4334995146205054,False,0.34014068556191074,NEITHER
2026-02-24,43.8432,False,0.4491454841299734,False,0.3404885978223172,NEITHER
2026-02-25,43.865,False,0.4401199340533569,False,0.33902064542414606,NEITHER
2026-02-26,43.8838,False,0.4019422302167458,False,0.3390784907179994,NEITHER
2026-02-27,43.9347,False,0.2672987719088412,False,0.3451290483725371,NEITHER
2026-03-02,43.9517,False,0.2420338824334826,False,0.3429105468403564,NEITHER
2026-03-03,43.9584,False,0.2469916576431142,False,0.344280626834595,NEITHER
2026-03-04,43.9555,False,0.3015164881866423,False,0.3437999495461849,NEITHER
2026-03-05,43.9944,False,0.3323246189159728,False,0.3411594829295619,NEITHER
2026-03-06,44.068,False,0.4643077282814386,False,0.34904104721195744,NEITHER
2026-03-09,44.0366,False,0.6036755809398615,False,0.36238151877419467,NEITHER
2026-03-10,44.0652,False,0.6026562533475662,False,0.34487065085203816,NEITHER
2026-03-11,44.0828,False,0.5709641544911742,False,0.3433007741987814,NEITHER
2026-03-12,44.1219,False,0.5707910786736458,False,0.3441369133277786,NEITHER
2026-03-13,44.2207,False,0.6837644215210993,False,0.3675914320837339,NEITHER
2026-03-16,44.1694,False,0.7551325459163709,False,0.37450947708613147,NEITHER
2026-03-17,44.1903,False,0.756411026442362,False,0.35437233751125513,NEITHER
2026-03-18,44.2112,False,0.755167084271463,False,0.3531460567700253,NEITHER
2026-03-19,44.2949,False,0.8236830749992274,False,0.36582392146578374,NEITHER
2026-03-20,44.2976,False,0.6683751481317836,False,0.34841774900697137,NEITHER
2026-03-23,44.3048,False,0.4514347342430714,False,0.34005853944309855,NEITHER
2026-03-24,44.3373,False,0.4502729407209224,False,0.33905406990202014,NEITHER
2026-03-25,44.3411,False,0.4793784278571646,False,0.3413554344523209,NEITHER
2026-03-26,44.333,False,0.224662837657816,False,0.3491286919600448,NEITHER
2026-03-27,44.42,False,0.5163814610068846,False,0.3504231845163032,NEITHER
2026-03-30,44.4456,False,0.5031601707971466,False,0.33908436012136095,NEITHER
2026-03-31,44.4499,False,0.5199403111060982,False,0.34107593060765024,NEITHER
2026-04-01,44.4705,False,0.5029867991382078,False,0.3390354426302838,NEITHER
2026-04-02,44.461,False,0.5050087678864555,False,0.3440358874009216,NEITHER
2026-04-03,44.5811,False,0.6764702242494197,False,0.36521793067993197,NEITHER
2026-04-06,44.5698,False,0.7285218618064937,False,0.3527992264634306,NEITHER
2026-04-07,44.6045,False,0.7138573941947796,False,0.34765019632531446,NEITHER
2026-04-08,44.5158,False,0.9464933225982252,False,0.40040450799634186,NEITHER
2026-04-09,44.5674,False,0.957779486036249,False,0.3701679474814961,NEITHER
2026-04-10,44.6144,False,0.744891918781577,False,0.3529472546860853,NEITHER
2026-04-13,44.6864,False,0.8080955248216424,False,0.3575637450906429,NEITHER
2026-04-14,44.7241,False,0.8093951666137351,False,0.35279145094426384,NEITHER
2026-04-15,44.745,False,0.2368092843328187,False,0.34342571152064033,NEITHER
2026-04-16,44.7541,False,0.3134213112071615,False,0.33886205171027356,NEITHER
2026-04-17,44.8573,False,0.5003906054647458,False,0.35258967163240007,NEITHER
2026-04-20,44.8643,False,0.5170712856596029,False,0.34017918887980175,NEITHER
2026-04-21,44.879,False,0.5319546242031603,False,0.33959383419736455,NEITHER
2026-04-22,44.9199,False,0.5303064154533611,False,0.3400557550561846,NEITHER
2026-04-23,44.9251,False,0.5384807289955851,False,0.3408214242136623,NEITHER
2026-04-24,45.0098,False,0.4368873887387388,False,0.34386846973506996,NEITHER
2026-04-27,45.0347,False,0.4122216390199474,False,0.33780450543310486,NEITHER
2026-04-28,45.049,False,0.4133917290784705,False,0.3372372223970325,NEITHER
2026-04-29,45.1137,False,0.4488966428289059,False,0.3410733360705383,NEITHER
2026-04-30,45.1863,False,0.3994893745595869,False,0.3430688577425798,NEITHER
2026-05-01,45.1846,False,0.4195065421133538,False,0.3408398862316882,NEITHER
2026-05-04,45.1901,False,0.4559338968667586,False,0.3396328652921183,NEITHER
2026-05-05,45.2168,False,0.4422800218555363,False,0.33792699442283247,NEITHER
2026-05-06,45.2134,False,0.4135742685144044,False,0.34099045569573555,NEITHER
2026-05-07,45.2441,False,0.2091755505493486,False,0.34383971730681984,NEITHER
2026-05-08,45.3532,False,0.5895358745456453,False,0.35823789612816526,NEITHER
2026-05-11,45.3541,False,0.5854421537282939,False,0.3478046950578244,NEITHER
2026-05-12,45.382,False,0.5851817845547332,False,0.34256460244852777,NEITHER
2026-05-13,45.4209,False,0.5227276664896425,False,0.341961465331696,NEITHER
2026-05-14,45.4325,False,0.552326536290396,False,0.34348371793916016,NEITHER
2026-05-15,45.5176,False,0.4196329019864537,False,0.3459338507635607,NEITHER
2026-05-18,45.578,False,0.3673871191288362,False,0.3422189064427071,NEITHER
2026-05-19,45.5808,False,0.4358907782691872,False,0.3450824429894156,NEITHER
2026-05-20,45.5888,False,0.4716535490976387,False,0.3409631302649652,NEITHER
2026-05-21,45.5904,False,0.4918045980400219,False,0.34383176676940014,NEITHER
2026-05-22,45.7362,False,0.8119156124657689,False,0.3778022852881199,NEITHER
2026-05-25,45.6907,False,0.835259316981883,False,0.3751777324787128,NEITHER
2026-05-26,45.8839,True,1.0707768394705366,False,0.4118178916678165,BASELINE_ONLY
2026-05-27,45.9088,True,1.0558709546339244,False,0.37835346491868715,BASELINE_ONLY
2026-05-28,45.8729,True,1.1093750090908283,False,0.39216875330389994,BASELINE_ONLY
2026-05-29,45.8248,True,1.0376954354639851,False,0.38807467051753397,BASELINE_ONLY
2026-06-01,45.9011,False,0.999596480829794,False,0.375405145559981,NEITHER
2026-06-02,45.9392,False,0.5298486896224224,False,0.3413188300937047,NEITHER
2026-06-03,45.9653,False,0.5309403029700224,False,0.3409780529745046,NEITHER
2026-06-04,46.0303,False,0.4943675684512408,False,0.34190108476321796,NEITHER
2026-06-05,46.0408,False,0.2800327814561091,False,0.34040460409742584,NEITHER
2026-06-08,46.1073,False,0.2562100748519757,False,0.34140335103426306,NEITHER
2026-06-09,46.1238,False,0.2821799212561307,False,0.3392326333328885,NEITHER
2026-06-10,46.127,False,0.3228346503723512,False,0.33878598357090917,NEITHER
2026-06-11,46.2025,False,0.3548504331277557,False,0.3401883289134386,NEITHER
2026-06-12,46.269,False,0.3476023988230954,False,0.3390528856113604,NEITHER
2026-06-15,46.2985,False,0.3300721204839865,False,0.33771535206365766,NEITHER
2026-06-16,46.2902,False,0.387414852593252,False,0.33979720713517153,NEITHER
2026-06-17,46.3601,False,0.3703665643263786,False,0.3393846621499572,NEITHER
2026-06-18,46.4529,False,0.4099014212612352,False,0.34317139701013455,NEITHER
2026-06-19,46.4438,False,0.474553101001569,False,0.34338514604148734,NEITHER
2026-06-22,46.4656,False,0.4781250756070366,False,0.3402410078002042,NEITHER
2026-06-23,46.4739,False,0.4446930673369949,False,0.3397928372785449,NEITHER
2026-06-24,46.5056,False,0.4014207917356641,False,0.3379011022692387,NEITHER
2026-06-25,46.5673,False,0.2755767719598912,False,0.3437363505845582,NEITHER
2026-06-26,46.6255,False,0.2466834148772801,False,0.34495278074271374,NEITHER
2026-06-29,46.6471,False,0.2491083760255141,False,0.3437467837063374,NEITHER
2026-06-30,46.6592,False,0.2367800946705092,False,0.34508604465842624,NEITHER
2026-07-01,46.6625,False,0.3079234882619115,False,0.3447526043016993,NEITHER
2026-07-02,46.7081,False,0.263712521744033,False,0.3423444374216563,NEITHER
2026-07-03,46.8088,False,0.5067305404579882,False,0.35369516166752313,NEITHER
2026-07-06,46.8181,False,0.4576905809605112,False,0.3425689263555457,NEITHER
2026-07-07,46.8496,False,0.4380521216418797,False,0.33919805256465674,NEITHER
2026-07-08,46.8294,False,0.5010787960852876,False,0.3577003737763709,NEITHER
2026-07-09,46.9009,False,0.5343156348680582,False,0.34626414789056237,NEITHER
2026-07-10,46.9929,False,0.5071294680604719,False,0.351116727011812,NEITHER
2026-07-13,46.9933,False,0.5228310466373934,False,0.3467323337393639,NEITHER
2026-07-14,47.0327,False,0.5236051263967438,False,0.3426154362768833,NEITHER
2026-07-15,47.0397,False,0.4418926703532473,False,0.3424376669520175,NEITHER
2026-07-16,47.1003,False,0.4225935573817375,False,0.34135671338883533,NEITHER
2026-07-17,47.1623,False,0.3247409481001738,False,0.34225620469207135,NEITHER
2026-07-20,47.1697,False,0.302487949531857,False,0.34268247266707413,NEITHER
2026-07-21,47.1865,False,0.3137992493756085,False,0.34016330521497634,NEITHER
2026-07-22,47.2159,False,0.2802981308532765,False,0.339833892268038,NEITHER
2026-07-23,47.2676,False,0.2587214089650315,False,0.34334157500370427,NEITHER
2026-07-24,47.3323,False,0.2681995869014942,False,0.3453379969080331,NEITHER
2026-07-27,47.3448,False,0.2535229677655087,False,0.3433605426817711,NEITHER
2026-07-28,47.3771,False,0.2292332701065493,False,0.34321758406044395,NEITHER
2026-07-29,47.3904,False,0.2621272428435154,False,0.34233758508199674,NEITHER
2026-07-30,47.4289,False,0.2426605555474165,False,0.34141947281989793,NEITHER
2026-07-31,47.5127,False,0.3559311091529456,False,0.34593261144295295,NEITHER
2026-08-03,47.5316,False,0.3205498160802321,False,0.3404408051437636,NEITHER
2026-08-04,47.528,False,0.3832116470467572,False,0.34657577746155144,NEITHER
2026-08-05,47.5669,False,0.3684573236574266,False,0.3386836437669259,NEITHER
2026-08-06,47.6245,False,0.3864662291012488,False,0.3409507680448447,NEITHER
2026-08-07,47.7111,False,0.396268979573304,False,0.34723045447070594,NEITHER
