Date,USDTRY,Anomaly_State,Baseline_Anomaly,Baseline_Anomaly_Score,Rules_Breached,Primary_Reason,Score_Return_Z,Score_Volatility_Ratio,Score_Drawdown_Change,Score_Absolute_Return,IF_Anomaly_Score,IF_Training_Percentile,Inference_Mode
2017-04-24,3.573,NORMAL,False,0.588893549648663,0,LOCAL_RETURN_SHOCK,0.588893549648663,0.4993906128184244,0.15882959738202196,0.46083898793989,0.4415031585941437,0.8569072164948454,TRAINING_REFERENCE
2017-04-25,3.5797,NORMAL,False,0.5241594478821543,0,VOLATILITY_ACCELERATION,0.06752974078540712,0.5241594478821543,0.08453580548507991,0.0468793730758475,0.3885046001180773,0.6977319587628866,TRAINING_REFERENCE
2017-04-26,3.5783,NORMAL,False,0.48554395406835876,0,VOLATILITY_ACCELERATION,0.019091134859251988,0.48554395406835876,0.014190853669149989,0.0097773556443275,0.38607418557799905,0.6779381443298969,TRAINING_REFERENCE
2017-04-27,3.5612,NORMAL,False,0.47581202272421985,0,VOLATILITY_ACCELERATION,0.11280445135672579,0.47581202272421985,0.08606344897294199,0.11947013945169499,0.3882956533210616,0.6960824742268041,TRAINING_REFERENCE
2017-04-28,3.5516,NORMAL,False,0.46791246120203883,0,VOLATILITY_ACCELERATION,0.042741715352328076,0.46791246120203883,0.43270209237283597,0.0673930135909225,0.40147386775556615,0.7538144329896908,TRAINING_REFERENCE
2017-05-01,3.5545,NORMAL,False,0.15839938784121252,0,VOLATILITY_ACCELERATION,0.05660414544876828,0.15839938784121252,0.09802103478422003,0.020413334835,0.38331738903774154,0.6552577319587629,TRAINING_REFERENCE
2017-05-02,3.5273,NORMAL,False,0.2776379579834179,0,DRAWDOWN_SHIFT,0.18800169456315158,0.20597537369552807,0.2776379579834179,0.19130679420452748,0.4074743476256077,0.7723711340206185,TRAINING_REFERENCE
2017-05-03,3.5349,NORMAL,False,0.2440415716889604,0,VOLATILITY_ACCELERATION,0.12745159389701924,0.2440415716889604,0.2299520491694719,0.0538655628951325,0.39155378348426567,0.7109278350515464,TRAINING_REFERENCE
2017-05-04,3.554,NORMAL,False,0.3048200363827033,0,VOLATILITY_ACCELERATION,0.23400110548246877,0.3048200363827033,0.03814872705115796,0.13508161475572,0.372370359657223,0.5604123711340206,TRAINING_REFERENCE
2017-05-05,3.5441,NORMAL,False,0.30587624559305177,0,VOLATILITY_ACCELERATION,0.019921999795784462,0.30587624559305177,0.03973825734495812,0.0696398424310625,0.3664550456326346,0.502680412371134,TRAINING_REFERENCE
2017-05-08,3.5851,NORMAL,False,0.4463368609995353,0,VOLATILITY_ACCELERATION,0.43612611143718644,0.4463368609995353,0.162132089967416,0.289213058322285,0.38375482127763966,0.6585567010309278,TRAINING_REFERENCE
2017-05-09,3.6239,NORMAL,False,0.5118287546030159,0,DRAWDOWN_SHIFT,0.3682590468695384,0.3592613668187193,0.5118287546030159,0.2705642799364025,0.3998412135785453,0.7468041237113402,TRAINING_REFERENCE
2017-05-10,3.5874,NORMAL,False,0.548099467232532,0,VOLATILITY_ACCELERATION,0.25426095769183293,0.548099467232532,0.27816780141468184,0.25180054637269,0.3866917577500656,0.6828865979381443,TRAINING_REFERENCE
2017-05-11,3.5758,NORMAL,False,0.5619250239595105,0,VOLATILITY_ACCELERATION,0.06886079721598401,0.5619250239595105,0.11550586801600204,0.080838490271505,0.3697391712515736,0.5364948453608247,TRAINING_REFERENCE
2017-05-12,3.5731,NORMAL,False,0.5582097433836414,0,VOLATILITY_ACCELERATION,0.01195669206422536,0.5582097433836414,0.15365459506716,0.01887689468091,0.3675658033811302,0.5142268041237114,TRAINING_REFERENCE
2017-05-15,3.5483,NORMAL,False,0.4761886847069073,0,VOLATILITY_ACCELERATION,0.16324123729835815,0.4761886847069073,0.1949823827059119,0.1735187932047825,0.3796214536821235,0.6317525773195877,TRAINING_REFERENCE
2017-05-16,3.5392,NORMAL,False,0.448777386282352,0,DRAWDOWN_SHIFT,0.016651868257149902,0.2224467252875275,0.448777386282352,0.0641152101006075,0.39778887113048816,0.7369072164948454,TRAINING_REFERENCE
2017-05-17,3.5681,NORMAL,False,0.35279502793175477,0,LOCAL_RETURN_SHOCK,0.35279502793175477,0.3362200220835495,0.1022597822343499,0.2041421790235075,0.3767730084935498,0.6041237113402061,TRAINING_REFERENCE
2017-05-18,3.6251,NORMAL,False,0.6018025684884698,0,LOCAL_RETURN_SHOCK,0.6018025684884698,0.534220005753199,0.26121281161416987,0.39937221490429003,0.407149956094583,0.7719587628865979,TRAINING_REFERENCE
2017-05-19,3.5753,NORMAL,False,0.6838686385226426,0,VOLATILITY_ACCELERATION,0.42357270704533934,0.6838686385226426,0.011656555487851994,0.34343880168823,0.4097031131341451,0.7785567010309279,TRAINING_REFERENCE
2017-05-22,3.5593,NORMAL,False,0.6639265662315533,0,VOLATILITY_ACCELERATION,0.10564500107970158,0.6639265662315533,0.05828277743926594,0.111878723463765,0.3820652855517005,0.6474226804123712,TRAINING_REFERENCE
2017-05-23,3.5704,NORMAL,False,0.6658733987588104,0,VOLATILITY_ACCELERATION,0.10873941316625248,0.6658733987588104,0.16531115055500797,0.0779647683533275,0.3843601841487771,0.6643298969072164,TRAINING_REFERENCE
2017-05-24,3.5604,NORMAL,False,0.6377834323755389,0,VOLATILITY_ACCELERATION,0.08907478133379909,0.6377834323755389,0.040797944207488085,0.07002016580774999,0.37910904466811335,0.6263917525773196,TRAINING_REFERENCE
2017-05-25,3.5667,NORMAL,False,0.40780059272383684,0,VOLATILITY_ACCELERATION,0.06558747265772952,0.40780059272383684,0.30942856385937995,0.044236602628914996,0.3759237175186769,0.5962886597938144,TRAINING_REFERENCE
2017-05-26,3.5777,NORMAL,False,0.217435073508067,0,VOLATILITY_ACCELERATION,0.09893584801562354,0.217435073508067,0.012716242350386125,0.0771020831581025,0.361171240667817,0.4515463917525773,TRAINING_REFERENCE
2017-05-29,3.5772,NORMAL,False,0.1542659870903232,0,VOLATILITY_ACCELERATION,0.01769382804529227,0.1542659870903232,0.09484197419662402,0.00349386477346,0.3603268035839907,0.44,TRAINING_REFERENCE
2017-05-30,3.5491,NORMAL,False,0.2723265247408659,0,LOCAL_RETURN_SHOCK,0.2723265247408659,0.26704001883950734,0.11285665085966998,0.196382645644635,0.37389620824289244,0.5740206185567011,TRAINING_REFERENCE
2017-05-31,3.527,NORMAL,False,0.31440529520460825,0,VOLATILITY_ACCELERATION,0.217581887662505,0.31440529520460825,0.1769677060428619,0.155673269279535,0.37583035408051324,0.5946391752577319,TRAINING_REFERENCE
2017-06-01,3.5246,NORMAL,False,0.2951708238739798,0,VOLATILITY_ACCELERATION,0.019453809829819133,0.2951708238739798,0.06289119494970602,0.0170116246101525,0.36347564149897266,0.4709278350515464,TRAINING_REFERENCE
2017-06-02,3.5098,NORMAL,False,0.2228901154864483,0,VOLATILITY_ACCELERATION,0.12609010994332032,0.2228901154864483,0.2002633754777361,0.10497645122850749,0.3856237623107814,0.6721649484536083,TRAINING_REFERENCE
2017-06-05,3.5237,NORMAL,False,0.31143250470364336,0,VOLATILITY_ACCELERATION,0.1456366648335772,0.31143250470364336,0.12333424596101206,0.09900849051228,0.37177248450772704,0.5550515463917526,TRAINING_REFERENCE
2017-06-06,3.5151,NORMAL,False,0.255599587324188,0,VOLATILITY_ACCELERATION,0.05616340139417171,0.255599587324188,0.02941470656647599,0.061015409938415,0.36435054359385166,0.48,TRAINING_REFERENCE
2017-06-07,3.5503,NORMAL,False,0.43741461403822895,0,LOCAL_RETURN_SHOCK,0.43741461403822895,0.38782384063269243,0.3351135286713819,0.25034849648658497,0.3815949482003506,0.6420618556701031,TRAINING_REFERENCE
2017-06-08,3.5244,NORMAL,False,0.47951775680748615,0,VOLATILITY_ACCELERATION,0.25225548182356916,0.47951775680748615,0.04888333946830997,0.18237895389122,0.36742366189017794,0.5129896907216495,TRAINING_REFERENCE
2017-06-09,3.5373,NORMAL,False,0.457625620831879,0,VOLATILITY_ACCELERATION,0.15841948123146748,0.457625620831879,0.19709161093653407,0.091504937010555,0.36407557316008804,0.4762886597938144,TRAINING_REFERENCE
2017-06-12,3.5164,NORMAL,False,0.4955120544846427,0,VOLATILITY_ACCELERATION,0.1952146123573203,0.4955120544846427,0.010828415697795996,0.147711531394,0.366139608965064,0.49938144329896905,TRAINING_REFERENCE
2017-06-13,3.5198,NORMAL,False,0.49183772185772384,0,VOLATILITY_ACCELERATION,0.05053686920157908,0.49183772185772384,0.02518284351809605,0.024172449095665,0.3572431242728441,0.39422680412371136,TRAINING_REFERENCE
2017-06-14,3.4878,NORMAL,False,0.37924836427533815,0,VOLATILITY_ACCELERATION,0.32062335886601606,0.37924836427533815,0.334878238272564,0.227285641229615,0.3962119479967592,0.7311340206185567,TRAINING_REFERENCE
2017-06-15,3.513,NORMAL,False,0.45954037100375345,0,VOLATILITY_ACCELERATION,0.30381336696314293,0.45954037100375345,0.061081790660913876,0.180629623258215,0.37034676754114687,0.5418556701030928,TRAINING_REFERENCE
2017-06-16,3.5027,NORMAL,False,0.43330526155084803,0,VOLATILITY_ACCELERATION,0.05813255971037524,0.43330526155084803,0.18538859270769203,0.0732991744947325,0.36858032133556257,0.5212371134020618,TRAINING_REFERENCE
2017-06-19,3.5228,NORMAL,False,0.4523157480612301,0,VOLATILITY_ACCELERATION,0.32379555507151747,0.4523157480612301,0.034291531599112135,0.1434607588431775,0.3639868364454866,0.47505154639175257,TRAINING_REFERENCE
2017-06-20,3.5444,NORMAL,False,0.493915291360548,0,VOLATILITY_ACCELERATION,0.3097565509678672,0.493915291360548,0.13180807458408203,0.1532871579425425,0.36509194015602303,0.48783505154639173,TRAINING_REFERENCE
2017-06-21,3.531,NORMAL,False,0.37062954725696845,0,VOLATILITY_ACCELERATION,0.15586072462884196,0.37062954725696845,0.2314678382939961,0.09451529172779499,0.36424581137984374,0.4795876288659794,TRAINING_REFERENCE
2017-06-22,3.5077,NORMAL,False,0.40191043566973444,0,VOLATILITY_ACCELERATION,0.2803146669122077,0.40191043566973444,0.028397674605514095,0.1649674313225725,0.3670098011526049,0.5092783505154639,TRAINING_REFERENCE
2017-06-23,3.5088,NORMAL,False,0.3897908935480614,0,VOLATILITY_ACCELERATION,0.049908223417359454,0.3897908935480614,0.032684116055402,0.00783989508795,0.3540544630362448,0.34515463917525774,TRAINING_REFERENCE
2017-06-26,3.5008,NORMAL,False,0.3329346183459145,0,VOLATILITY_ACCELERATION,0.059028908406197976,0.3329346183459145,0.11787713987194609,0.056999544003645,0.36033226193538204,0.44082474226804125,TRAINING_REFERENCE
2017-06-27,3.5263,NORMAL,False,0.3721818225123981,0,LOCAL_RETURN_SHOCK,0.3721818225123981,0.36603741679855656,0.09698073780373406,0.182101234003655,0.3693966214037871,0.5331958762886598,TRAINING_REFERENCE
2017-06-28,3.5128,NORMAL,False,0.3682440569467272,0,VOLATILITY_ACCELERATION,0.15542989116001368,0.3682440569467272,0.09751654298497198,0.0957093837733575,0.36087740474545776,0.44742268041237115,TRAINING_REFERENCE
2017-06-29,3.5265,NORMAL,False,0.3165237033302608,0,VOLATILITY_ACCELERATION,0.1838891228631456,0.3165237033302608,0.100731374072386,0.0975005693463925,0.35719235606080274,0.3934020618556701,TRAINING_REFERENCE
2017-06-30,3.5212,NORMAL,False,0.3286590182248351,0,VOLATILITY_ACCELERATION,0.06861407624710875,0.3286590182248351,0.06643984247327595,0.0375726641145625,0.3511776312385836,0.2977319587628866,TRAINING_REFERENCE
2017-07-03,3.5571,NORMAL,False,0.4509789329294605,0,LOCAL_RETURN_SHOCK,0.4509789329294605,0.4033175500415784,0.30165831703593005,0.2548846983982775,0.38132099322374646,0.6408247422680412,TRAINING_REFERENCE
2017-07-04,3.5594,NORMAL,False,0.3784343393384215,0,VOLATILITY_ACCELERATION,0.0066528261470598085,0.3784343393384215,0.17735151498914997,0.0161648533918075,0.3531217314258689,0.3303092783505155,TRAINING_REFERENCE
2017-07-05,3.6062,NORMAL,False,0.5299923978212084,0,LOCAL_RETURN_SHOCK,0.5299923978212084,0.4311972049491188,0.5004420392745199,0.32870708546384,0.4058451263856903,0.7678350515463918,TRAINING_REFERENCE
2017-07-06,3.6212,NORMAL,False,0.507407506630592,0,DRAWDOWN_SHIFT,0.1355858190553278,0.43010708935285275,0.507407506630592,0.10398757695080751,0.3809664541858609,0.6391752577319587,TRAINING_REFERENCE
2017-07-07,3.6182,NORMAL,False,0.685253031941116,0,DRAWDOWN_SHIFT,0.09276381066719243,0.4452805504367694,0.685253031941116,0.0207113663978775,0.3864794844275229,0.6808247422680412,TRAINING_REFERENCE
2017-07-10,3.6083,NORMAL,False,0.5885733265108699,0,DRAWDOWN_SHIFT,0.16388511990524232,0.4674847417448162,0.5885733265108699,0.0684041788734725,0.37391842743471637,0.5744329896907217,TRAINING_REFERENCE
2017-07-11,3.6139,NORMAL,False,0.606742592531662,0,DRAWDOWN_SHIFT,0.010640505035102506,0.4722017498558284,0.606742592531662,0.03879943463681,0.37174910819117307,0.5542268041237114,TRAINING_REFERENCE
2017-07-12,3.5672,NORMAL,False,0.6181773419201944,0,LOCAL_RETURN_SHOCK,0.6181773419201944,0.48493621071261,0.269719958218084,0.3230581919809625,0.39674893941181777,0.734020618556701,TRAINING_REFERENCE
2017-07-13,3.5657,NORMAL,False,0.4283329761369653,0,VOLATILITY_ACCELERATION,0.06330289278995238,0.4283329761369653,0.18864279850623797,0.0105124467369375,0.35855581221858995,0.417319587628866,TRAINING_REFERENCE
2017-07-14,3.5381,NORMAL,False,0.43555147473856914,0,VOLATILITY_ACCELERATION,0.35320578608550623,0.43555147473856914,0.03201183261271799,0.19351039066662748,0.3777191783326278,0.6111340206185567,TRAINING_REFERENCE
2017-07-17,3.5284,NORMAL,False,0.46434520018691444,0,VOLATILITY_ACCELERATION,0.1302259904813177,0.46434520018691444,0.18120195232858002,0.0685396116559725,0.36800907689495355,0.5175257731958763,TRAINING_REFERENCE
2017-07-18,3.5231,NORMAL,False,0.41240447444174705,0,VOLATILITY_ACCELERATION,0.06472010446080667,0.41240447444174705,0.240935310191656,0.0375524316970875,0.3719964475678855,0.5579381443298969,TRAINING_REFERENCE
2017-07-19,3.522,NORMAL,False,0.24276479633257855,0,VOLATILITY_ACCELERATION,0.0011664313828383072,0.24276479633257855,0.16073829879869597,0.00780562572734,0.3605300727737256,0.44288659793814433,TRAINING_REFERENCE
2017-07-20,3.5264,NORMAL,False,0.27227303126611657,0,VOLATILITY_ACCELERATION,0.05700760824641693,0.27227303126611657,0.13575672386377802,0.0312322544009075,0.35554247444483195,0.3661855670103093,TRAINING_REFERENCE
2017-07-21,3.5364,NORMAL,False,0.1750997084418557,0,VOLATILITY_ACCELERATION,0.11066509479769741,0.1750997084418557,0.009379051612372,0.07089382940108499,0.35170928579335026,0.30762886597938144,TRAINING_REFERENCE
2017-07-24,3.5567,NORMAL,False,0.22992702848592564,0,LOCAL_RETURN_SHOCK,0.22992702848592564,0.22343116679311634,0.15613362390003202,0.143507521773555,0.3552133308000676,0.36371134020618556,TRAINING_REFERENCE
2017-07-25,3.5724,NORMAL,False,0.27199249675871,0,DRAWDOWN_SHIFT,0.15331281721095408,0.19233377125051207,0.27199249675871,0.1103551044507525,0.3583753774328601,0.414020618556701,TRAINING_REFERENCE
2017-07-26,3.5385,NORMAL,False,0.47466246526171757,0,VOLATILITY_ACCELERATION,0.4417931153654713,0.47466246526171757,0.09103197153181995,0.23723547195163,0.3714429225194964,0.5501030927835051,TRAINING_REFERENCE
2017-07-27,3.5363,NORMAL,False,0.48024625158481343,0,VOLATILITY_ACCELERATION,0.04109743152812703,0.48024625158481343,0.05461918291909,0.01554330931185,0.3473967072058054,0.2379381443298969,TRAINING_REFERENCE
2017-07-28,3.5279,NORMAL,False,0.4775017120597775,0,VOLATILITY_ACCELERATION,0.10454365685623138,0.4775017120597775,0.04689525806184598,0.059384102027544995,0.35144022486493953,0.3014432989690722,TRAINING_REFERENCE
2017-07-31,3.5193,NORMAL,False,0.4035046646200996,0,VOLATILITY_ACCELERATION,0.1050443343752088,0.4035046646200996,0.20633913547212598,0.06094277048669,0.3590434075636269,0.4243298969072165,TRAINING_REFERENCE
2017-08-01,3.5271,NORMAL,False,0.3591949891821655,0,VOLATILITY_ACCELERATION,0.12202070269671232,0.3591949891821655,0.249924140023726,0.055408746057455,0.36423414733106885,0.47917525773195874,TRAINING_REFERENCE
2017-08-02,3.5305,NORMAL,False,0.174238399532526,0,VOLATILITY_ACCELERATION,0.06234168106867034,0.174238399532526,0.04413671346997196,0.024099118255792498,0.350732292780298,0.29237113402061854,TRAINING_REFERENCE
2017-08-03,3.5396,NORMAL,False,0.20788158041540758,0,VOLATILITY_ACCELERATION,0.1945798932578551,0.20788158041540758,0.018206394306364004,0.0644384648066875,0.3498535804678876,0.2779381443298969,TRAINING_REFERENCE
2017-08-04,3.528,NORMAL,False,0.22916877285334508,0,VOLATILITY_ACCELERATION,0.11725927783628105,0.22916877285334508,0.0005517089183759705,0.0819301616001775,0.35054822338344244,0.2890721649484536,TRAINING_REFERENCE
2017-08-07,3.5291,NORMAL,False,0.2002225400708612,0,VOLATILITY_ACCELERATION,0.08487327354618725,0.2002225400708612,0.054067474000717985,0.0077947845805,0.3485906527312044,0.25896907216494847,TRAINING_REFERENCE
2017-08-08,3.5338,NORMAL,False,0.18952514431767134,0,VOLATILITY_ACCELERATION,0.13201716710022154,0.18952514431767134,0.036964497531102036,0.0332946076903425,0.35095443306740326,0.2956701030927835,TRAINING_REFERENCE
2017-08-09,3.5376,NORMAL,False,0.19345099973108146,0,VOLATILITY_ACCELERATION,0.11885240516540774,0.19345099973108146,0.03917133320460196,0.0268832418359825,0.3497207297977978,0.27505154639175255,TRAINING_REFERENCE
2017-08-10,3.5418,NORMAL,False,0.18260316638332047,0,VOLATILITY_ACCELERATION,0.1085989477923599,0.18260316638332047,0.03318246067924399,0.029681139755765,0.350403108264679,0.2861855670103093,TRAINING_REFERENCE
2017-08-11,3.5369,NORMAL,False,0.11212092894065981,0,VOLATILITY_ACCELERATION,0.07130737560806356,0.11212092894065981,0.07011784311748002,0.034586933197804995,0.3575548402008675,0.3991752577319588,TRAINING_REFERENCE
2017-08-14,3.5257,NORMAL,False,0.24098916431296805,0,LOCAL_RETURN_SHOCK,0.24098916431296805,0.20027822623441024,0.0021910973736920247,0.0791653708049425,0.36084741578293145,0.44618556701030926,TRAINING_REFERENCE
2017-08-15,3.5352,NORMAL,False,0.2329161276152643,0,VOLATILITY_ACCELERATION,0.2070963469315937,0.2329161276152643,0.028729573084712023,0.067362509572565,0.35131409787607026,0.3002061855670103,TRAINING_REFERENCE
2017-08-16,3.5156,NORMAL,False,0.42980070049878427,0,LOCAL_RETURN_SHOCK,0.42980070049878427,0.32758244899888916,0.10048677418644396,0.13860601946141748,0.37893793043867685,0.6235051546391752,TRAINING_REFERENCE
2017-08-17,3.5254,NORMAL,False,0.36199080738945394,0,VOLATILITY_ACCELERATION,0.20141739335649758,0.36199080738945394,0.090577709046726,0.0696893844578425,0.356282955016114,0.3802061855670103,TRAINING_REFERENCE
2017-08-18,3.5185,NORMAL,False,0.36562939731246774,0,VOLATILITY_ACCELERATION,0.13491904514484152,0.36562939731246774,0.10162377112559802,0.0489306178022325,0.35549799124385995,0.3649484536082474,TRAINING_REFERENCE
2017-08-21,3.497,NORMAL,False,0.4215249935050959,0,VOLATILITY_ACCELERATION,0.4103319596442928,0.4215249935050959,0.158510990831772,0.1527639619155875,0.38696632582419904,0.6849484536082474,TRAINING_REFERENCE
2017-08-22,3.4944,NORMAL,False,0.3658424691662413,0,VOLATILITY_ACCELERATION,0.0068874673433951495,0.3658424691662413,0.22533966640892605,0.0185873605947925,0.3732930791876159,0.5678350515463918,TRAINING_REFERENCE
2017-08-23,3.4787,NORMAL,False,0.34713788062822276,0,VOLATILITY_ACCELERATION,0.25838029295737613,0.34713788062822276,0.20379984535513004,0.11232257326007501,0.3842700746095365,0.6635051546391753,TRAINING_REFERENCE
2017-08-24,3.4838,NORMAL,False,0.3018806763313738,0,VOLATILITY_ACCELERATION,0.20953420416171203,0.3018806763313738,0.22975809124047,0.03665162273263,0.3814681503960754,0.6416494845360825,TRAINING_REFERENCE
2017-08-25,3.4389,ANOMALOUS,True,1.0807355747277947,1,LOCAL_RETURN_SHOCK,1.0807355747277947,0.5313389634479445,0.43963327073897995,0.322205637522245,0.465572964403111,0.8890721649484536,TRAINING_REFERENCE
2017-08-28,3.4441,NORMAL,False,0.5812711688354946,0,VOLATILITY_ACCELERATION,0.17822721742185324,0.5812711688354946,0.29216834198608,0.03780278577452,0.3975494065360071,0.7360824742268042,TRAINING_REFERENCE
2017-08-29,3.4465,NORMAL,False,0.5981511847013197,0,VOLATILITY_ACCELERATION,0.11225579203266174,0.5981511847013197,0.264553186788912,0.017421096948399998,0.39340318855761663,0.7195876288659794,TRAINING_REFERENCE
2017-08-30,3.4517,NORMAL,False,0.634433356468073,0,VOLATILITY_ACCELERATION,0.17088087103970812,0.634433356468073,0.14912183806472995,0.0377194255041325,0.38660821298578574,0.6820618556701031,TRAINING_REFERENCE
2017-08-31,3.4527,NORMAL,False,0.6327678132527893,0,VOLATILITY_ACCELERATION,0.09031324818868879,0.6327678132527893,0.17176626532641195,0.00724280789176,0.3879360989266378,0.6927835051546392,TRAINING_REFERENCE
2017-09-01,3.4284,NORMAL,False,0.37948169168175555,0,LOCAL_RETURN_SHOCK,0.37948169168175555,0.36541184014123296,0.05799182591406202,0.1759492571031375,0.3922033332935116,0.7142268041237113,TRAINING_REFERENCE
2017-09-04,3.4348,NORMAL,False,0.3740712926164525,0,VOLATILITY_ACCELERATION,0.20478887232286377,0.3740712926164525,0.05136418866674,0.0466690001166725,0.3723370021941983,0.56,TRAINING_REFERENCE
2017-09-05,3.4375,NORMAL,False,0.374907275679972,0,VOLATILITY_ACCELERATION,0.13104454445387953,0.374907275679972,0.04970727935490804,0.019651799231395,0.3691546488542654,0.5290721649484537,TRAINING_REFERENCE
2017-09-06,3.4257,NORMAL,False,0.3822735899002463,0,VOLATILITY_ACCELERATION,0.12718825734131683,0.3822735899002463,0.14359880702529595,0.08581818181818,0.37938688757630823,0.6305154639175258,TRAINING_REFERENCE
2017-09-07,3.4045,NORMAL,False,0.4208872177967703,0,VOLATILITY_ACCELERATION,0.2846821493849126,0.4208872177967703,0.26621009610074003,0.1547129053915975,0.40292814773975594,0.7579381443298969,TRAINING_REFERENCE
2017-09-08,3.4117,NORMAL,False,0.38488036351107296,0,VOLATILITY_ACCELERATION,0.248900192212525,0.38488036351107296,0.09223461835855401,0.0528711998825075,0.3765974376646654,0.6020618556701031,TRAINING_REFERENCE
2017-09-11,3.406,NORMAL,False,0.3520626995548704,0,VOLATILITY_ACCELERATION,0.007217684101915568,0.3520626995548704,0.159063293935712,0.0417680335316675,0.3785476866320491,0.619381443298969,TRAINING_REFERENCE
2017-09-12,3.4331,NORMAL,False,0.5776165349826756,0,LOCAL_RETURN_SHOCK,0.5776165349826756,0.5769748680820097,0.024301336573511884,0.19891368173811,0.3919358300960995,0.7121649484536082,TRAINING_REFERENCE
2017-09-13,3.4579,NORMAL,False,0.618571430855847,0,VOLATILITY_ACCELERATION,0.46942820057707474,0.618571430855847,0.17784159946978795,0.180594797704695,0.3857472022643372,0.6729896907216495,TRAINING_REFERENCE
2017-09-14,3.4331,NORMAL,False,0.6517811999780307,0,VOLATILITY_ACCELERATION,0.32428716952529374,0.6517811999780307,0.15795868772782412,0.17929957488648998,0.3911093916865479,0.7088659793814432,TRAINING_REFERENCE
2017-09-15,3.4376,NORMAL,False,0.6509066480013675,0,VOLATILITY_ACCELERATION,0.13071343142373174,0.6509066480013675,0.14304650392135201,0.032769217325450004,0.3766035714536295,0.6024742268041237,TRAINING_REFERENCE
2017-09-18,3.4895,NORMAL,False,0.8042861222326095,0,LOCAL_RETURN_SHOCK,0.8042861222326095,0.7946871734006159,0.461173091792776,0.37744356527809997,0.4383212079132596,0.8494845360824742,TRAINING_REFERENCE
2017-09-19,3.4887,NORMAL,False,0.813205203760816,0,VOLATILITY_ACCELERATION,0.005736694141303551,0.813205203760816,0.30708052579255585,0.0057314801547475,0.38773371768299353,0.691958762886598,TRAINING_REFERENCE
2017-09-20,3.503,NORMAL,False,0.7871844578871692,0,VOLATILITY_ACCELERATION,0.1713308999391818,0.7871844578871692,0.249088699878494,0.102473700805455,0.38359529116420965,0.6569072164948454,TRAINING_REFERENCE
2017-09-21,3.5023,NORMAL,False,0.6276985448529013,0,VOLATILITY_ACCELERATION,0.023365023181595935,0.6276985448529013,0.38219374792886396,0.0049957179560375,0.37894415210831217,0.6239175257731959,TRAINING_REFERENCE
2017-09-22,3.4962,NORMAL,False,0.6713478124416451,0,VOLATILITY_ACCELERATION,0.0837127641081863,0.6713478124416451,0.323649618910858,0.0435428147217525,0.37862077684097845,0.6202061855670103,TRAINING_REFERENCE
2017-09-25,3.5494,NORMAL,False,0.6880143036133031,0,LOCAL_RETURN_SHOCK,0.6880143036133031,0.6499669316591475,0.330829559262122,0.3804130198501225,0.41128516162818474,0.7830927835051547,TRAINING_REFERENCE
2017-09-26,3.5424,NORMAL,False,0.6744382525995691,0,VOLATILITY_ACCELERATION,0.1424717037296189,0.6744382525995691,0.2965867668176301,0.049304107736515,0.37651039739295716,0.6012371134020619,TRAINING_REFERENCE
2017-09-27,3.5774,NORMAL,False,0.7513793061815697,0,VOLATILITY_ACCELERATION,0.3431899982603596,0.7513793061815697,0.41091350933392196,0.247007678410115,0.39583799496505934,0.728659793814433,TRAINING_REFERENCE
2017-09-28,3.5603,NORMAL,False,0.8338214796502338,0,VOLATILITY_ACCELERATION,0.25466948292151814,0.8338214796502338,0.33663974761710996,0.119500195672835,0.3955753269812396,0.7282474226804124,TRAINING_REFERENCE
2017-09-29,3.5637,NORMAL,False,0.8035141984412462,0,VOLATILITY_ACCELERATION,0.022680169379093177,0.8035141984412462,0.41256267029428195,0.023874392607362502,0.3851814444343408,0.6696907216494845,TRAINING_REFERENCE
2017-10-02,3.5635,NORMAL,False,0.5293108877124492,0,VOLATILITY_ACCELERATION,0.0796282560082229,0.5293108877124492,0.11763058150778598,0.001403036170272154,0.35592066333760836,0.37237113402061855,TRAINING_REFERENCE
2017-10-03,3.5718,NORMAL,False,0.5086841682202018,0,VOLATILITY_ACCELERATION,0.01852487227882543,0.5086841682202018,0.4039071923042579,0.058229268977127505,0.3646793718325718,0.4845360824742268,TRAINING_REFERENCE
2017-10-04,3.5723,NORMAL,False,0.2712031718876856,0,VOLATILITY_ACCELERATION,0.0709849339574185,0.2712031718876856,0.213396432138622,0.00349963603785,0.35037780088389026,0.28536082474226804,TRAINING_REFERENCE
2017-10-05,3.5836,NORMAL,False,0.320048642971644,0,DRAWDOWN_SHIFT,0.042112195393722504,0.140969864236041,0.320048642971644,0.07908070430814751,0.36448110653091925,0.4808247422680412,TRAINING_REFERENCE
2017-10-06,3.6149,NORMAL,False,0.3578377434427715,0,VOLATILITY_ACCELERATION,0.26040041981535167,0.3578377434427715,0.277816209635022,0.2183558432860775,0.36487338572248257,0.48577319587628864,TRAINING_REFERENCE
2017-10-09,3.7011,NORMAL,False,0.8633527667839289,0,LOCAL_RETURN_SHOCK,0.8633527667839289,0.8257084308841566,0.278923047123606,0.5961437384159974,0.4479093580899134,0.8680412371134021,TRAINING_REFERENCE
2017-10-10,3.7114,NORMAL,False,0.8208395045289106,0,VOLATILITY_ACCELERATION,0.046602850949878934,0.8208395045289106,0.031307653603173995,0.0695739104590525,0.3897726237757806,0.7022680412371134,TRAINING_REFERENCE
2017-10-11,3.6484,ANOMALOUS,True,1.1719847831983845,1,VOLATILITY_ACCELERATION,0.6967838734793846,1.1719847831983845,0.31098220297729195,0.42436816295737245,0.4599703441816024,0.8820618556701031,TRAINING_REFERENCE
2017-10-12,3.654,ANOMALOUS,True,1.175864220073857,1,VOLATILITY_ACCELERATION,0.03376997893967041,1.175864220073857,0.30931723877781797,0.038372985418265,0.4259939391499638,0.8251546391752578,TRAINING_REFERENCE
2017-10-13,3.6349,ANOMALOUS,True,1.184435038723207,1,VOLATILITY_ACCELERATION,0.24722216247574985,1.184435038723207,0.412243358301448,0.13067870826491249,0.43264561777866317,0.84,TRAINING_REFERENCE
2017-10-16,3.6463,NORMAL,False,0.6824796807828489,0,VOLATILITY_ACCELERATION,0.00882741195381564,0.6824796807828489,0.350811014711426,0.0784065586398525,0.3813727117242839,0.6412371134020619,TRAINING_REFERENCE
2017-10-17,3.6663,NORMAL,False,0.7227373652335477,0,VOLATILITY_ACCELERATION,0.09936494012267207,0.7227373652335477,0.24303497332542798,0.1371253051038,0.3798739570777855,0.6338144329896908,TRAINING_REFERENCE
2017-10-18,3.6768,NORMAL,False,0.3298644378296906,0,VOLATILITY_ACCELERATION,0.010568197432172051,0.3298644378296906,0.15304197876812198,0.0715980688977975,0.35110154085376727,0.29649484536082477,TRAINING_REFERENCE
2017-10-19,3.6456,NORMAL,False,0.48394754225056097,0,VOLATILITY_ACCELERATION,0.3341348588053652,0.48394754225056097,0.04526593738212001,0.2121409921671025,0.37173974935127146,0.5538144329896907,TRAINING_REFERENCE
2017-10-20,3.6714,NORMAL,False,0.48614208256587915,0,VOLATILITY_ACCELERATION,0.14757830959678164,0.48614208256587915,0.196691275529452,0.17692560895325998,0.36153724743087445,0.4531958762886598,TRAINING_REFERENCE
2017-10-23,3.7163,NORMAL,False,0.595465586886877,0,VOLATILITY_ACCELERATION,0.28492956098630967,0.595465586886877,0.350811014711426,0.30574167892357,0.3823499025632876,0.6494845360824743,TRAINING_REFERENCE
2017-10-24,3.7414,NORMAL,False,0.5984513578829722,0,VOLATILITY_ACCELERATION,0.13249474023204852,0.5984513578829722,0.24303497332542798,0.1688507386378925,0.37198498496253046,0.5571134020618557,TRAINING_REFERENCE
2017-10-25,3.7668,NORMAL,False,0.5978676442607738,0,VOLATILITY_ACCELERATION,0.12059144013917693,0.5978676442607738,0.186452551597776,0.1697225637461875,0.37003222966551513,0.5389690721649485,TRAINING_REFERENCE
2017-10-26,3.8203,NORMAL,False,0.3550759265158725,0,LARGE_ABSOLUTE_RETURN,0.3523538521432243,0.26251486150728237,0.354583176159938,0.3550759265158725,0.42230271435118344,0.8181443298969072,TRAINING_REFERENCE
2017-10-27,3.7885,NORMAL,False,0.6452981295909781,0,VOLATILITY_ACCELERATION,0.3531007409954603,0.6452981295909781,0.049073010447833985,0.20809884040520252,0.391943681755561,0.7125773195876288,TRAINING_REFERENCE
2017-10-30,3.7798,NORMAL,False,0.6413014815831457,0,VOLATILITY_ACCELERATION,0.15305555234262955,0.6413014815831457,0.212025233620396,0.057410584664115,0.37373525385682593,0.571958762886598,TRAINING_REFERENCE
2017-10-31,3.792,NORMAL,False,0.6266506654710877,0,VOLATILITY_ACCELERATION,0.006754562041500838,0.6266506654710877,0.14815590398659798,0.08069210011111749,0.36882366111158194,0.5245360824742268,TRAINING_REFERENCE
2017-11-01,3.813,NORMAL,False,0.6150786395386347,0,VOLATILITY_ACCELERATION,0.07060771246622032,0.6150786395386347,0.038216893961206,0.13844936708861,0.3642257522568652,0.47876288659793814,TRAINING_REFERENCE
2017-11-02,3.7975,NORMAL,False,0.4042557205382404,0,VOLATILITY_ACCELERATION,0.20792012494435752,0.4042557205382404,0.11936235374185399,0.1016260162601625,0.3695649960063899,0.5352577319587629,TRAINING_REFERENCE
2017-11-03,3.8864,NORMAL,False,0.7304240687978008,0,VOLATILITY_ACCELERATION,0.5678716636003247,0.7304240687978008,0.166479072324162,0.5852534562212001,0.42384331309544154,0.8222680412371134,TRAINING_REFERENCE
2017-11-06,3.828,NORMAL,False,0.9096519028515485,0,VOLATILITY_ACCELERATION,0.4654159105139502,0.9096519028515485,0.08850996605025199,0.37566899958831,0.420810015753285,0.8136082474226805,TRAINING_REFERENCE
2017-11-07,3.8844,NORMAL,False,0.9526908662775678,0,VOLATILITY_ACCELERATION,0.33537304326962863,0.9526908662775678,0.13786360262801398,0.36833855799373,0.42607303630861015,0.8255670103092784,TRAINING_REFERENCE
2017-11-08,3.8665,NORMAL,False,0.9899287234936396,0,VOLATILITY_ACCELERATION,0.17138691432610753,0.9899287234936396,0.064191504556704,0.11520440737307999,0.41139192196119273,0.7839175257731958,TRAINING_REFERENCE
2017-11-09,3.8647,NORMAL,False,0.9694521987002744,0,VOLATILITY_ACCELERATION,0.09259158841729548,0.9694521987002744,0.007690884001219991,0.0116384326910625,0.3995796298064852,0.745979381443299,TRAINING_REFERENCE
2017-11-10,3.8636,NORMAL,False,0.6749408862896291,0,VOLATILITY_ACCELERATION,0.08472228307280565,0.6749408862896291,0.117332235487854,0.0071156881517299994,0.3761950979806156,0.5983505154639175,TRAINING_REFERENCE
2017-11-13,3.8706,NORMAL,False,0.4682474261051113,0,VOLATILITY_ACCELERATION,0.03532052148244853,0.4682474261051113,0.219226018937838,0.0452945439486475,0.3620184601130851,0.4585567010309278,TRAINING_REFERENCE
2017-11-14,3.886,NORMAL,False,0.202661838458904,0,VOLATILITY_ACCELERATION,0.026155406617692438,0.202661838458904,0.008233841086868,0.09946778277269751,0.3572280950332657,0.3938144329896907,TRAINING_REFERENCE
2017-11-15,3.8811,NORMAL,False,0.13603344648526433,0,VOLATILITY_ACCELERATION,0.11616617299196899,0.13603344648526433,0.075133799917664,0.03152341739578,0.3606164209341928,0.4437113402061856,TRAINING_REFERENCE
2017-11-16,3.8629,NORMAL,False,0.20756860698248056,0,VOLATILITY_ACCELERATION,0.20389355372632595,0.20756860698248056,0.009263071222724,0.117234804565715,0.3628577762246793,0.46474226804123714,TRAINING_REFERENCE
2017-11-17,3.8773,NORMAL,False,0.24060416751537092,0,VOLATILITY_ACCELERATION,0.02220270841582944,0.24060416751537092,0.070502264306298,0.09319423231250999,0.35094864292781114,0.29525773195876287,TRAINING_REFERENCE
2017-11-20,3.9285,NORMAL,False,0.4349827930144068,0,VOLATILITY_ACCELERATION,0.2945316505406846,0.4349827930144068,0.08130918073281,0.33012663451371,0.3747729020304322,0.5855670103092784,TRAINING_REFERENCE
2017-11-21,3.9566,NORMAL,False,0.45035164113543075,0,VOLATILITY_ACCELERATION,0.12155824479781188,0.45035164113543075,0.0020584602717159998,0.178821433116965,0.3628153924837592,0.4643298969072165,TRAINING_REFERENCE
2017-11-22,3.9184,NORMAL,False,0.5762842204769284,0,VOLATILITY_ACCELERATION,0.3499275914869722,0.5762842204769284,0.16582048303549798,0.24136885204468,0.3836840288675483,0.6581443298969072,TRAINING_REFERENCE
2017-11-23,3.9201,NORMAL,False,0.534439791839977,0,VOLATILITY_ACCELERATION,0.04255871942293141,0.534439791839977,0.06356730405509,0.010846263781132499,0.35718539729098214,0.39298969072164947,TRAINING_REFERENCE
2017-11-24,3.9437,NORMAL,False,0.5468172203772692,0,VOLATILITY_ACCELERATION,0.13271549159328605,0.5468172203772692,0.018377530208523996,0.150506364633555,0.3631890961754828,0.46845360824742266,TRAINING_REFERENCE
2017-11-27,3.9062,NORMAL,False,0.5076336502055077,0,VOLATILITY_ACCELERATION,0.3360562481656377,0.5076336502055077,0.25476419147753,0.23772092197682498,0.38168621189006385,0.6441237113402062,TRAINING_REFERENCE
2017-11-28,3.9645,NORMAL,False,0.6422372373113059,0,VOLATILITY_ACCELERATION,0.3706463151352544,0.6422372373113059,0.0,0.37312477599713,0.3900657755889987,0.7035051546391753,TRAINING_REFERENCE
2017-11-29,3.9613,NORMAL,False,0.5531512586328133,0,VOLATILITY_ACCELERATION,0.0817349398828254,0.5531512586328133,0.176951810100874,0.0201790894185875,0.3619452192115891,0.45649484536082474,TRAINING_REFERENCE
2017-11-30,3.919,NORMAL,False,0.6521716729316723,0,VOLATILITY_ACCELERATION,0.3359390893655617,0.6521716729316723,0.04503529711801402,0.266957816878295,0.3839403370780733,0.6602061855670103,TRAINING_REFERENCE
2017-12-01,3.9131,NORMAL,False,0.6182753478482593,0,VOLATILITY_ACCELERATION,0.08030719508541305,0.6182753478482593,0.194093797638802,0.037637152334777504,0.3673308461686768,0.5125773195876289,TRAINING_REFERENCE
2017-12-04,3.8742,NORMAL,False,0.6134245447431874,0,VOLATILITY_ACCELERATION,0.31136522088269253,0.6134245447431874,0.200778752147138,0.24852418798394998,0.38541239662707455,0.6705154639175258,TRAINING_REFERENCE
2017-12-05,3.8444,NORMAL,False,0.6058771597931659,0,DRAWDOWN_SHIFT,0.26493924443229,0.27591816021220694,0.6058771597931659,0.19229776469981,0.41804858537507156,0.8045360824742268,TRAINING_REFERENCE
2017-12-06,3.8506,NORMAL,False,0.558456299659478,0,DRAWDOWN_SHIFT,0.07193732223697594,0.3214582429005568,0.558456299659478,0.040318385183645,0.39873654552311577,0.742680412371134,TRAINING_REFERENCE
2017-12-07,3.8631,NORMAL,False,0.3444144709461509,0,VOLATILITY_ACCELERATION,0.11797810085573052,0.3444144709461509,0.282002774624794,0.08115618345193,0.37057624804047984,0.5443298969072164,TRAINING_REFERENCE
2017-12-08,3.8388,NORMAL,False,0.37482658595031,0,DRAWDOWN_SHIFT,0.2155154655685657,0.34851278064206676,0.37482658595031,0.15725712510678,0.38186315689285144,0.6457731958762887,TRAINING_REFERENCE
2017-12-11,3.8367,NORMAL,False,0.29292700975491326,0,VOLATILITY_ACCELERATION,0.008449675288153283,0.29292700975491326,0.189178963299282,0.013676148796497499,0.36290553140632104,0.4668041237113402,TRAINING_REFERENCE
2017-12-12,3.8479,NORMAL,False,0.2373758709410177,0,VOLATILITY_ACCELERATION,0.11228547921887061,0.2373758709410177,0.01765670324127,0.07297938332420999,0.35586021975192705,0.37072164948453606,TRAINING_REFERENCE
2017-12-13,3.8119,NORMAL,False,0.33597127589529124,0,VOLATILITY_ACCELERATION,0.30067057373282896,0.33597127589529124,0.195232690124858,0.233893812209255,0.3816163786516302,0.6428865979381443,TRAINING_REFERENCE
2017-12-14,3.8869,NORMAL,False,0.6711185085405791,0,LOCAL_RETURN_SHOCK,0.6711185085405791,0.6531168808680635,0.12006558204061005,0.49188068941997,0.4038602637339483,0.7628865979381443,TRAINING_REFERENCE
2017-12-15,3.8617,NORMAL,False,0.6509439228614035,0,VOLATILITY_ACCELERATION,0.19276068092823592,0.6509439228614035,0.11552528692142801,0.16208289382284,0.37356776768825095,0.5707216494845361,TRAINING_REFERENCE
2017-12-18,3.83,NORMAL,False,0.7034885590759051,0,VOLATILITY_ACCELERATION,0.22479783863972275,0.7034885590759051,0.03379997477613805,0.20522049874407247,0.38626378660362853,0.6795876288659793,TRAINING_REFERENCE
2017-12-19,3.8336,NORMAL,False,0.6986311406480321,0,VOLATILITY_ACCELERATION,0.06368919937255309,0.6986311406480321,0.07214024467146002,0.023498694516970002,0.37654698824921684,0.6016494845360825,TRAINING_REFERENCE
2017-12-20,3.8203,NORMAL,False,0.6564554895599215,0,VOLATILITY_ACCELERATION,0.057794243121821666,0.6564554895599215,0.04237608777903801,0.0867330968280475,0.3759494306798076,0.5975257731958763,TRAINING_REFERENCE
2017-12-21,3.8175,NORMAL,False,0.35010720141253604,0,DRAWDOWN_SHIFT,0.01548221525254264,0.2233439916518783,0.35010720141253604,0.018323168337564998,0.3778306793411562,0.6131958762886598,TRAINING_REFERENCE
2017-12-22,3.8157,NORMAL,False,0.2320595283137839,0,DRAWDOWN_SHIFT,0.025354149483881178,0.21176873555635684,0.2320595283137839,0.011787819253434998,0.3705019139673176,0.5435051546391753,TRAINING_REFERENCE
2017-12-25,3.8074,NORMAL,False,0.1140118552150339,0,DRAWDOWN_SHIFT,0.01754474115820023,0.09865376334492619,0.1140118552150339,0.054380585475797494,0.37626392003224324,0.5991752577319588,TRAINING_REFERENCE
2017-12-26,3.812,NORMAL,False,0.10896708286038795,0,DRAWDOWN_SHIFT,0.07973988127016592,0.10370409116718365,0.10896708286038795,0.030204338918947502,0.3708030798876769,0.5455670103092783,TRAINING_REFERENCE
2017-12-27,3.8156,NORMAL,False,0.10677314587964926,0,LOCAL_RETURN_SHOCK,0.10677314587964926,0.0801653114216641,0.023710430066846006,0.023609653725075,0.36610062437477253,0.49896907216494846,TRAINING_REFERENCE
2017-12-28,3.7749,NORMAL,False,0.3253216373806644,0,LOCAL_RETURN_SHOCK,0.3253216373806644,0.28200555579666325,0.214907302307982,0.2666684138798575,0.3913385650796447,0.7105154639175257,TRAINING_REFERENCE
2017-12-29,3.79,NORMAL,False,0.3271487143370785,0,VOLATILITY_ACCELERATION,0.21587756984924036,0.3271487143370785,0.12965064951444005,0.10000264907679499,0.3671627889324817,0.5109278350515464,TRAINING_REFERENCE
2018-01-01,3.7875,NORMAL,False,0.34818450083961694,0,VOLATILITY_ACCELERATION,0.033144282704598585,0.34818450083961694,0.10039096985748397,0.016490765171502497,0.3578736413156872,0.40288659793814435,TRAINING_REFERENCE
2018-01-02,3.7667,NORMAL,False,0.35481963849852977,0,VOLATILITY_ACCELERATION,0.1656195283137469,0.35481963849852977,0.22852818766552999,0.137293729372935,0.37570693746493444,0.5938144329896907,TRAINING_REFERENCE
2018-01-03,3.7812,NORMAL,False,0.40339632313297774,0,VOLATILITY_ACCELERATION,0.18607337050548065,0.40339632313297774,0.17354016899987196,0.096238086388615,0.3688169568821223,0.5241237113402062,TRAINING_REFERENCE
2018-01-04,3.748,NORMAL,False,0.3582513725878023,0,VOLATILITY_ACCELERATION,0.2997448314231731,0.3582513725878023,0.135704376340018,0.21950703480376252,0.38421644874388666,0.6630927835051547,TRAINING_REFERENCE
2018-01-05,3.7367,NORMAL,False,0.30375039634174955,0,VOLATILITY_ACCELERATION,0.056636529707185794,0.30375039634174955,0.268886366502712,0.075373532550695,0.37865476002628784,0.6206185567010309,TRAINING_REFERENCE
2018-01-08,3.7443,NORMAL,False,0.3315425312053688,0,VOLATILITY_ACCELERATION,0.12634063525311467,0.3315425312053688,0.217934165720772,0.0508470040409975,0.3749392230386775,0.5868041237113402,TRAINING_REFERENCE
2018-01-09,3.7679,NORMAL,False,0.38120809183759496,0,VOLATILITY_ACCELERATION,0.28029208459609545,0.38120809183759496,0.006053726825576006,0.15757284405629501,0.36607884894696896,0.4981443298969072,TRAINING_REFERENCE
2018-01-10,3.7994,NORMAL,False,0.43915302190277256,0,VOLATILITY_ACCELERATION,0.34312274711783625,0.43915302190277256,0.09181485685458401,0.20900236205844,0.369694758327124,0.5356701030927835,TRAINING_REFERENCE
2018-01-11,3.7741,NORMAL,False,0.39590249482727036,0,VOLATILITY_ACCELERATION,0.23777831972482763,0.39590249482727036,0.13166855845629807,0.1664736537347975,0.3693585356062431,0.5319587628865979,TRAINING_REFERENCE
2018-01-12,3.7483,NORMAL,False,0.44884661601374354,0,VOLATILITY_ACCELERATION,0.2602195128631905,0.44884661601374354,0.058519359313910085,0.17090167192178,0.3753993174374773,0.5905154639175257,TRAINING_REFERENCE
2018-01-15,3.8007,NORMAL,False,0.745258027154645,0,LOCAL_RETURN_SHOCK,0.745258027154645,0.5863785802120436,0.2845251608021179,0.34949176960221495,0.4172601438946117,0.8016494845360824,TRAINING_REFERENCE
2018-01-16,3.798,NORMAL,False,0.5839734120994575,0,VOLATILITY_ACCELERATION,0.014356112056565274,0.5839734120994575,0.15184764787488994,0.017759886336725,0.3679402476571093,0.516701030927835,TRAINING_REFERENCE
2018-01-17,3.8182,NORMAL,False,0.5560039679710643,0,VOLATILITY_ACCELERATION,0.24139971649678568,0.5560039679710643,0.09484172026737389,0.132964718272775,0.36688641488592333,0.5072164948453608,TRAINING_REFERENCE
2018-01-18,3.7701,NORMAL,False,0.6580247297597613,0,VOLATILITY_ACCELERATION,0.5190931344139335,0.6580247297597613,0.020179089418590063,0.314938976481065,0.4041153898330408,0.7637113402061856,TRAINING_REFERENCE
2018-01-19,3.8065,NORMAL,False,0.6539760625545084,0,VOLATILITY_ACCELERATION,0.3836146191256664,0.6539760625545084,0.29360575104048603,0.24137290788043247,0.3917520218178095,0.7117525773195876,TRAINING_REFERENCE
2018-01-22,3.775,NORMAL,False,0.5788221419839344,0,VOLATILITY_ACCELERATION,0.2892644185518347,0.5788221419839344,0.12965064951443991,0.20688296335216,0.3804770207496805,0.636701030927835,TRAINING_REFERENCE
2018-01-23,3.7673,NORMAL,False,0.5791531504827798,0,VOLATILITY_ACCELERATION,0.0561590862089158,0.5791531504827798,0.15487451128767593,0.0509933774834425,0.3686172808686472,0.5220618556701031,TRAINING_REFERENCE
2018-01-24,3.7384,NORMAL,False,0.53834180505888,0,VOLATILITY_ACCELERATION,0.24374917183006853,0.53834180505888,0.40257283390086995,0.1917819127757275,0.39436489224445265,0.7241237113402061,TRAINING_REFERENCE
2018-01-25,3.7525,NORMAL,False,0.4795188647196634,0,VOLATILITY_ACCELERATION,0.1599996819332049,0.4795188647196634,0.08878799344179594,0.094291675583135,0.3657036447550363,0.4936082474226804,TRAINING_REFERENCE
2018-01-26,3.7548,NORMAL,False,0.35449306669697184,0,VOLATILITY_ACCELERATION,0.030961077334178324,0.35449306669697184,0.26081473073527606,0.015323117921382499,0.3649864057842014,0.4865979381443299,TRAINING_REFERENCE
2018-01-29,3.7934,NORMAL,False,0.4607895831002939,0,VOLATILITY_ACCELERATION,0.3781651974662995,0.4607895831002939,0.09282381132551393,0.2570043677426225,0.3712789516563148,0.5484536082474227,TRAINING_REFERENCE
2018-01-30,3.781,NORMAL,False,0.4892284475568865,0,VOLATILITY_ACCELERATION,0.11270879047112889,0.4892284475568865,0.06911338125866792,0.08172088364000499,0.35768716083290675,0.40123711340206186,TRAINING_REFERENCE
2018-01-31,3.7555,NORMAL,False,0.4675053097178314,0,VOLATILITY_ACCELERATION,0.23478349013957212,0.4675053097178314,0.08626560726447005,0.16860618883893,0.3647063707373404,0.4849484536082474,TRAINING_REFERENCE
2018-02-01,3.7315,NORMAL,False,0.4971883904324067,0,VOLATILITY_ACCELERATION,0.20213679412962945,0.4971883904324067,0.10594021944759599,0.159765677007055,0.37245437408689336,0.5608247422680412,TRAINING_REFERENCE
2018-02-02,3.7734,NORMAL,False,0.622875682038547,0,VOLATILITY_ACCELERATION,0.3863631256140473,0.622875682038547,0.09383276579644398,0.2807182098351825,0.37939410939057233,0.6309278350515464,TRAINING_REFERENCE
2018-02-05,3.79,NORMAL,False,0.5374830709278109,0,VOLATILITY_ACCELERATION,0.12470913427877955,0.5374830709278109,0.01715222600580199,0.10998038903905999,0.35926133952569644,0.4296907216494845,TRAINING_REFERENCE
2018-02-06,3.7695,NORMAL,False,0.5554818400971644,0,VOLATILITY_ACCELERATION,0.1931579794115467,0.5554818400971644,0.05801488207844596,0.1352242744063325,0.3646497703301858,0.48329896907216496,TRAINING_REFERENCE
2018-02-07,3.8047,NORMAL,False,0.5563999266291606,0,VOLATILITY_ACCELERATION,0.29710253414622223,0.5563999266291606,0.248202799848658,0.23345271256134748,0.37317728142269946,0.5661855670103093,TRAINING_REFERENCE
2018-02-08,3.8216,NORMAL,False,0.45453398915373794,0,DRAWDOWN_SHIFT,0.13790110999626537,0.4382885117306288,0.45453398915373794,0.11104686309039,0.373095441175418,0.565360824742268,TRAINING_REFERENCE
2018-02-09,3.8226,NORMAL,False,0.37558575083380985,0,VOLATILITY_ACCELERATION,0.012640809726570069,0.37558575083380985,0.24820279984865606,0.006541762612515,0.35406168124368137,0.34556701030927833,TRAINING_REFERENCE
2018-02-12,3.7997,NORMAL,False,0.4560687719848379,0,VOLATILITY_ACCELERATION,0.23143641768310108,0.4560687719848379,0.04893429184007994,0.1497671741746425,0.359319464859269,0.43051546391752576,TRAINING_REFERENCE
2018-02-13,3.8106,NORMAL,False,0.39688834525862704,0,VOLATILITY_ACCELERATION,0.10120654215000595,0.39688834525862704,0.20734014377601195,0.0717161881201125,0.35552475886995627,0.36536082474226805,TRAINING_REFERENCE
2018-02-14,3.7824,NORMAL,False,0.37442849900472647,0,VOLATILITY_ACCELERATION,0.267768193471199,0.37442849900472647,0.11249842350864,0.18501023460872248,0.3653611083487203,0.4911340206185567,TRAINING_REFERENCE
2018-02-15,3.7644,NORMAL,False,0.30868971420878755,0,VOLATILITY_ACCELERATION,0.15032248298519385,0.30868971420878755,0.28856097868583397,0.11897208121826999,0.3694869428740827,0.534020618556701,TRAINING_REFERENCE
2018-02-16,3.7474,NORMAL,False,0.37936688106949196,0,DRAWDOWN_SHIFT,0.16723261084222033,0.28286471975339966,0.37936688106949196,0.11289979810859749,0.3823960549427607,0.6498969072164948,TRAINING_REFERENCE
2018-02-19,3.7573,NORMAL,False,0.33686061584150645,0,VOLATILITY_ACCELERATION,0.1345248812369,0.33686061584150645,0.2138983478370539,0.0660457917489475,0.3646323801547505,0.4824742268041237,TRAINING_REFERENCE
2018-02-20,3.7984,NORMAL,False,0.5458433267344421,0,VOLATILITY_ACCELERATION,0.45625492717110394,0.5458433267344421,0.04606680874692792,0.27346764964202747,0.37529917223012227,0.5901030927835051,TRAINING_REFERENCE
2018-02-21,3.7891,NORMAL,False,0.4837635826399447,0,VOLATILITY_ACCELERATION,0.10942315230161784,0.4837635826399447,0.2557288304202479,0.0612099831508,0.35644868877287755,0.3851546391752577,TRAINING_REFERENCE
2018-02-22,3.7843,NORMAL,False,0.45461875978263766,0,VOLATILITY_ACCELERATION,0.07726060299029183,0.45461875978263766,0.351157345854774,0.0316697896598125,0.35788788369583807,0.40329896907216495,TRAINING_REFERENCE
2018-02-23,3.7905,NORMAL,False,0.5991949682091539,0,DRAWDOWN_SHIFT,0.04742590058611306,0.3912633845101019,0.5991949682091539,0.0409586977776575,0.36655927103433666,0.5030927835051546,TRAINING_REFERENCE
2018-02-26,3.7864,NORMAL,False,0.52815521825771,0,DRAWDOWN_SHIFT,0.062277132218013426,0.4131722691248688,0.52815521825771,0.027041287429097498,0.3641676990356255,0.4779381443298969,TRAINING_REFERENCE
2018-02-27,3.8155,NORMAL,False,0.45506938146207393,0,DRAWDOWN_SHIFT,0.32956497919260036,0.3082542459952769,0.45506938146207393,0.19213500950770998,0.36630411384184186,0.5018556701030927,TRAINING_REFERENCE
2018-02-28,3.7988,NORMAL,False,0.3422194033684766,0,VOLATILITY_ACCELERATION,0.19932977420768036,0.3422194033684766,0.20960666152638807,0.10942209408989749,0.3542562319958969,0.3488659793814433,TRAINING_REFERENCE
2018-03-01,3.8056,NORMAL,False,0.335495575708088,0,VOLATILITY_ACCELERATION,0.05037176158694659,0.335495575708088,0.23997337158647603,0.044750973991785,0.34773737683104006,0.24371134020618557,TRAINING_REFERENCE
2018-03-02,3.8071,NORMAL,False,0.33787888704038477,0,VOLATILITY_ACCELERATION,0.026411840470716447,0.33787888704038477,0.08541511230029199,0.0098538995165025,0.3393272357288165,0.06391752577319587,TRAINING_REFERENCE
2018-03-05,3.8084,NORMAL,False,0.32926483340420304,0,VOLATILITY_ACCELERATION,0.005580912925883306,0.32926483340420304,0.11320075124134799,0.0085366814635775,0.34022458329076327,0.08412371134020619,TRAINING_REFERENCE
2018-03-06,3.7942,NORMAL,False,0.20933177601011405,0,VOLATILITY_ACCELERATION,0.19476553836219782,0.20933177601011405,0.10959890915639599,0.0932149984245325,0.358083156578628,0.4070103092783505,TRAINING_REFERENCE
2018-03-07,3.8027,NORMAL,False,0.18195178569443043,0,VOLATILITY_ACCELERATION,0.09455516022881338,0.18195178569443043,0.020067405901878013,0.056006536292235,0.3460990058311268,0.21525773195876288,TRAINING_REFERENCE
2018-03-08,3.8236,NORMAL,False,0.30018950483972995,0,LOCAL_RETURN_SHOCK,0.30018950483972995,0.28012964831548764,0.22100580795653796,0.13740237199884,0.3548697690482921,0.35670103092783506,TRAINING_REFERENCE
2018-03-09,3.8111,NORMAL,False,0.32532277369574625,0,VOLATILITY_ACCELERATION,0.1777079814712189,0.32532277369574625,0.293226859120254,0.0817292603828825,0.35394708072505243,0.34350515463917525,TRAINING_REFERENCE
2018-03-12,3.8438,NORMAL,False,0.4630619254501228,0,LOCAL_RETURN_SHOCK,0.4630619254501228,0.4527075749972759,0.40392086238390396,0.21450499855684502,0.37047619630664597,0.5426804123711341,TRAINING_REFERENCE
2018-03-13,3.8733,NORMAL,False,0.47698680182149994,0,DRAWDOWN_SHIFT,0.3630825532566761,0.39892331880513304,0.47698680182149994,0.19186742286279,0.3741421085095378,0.5777319587628866,TRAINING_REFERENCE
2018-03-14,3.8796,NORMAL,False,0.4332501479327959,0,DRAWDOWN_SHIFT,0.03902870082163738,0.4056833453869538,0.4332501479327959,0.0406630005421725,0.36351821170826276,0.471340206185567,TRAINING_REFERENCE
2018-03-15,3.8956,NORMAL,False,0.3989821180576491,0,VOLATILITY_ACCELERATION,0.15032898528381955,0.3989821180576491,0.197322422767174,0.10310341272296,0.3550275810146846,0.3595876288659794,TRAINING_REFERENCE
2018-03-16,3.9196,NORMAL,False,0.24396486825093563,0,LOCAL_RETURN_SHOCK,0.24396486825093563,0.2307675274360579,0.117383138564272,0.1540199199096425,0.3669659371597346,0.5080412371134021,TRAINING_REFERENCE
2018-03-19,3.9362,NORMAL,False,0.1880563345943482,0,VOLATILITY_ACCELERATION,0.11234618833681496,0.1880563345943482,0.0,0.105878150831715,0.3576809710035771,0.4008247422680412,TRAINING_REFERENCE
2018-03-20,3.9339,NORMAL,False,0.21518873978926162,0,VOLATILITY_ACCELERATION,0.16522953466520643,0.21518873978926162,0.01168639804888,0.014607997561099999,0.3501572657720773,0.2820618556701031,TRAINING_REFERENCE
2018-03-21,3.9085,NORMAL,False,0.5176474338687393,0,LOCAL_RETURN_SHOCK,0.5176474338687393,0.41382453362666954,0.14074488084954997,0.1614174229136475,0.37452856764614706,0.5830927835051546,TRAINING_REFERENCE
2018-03-22,3.9343,NORMAL,False,0.45743145040815786,0,VOLATILITY_ACCELERATION,0.2942663839583397,0.45743145040815786,0.009653980996898,0.1650249456313125,0.3519926845365695,0.31051546391752577,TRAINING_REFERENCE
2018-03-23,3.9824,NORMAL,False,0.5877688413355253,0,LOCAL_RETURN_SHOCK,0.5877688413355253,0.5730167005170096,0.0,0.3056452227842325,0.3781926363213989,0.6152577319587629,TRAINING_REFERENCE
2018-03-26,3.9657,NORMAL,False,0.6234192805406502,0,VOLATILITY_ACCELERATION,0.3383765497312688,0.6234192805406502,0.083869023704298,0.1048362796303725,0.3698561642077859,0.5381443298969072,TRAINING_REFERENCE
2018-03-27,3.9819,NORMAL,False,0.6246910558938225,0,VOLATILITY_ACCELERATION,0.0861452076893126,0.6246910558938225,0.009175349434977999,0.1021257281186175,0.3551460308797084,0.36206185567010307,TRAINING_REFERENCE
2018-03-28,4.0103,NORMAL,False,0.48269837324589304,0,VOLATILITY_ACCELERATION,0.25117371535039945,0.48269837324589304,0.14074488084954997,0.1783068384439575,0.36519410766971017,0.488659793814433,TRAINING_REFERENCE
2018-03-29,3.9422,ANOMALOUS,True,1.0199907453456727,1,LOCAL_RETURN_SHOCK,1.0199907453456727,0.8749775154982937,0.329971483432196,0.4245318305363675,0.4408351483005126,0.8548453608247423,TRAINING_REFERENCE
2018-03-30,3.9552,NORMAL,False,0.743601869202241,0,VOLATILITY_ACCELERATION,0.05780341577655643,0.743601869202241,0.27479240954542,0.0824412764446225,0.3741744937802362,0.5785567010309278,TRAINING_REFERENCE
2018-04-02,3.9735,NORMAL,False,0.7533321012553041,0,VOLATILITY_ACCELERATION,0.10305821509444044,0.7533321012553041,0.09965839319717999,0.11567050970873499,0.36667672277991786,0.5039175257731959,TRAINING_REFERENCE
2018-04-03,3.9887,NORMAL,False,0.7545693092289998,0,VOLATILITY_ACCELERATION,0.06408566510157815,0.7545693092289998,0.10521156565435398,0.09563357241726249,0.3658478017110537,0.4952577319587629,TRAINING_REFERENCE
2018-04-04,3.9991,NORMAL,False,0.7170162027807111,0,VOLATILITY_ACCELERATION,0.0033127514902178785,0.7170162027807111,0.055856170361318,0.06518414521021751,0.3617464297251315,0.45484536082474225,TRAINING_REFERENCE
2018-04-05,4.0515,NORMAL,False,0.4115550326961292,0,LOCAL_RETURN_SHOCK,0.4115550326961292,0.32972091907464685,0.33962546442909397,0.32757370408341496,0.3839690915944606,0.6610309278350516,TRAINING_REFERENCE
2018-04-06,4.0449,NORMAL,False,0.4152369056819544,0,VOLATILITY_ACCELERATION,0.16694729237107656,0.4152369056819544,0.24221188381421196,0.04072565716401,0.3641333236794738,0.47711340206185565,TRAINING_REFERENCE
2018-04-09,4.0737,NORMAL,False,0.43655572487105276,0,VOLATILITY_ACCELERATION,0.15260186933130437,0.43655572487105276,0.18352741690147797,0.17800192835422,0.3637678967393373,0.4729896907216495,TRAINING_REFERENCE
2018-04-10,4.1121,NORMAL,False,0.45144457436203916,0,VOLATILITY_ACCELERATION,0.24280256007683643,0.45144457436203916,0.10772261426825598,0.2356580013255775,0.3718531539799824,0.5554639175257732,TRAINING_REFERENCE
2018-04-11,4.136,NORMAL,False,0.4260725735771251,0,VOLATILITY_ACCELERATION,0.10326606535971138,0.4260725735771251,0.055856170361318,0.1453028866029525,0.36863304776810196,0.5228865979381443,TRAINING_REFERENCE
2018-04-12,4.1102,NORMAL,False,0.529454633136748,0,VOLATILITY_ACCELERATION,0.34875637222939626,0.529454633136748,0.124758220502902,0.1559477756286275,0.37621703253926053,0.5987628865979382,TRAINING_REFERENCE
2018-04-13,4.0969,NORMAL,False,0.560240265227868,0,VOLATILITY_ACCELERATION,0.20929393528697107,0.560240265227868,0.156491040999934,0.0808963067490625,0.3659859856563558,0.49690721649484537,TRAINING_REFERENCE
2018-04-16,4.0963,NORMAL,False,0.534802593216003,0,VOLATILITY_ACCELERATION,0.08316274054243253,0.534802593216003,0.191972920696322,0.00366130488906,0.35687000076662323,0.3909278350515464,TRAINING_REFERENCE
2018-04-17,4.0976,NORMAL,False,0.3744704715180542,0,VOLATILITY_ACCELERATION,0.05933252564672448,0.3744704715180542,0.18568665377176,0.0079339892097725,0.35600276484303145,0.3752577319587629,TRAINING_REFERENCE
2018-04-18,4.0086,NORMAL,False,0.830567224733666,0,LOCAL_RETURN_SHOCK,0.830567224733666,0.6860984901821656,0.6160541586073479,0.54300078094494,0.46997098660623143,0.8907216494845361,TRAINING_REFERENCE
2018-04-19,4.0403,NORMAL,False,0.8296793397268751,0,VOLATILITY_ACCELERATION,0.18870826602248922,0.8296793397268751,0.33800773694390596,0.197699945117995,0.4020942416168684,0.7554639175257732,TRAINING_REFERENCE
2018-04-20,4.0766,NORMAL,False,0.9181313153338255,0,VOLATILITY_ACCELERATION,0.21644393074490442,0.9181313153338255,0.09816247582205,0.2246120337598675,0.39939913988854403,0.7451546391752577,TRAINING_REFERENCE
2018-04-23,4.1079,NORMAL,False,0.9702880613434681,0,VOLATILITY_ACCELERATION,0.18782263095656263,0.9702880613434681,0.056092843326882004,0.19194917333071748,0.3916852765890597,0.711340206185567,TRAINING_REFERENCE
2018-04-24,4.086,NORMAL,False,0.9867245801238003,0,VOLATILITY_ACCELERATION,0.20646860668041062,0.9867245801238003,0.056092843326884,0.13327977798875,0.39904438316451657,0.7443298969072165,TRAINING_REFERENCE
2018-04-25,4.0809,NORMAL,False,0.4876443833406245,0,VOLATILITY_ACCELERATION,0.0735356527219542,0.4876443833406245,0.34961315280463995,0.03120411160059,0.36533992960605505,0.49072164948453606,TRAINING_REFERENCE
2018-04-26,4.0664,NORMAL,False,0.5002399399384112,0,VOLATILITY_ACCELERATION,0.12872985010060073,0.5002399399384112,0.12620889748549197,0.0888284447058225,0.35529669873192804,0.3641237113402062,TRAINING_REFERENCE
2018-04-27,4.0422,NORMAL,False,0.4244161957315097,0,VOLATILITY_ACCELERATION,0.24550894158045905,0.4244161957315097,0.166344294003866,0.148780247885105,0.36749192662525465,0.51340206185567,TRAINING_REFERENCE
2018-04-30,4.0617,NORMAL,False,0.3335001071028715,0,VOLATILITY_ACCELERATION,0.11822807059907886,0.3335001071028715,0.22340425531914598,0.12060264212557001,0.36409185138125894,0.47670103092783506,TRAINING_REFERENCE
2018-05-01,4.103,NORMAL,False,0.4995815282789111,0,VOLATILITY_ACCELERATION,0.288208284026331,0.4995815282789111,0.082205029013536,0.2542039047689325,0.3594633683981417,0.4329896907216495,TRAINING_REFERENCE
2018-05-02,4.1771,NORMAL,False,0.7213203377748761,0,VOLATILITY_ACCELERATION,0.5139921849498569,0.7213203377748761,0.26644100580270796,0.45149890324153,0.40279566214128193,0.7575257731958763,TRAINING_REFERENCE
2018-05-03,4.2131,NORMAL,False,0.6356601623675026,0,VOLATILITY_ACCELERATION,0.17988315504035873,0.6356601623675026,0.336557059961316,0.21546048694069747,0.38084969503143207,0.6383505154639175,TRAINING_REFERENCE
2018-05-04,4.226,NORMAL,False,0.453578336557058,0,DRAWDOWN_SHIFT,0.030848764933519277,0.4232829190631659,0.453578336557058,0.0765469606702925,0.388434603675834,0.6969072164948453,TRAINING_REFERENCE
2018-05-07,4.2669,NORMAL,False,0.38898139985212216,0,VOLATILITY_ACCELERATION,0.21605989480462093,0.38898139985212216,0.35928433268858595,0.241954566966395,0.396138135143058,0.7303092783505155,TRAINING_REFERENCE
2018-05-08,4.3327,NORMAL,False,0.41573149615558397,0,VOLATILITY_ACCELERATION,0.3747672477761037,0.41573149615558397,0.159574468085108,0.3855257915582775,0.4147218989526459,0.7938144329896907,TRAINING_REFERENCE
2018-05-09,4.2876,NORMAL,False,0.6817739473728821,0,VOLATILITY_ACCELERATION,0.3601999861219657,0.6817739473728821,0.208184273086064,0.26023034135758,0.3986308822692273,0.7418556701030928,TRAINING_REFERENCE
2018-05-10,4.2352,NORMAL,False,0.825363217295957,0,VOLATILITY_ACCELERATION,0.3706864048059108,0.825363217295957,0.4500657788446,0.305532232484375,0.4111833369643285,0.7822680412371134,TRAINING_REFERENCE
2018-05-11,4.3136,NORMAL,False,0.9526533847078874,0,VOLATILITY_ACCELERATION,0.4309612418784504,0.9526533847078874,0.088166732060838,0.46278806195693,0.4287745090411901,0.8317525773195876,TRAINING_REFERENCE
2018-05-14,4.3674,NORMAL,False,0.9593256713403587,0,VOLATILITY_ACCELERATION,0.2350024125399553,0.9593256713403587,0.0,0.3118045252225525,0.41954075341978736,0.8103092783505155,TRAINING_REFERENCE
2018-05-15,4.445,NORMAL,False,0.9667972221499116,0,VOLATILITY_ACCELERATION,0.33985573905989996,0.9667972221499116,0.0,0.44420021065164494,0.4396945302862229,0.8523711340206186,TRAINING_REFERENCE
2018-05-16,4.4139,NORMAL,False,0.9069072662644846,0,VOLATILITY_ACCELERATION,0.25028198928886775,0.9069072662644846,0.068251764649618,0.1749156355455575,0.4170063399843014,0.8004123711340206,TRAINING_REFERENCE
2018-05-17,4.4606,NORMAL,False,0.64346976223248,0,VOLATILITY_ACCELERATION,0.14685584380096656,0.64346976223248,0.4500657788446,0.2645053127619575,0.42090227347084797,0.814020618556701,TRAINING_REFERENCE
2018-05-18,4.4917,NORMAL,False,0.5795933290343895,0,VOLATILITY_ACCELERATION,0.050269635827701935,0.5795933290343895,0.088166732060838,0.1743039053042175,0.3959231209378378,0.7294845360824742,TRAINING_REFERENCE
2018-05-21,4.5749,NORMAL,False,0.6258714120373501,0,VOLATILITY_ACCELERATION,0.3493048709268776,0.6258714120373501,0.0,0.4630763408063775,0.42963133669045256,0.834639175257732,TRAINING_REFERENCE
2018-05-22,4.6691,NORMAL,False,0.6420669050620752,0,VOLATILITY_ACCELERATION,0.3711586414262246,0.6420669050620752,0.0,0.514765350062295,0.4472871768789959,0.8668041237113402,TRAINING_REFERENCE
2018-05-23,4.5762,NORMAL,False,0.8994319124870697,0,VOLATILITY_ACCELERATION,0.6401967992801723,0.8994319124870697,0.258002853838938,0.49741920284423,0.4734507825124161,0.8948453608247423,TRAINING_REFERENCE
2018-05-24,4.7073,NORMAL,False,0.9851365103257199,0,VOLATILITY_ACCELERATION,0.48029522321416057,0.9851365103257199,0.0,0.716205585420215,0.495955844474088,0.917938144329897,TRAINING_REFERENCE
2018-05-25,4.7081,ANOMALOUS,True,1.0159646563295168,1,VOLATILITY_ACCELERATION,0.14268797412632034,1.0159646563295168,0.0,0.00424872007308,0.45786785128757973,0.8791752577319588,TRAINING_REFERENCE
2018-05-28,4.5822,ANOMALOUS,True,1.170558002100823,1,VOLATILITY_ACCELERATION,0.6928914853212458,1.170558002100823,0.534822964677894,0.6685287058473676,0.51790214346601,0.9327835051546391,TRAINING_REFERENCE
2018-05-29,4.5488,ANOMALOUS,True,1.0351259077932369,1,VOLATILITY_ACCELERATION,0.2295817466476303,1.0351259077932369,0.6767061022493159,0.182226877918905,0.48328701658816053,0.9051546391752577,TRAINING_REFERENCE
2018-05-30,4.465,NORMAL,False,0.988799644851814,0,VOLATILITY_ACCELERATION,0.3976522907482252,0.988799644851814,0.634752983341742,0.460561027084065,0.49897916979755447,0.9212371134020618,TRAINING_REFERENCE
2018-05-31,4.5245,NORMAL,False,0.779932456829718,0,DRAWDOWN_SHIFT,0.1595275087332436,0.7214478512603468,0.779932456829718,0.33314669652855,0.48051321544084014,0.900618556701031,TRAINING_REFERENCE
2018-06-01,4.6508,NORMAL,False,0.9994244456337175,0,VOLATILITY_ACCELERATION,0.3884638859122151,0.9994244456337175,0.24341029289947,0.697867167642835,0.502186573618945,0.9232989690721649,TRAINING_REFERENCE
2018-06-04,4.5921,NORMAL,False,0.8467488506636761,0,VOLATILITY_ACCELERATION,0.2658818782411996,0.8467488506636761,0.042055181495722,0.3155371118947275,0.44704951081447664,0.865979381443299,TRAINING_REFERENCE
2018-06-05,4.5985,NORMAL,False,0.8260555768021655,0,VOLATILITY_ACCELERATION,0.03578896303407188,0.8260555768021655,0.21112550710477795,0.0348424468108225,0.43244332896245186,0.8395876288659794,TRAINING_REFERENCE
2018-06-06,4.5554,NORMAL,False,0.7242542627958874,0,VOLATILITY_ACCELERATION,0.18695987904975914,0.7242542627958874,0.38401903103162394,0.23431553767532748,0.44372976678849285,0.8618556701030928,TRAINING_REFERENCE
2018-06-07,4.4844,NORMAL,False,0.751730925020255,0,VOLATILITY_ACCELERATION,0.2814878714449831,0.751730925020255,0.170344725048322,0.38964745137638745,0.4592603849390919,0.8804123711340206,TRAINING_REFERENCE
2018-06-08,4.474,NORMAL,False,0.75104606953973,0,DRAWDOWN_SHIFT,0.07895545481374242,0.300295651444,0.75104606953973,0.057978770850055,0.4632786003559561,0.8870103092783506,TRAINING_REFERENCE
2018-06-11,4.524,NORMAL,False,0.4321386452588908,0,VOLATILITY_ACCELERATION,0.1400083195430189,0.4321386452588908,0.289288672712986,0.279392042914615,0.4317406741833444,0.8375257731958763,TRAINING_REFERENCE
2018-06-12,4.5976,NORMAL,False,0.562194400345385,0,VOLATILITY_ACCELERATION,0.2188791521663757,0.562194400345385,0.003823198317792001,0.40671971706454496,0.4261820471317208,0.8263917525773196,TRAINING_REFERENCE
2018-06-13,4.6452,NORMAL,False,0.5394619008614424,0,VOLATILITY_ACCELERATION,0.1305467061233715,0.5394619008614424,0.3814702321531,0.2588306942752725,0.4188596209487145,0.8078350515463918,TRAINING_REFERENCE
2018-06-14,4.7259,NORMAL,False,0.95027718187804,0,DRAWDOWN_SHIFT,0.22505901998406982,0.32373923601763066,0.95027718187804,0.43431929733919,0.47080419893959924,0.8919587628865979,TRAINING_REFERENCE
2018-06-15,4.7301,NORMAL,False,0.9944563624392,0,DRAWDOWN_SHIFT,0.032222109963327736,0.2714278083263061,0.9944563624392,0.0222179902240825,0.4521976503476291,0.8717525773195877,TRAINING_REFERENCE
2018-06-18,4.7042,NORMAL,False,0.67254502907543,0,DRAWDOWN_SHIFT,0.12386728128655415,0.4116482816924977,0.67254502907543,0.13688928352465998,0.4348555893278405,0.8424742268041238,TRAINING_REFERENCE
2018-06-19,4.7402,NORMAL,False,0.46940379346232997,0,DRAWDOWN_SHIFT,0.09466502654671904,0.3640067964832149,0.46940379346232997,0.1913183963266825,0.40890753968850235,0.7748453608247423,TRAINING_REFERENCE
2018-06-20,4.7327,NORMAL,False,0.37202014074640033,0,VOLATILITY_ACCELERATION,0.039214897812755216,0.37202014074640033,0.235554848011916,0.0395552930256075,0.38880792819421506,0.6989690721649484,TRAINING_REFERENCE
2018-06-21,4.7225,NORMAL,False,0.20791976232183346,0,VOLATILITY_ACCELERATION,0.06622880540227839,0.20791976232183346,0.07468039323235,0.053880448792445,0.37908833405918974,0.6255670103092783,TRAINING_REFERENCE
2018-06-22,4.6773,NORMAL,False,0.26742923052267065,0,VOLATILITY_ACCELERATION,0.18201537833410997,0.26742923052267065,0.265389646006496,0.23928004235045,0.3948959646669528,0.725360824742268,TRAINING_REFERENCE
2018-06-25,4.681,NORMAL,False,0.25964334618587026,0,VOLATILITY_ACCELERATION,0.018855338940921427,0.25964334618587026,0.140267063539328,0.01977636670729,0.3691174165526727,0.528659793814433,TRAINING_REFERENCE
2018-06-26,4.6155,NORMAL,False,0.526138137631322,0,DRAWDOWN_SHIFT,0.3111300093091536,0.2566431730908828,0.526138137631322,0.3498184148686175,0.42818989087167986,0.8301030927835051,TRAINING_REFERENCE
2018-06-27,4.6225,NORMAL,False,0.46495928441838,0,DRAWDOWN_SHIFT,0.014305788727343269,0.28098121599832804,0.46495928441838,0.037915718773695,0.3934284955773172,0.72,TRAINING_REFERENCE
2018-06-28,4.5853,NORMAL,False,0.5788785283321379,0,DRAWDOWN_SHIFT,0.21145634098995073,0.27960404302085545,0.5788785283321379,0.2011898323418025,0.41698536913300055,0.8,TRAINING_REFERENCE
2018-06-29,4.5872,NORMAL,False,0.38015273617147,0,DRAWDOWN_SHIFT,0.006861673967075151,0.28407809189774613,0.38015273617147,0.0103591913288125,0.3839431907637145,0.660618556701031,TRAINING_REFERENCE
2018-07-02,4.6161,NORMAL,False,0.33624473720822684,0,VOLATILITY_ACCELERATION,0.1814621690692729,0.33624473720822684,0.273828108518624,0.15750348796651248,0.37909139592292723,0.625979381443299,TRAINING_REFERENCE
2018-07-03,4.6705,NORMAL,False,0.31030938193003393,0,LOCAL_RETURN_SHOCK,0.31030938193003393,0.3039245715184933,0.23205771908358197,0.2946210004115975,0.380419368244057,0.6362886597938144,TRAINING_REFERENCE
2018-07-04,4.6667,NORMAL,False,0.3098532343219792,0,VOLATILITY_ACCELERATION,0.04255754544590308,0.3098532343219792,0.186490021518078,0.020340434642969998,0.35906623864436,0.42556701030927835,TRAINING_REFERENCE
2018-07-05,4.5925,NORMAL,False,0.4605156310181418,0,LOCAL_RETURN_SHOCK,0.4605156310181418,0.4224553937636468,0.030378465043669964,0.3974971607345625,0.4011594942037574,0.7517525773195877,TRAINING_REFERENCE
2018-07-06,4.5704,NORMAL,False,0.4322802008874121,0,VOLATILITY_ACCELERATION,0.16181861526341962,0.4322802008874121,0.07088308510189198,0.12030484485574248,0.38159843647521463,0.6424742268041237,TRAINING_REFERENCE
2018-07-09,4.7338,NORMAL,False,0.9207876049246031,0,LOCAL_RETURN_SHOCK,0.9207876049246031,0.755936098143464,0.49660351883886195,0.89379485384211,0.49119590052095724,0.9134020618556701,TRAINING_REFERENCE
2018-07-10,4.7077,NORMAL,False,0.7565455208611,0,VOLATILITY_ACCELERATION,0.16315407951009667,0.7565455208611,0.156955402725624,0.13783852296252,0.4111352309046271,0.7818556701030928,TRAINING_REFERENCE
2018-07-11,4.8762,NORMAL,False,0.9244163517252594,0,VOLATILITY_ACCELERATION,0.7391959821751772,0.9244163517252594,0.31011349732078797,0.8948106293943925,0.5049626013233282,0.9257731958762887,TRAINING_REFERENCE
2018-07-12,4.8552,NORMAL,False,0.8295645639510812,0,VOLATILITY_ACCELERATION,0.12277525801832326,0.8295645639510812,0.53704781224864,0.10766580534022249,0.47199375741098326,0.8936082474226804,TRAINING_REFERENCE
2018-07-13,4.8552,NORMAL,False,0.8012885842744705,0,VOLATILITY_ACCELERATION,0.02655187105789545,0.8012885842744705,0.63029282300768,0.0,0.4712124283279951,0.8923711340206185,TRAINING_REFERENCE
2018-07-16,4.8463,NORMAL,False,0.6505217967636697,0,VOLATILITY_ACCELERATION,0.059606867680409625,0.6505217967636697,0.09563339918680601,0.045827154391167496,0.4094513777321835,0.7777319587628866,TRAINING_REFERENCE
2018-07-17,4.8065,NORMAL,False,0.6650647978455256,0,VOLATILITY_ACCELERATION,0.18187183188908168,0.6650647978455256,0.14875333207173597,0.20531126839032,0.4161626661133751,0.7975257731958763,TRAINING_REFERENCE
2018-07-18,4.7953,NORMAL,False,0.33181575817234593,0,DRAWDOWN_SHIFT,0.057426154741008754,0.11628291706014843,0.33181575817234593,0.05825444710287749,0.3989850596643933,0.7439175257731959,TRAINING_REFERENCE
2018-07-19,4.8066,NORMAL,False,0.199335548172756,0,DRAWDOWN_SHIFT,0.029765834199675746,0.14632364721694696,0.199335548172756,0.05891185118762,0.3868451684026642,0.6832989690721649,TRAINING_REFERENCE
2018-07-20,4.7927,NORMAL,False,0.25634715557196,0,DRAWDOWN_SHIFT,0.07129734218210551,0.1406919472108729,0.25634715557196,0.07229642574793249,0.3927191312508564,0.7158762886597938,TRAINING_REFERENCE
2018-07-23,4.7395,NORMAL,False,0.43804601944137,0,DRAWDOWN_SHIFT,0.2323646676653581,0.195478812151376,0.43804601944137,0.2775053727543975,0.4156336763757186,0.7967010309278351,TRAINING_REFERENCE
2018-07-24,4.8861,NORMAL,False,0.773288321552905,0,LARGE_ABSOLUTE_RETURN,0.5543510868840053,0.5777626341913,0.28587834789385197,0.773288321552905,0.455552918900276,0.8758762886597938,TRAINING_REFERENCE
2018-07-25,4.7728,NORMAL,False,0.7092087739307583,0,VOLATILITY_ACCELERATION,0.4434946590448972,0.7092087739307583,0.13194879842698404,0.5797056957491625,0.4565538373754788,0.8779381443298969,TRAINING_REFERENCE
2018-07-26,4.8649,NORMAL,False,0.7709807329019508,0,VOLATILITY_ACCELERATION,0.277139607372038,0.7709807329019508,0.19869141751196,0.4824212202480675,0.450606496694818,0.8709278350515464,TRAINING_REFERENCE
2018-07-27,4.8529,NORMAL,False,0.7693377719522202,0,VOLATILITY_ACCELERATION,0.08597970150482735,0.7693377719522202,0.20658409570382197,0.06166622129951,0.4300967532586968,0.8354639175257732,TRAINING_REFERENCE
2018-07-30,4.8823,NORMAL,False,0.7223163187021991,0,VOLATILITY_ACCELERATION,0.048133053233853584,0.7223163187021991,0.5451281710846699,0.1514558305343175,0.44313125766317674,0.8606185567010309,TRAINING_REFERENCE
2018-07-31,4.9142,NORMAL,False,0.5505823970833643,0,VOLATILITY_ACCELERATION,0.055674971107715965,0.5505823970833643,0.0,0.1633451447063875,0.4002621916686919,0.7484536082474227,TRAINING_REFERENCE
2018-08-01,4.995,NORMAL,False,0.46376455659932997,0,DRAWDOWN_SHIFT,0.21425557358293534,0.3067825707775321,0.46376455659932997,0.4110536811688525,0.43951446359411145,0.8515463917525773,TRAINING_REFERENCE
2018-08-02,5.066,NORMAL,False,0.35535535535535,0,LARGE_ABSOLUTE_RETURN,0.16349280489159868,0.2636517234757707,0.08677677493297399,0.35535535535535,0.42387348671220276,0.822680412371134,TRAINING_REFERENCE
2018-08-03,5.0815,NORMAL,False,0.20410804416786493,0,VOLATILITY_ACCELERATION,0.031211318855863368,0.20410804416786493,0.135895704140316,0.0764903276746925,0.41174501983018086,0.7855670103092783,TRAINING_REFERENCE
2018-08-06,5.3301,ANOMALOUS,True,1.223064055889005,1,LARGE_ABSOLUTE_RETURN,0.6938438203289616,0.5974139918037624,0.015554327582324,1.223064055889005,0.54927753730526,0.9571134020618557,TRAINING_REFERENCE
2018-08-07,5.2443,NORMAL,False,0.7731260272418231,0,VOLATILITY_ACCELERATION,0.32221802688597867,0.7731260272418231,0.32194517926492794,0.40243147408116,0.5038371766161575,0.9241237113402062,TRAINING_REFERENCE
2018-08-08,5.28,NORMAL,False,0.7778981619688894,0,VOLATILITY_ACCELERATION,0.01758889271639167,0.7778981619688894,0.18798896831203799,0.17018477203821,0.47727065367357757,0.8969072164948454,TRAINING_REFERENCE
2018-08-09,5.5457,ANOMALOUS,True,1.25804924242424,1,LARGE_ABSOLUTE_RETURN,0.7102600177049248,0.9012691061314891,0.0,1.25804924242424,0.5862099595652526,0.9707216494845361,TRAINING_REFERENCE
2018-08-10,6.4275,ANOMALOUS,True,3.975151919505202,3,LARGE_ABSOLUTE_RETURN,1.9900861271380772,1.2982500761282216,0.0,3.975151919505202,0.745587473696885,0.9979381443298969,TRAINING_REFERENCE
2018-08-13,6.8834,ANOMALOUS,True,1.7732399844418476,2,LARGE_ABSOLUTE_RETURN,0.36056663449223797,1.2494482539384089,0.0,1.7732399844418476,0.7247216367840893,0.9958762886597938,TRAINING_REFERENCE
2018-08-14,6.3544,ANOMALOUS,True,1.9212888979283498,3,LARGE_ABSOLUTE_RETURN,0.585984696602479,1.481407668536337,1.2150859390777518,1.9212888979283498,0.7451159753449618,0.9975257731958763,TRAINING_REFERENCE
2018-08-15,5.9905,ANOMALOUS,True,2.40636847132535,3,DRAWDOWN_SHIFT,0.3960830812144085,1.611502194987282,2.40636847132535,1.4316851315623824,0.7409783539471488,0.996701030927835,TRAINING_REFERENCE
2018-08-16,5.827,ANOMALOUS,True,3.069413371299068,2,DRAWDOWN_SHIFT,0.20473624400340143,1.6376837985916695,3.069413371299068,0.6823303563976274,0.720613211378653,0.9954639175257732,TRAINING_REFERENCE
2018-08-17,6.014,ANOMALOUS,True,2.5260772292762277,2,DRAWDOWN_SHIFT,0.10867102642540206,1.0149908668662753,2.5260772292762277,0.802299639608715,0.6873085273057633,0.9929896907216494,TRAINING_REFERENCE
2018-08-20,6.0808,ANOMALOUS,True,2.331987099398552,1,DRAWDOWN_SHIFT,0.00717034566605346,0.7534646214255111,2.331987099398552,0.277685400731625,0.6694702953301414,0.9888659793814433,TRAINING_REFERENCE
2018-08-21,6.0758,NORMAL,False,0.8094836853880341,0,DRAWDOWN_SHIFT,0.0739450154411631,0.5753496833295241,0.8094836853880341,0.0205565057229275,0.6174314527820935,0.9802061855670103,TRAINING_REFERENCE
2018-08-22,6.0512,NORMAL,False,0.36188375619458674,0,VOLATILITY_ACCELERATION,0.08245994791595365,0.36188375619458674,0.17636633059243817,0.10122123835544501,0.5784169774390705,0.9682474226804124,TRAINING_REFERENCE
2018-08-23,6.1247,NORMAL,False,0.8649795159368939,0,DRAWDOWN_SHIFT,0.00441001603051469,0.23664633551195785,0.8649795159368939,0.30365877842411504,0.592746403170219,0.9740206185567011,TRAINING_REFERENCE
2018-08-24,6.0068,NORMAL,False,0.4812480611295225,0,LARGE_ABSOLUTE_RETURN,0.16535760534842797,0.21342843912045642,0.020919894238314307,0.4812480611295225,0.5730344366276081,0.9661855670103093,TRAINING_REFERENCE
2018-08-27,6.1217,NORMAL,False,0.4782080308983125,0,LARGE_ABSOLUTE_RETURN,0.03766787737895322,0.2485133664212286,0.11883662143707785,0.4782080308983125,0.5707679997069475,0.963298969072165,TRAINING_REFERENCE
2018-08-28,6.273,NORMAL,False,0.6178839211330149,0,LARGE_ABSOLUTE_RETURN,0.06301977975748904,0.29892162658376376,0.5729726588604461,0.6178839211330149,0.5977649900379002,0.9756701030927835,TRAINING_REFERENCE
2018-08-29,6.4752,ANOMALOUS,True,1.2319493273672917,1,DRAWDOWN_SHIFT,0.09688159781273396,0.3287165952173456,1.2319493273672917,0.8058345289335226,0.6301041646371024,0.9843298969072165,TRAINING_REFERENCE
2018-08-30,6.6519,ANOMALOUS,True,1.531801144783102,1,DRAWDOWN_SHIFT,0.06719292149208193,0.3425258740485907,1.531801144783102,0.682218309859155,0.6399506659875721,0.9868041237113402,TRAINING_REFERENCE
2018-08-31,6.538,ANOMALOUS,True,1.543423308248832,1,DRAWDOWN_SHIFT,0.1630292880156023,0.3257460821845294,1.543423308248832,0.4280731820983475,0.6363966060215498,0.985979381443299,TRAINING_REFERENCE
2018-09-03,6.634,ANOMALOUS,True,1.488508585873264,1,DRAWDOWN_SHIFT,0.0044822123035945195,0.3255235512765607,1.488508585873264,0.367084735393085,0.6277997925393993,0.9835051546391752,TRAINING_REFERENCE
2018-09-04,6.6711,ANOMALOUS,True,1.1566958189266938,1,DRAWDOWN_SHIFT,0.03331026912599017,0.3229659145877071,1.1566958189266938,0.13981006933976248,0.6106951906289406,0.9785567010309278,TRAINING_REFERENCE
2018-09-05,6.6011,NORMAL,False,0.3658075950838241,0,DRAWDOWN_SHIFT,0.12245310452978998,0.29790700283004196,0.3658075950838241,0.26232555350692,0.5874828217874991,0.9711340206185567,TRAINING_REFERENCE
2018-09-06,6.5827,NORMAL,False,0.20747969571576033,0,VOLATILITY_ACCELERATION,0.0776603349136818,0.20747969571576033,0.20106342795711593,0.0696853554710575,0.5720524270638243,0.9649484536082474,TRAINING_REFERENCE
2018-09-07,6.397,NORMAL,False,0.7052577209959424,0,LARGE_ABSOLUTE_RETURN,0.19783476221917712,0.26614661089776054,0.40968126216695183,0.7052577209959424,0.578313661449453,0.9678350515463917,TRAINING_REFERENCE
2018-09-10,6.4616,NORMAL,False,0.500915245372928,0,DRAWDOWN_SHIFT,0.0740117873170422,0.24612116814982846,0.500915245372928,0.25246209160543753,0.5433994584781227,0.9538144329896907,TRAINING_REFERENCE
2018-09-11,6.4302,NORMAL,False,0.6999447947235361,0,DRAWDOWN_SHIFT,0.018270867817492365,0.22665241526690036,0.6999447947235361,0.12148693821963251,0.5343046356164646,0.9488659793814433,TRAINING_REFERENCE
2018-09-12,6.342,NORMAL,False,0.752825638492606,0,DRAWDOWN_SHIFT,0.15839407059025679,0.23022239629940255,0.752825638492606,0.34291312867407,0.5408560025024098,0.951340206185567,TRAINING_REFERENCE
2018-09-13,6.0812,ANOMALOUS,True,1.457128744515792,2,DRAWDOWN_SHIFT,0.5843235921137512,0.31756323781655493,1.457128744515792,1.0280668558814225,0.6266211234971171,0.9830927835051546,TRAINING_REFERENCE
2018-09-14,6.1703,NORMAL,False,0.6586861144202022,0,DRAWDOWN_SHIFT,0.1520153002478023,0.35432311571221303,0.6586861144202022,0.36629283694007747,0.5585991685606901,0.9608247422680413,TRAINING_REFERENCE
2018-09-17,6.3144,NORMAL,False,0.5838451939127725,0,LARGE_ABSOLUTE_RETURN,0.2841489409015064,0.4030078170403865,0.4276956155388338,0.5838451939127725,0.5574497818224872,0.9591752577319588,TRAINING_REFERENCE
2018-09-18,6.3846,NORMAL,False,0.41874695433234344,0,VOLATILITY_ACCELERATION,0.11435577502778904,0.41874695433234344,0.13249266350931377,0.277936145952105,0.5239005885742694,0.9385567010309278,TRAINING_REFERENCE
2018-09-19,6.2493,NORMAL,False,0.5297904332299574,0,LARGE_ABSOLUTE_RETURN,0.30035969185428985,0.4334328239601954,0.26934363831827207,0.5297904332299574,0.5483812432213353,0.9562886597938144,TRAINING_REFERENCE
2018-09-20,6.196,NORMAL,False,0.3335560914664282,0,DRAWDOWN_SHIFT,0.12596603823912828,0.28911288401536034,0.3335560914664282,0.21322388107468,0.5275822004593129,0.9430927835051547,TRAINING_REFERENCE
2018-09-21,6.2937,NORMAL,False,0.3942059393156874,0,LARGE_ABSOLUTE_RETURN,0.1828165796071614,0.29163464935636524,0.358543742917746,0.3942059393156874,0.5290701065610802,0.9447422680412371,TRAINING_REFERENCE
2018-09-24,6.1524,NORMAL,False,0.56127556127556,0,LARGE_ABSOLUTE_RETURN,0.3093226802956323,0.2804792341635359,0.47069762036202806,0.56127556127556,0.5470384322293206,0.9558762886597938,TRAINING_REFERENCE
2018-09-25,6.1618,NORMAL,False,0.6473545050411119,0,DRAWDOWN_SHIFT,0.013114602071472336,0.2530706385136311,0.6473545050411119,0.0381964761719025,0.5236261294962453,0.9381443298969072,TRAINING_REFERENCE
2018-09-26,6.107,NORMAL,False,0.41345846529331404,0,DRAWDOWN_SHIFT,0.10373791348317349,0.22302786711347194,0.41345846529331404,0.222337628615015,0.5165406235719541,0.9315463917525774,TRAINING_REFERENCE
2018-09-27,6.008,NORMAL,False,0.5462416828892719,0,DRAWDOWN_SHIFT,0.18475213938803658,0.23760704680532668,0.5462416828892719,0.40527263795644247,0.537826452901535,0.9509278350515464,TRAINING_REFERENCE
2018-09-28,6.056,NORMAL,False,0.690647063950956,0,DRAWDOWN_SHIFT,0.1904468813620157,0.19629484744037412,0.690647063950956,0.1997336884154475,0.5258713058437247,0.9414432989690722,TRAINING_REFERENCE
2018-10-01,5.936,NORMAL,False,0.628759043495948,0,DRAWDOWN_SHIFT,0.23788839879218,0.1850436136242049,0.628759043495948,0.4953764861294575,0.5429559863959141,0.9534020618556701,TRAINING_REFERENCE
2018-10-02,5.9846,NORMAL,False,0.514861841531802,0,DRAWDOWN_SHIFT,0.20306825009322282,0.20892268772505027,0.514861841531802,0.204683288409705,0.5171099433796781,0.931958762886598,TRAINING_REFERENCE
2018-10-03,6.0458,NORMAL,False,0.25565618420612496,0,LARGE_ABSOLUTE_RETURN,0.2302137553464324,0.23511432983360186,0.177819101025658,0.25565618420612496,0.5012458385762715,0.9224742268041237,TRAINING_REFERENCE
2018-10-04,6.1627,NORMAL,False,0.4833934301498575,0,LARGE_ABSOLUTE_RETURN,0.34401297401132364,0.23415543104063094,0.4494871720370758,0.4833934301498575,0.5191415674511595,0.9331958762886597,TRAINING_REFERENCE
2018-10-05,6.1333,NORMAL,False,0.24181058450507373,0,VOLATILITY_ACCELERATION,0.022775422913222695,0.24181058450507373,0.2245983089752182,0.11926590617748749,0.48332787324555854,0.9055670103092783,TRAINING_REFERENCE
2018-10-08,6.1106,NORMAL,False,0.507307435279078,0,DRAWDOWN_SHIFT,0.02561276709879555,0.16094475987845958,0.507307435279078,0.0925276767808525,0.49107030402344093,0.9129896907216495,TRAINING_REFERENCE
2018-10-09,6.1011,NORMAL,False,0.338495510939362,0,DRAWDOWN_SHIFT,0.016468940679628286,0.1669918599420338,0.338495510939362,0.038866887048735,0.4786496382062046,0.8981443298969072,TRAINING_REFERENCE
2018-10-10,6.076,NORMAL,False,0.1637569007445698,0,VOLATILITY_ACCELERATION,0.024313404809838474,0.1637569007445698,0.08774733416625602,0.1028503056825825,0.4702789946946297,0.8911340206185567,TRAINING_REFERENCE
2018-10-11,5.9258,NORMAL,False,0.68832263125781,0,DRAWDOWN_SHIFT,0.3441737273914678,0.1507863203335246,0.68832263125781,0.6180052666227775,0.5489206394955116,0.9567010309278351,TRAINING_REFERENCE
2018-10-12,5.8721,NORMAL,False,0.7589272743121162,0,DRAWDOWN_SHIFT,0.1332810213549594,0.14833699758960553,0.7589272743121162,0.2265516892233975,0.5355974183772431,0.9496907216494845,TRAINING_REFERENCE
2018-10-15,5.7867,NORMAL,False,0.9411046866374179,0,DRAWDOWN_SHIFT,0.21162568639352808,0.14547867477412943,0.9411046866374179,0.363583726435175,0.5650920480418847,0.9624742268041238,TRAINING_REFERENCE
2018-10-16,5.6856,ANOMALOUS,True,1.2072522300026158,1,DRAWDOWN_SHIFT,0.2489082097054338,0.1247507683877004,1.2072522300026158,0.4367774379179825,0.5938774904918812,0.9744329896907217,TRAINING_REFERENCE
2018-10-17,5.5835,ANOMALOUS,True,1.4309788767178995,1,DRAWDOWN_SHIFT,0.23479206210102388,0.09007755073132566,1.4309788767178995,0.44894118474743006,0.6134653315364696,0.9797938144329897,TRAINING_REFERENCE
2018-10-18,5.6425,NORMAL,False,0.8231397274602642,0,DRAWDOWN_SHIFT,0.3128689788639547,0.18819905751061897,0.8231397274602642,0.2641712187695875,0.5790102035840329,0.968659793814433,TRAINING_REFERENCE
2018-10-19,5.6425,NORMAL,False,0.6671121829328502,0,DRAWDOWN_SHIFT,0.08592380759764381,0.2007099081064174,0.6671121829328502,0.0,0.5463800049822541,0.9554639175257732,TRAINING_REFERENCE
2018-10-22,5.6689,NORMAL,False,0.3422727140657239,0,DRAWDOWN_SHIFT,0.2008627944901335,0.20681419650475621,0.3422727140657239,0.116969428444835,0.5283563214355974,0.9439175257731959,TRAINING_REFERENCE
2018-10-23,5.737,NORMAL,False,0.333337027575082,0,LOCAL_RETURN_SHOCK,0.333337027575082,0.19141891802220456,0.14934480053461985,0.3003228139497975,0.5302959404549631,0.9455670103092784,TRAINING_REFERENCE
2018-10-24,5.7023,NORMAL,False,0.3451782549321558,0,DRAWDOWN_SHIFT,0.05117400669579677,0.11887881655514547,0.3451782549321558,0.1512114345476725,0.5254846674628393,0.9406185567010309,TRAINING_REFERENCE
2018-10-25,5.6345,NORMAL,False,0.2972484786840375,0,LARGE_ABSOLUTE_RETURN,0.17156797253882944,0.14704670697848393,0.023244326931459725,0.2972484786840375,0.5229846805901399,0.9377319587628866,TRAINING_REFERENCE
2018-10-26,5.5929,NORMAL,False,0.184577158576625,0,LARGE_ABSOLUTE_RETURN,0.08676766894457869,0.15523023628254232,0.14411482697504197,0.184577158576625,0.5224228846577517,0.9369072164948453,TRAINING_REFERENCE
2018-10-29,5.5611,NORMAL,False,0.31321730540140036,0,DRAWDOWN_SHIFT,0.03720451127945337,0.14823538638947656,0.31321730540140036,0.1421445046398125,0.5305724039056546,0.945979381443299,TRAINING_REFERENCE
2018-10-30,5.4746,NORMAL,False,0.762413923351834,0,DRAWDOWN_SHIFT,0.27088287990990506,0.06907263422161258,0.762413923351834,0.3888619158080225,0.596336395745693,0.9752577319587629,TRAINING_REFERENCE
2018-10-31,5.5835,NORMAL,False,0.5325295431267424,0,LOCAL_RETURN_SHOCK,0.5325295431267424,0.225060542010585,0.3451782549321558,0.49729660614474247,0.562497502948214,0.9616494845360825,TRAINING_REFERENCE
2018-11-01,5.5118,NORMAL,False,0.3565098643112402,0,DRAWDOWN_SHIFT,0.18291804970502562,0.23193847356629682,0.3565098643112402,0.3210351929793125,0.5418627724584278,0.9521649484536082,TRAINING_REFERENCE
2018-11-02,5.4296,NORMAL,False,0.47447482348839165,0,DRAWDOWN_SHIFT,0.21249403376696654,0.3352230827722925,0.47447482348839165,0.37283645995863496,0.5580712591877347,0.9595876288659794,TRAINING_REFERENCE
2018-11-05,5.3134,NORMAL,False,0.5350302048032974,0,LARGE_ABSOLUTE_RETURN,0.3415791488685652,0.4080384938445131,0.22839650084621577,0.5350302048032974,0.5861542584386843,0.9703092783505155,TRAINING_REFERENCE
2018-11-06,5.356,NORMAL,False,0.48973073553533586,0,VOLATILITY_ACCELERATION,0.3172542106347603,0.48973073553533586,0.15064785357897625,0.20043663191177002,0.5584641643715035,0.9604123711340207,TRAINING_REFERENCE
2018-11-07,5.3612,NORMAL,False,0.3720688355547559,0,VOLATILITY_ACCELERATION,0.15182798742244683,0.3720688355547559,0.1501759138813763,0.024271844660195,0.5324300719750634,0.9476288659793815,TRAINING_REFERENCE
2018-11-08,5.4583,NORMAL,False,0.5036116306859972,0,VOLATILITY_ACCELERATION,0.49447754061742094,0.5036116306859972,0.3492577804763519,0.45279042005521003,0.5515276173097732,0.9583505154639175,TRAINING_REFERENCE
2018-11-09,5.4606,NORMAL,False,0.59498865424641,0,DRAWDOWN_SHIFT,0.0882271869844492,0.4672215307244339,0.59498865424641,0.0105344154773475,0.5105675177484987,0.9290721649484536,TRAINING_REFERENCE
2018-11-12,5.4685,NORMAL,False,0.46499078113054815,0,DRAWDOWN_SHIFT,0.09933014459786922,0.24398401290677976,0.46499078113054815,0.03616818664615,0.5013429656058142,0.9228865979381443,TRAINING_REFERENCE
2018-11-13,5.4776,NORMAL,False,0.36455756921646987,0,DRAWDOWN_SHIFT,0.0893897240580435,0.24604716996072395,0.36455756921646987,0.0416019018012225,0.48666638070638063,0.908041237113402,TRAINING_REFERENCE
2018-11-14,5.4624,NORMAL,False,0.30339824017028616,0,DRAWDOWN_SHIFT,0.020627475684397132,0.2654182702745093,0.30339824017028616,0.0693734482255,0.4793217539063108,0.8985567010309279,TRAINING_REFERENCE
2018-11-15,5.3481,NORMAL,False,0.523121704745165,0,LARGE_ABSOLUTE_RETURN,0.4414843895899473,0.30881579697819433,0.33038029710243,0.523121704745165,0.5326848406854824,0.948041237113402,TRAINING_REFERENCE
2018-11-16,5.3318,NORMAL,False,0.3861432147621824,0,DRAWDOWN_SHIFT,0.009316012889082612,0.3029450341868468,0.3861432147621824,0.07619528430657249,0.4953708680488553,0.9175257731958762,TRAINING_REFERENCE
2018-11-19,5.3075,NORMAL,False,0.482679018452728,0,DRAWDOWN_SHIFT,0.03825680101816756,0.28712274118230663,0.482679018452728,0.113939007464645,0.5046775078517272,0.925360824742268,TRAINING_REFERENCE
2018-11-20,5.3776,NORMAL,False,0.4064596598406586,0,VOLATILITY_ACCELERATION,0.3540418906470184,0.4064596598406586,0.299800632579334,0.330193122939235,0.5195845242482817,0.934020618556701,TRAINING_REFERENCE
2018-11-21,5.308,NORMAL,False,0.4628921767024924,0,DRAWDOWN_SHIFT,0.20913730665179317,0.44844779992047235,0.4628921767024924,0.323564415352575,0.5155674599597818,0.9303092783505155,TRAINING_REFERENCE
2018-11-22,5.296,NORMAL,False,0.3471341031018315,0,VOLATILITY_ACCELERATION,0.02627788105561617,0.3471341031018315,0.15619612957383178,0.056518462697812494,0.48310164363068614,0.9047422680412371,TRAINING_REFERENCE
2018-11-23,5.2875,NORMAL,False,0.3492367348514627,0,VOLATILITY_ACCELERATION,0.03036432874600268,0.3492367348514627,0.1328116802326479,0.0401246223564975,0.480552215849409,0.9010309278350516,TRAINING_REFERENCE
2018-11-26,5.2477,NORMAL,False,0.36645867129250087,0,VOLATILITY_ACCELERATION,0.10255287911500242,0.36645867129250087,0.17928077828244238,0.18817966903073,0.4900395260613934,0.9121649484536083,TRAINING_REFERENCE
2018-11-27,5.2716,NORMAL,False,0.2479358215579073,0,VOLATILITY_ACCELERATION,0.15774728072301936,0.2479358215579073,0.15019534361984388,0.11385940507269499,0.4863042305354777,0.9076288659793814,TRAINING_REFERENCE
2018-11-28,5.2219,NORMAL,False,0.235696942104865,0,LARGE_ABSOLUTE_RETURN,0.16651372596913933,0.20672908714979046,0.047891273514775734,0.235696942104865,0.49529433427475156,0.9171134020618557,TRAINING_REFERENCE
2018-11-29,5.1631,NORMAL,False,0.28150673126639497,0,LARGE_ABSOLUTE_RETURN,0.19328382672439068,0.24290699670458976,0.10343010934499797,0.28150673126639497,0.5002783769643494,0.9216494845360824,TRAINING_REFERENCE
2018-11-30,5.2128,NORMAL,False,0.3561223976251059,0,VOLATILITY_ACCELERATION,0.31356852660211804,0.3561223976251059,0.2827450313821622,0.24064999709476498,0.4985871123525424,0.9208247422680412,TRAINING_REFERENCE
2018-12-03,5.2501,NORMAL,False,0.596869839977614,0,DRAWDOWN_SHIFT,0.22338327576620318,0.3744342319913696,0.596869839977614,0.1788865868631075,0.4798599666405696,0.8997938144329897,TRAINING_REFERENCE
2018-12-04,5.3875,NORMAL,False,0.9046632165074936,0,DRAWDOWN_SHIFT,0.7161272842957848,0.5667029109440709,0.9046632165074936,0.6542732519380575,0.5444533443086201,0.954639175257732,TRAINING_REFERENCE
2018-12-05,5.3262,NORMAL,False,0.8189958275823161,0,DRAWDOWN_SHIFT,0.2677364636823059,0.5848174628130809,0.8189958275823161,0.28445475638051,0.5099166566200319,0.9282474226804124,TRAINING_REFERENCE
2018-12-06,5.3386,NORMAL,False,0.742493987724756,0,DRAWDOWN_SHIFT,0.05763664215061532,0.5383497546351169,0.742493987724756,0.05820284630693,0.48514607163131884,0.9068041237113402,TRAINING_REFERENCE
2018-12-07,5.3029,NORMAL,False,0.5892006148079338,0,VOLATILITY_ACCELERATION,0.13503228424263208,0.5892006148079338,0.4768305246819099,0.167178661072185,0.4784029316863657,0.8977319587628866,TRAINING_REFERENCE
2018-12-10,5.3248,NORMAL,False,0.6054679104666655,0,VOLATILITY_ACCELERATION,0.13204515898378613,0.6054679104666655,0.3506289427989939,0.103245394029675,0.47148614259393945,0.8927835051546392,TRAINING_REFERENCE
2018-12-11,5.3653,NORMAL,False,0.3330256282386025,0,VOLATILITY_ACCELERATION,0.21056003529914386,0.3330256282386025,0.17320147038531797,0.19014798677884748,0.43218540058725297,0.8383505154639175,TRAINING_REFERENCE
2018-12-12,5.3482,NORMAL,False,0.3108859751405896,0,DRAWDOWN_SHIFT,0.051466856052634846,0.2461766724415107,0.3108859751405896,0.07967867593610749,0.4276628209064881,0.829278350515464,TRAINING_REFERENCE
2018-12-13,5.3392,NORMAL,False,0.24758984745775486,0,VOLATILITY_ACCELERATION,0.01588898869539797,0.24758984745775486,0.2434424794478679,0.0420702292360075,0.41972501032987886,0.8107216494845361,TRAINING_REFERENCE
2018-12-14,5.3635,NORMAL,False,0.7947976366560477,0,DRAWDOWN_SHIFT,0.11893611777637066,0.19890949410464173,0.7947976366560477,0.1137810908001175,0.4398541058289933,0.8527835051546392,TRAINING_REFERENCE
2018-12-17,5.3686,NORMAL,False,0.7427462486898184,0,DRAWDOWN_SHIFT,0.015769411749055592,0.19959014807860084,0.7427462486898184,0.02377179080824,0.43035105735501833,0.8362886597938144,TRAINING_REFERENCE
2018-12-18,5.345,NORMAL,False,0.2965448600568843,0,DRAWDOWN_SHIFT,0.13044724555270312,0.1607453586801331,0.2965448600568843,0.1098982975077275,0.42125460863677344,0.8148453608247422,TRAINING_REFERENCE
2018-12-19,5.2861,NORMAL,False,0.29263985467724435,0,LOCAL_RETURN_SHOCK,0.29263985467724435,0.2638753448850629,0.15973493143492445,0.2754911131898925,0.4295582583471635,0.8342268041237113,TRAINING_REFERENCE
2018-12-20,5.2649,NORMAL,False,0.2687267794763064,0,VOLATILITY_ACCELERATION,0.10605592642119581,0.2687267794763064,0.11953394749175006,0.100262953784455,0.4155007283830134,0.7958762886597938,TRAINING_REFERENCE
2018-12-21,5.3181,NORMAL,False,0.35532629581627134,0,VOLATILITY_ACCELERATION,0.28500852281583666,0.35532629581627134,0.14733801742742747,0.252616383976905,0.42309057816263046,0.8202061855670103,TRAINING_REFERENCE
2018-12-24,5.289,NORMAL,False,0.36261275535889065,0,VOLATILITY_ACCELERATION,0.15481890631063955,0.36261275535889065,0.25832833011504797,0.1367969763637425,0.4164946727929381,0.7983505154639176,TRAINING_REFERENCE
2018-12-25,5.3101,NORMAL,False,0.38755380052692634,0,VOLATILITY_ACCELERATION,0.09572026124405608,0.38755380052692634,0.11326204423385833,0.09973529967858251,0.4062304540989983,0.7698969072164948,TRAINING_REFERENCE
2018-12-26,5.2766,NORMAL,False,0.3351309340081662,0,VOLATILITY_ACCELERATION,0.18091710752533088,0.3351309340081662,0.030830642413228193,0.1577183103896325,0.4112409945472424,0.7826804123711341,TRAINING_REFERENCE
2018-12-27,5.285,NORMAL,False,0.33320925326446943,0,VOLATILITY_ACCELERATION,0.028249704649992862,0.33320925326446943,0.14744728866142032,0.0397983550013225,0.3994800805544463,0.7455670103092783,TRAINING_REFERENCE
2018-12-28,5.2725,NORMAL,False,0.21668278333122243,0,VOLATILITY_ACCELERATION,0.10260991203236312,0.21668278333122243,0.002095773286682201,0.059129612109745,0.4033046622177484,0.7595876288659794,TRAINING_REFERENCE
2018-12-31,5.2887,NORMAL,False,0.2080702809228565,0,VOLATILITY_ACCELERATION,0.07267215964993702,0.2080702809228565,0.17231918129986368,0.07681365576102499,0.3980293320502835,0.7381443298969073,TRAINING_REFERENCE
2019-01-01,5.2933,NORMAL,False,0.19060299303462203,0,DRAWDOWN_SHIFT,0.014038983845450692,0.18199503157994895,0.19060299303462203,0.0217444740673525,0.3972992413703831,0.7356701030927835,TRAINING_REFERENCE
2019-01-02,5.4003,ANOMALOUS,True,1.102087415455068,1,DRAWDOWN_SHIFT,0.9101153056484577,0.41665229824780303,1.102087415455068,0.5053558271777501,0.4894778364651169,0.911340206185567,TRAINING_REFERENCE
2019-01-03,5.4664,ANOMALOUS,True,1.3844222286466017,1,DRAWDOWN_SHIFT,0.41387491986135744,0.4441920521671194,1.3844222286466017,0.30600151843415996,0.4616351171499733,0.8841237113402062,TRAINING_REFERENCE
2019-01-04,5.3311,ANOMALOUS,True,1.168456843018968,1,DRAWDOWN_SHIFT,0.8745807769339525,0.7859999955297192,1.168456843018968,0.6187801843992374,0.5158710740606417,0.9307216494845361,TRAINING_REFERENCE
2019-01-07,5.3848,ANOMALOUS,True,1.43530690366882,1,DRAWDOWN_SHIFT,0.26267804845723663,0.8052762855156685,1.43530690366882,0.25182420138433004,0.4716183938961101,0.8931958762886598,TRAINING_REFERENCE
2019-01-08,5.4811,ANOMALOUS,True,1.684262143234096,1,DRAWDOWN_SHIFT,0.45396407993301763,0.8444212003597308,1.684262143234096,0.4470918139949425,0.5043756290203969,0.9245360824742268,TRAINING_REFERENCE
2019-01-09,5.4768,NORMAL,False,0.86650588884714,0,DRAWDOWN_SHIFT,0.04675629223982275,0.7978454499602599,0.86650588884714,0.01961285143493,0.4357899572317069,0.8437113402061855,TRAINING_REFERENCE
2019-01-10,5.4168,NORMAL,False,0.7980172067017397,0,VOLATILITY_ACCELERATION,0.30091034304690945,0.7980172067017397,0.2655256021302639,0.27388255915863,0.426431947737384,0.8268041237113402,TRAINING_REFERENCE
2019-01-11,5.455,NORMAL,False,0.5915530988713741,0,DRAWDOWN_SHIFT,0.14981064739418723,0.5173830492312149,0.5915530988713741,0.17630335253285748,0.3999309021614088,0.7472164948453608,TRAINING_REFERENCE
2019-01-14,5.4447,NORMAL,False,0.5101779462092298,0,VOLATILITY_ACCELERATION,0.06611432510800791,0.5101779462092298,0.20881994073557592,0.047204399633362495,0.3776175254677749,0.6107216494845361,TRAINING_REFERENCE
2019-01-15,5.4466,NORMAL,False,0.30781420333304216,0,VOLATILITY_ACCELERATION,0.009662634015223987,0.30781420333304216,0.004727216190062028,0.00872408029827,0.3608583935876038,0.4465979381443299,TRAINING_REFERENCE
2019-01-16,5.3363,NORMAL,False,0.5063897552230305,0,LOCAL_RETURN_SHOCK,0.5063897552230305,0.4941242478112567,0.15138471306523807,0.5062791466235824,0.4279595360254992,0.8296907216494845,TRAINING_REFERENCE
2019-01-17,5.348,NORMAL,False,0.49001788195312346,0,VOLATILITY_ACCELERATION,0.0369753955038415,0.49001788195312346,0.240509668074302,0.0548132601240575,0.385996524869008,0.6758762886597938,TRAINING_REFERENCE
2019-01-18,5.3283,NORMAL,False,0.42296012731475263,0,VOLATILITY_ACCELERATION,0.10125309207251318,0.42296012731475263,0.06897024196286197,0.092090501121915,0.3822135739331145,0.6490721649484537,TRAINING_REFERENCE
2019-01-21,5.3247,NORMAL,False,0.428878368180518,0,VOLATILITY_ACCELERATION,0.018844744227110192,0.428878368180518,0.09198237311156807,0.0168909408254,0.3785013196038209,0.6181443298969073,TRAINING_REFERENCE
2019-01-22,5.3435,NORMAL,False,0.4603604711808584,0,VOLATILITY_ACCELERATION,0.07181910593622368,0.4603604711808584,0.037155272666823946,0.08826788363663249,0.3769749060489303,0.6061855670103092,TRAINING_REFERENCE
2019-01-23,5.286,NORMAL,False,0.2792190274827511,0,VOLATILITY_ACCELERATION,0.2549715514482749,0.2792190274827511,0.23914594598455005,0.2690184336109275,0.3909726160770858,0.7072164948453609,TRAINING_REFERENCE
2019-01-24,5.265,NORMAL,False,0.2598607809166644,0,VOLATILITY_ACCELERATION,0.09279316182127245,0.2598607809166644,0.08722533682743602,0.09931895573212,0.3785011581890007,0.6177319587628866,TRAINING_REFERENCE
2019-01-25,5.2688,NORMAL,False,0.2767606412982729,0,VOLATILITY_ACCELERATION,0.019139034790590967,0.2767606412982729,0.1394599461110979,0.01804368471035,0.3725940260695653,0.5632989690721649,TRAINING_REFERENCE
2019-01-28,5.3279,NORMAL,False,0.42713638013405786,0,VOLATILITY_ACCELERATION,0.2516096173880201,0.42713638013405786,0.36800522678910597,0.2804243850592125,0.38593287387509173,0.6750515463917526,TRAINING_REFERENCE
2019-01-29,5.3098,NORMAL,False,0.4224261950977136,0,VOLATILITY_ACCELERATION,0.08406296414389672,0.4224261950977136,0.2346188164692141,0.08493027271532749,0.3755722228799702,0.5917525773195876,TRAINING_REFERENCE
2019-01-30,5.2252,NORMAL,False,0.4989073530279627,0,VOLATILITY_ACCELERATION,0.3536706630171746,0.4989073530279627,0.11442110619477405,0.3983200873855875,0.4111266175740897,0.7814432989690722,TRAINING_REFERENCE
2019-01-31,5.1645,NORMAL,False,0.5558154410560555,0,VOLATILITY_ACCELERATION,0.2292407180182511,0.5558154410560555,0.3667147105507999,0.2904195054734725,0.41789525117965926,0.8041237113402062,TRAINING_REFERENCE
2019-02-01,5.2084,NORMAL,False,0.6193989739048186,0,VOLATILITY_ACCELERATION,0.264993212110068,0.6193989739048186,0.22039371658973392,0.2125084712944125,0.4119029679984125,0.7872164948453608,TRAINING_REFERENCE
2019-02-04,5.2182,NORMAL,False,0.5118383352244074,0,VOLATILITY_ACCELERATION,0.07836266721733096,0.5118383352244074,0.40028461440221597,0.0470393978957075,0.3985798024552471,0.7414432989690721,TRAINING_REFERENCE
2019-02-05,5.1985,NORMAL,False,0.5114201737655407,0,VOLATILITY_ACCELERATION,0.06075431241170339,0.5114201737655407,0.40612285855029195,0.094381204246675,0.3981554867649241,0.7397938144329896,TRAINING_REFERENCE
2019-02-06,5.2168,NORMAL,False,0.3975341656200063,0,VOLATILITY_ACCELERATION,0.19076431449907125,0.3975341656200063,0.0306507817773799,0.08800615562181,0.3683993467479133,0.5195876288659794,TRAINING_REFERENCE
2019-02-07,5.2668,NORMAL,False,0.37328273521738187,0,DRAWDOWN_SHIFT,0.3677401478578048,0.2872319689401116,0.37328273521738187,0.2396104891887725,0.3893276416892656,0.7002061855670103,TRAINING_REFERENCE
2019-02-08,5.2474,NORMAL,False,0.2964350578300985,0,VOLATILITY_ACCELERATION,0.06965070153311986,0.2964350578300985,0.14230720110926395,0.0920862762968,0.3608643661809987,0.4470103092783505,TRAINING_REFERENCE
2019-02-11,5.2779,NORMAL,False,0.3136963514253872,0,VOLATILITY_ACCELERATION,0.23903070387481862,0.3136963514253872,0.21783948477495402,0.145310058314595,0.36929495995756445,0.5311340206185567,TRAINING_REFERENCE
2019-02-12,5.2516,NORMAL,False,0.33607610611310007,0,VOLATILITY_ACCELERATION,0.10480262855196214,0.33607610611310007,0.193756727664154,0.12457606244908,0.3668036007045354,0.505979381443299,TRAINING_REFERENCE
2019-02-13,5.285,NORMAL,False,0.35593609572782914,0,VOLATILITY_ACCELERATION,0.2460718701558234,0.35593609572782914,0.24885515681159,0.15899916216010498,0.36925062076002885,0.5294845360824743,TRAINING_REFERENCE
2019-02-14,5.2729,NORMAL,False,0.29581574369058133,0,VOLATILITY_ACCELERATION,0.06335744738181016,0.29581574369058133,0.022258305814526064,0.057237464522232495,0.35290266060694186,0.3270103092783505,TRAINING_REFERENCE
2019-02-15,5.2714,NORMAL,False,0.27304871237448225,0,VOLATILITY_ACCELERATION,0.013788541527136725,0.27304871237448225,0.08757366222108806,0.007111835991579999,0.3518612998204415,0.30927835051546393,TRAINING_REFERENCE
2019-02-18,5.3083,NORMAL,False,0.2902218732886976,0,VOLATILITY_ACCELERATION,0.2617406954583807,0.2902218732886976,0.11092663881337395,0.175000948514625,0.3607021589284025,0.4441237113402062,TRAINING_REFERENCE
2019-02-19,5.2828,NORMAL,False,0.28725780881170493,0,VOLATILITY_ACCELERATION,0.15862438241760948,0.28725780881170493,0.11384576088741397,0.12009494565115,0.35924739192705435,0.4288659793814433,TRAINING_REFERENCE
2019-02-20,5.3244,NORMAL,False,0.3101887559067195,0,VOLATILITY_ACCELERATION,0.2849689610606258,0.3101887559067195,0.14376676214628195,0.19686529870522748,0.3645474177009663,0.4816494845360825,TRAINING_REFERENCE
2019-02-21,5.3214,NORMAL,False,0.3011679918395076,0,VOLATILITY_ACCELERATION,0.03297539238259028,0.3011679918395076,0.17697177573844597,0.014086094207797498,0.35369556240515343,0.33979381443298967,TRAINING_REFERENCE
2019-02-22,5.3186,NORMAL,False,0.30521010657044517,0,VOLATILITY_ACCELERATION,0.03795976749522347,0.30521010657044517,0.17222820236814,0.013154433043935,0.35254676871613977,0.3183505154639175,TRAINING_REFERENCE
2019-02-25,5.3026,NORMAL,False,0.273587404350899,0,VOLATILITY_ACCELERATION,0.12268121797430781,0.273587404350899,0.020798744777507927,0.07520776144098,0.35420562516885606,0.34845360824742266,TRAINING_REFERENCE
2019-02-26,5.3066,NORMAL,False,0.25147786463696997,0,VOLATILITY_ACCELERATION,0.036174180667108244,0.25147786463696997,0.08684388170258003,0.01885867310376,0.34913889846899365,0.26762886597938146,TRAINING_REFERENCE
2019-02-27,5.3136,NORMAL,False,0.10330637654265899,0,VOLATILITY_ACCELERATION,0.04977555201468608,0.10330637654265899,0.039408147999488025,0.032977801228655,0.35893108811237584,0.422680412371134,TRAINING_REFERENCE
2019-02-28,5.3371,NORMAL,False,0.16768400488208351,0,VOLATILITY_ACCELERATION,0.16167536149927603,0.16768400488208351,0.05728777070296398,0.1105653417645275,0.35827192869045626,0.41237113402061853,TRAINING_REFERENCE
2019-03-01,5.3742,NORMAL,False,0.28057863300031083,0,LOCAL_RETURN_SHOCK,0.28057863300031083,0.2342355576620381,0.202878984145518,0.17378351539225,0.36527930799745767,0.49030927835051547,TRAINING_REFERENCE
2019-03-04,5.3769,NORMAL,False,0.2711134626261159,0,DRAWDOWN_SHIFT,0.05831540938671758,0.1738579510763418,0.2711134626261159,0.012560008931559999,0.36320713911072605,0.4688659793814433,TRAINING_REFERENCE
2019-03-05,5.387,NORMAL,False,0.2933717684406399,0,DRAWDOWN_SHIFT,0.019989966119422668,0.16486280679563642,0.2933717684406399,0.0469601443210725,0.363959339535908,0.4742268041237113,TRAINING_REFERENCE
2019-03-06,5.4288,NORMAL,False,0.420353578661218,0,DRAWDOWN_SHIFT,0.3355025820847162,0.19428992283839605,0.420353578661218,0.193985520697975,0.3849184862009372,0.6684536082474227,TRAINING_REFERENCE
2019-03-07,5.4712,NORMAL,False,0.489317837660322,0,DRAWDOWN_SHIFT,0.3134731420912945,0.21615282311209727,0.489317837660322,0.1952549366342475,0.39010974210550364,0.7039175257731959,TRAINING_REFERENCE
2019-03-08,5.4303,NORMAL,False,0.522545772072387,0,LOCAL_RETURN_SHOCK,0.522545772072387,0.38598840347501173,0.20470343544178995,0.186887702880535,0.3806876079755576,0.6379381443298969,TRAINING_REFERENCE
2019-03-11,5.4455,NORMAL,False,0.38192019650664094,0,VOLATILITY_ACCELERATION,0.05579650505245201,0.38192019650664094,0.250314717848608,0.06997771762149249,0.35270736000592484,0.3224742268041237,TRAINING_REFERENCE
2019-03-12,5.4572,NORMAL,False,0.3824652694487735,0,VOLATILITY_ACCELERATION,0.030374454295165925,0.3824652694487735,0.25615296199668,0.0537140758424425,0.3537820322401053,0.342680412371134,TRAINING_REFERENCE
2019-03-13,5.4564,NORMAL,False,0.34750304864734777,0,VOLATILITY_ACCELERATION,0.116410453465917,0.34750304864734777,0.10070971155425198,0.0036648830902275002,0.3435295930072298,0.1575257731958763,TRAINING_REFERENCE
2019-03-14,5.4671,NORMAL,False,0.265580686576136,0,VOLATILITY_ACCELERATION,0.02035401355611124,0.265580686576136,0.014960500629434005,0.049024998167289995,0.3420103320118657,0.11876288659793814,TRAINING_REFERENCE
2019-03-15,5.4467,NORMAL,False,0.3255950521422606,0,LOCAL_RETURN_SHOCK,0.3255950521422606,0.1683366346504234,0.05984200251774201,0.09328528836129,0.3613193532240157,0.45237113402061857,TRAINING_REFERENCE
2019-03-18,5.4683,NORMAL,False,0.18641783682813026,0,VOLATILITY_ACCELERATION,0.13125248978846493,0.18641783682813026,0.083194979110032,0.09914260010648751,0.3466626550282842,0.2243298969072165,TRAINING_REFERENCE
2019-03-19,5.4764,NORMAL,False,0.18290480742598383,0,VOLATILITY_ACCELERATION,0.0007787844889815425,0.18290480742598383,0.070058929776868,0.037031618601754995,0.34241607794703843,0.12618556701030928,TRAINING_REFERENCE
2019-03-20,5.4208,NORMAL,False,0.7458278627104921,0,LOCAL_RETURN_SHOCK,0.7458278627104921,0.3590729596423583,0.129900932294616,0.25381637572127497,0.3889874488980966,0.6993814432989691,TRAINING_REFERENCE
2019-03-21,5.4652,NORMAL,False,0.4435361965024912,0,VOLATILITY_ACCELERATION,0.39909821560967834,0.4435361965024912,0.006932914925835993,0.204766824085005,0.35913760325455174,0.42762886597938143,TRAINING_REFERENCE
2019-03-22,5.7627,ANOMALOUS,True,2.7501861089079833,3,LOCAL_RETURN_SHOCK,2.7501861089079833,1.175146778337527,0.125522249183556,1.36088340774354,0.5927110296676101,0.9736082474226804,TRAINING_REFERENCE
2019-03-25,5.5503,ANOMALOUS,True,1.4238060700610546,1,VOLATILITY_ACCELERATION,0.8006484897253207,1.4238060700610546,0.690448505662834,0.921443073559265,0.568044031286616,0.9628865979381444,TRAINING_REFERENCE
2019-03-26,5.3279,ANOMALOUS,True,1.50619721855356,3,VOLATILITY_ACCELERATION,0.6768269301310541,1.50619721855356,1.491865029316244,1.001747653280005,0.6131419884403608,0.979381443298969,TRAINING_REFERENCE
2019-03-27,5.3278,ANOMALOUS,True,1.5356779210897462,2,VOLATILITY_ACCELERATION,0.005156136541357783,1.5356779210897462,1.28933310470879,0.00046922802605098296,0.5728974272132709,0.9657731958762886,TRAINING_REFERENCE
2019-03-28,5.561,ANOMALOUS,True,1.6071903525155484,2,VOLATILITY_ACCELERATION,0.5925744531575652,1.6071903525155484,0.6420015370531259,1.09426029505612,0.6047042338305799,0.9777319587628865,TRAINING_REFERENCE
2019-03-29,5.5555,ANOMALOUS,True,1.281921299582808,1,VOLATILITY_ACCELERATION,0.039127014414561435,1.281921299582808,0.719107362868098,0.0247257687466275,0.5271179870592014,0.942680412371134,TRAINING_REFERENCE
2019-04-01,5.4863,ANOMALOUS,True,1.1330373819391188,1,VOLATILITY_ACCELERATION,0.17259170223201528,1.1330373819391188,0.22211810436080393,0.31140311403113996,0.49506979500778553,0.9167010309278351,TRAINING_REFERENCE
2019-04-02,5.605,NORMAL,False,0.9617019799746681,0,DRAWDOWN_SHIFT,0.24325195283509493,0.8321142244213068,0.9617019799746681,0.5408927692616176,0.5073395205560749,0.9274226804123711,TRAINING_REFERENCE
2019-04-03,5.626,ANOMALOUS,True,1.03493154250612,1,DRAWDOWN_SHIFT,0.017967079062908068,0.8177125678801329,1.03493154250612,0.09366636931311,0.49170715775961477,0.9138144329896907,TRAINING_REFERENCE
2019-04-04,5.5925,NORMAL,False,0.4821751482269813,0,VOLATILITY_ACCELERATION,0.09276631384862426,0.4821751482269813,0.109323754490082,0.14886242445787248,0.41132984398340766,0.7835051546391752,TRAINING_REFERENCE
2019-04-05,5.6262,NORMAL,False,0.4855926201156963,0,VOLATILITY_ACCELERATION,0.05487048688429395,0.4855926201156963,0.245371093411074,0.1506481895395575,0.41266736474571547,0.7884536082474227,TRAINING_REFERENCE
2019-04-08,5.6903,NORMAL,False,0.7080014576500578,0,DRAWDOWN_SHIFT,0.10991514556390836,0.3774645523894656,0.7080014576500578,0.284828125555435,0.4370109445272186,0.8457731958762886,TRAINING_REFERENCE
2019-04-09,5.6943,NORMAL,False,0.309924167490932,0,DRAWDOWN_SHIFT,0.019959848186383,0.23915236709142196,0.309924167490932,0.0175737658822925,0.4033122909826966,0.76,TRAINING_REFERENCE
2019-04-10,5.6818,NORMAL,False,0.25966688901220253,0,VOLATILITY_ACCELERATION,0.052821986194004904,0.25966688901220253,0.19365922223957402,0.0548794408443525,0.3955138927941594,0.7278350515463917,TRAINING_REFERENCE
2019-04-11,5.7388,NORMAL,False,0.5077481041872759,0,DRAWDOWN_SHIFT,0.09050148919231484,0.2216676793246116,0.5077481041872759,0.250800802562565,0.4254093702984105,0.8247422680412371,TRAINING_REFERENCE
2019-04-12,5.7693,NORMAL,False,0.47373626945702396,0,DRAWDOWN_SHIFT,0.030891990728970545,0.22113621977194875,0.47373626945702396,0.132867498431725,0.41867378450521375,0.8074226804123711,TRAINING_REFERENCE
2019-04-15,5.8041,NORMAL,False,0.251271105558158,0,DRAWDOWN_SHIFT,0.034033131381064355,0.18089031802319538,0.251271105558158,0.1507981904217125,0.41553560024238656,0.7962886597938145,TRAINING_REFERENCE
2019-04-16,5.7703,NORMAL,False,0.24476938173357402,0,VOLATILITY_ACCELERATION,0.104736855056391,0.24476938173357402,0.120919331709492,0.1455867404076425,0.40190868314931394,0.7546391752577319,TRAINING_REFERENCE
2019-04-17,5.7387,NORMAL,False,0.2740028958346178,0,VOLATILITY_ACCELERATION,0.09605899049992968,0.2740028958346178,0.05541322966257398,0.136907959724795,0.40027582980721804,0.7488659793814433,TRAINING_REFERENCE
2019-04-18,5.8018,NORMAL,False,0.28362634456782754,0,VOLATILITY_ACCELERATION,0.09206634848057857,0.28362634456782754,0.075021797575044,0.2748880408454875,0.4025296821218856,0.7571134020618556,TRAINING_REFERENCE
2019-04-19,5.8112,NORMAL,False,0.2759529884264217,0,VOLATILITY_ACCELERATION,0.01845965873082356,0.2759529884264217,0.0,0.040504670964185,0.3830387116688619,0.6531958762886598,TRAINING_REFERENCE
2019-04-22,5.8272,NORMAL,False,0.26293512673384023,0,VOLATILITY_ACCELERATION,0.030514862039160796,0.26293512673384023,0.0,0.068832599118945,0.37597041629299627,0.5979381443298969,TRAINING_REFERENCE
2019-04-23,5.8287,NORMAL,False,0.2254042835237538,0,VOLATILITY_ACCELERATION,0.03688019085984404,0.2254042835237538,0.11646939232611399,0.0064353377265224995,0.3681920388133689,0.5183505154639175,TRAINING_REFERENCE
2019-04-24,5.8753,NORMAL,False,0.225357936631002,0,DRAWDOWN_SHIFT,0.07180909264753885,0.1761454552638802,0.225357936631002,0.1998730420162275,0.3907782165646457,0.7063917525773196,TRAINING_REFERENCE
2019-04-25,5.9268,NORMAL,False,0.2191377461576425,0,LARGE_ABSOLUTE_RETURN,0.07974563358376792,0.1498241838413372,0.00792543202219,0.2191377461576425,0.38331171940115777,0.6548453608247423,TRAINING_REFERENCE
2019-04-26,5.9382,NORMAL,False,0.14816268424614568,0,VOLATILITY_ACCELERATION,0.041822945179058026,0.14816268424614568,0.0,0.04808665721806,0.3742187651189464,0.5789690721649484,TRAINING_REFERENCE
2019-04-29,5.9483,NORMAL,False,0.15346416144387673,0,VOLATILITY_ACCELERATION,0.05410491141857549,0.15346416144387673,0.0,0.0425213027516725,0.3719443469120817,0.5562886597938145,TRAINING_REFERENCE
2019-04-30,5.9656,NORMAL,False,0.1340750129351122,0,VOLATILITY_ACCELERATION,0.043121007920987574,0.1340750129351122,0.0,0.072709849873075,0.37687197016684365,0.605360824742268,TRAINING_REFERENCE
2019-05-01,5.9665,NORMAL,False,0.13992789682065918,0,LOCAL_RETURN_SHOCK,0.13992789682065918,0.12955836783366056,0.0,0.0037716239774700003,0.3715150638840423,0.551340206185567,TRAINING_REFERENCE
2019-05-02,5.9645,NORMAL,False,0.1531711552334541,0,LOCAL_RETURN_SHOCK,0.1531711552334541,0.05216435421326486,0.0067040978798279995,0.008380122349785,0.37934505136181657,0.6296907216494846,TRAINING_REFERENCE
2019-05-03,5.9648,NORMAL,False,0.1588123435113366,0,LOCAL_RETURN_SHOCK,0.1588123435113366,0.05354040930070548,0.005698483197852,0.0012574398524589638,0.3796856528317405,0.6321649484536083,TRAINING_REFERENCE
2019-05-06,6.0803,NORMAL,False,0.8180539183261872,0,LOCAL_RETURN_SHOCK,0.8180539183261872,0.32603366326212274,0.0,0.484089994635195,0.42506620453653665,0.8243298969072165,TRAINING_REFERENCE
2019-05-07,6.1511,NORMAL,False,0.3487328413263262,0,LOCAL_RETURN_SHOCK,0.3487328413263262,0.3447408141573723,0.0,0.29110405736558753,0.40161997739971617,0.7542268041237113,TRAINING_REFERENCE
2019-05-08,6.186,NORMAL,False,0.3213187970254008,0,VOLATILITY_ACCELERATION,0.07219454133077868,0.3213187970254008,0.0,0.14184454812960248,0.39307169750490356,0.7175257731958763,TRAINING_REFERENCE
2019-05-09,6.1926,NORMAL,False,0.31002353330911286,0,VOLATILITY_ACCELERATION,0.13288330830638664,0.31002353330911286,0.0067040978798279995,0.0266731328806925,0.3936633909503023,0.7216494845360825,TRAINING_REFERENCE
2019-05-10,5.9851,ANOMALOUS,True,1.576247125878589,1,LOCAL_RETURN_SHOCK,1.576247125878589,0.7402595486161603,0.664456217574034,0.8376933759648575,0.5315740412969179,0.9472164948453609,TRAINING_REFERENCE
2019-05-13,6.0594,NORMAL,False,0.6873948505374463,0,VOLATILITY_ACCELERATION,0.2576060171344872,0.6873948505374463,0.43019087297742203,0.31035404588059995,0.44217311421915684,0.8585567010309278,TRAINING_REFERENCE
2019-05-14,6.0306,NORMAL,False,0.6420026877072104,0,VOLATILITY_ACCELERATION,0.1665268542231213,0.6420026877072104,0.5232051157833519,0.118823645905535,0.42952887613018287,0.8338144329896907,TRAINING_REFERENCE
2019-05-15,6.0007,NORMAL,False,0.619771985918674,0,DRAWDOWN_SHIFT,0.17338926817613548,0.6124283706322353,0.619771985918674,0.1239511823035825,0.4422717833304041,0.8589690721649484,TRAINING_REFERENCE
2019-05-16,6.0457,NORMAL,False,0.6438754914703624,0,VOLATILITY_ACCELERATION,0.12544359463372998,0.6438754914703624,0.47443723153441003,0.1874781275517875,0.4321872416078039,0.8387628865979382,TRAINING_REFERENCE
2019-05-17,6.055,NORMAL,False,0.27529368602895854,0,VOLATILITY_ACCELERATION,0.013967111434414503,0.27529368602895854,0.22575331847688998,0.0384570852010475,0.3745970558407975,0.5839175257731959,TRAINING_REFERENCE
2019-05-20,6.0272,NORMAL,False,0.19876412815939082,0,VOLATILITY_ACCELERATION,0.16317767232463054,0.19876412815939082,0.10399509091496596,0.11478117258464,0.3820163611861568,0.6470103092783506,TRAINING_REFERENCE
2019-05-21,6.0525,NORMAL,False,0.1969872498415102,0,VOLATILITY_ACCELERATION,0.05924322051435994,0.1969872498415102,0.07072958046701001,0.104940934430585,0.37003983066751567,0.5393814432989691,TRAINING_REFERENCE
2019-05-22,6.1002,NORMAL,False,0.3213512902496519,0,DRAWDOWN_SHIFT,0.1431893144759578,0.18448906312761876,0.3213512902496519,0.19702602230483,0.38794701592960357,0.6931958762886598,TRAINING_REFERENCE
2019-05-23,6.0964,NORMAL,False,0.17040298271736343,0,VOLATILITY_ACCELERATION,0.06156271417200617,0.17040298271736343,0.16374382327293802,0.015573259893115,0.3693918547493322,0.5327835051546391,TRAINING_REFERENCE
2019-05-24,6.0825,NORMAL,False,0.18215857370119198,0,VOLATILITY_ACCELERATION,0.09118420549379348,0.18215857370119198,0.08881568323482796,0.057000852962402496,0.36932051083372447,0.5315463917525773,TRAINING_REFERENCE
2019-05-27,6.0629,NORMAL,False,0.16942958039568876,0,VOLATILITY_ACCELERATION,0.10867373321004076,0.16942958039568876,0.11529890514485198,0.0805589806822825,0.3719458491594015,0.5567010309278351,TRAINING_REFERENCE
2019-05-28,6.0319,NORMAL,False,0.1813445104340742,0,VOLATILITY_ACCELERATION,0.14793406700546738,0.1813445104340742,0.06653102089590801,0.127826617625225,0.38095047416570027,0.6387628865979381,TRAINING_REFERENCE
2019-05-29,6.0121,NORMAL,False,0.284533152472304,0,DRAWDOWN_SHIFT,0.09328235447095405,0.05881062952988116,0.284533152472304,0.0820636946898975,0.4068898776719506,0.7711340206185567,TRAINING_REFERENCE
2019-05-30,5.8772,NORMAL,False,0.707941736911798,0,DRAWDOWN_SHIFT,0.5469298581366654,0.29997324322728103,0.707941736911798,0.560952079972055,0.4811552023562631,0.9018556701030928,TRAINING_REFERENCE
2019-05-31,5.8382,NORMAL,False,0.789006233246132,0,DRAWDOWN_SHIFT,0.12807991843276764,0.2852462748551747,0.789006233246132,0.16589532430409248,0.45737810562226966,0.8787628865979381,TRAINING_REFERENCE
2019-06-03,5.8339,NORMAL,False,0.7395924167554819,0,DRAWDOWN_SHIFT,0.005757191593872059,0.30070082018005256,0.7395924167554819,0.0184132095508875,0.44525415206813246,0.8635051546391752,TRAINING_REFERENCE
2019-06-04,5.7824,NORMAL,False,0.805800471530538,0,DRAWDOWN_SHIFT,0.15936808440405686,0.295483240011441,0.805800471530538,0.22069284698057498,0.4637942298986855,0.8878350515463918,TRAINING_REFERENCE
2019-06-05,5.731,NORMAL,False,0.9078577657203779,0,DRAWDOWN_SHIFT,0.14224129914756792,0.2772799490103474,0.9078577657203779,0.222226065301605,0.48040599448360977,0.9002061855670103,TRAINING_REFERENCE
2019-06-06,5.7801,NORMAL,False,0.31360010334915783,0,DRAWDOWN_SHIFT,0.3035636712669278,0.2580432029530893,0.31360010334915783,0.2141860059326475,0.4275886370342843,0.8284536082474226,TRAINING_REFERENCE
2019-06-07,5.831,NORMAL,False,0.30475380322953055,0,VOLATILITY_ACCELERATION,0.2910018112709003,0.30475380322953055,0.023253560701481935,0.22015190048615252,0.3980607591924844,0.7389690721649484,TRAINING_REFERENCE
2019-06-10,5.7747,NORMAL,False,0.33740661517465914,0,VOLATILITY_ACCELERATION,0.2597190533831775,0.33740661517465914,0.19119594354552003,0.24138226719258998,0.4132912350414965,0.7892783505154639,TRAINING_REFERENCE
2019-06-11,5.7976,NORMAL,False,0.3173328187994366,0,VOLATILITY_ACCELERATION,0.20875900962828073,0.3173328187994366,0.04909085036979621,0.09913934923026499,0.39490951425294385,0.7257731958762886,TRAINING_REFERENCE
2019-06-12,5.808,NORMAL,False,0.2615373554207693,0,VOLATILITY_ACCELERATION,0.12122482659903959,0.2615373554207693,0.24868391305751997,0.04484614323168,0.3980491731376497,0.7385567010309279,TRAINING_REFERENCE
2019-06-13,5.8682,NORMAL,False,0.3881094788081408,0,LOCAL_RETURN_SHOCK,0.3881094788081408,0.2744704849112446,0.2845331524723059,0.25912534435261747,0.40349121003602545,0.7612371134020619,TRAINING_REFERENCE
2019-06-14,5.9015,NORMAL,False,0.29506427515214034,0,VOLATILITY_ACCELERATION,0.22544031342684126,0.29506427515214034,0.227691115202016,0.14186633039092,0.37830968972683915,0.6164948453608248,TRAINING_REFERENCE
2019-06-17,5.8733,NORMAL,False,0.318444595161968,0,DRAWDOWN_SHIFT,0.10956368453170602,0.23808175908210322,0.318444595161968,0.11946115394391,0.3817819924057074,0.6449484536082474,TRAINING_REFERENCE
2019-06-18,5.8284,NORMAL,False,0.35456935170687603,0,VOLATILITY_ACCELERATION,0.19822783737771885,0.35456935170687603,0.0994735652230079,0.19111913234468,0.3765059377837744,0.6008247422680413,TRAINING_REFERENCE
2019-06-19,5.7914,NORMAL,False,0.3849906743943911,0,VOLATILITY_ACCELERATION,0.13935430988792033,0.3849906743943911,0.05361237606175018,0.15870564820534,0.3821750256601739,0.6482474226804124,TRAINING_REFERENCE
2019-06-20,5.7644,NORMAL,False,0.33523883344637195,0,DRAWDOWN_SHIFT,0.06736681018867074,0.2980174432680386,0.33523883344637195,0.11655212901888999,0.39119402669239994,0.7096907216494845,TRAINING_REFERENCE
2019-06-21,5.8214,NORMAL,False,0.40659613182132387,0,LOCAL_RETURN_SHOCK,0.40659613182132387,0.39837128767049595,0.25869586280399204,0.247206994656855,0.4038741943598431,0.763298969072165,TRAINING_REFERENCE
2019-06-24,5.809,NORMAL,False,0.40032377248221324,0,VOLATILITY_ACCELERATION,0.0008628862787253603,0.40032377248221324,0.20766721570907198,0.05325179510083249,0.37839697489295904,0.617319587628866,TRAINING_REFERENCE
2019-06-25,5.7949,NORMAL,False,0.38122776961286375,0,VOLATILITY_ACCELERATION,0.009762549708209544,0.38122776961286375,0.10819365048606408,0.0606817008090875,0.37453591791729796,0.5835051546391753,TRAINING_REFERENCE
2019-06-26,5.7749,NORMAL,False,0.35260521822940855,0,VOLATILITY_ACCELERATION,0.044908865047349915,0.35260521822940855,0.05328940994089981,0.0862827658803425,0.37677052093554314,0.6037113402061856,TRAINING_REFERENCE
2019-06-27,5.7725,NORMAL,False,0.32752469435654563,0,VOLATILITY_ACCELERATION,0.047356598636818875,0.32752469435654563,0.026160255789167974,0.0103897902993975,0.3686742049441603,0.523298969072165,TRAINING_REFERENCE
2019-06-28,5.7921,NORMAL,False,0.1614884075241523,0,VOLATILITY_ACCELERATION,0.15945998976487574,0.1614884075241523,0.09462907341019997,0.08488523170203499,0.3847796372532589,0.6668041237113402,TRAINING_REFERENCE
2019-07-01,5.6507,NORMAL,False,0.9078066739346927,0,LOCAL_RETURN_SHOCK,0.9078066739346927,0.6192378529406352,0.5112553693117641,0.610314048445295,0.5010423226478595,0.9220618556701031,TRAINING_REFERENCE
2019-07-02,5.6528,NORMAL,False,0.63420399007807,0,VOLATILITY_ACCELERATION,0.056598461770815865,0.63420399007807,0.458934857733424,0.009290884315219999,0.43723619739243186,0.8465979381443299,TRAINING_REFERENCE
2019-07-03,5.6249,NORMAL,False,0.631280889819204,0,VOLATILITY_ACCELERATION,0.11468061362495016,0.631280889819204,0.48444918128088016,0.1233901783187075,0.44020457671727586,0.8536082474226804,TRAINING_REFERENCE
2019-07-04,5.5953,NORMAL,False,0.618977938551212,0,VOLATILITY_ACCELERATION,0.13271138993017356,0.618977938551212,0.572295966153152,0.13155789436256748,0.4540663661882689,0.8738144329896907,TRAINING_REFERENCE
2019-07-05,5.6288,NORMAL,False,0.653616856388341,0,VOLATILITY_ACCELERATION,0.2382722248680541,0.653616856388341,0.5274036753544539,0.14967919503869248,0.45058535322588456,0.8705154639175258,TRAINING_REFERENCE
2019-07-08,5.7367,NORMAL,False,0.6714795366248382,0,LOCAL_RETURN_SHOCK,0.6714795366248382,0.5564874624103383,0.277750863934374,0.479231807845365,0.4381619240083578,0.848659793814433,TRAINING_REFERENCE
2019-07-09,5.7322,NORMAL,False,0.5633029101250397,0,VOLATILITY_ACCELERATION,0.01390748721879387,0.5633029101250397,0.2564350999580142,0.019610577509717498,0.39084092567924617,0.7068041237113402,TRAINING_REFERENCE
2019-07-10,5.6741,NORMAL,False,0.6242651541004879,0,VOLATILITY_ACCELERATION,0.27352297086213506,0.6242651541004879,0.15889933146012808,0.25339311259202246,0.4135627729466311,0.7905154639175258,TRAINING_REFERENCE
2019-07-11,5.6734,NORMAL,False,0.6002720478882034,0,VOLATILITY_ACCELERATION,0.02782758760075574,0.6002720478882034,0.25223654038691395,0.0030841895631024997,0.40121714930319974,0.7534020618556702,TRAINING_REFERENCE
2019-07-12,5.72,NORMAL,False,0.6074325478656831,0,VOLATILITY_ACCELERATION,0.2865304536779581,0.6074325478656831,0.2945451022187759,0.2053442380230525,0.4093677288971813,0.777319587628866,TRAINING_REFERENCE
2019-07-15,5.7148,NORMAL,False,0.35877668635931736,0,VOLATILITY_ACCELERATION,0.01760029252433638,0.35877668635931736,0.07072958046700578,0.02272727272727,0.3716364705721242,0.5521649484536082,TRAINING_REFERENCE
2019-07-16,5.7118,NORMAL,False,0.35882279197377814,0,VOLATILITY_ACCELERATION,0.023142576705713347,0.35882279197377814,0.06588508865419812,0.0131238188563025,0.370359104208479,0.5422680412371134,TRAINING_REFERENCE
2019-07-17,5.6842,NORMAL,False,0.2651714912864939,0,VOLATILITY_ACCELERATION,0.11240923577425971,0.2651714912864939,0.03261957820624606,0.1208025491088625,0.37363970660048973,0.5711340206185567,TRAINING_REFERENCE
2019-07-18,5.6181,NORMAL,False,0.3994236985182161,0,VOLATILITY_ACCELERATION,0.31427757771459613,0.3994236985182161,0.17860026483221797,0.2907181309594975,0.4070615081551609,0.7715463917525773,TRAINING_REFERENCE
2019-07-19,5.6551,NORMAL,False,0.3668024343960143,0,VOLATILITY_ACCELERATION,0.22168399796192673,0.3668024343960143,0.2096050124341961,0.16464641070824498,0.3923110996995259,0.7150515463917526,TRAINING_REFERENCE
2019-07-22,5.677,NORMAL,False,0.39713932179771394,0,VOLATILITY_ACCELERATION,0.15286377950613703,0.39713932179771394,0.1220811936827862,0.0968152640978925,0.37869990003202864,0.6210309278350515,TRAINING_REFERENCE
2019-07-23,5.7178,NORMAL,False,0.44805023974863106,0,VOLATILITY_ACCELERATION,0.23790646278717187,0.44805023974863106,0.019377967251235917,0.1796723621631175,0.3817057120342879,0.6445360824742268,TRAINING_REFERENCE
2019-07-24,5.7085,NORMAL,False,0.427290795380216,0,VOLATILITY_ACCELERATION,0.027920481327236873,0.427290795380216,0.07848076736750392,0.040662492567072495,0.37015668739170854,0.5406185567010309,TRAINING_REFERENCE
2019-07-25,5.7027,NORMAL,False,0.2732293382424181,0,DRAWDOWN_SHIFT,0.013379814888962263,0.22668284987779178,0.2732293382424181,0.0254007182272025,0.37984627964291046,0.63340206185567,TRAINING_REFERENCE
2019-07-26,5.6718,NORMAL,False,0.2700415122429647,0,VOLATILITY_ACCELERATION,0.13637563222748475,0.2700415122429647,0.05393534218260804,0.13546214950812752,0.37570480260907185,0.5934020618556701,TRAINING_REFERENCE
2019-07-29,5.6148,NORMAL,False,0.35959390398445484,0,VOLATILITY_ACCELERATION,0.25392655043161877,0.35959390398445484,0.20088492717113798,0.251242991642865,0.39514826800071023,0.7270103092783505,TRAINING_REFERENCE
2019-07-30,5.5597,NORMAL,False,0.510609437070052,0,DRAWDOWN_SHIFT,0.3235196303788424,0.24655005646985478,0.510609437070052,0.2453337607750925,0.43595525445704747,0.8441237113402061,TRAINING_REFERENCE
2019-07-31,5.5864,NORMAL,False,0.3943416335626379,0,DRAWDOWN_SHIFT,0.18304139362518917,0.3601990242908741,0.3943416335626379,0.1200604349155525,0.4082412599848194,0.7744329896907216,TRAINING_REFERENCE
2019-08-01,5.6039,NORMAL,False,0.4034667722658601,0,VOLATILITY_ACCELERATION,0.11212415334348175,0.4034667722658601,0.04494873919023201,0.078315194042675,0.38164852423893175,0.643298969072165,TRAINING_REFERENCE
2019-08-02,5.5597,NORMAL,False,0.4728043011275259,0,VOLATILITY_ACCELERATION,0.26176943100984845,0.4728043011275259,0.09006548937812386,0.19718410392762,0.4005330987314575,0.7496907216494846,TRAINING_REFERENCE
2019-08-05,5.5715,NORMAL,False,0.4501873309118938,0,VOLATILITY_ACCELERATION,0.08804502975866339,0.4501873309118938,0.1327124556641482,0.053060416928972495,0.37932202096470546,0.6284536082474227,TRAINING_REFERENCE
2019-08-06,5.5209,NORMAL,False,0.43259875427709676,0,VOLATILITY_ACCELERATION,0.30838591396738096,0.43259875427709676,0.1447705881300701,0.2270483711747275,0.4066075136140766,0.7703092783505154,TRAINING_REFERENCE
2019-08-07,5.4938,NORMAL,False,0.3724119469602266,0,VOLATILITY_ACCELERATION,0.11882942423340895,0.3724119469602266,0.03031091205445202,0.122715499284535,0.3979270312595325,0.7377319587628866,TRAINING_REFERENCE
2019-08-08,5.4782,NORMAL,False,0.4121176354873621,0,DRAWDOWN_SHIFT,0.05043860000087693,0.2967134341417435,0.4121176354873621,0.0709891150023675,0.41393394298427694,0.7917525773195876,TRAINING_REFERENCE
2019-08-09,5.4917,NORMAL,False,0.3249459683159147,0,VOLATILITY_ACCELERATION,0.1701648690271466,0.3249459683159147,0.22294351004885415,0.0616078273885525,0.4001375950121291,0.7480412371134021,TRAINING_REFERENCE
2019-08-12,5.564,NORMAL,False,0.6546290117706524,0,LOCAL_RETURN_SHOCK,0.6546290117706524,0.5539704170342508,0.024589357725978145,0.3291330553380525,0.4175237616508382,0.8020618556701031,TRAINING_REFERENCE
2019-08-13,5.5629,NORMAL,False,0.4587702035913616,0,VOLATILITY_ACCELERATION,0.0415504921723242,0.4587702035913616,0.13770040326546606,0.0049424874191224995,0.3728179612089197,0.5645360824742268,TRAINING_REFERENCE
2019-08-14,5.6128,NORMAL,False,0.4280367856643422,0,VOLATILITY_ACCELERATION,0.3818182560307017,0.4280367856643422,0.4016214651533098,0.22425353682432,0.40004842348980374,0.7476288659793815,TRAINING_REFERENCE
2019-08-15,5.568,NORMAL,False,0.5282245792686034,0,VOLATILITY_ACCELERATION,0.26175254702848266,0.5282245792686034,0.34753880641297,0.19954389965792502,0.40072413401634005,0.7505154639175258,TRAINING_REFERENCE
2019-08-16,5.5785,NORMAL,False,0.5286436481736895,0,VOLATILITY_ACCELERATION,0.0851825125748423,0.5286436481736895,0.397101367733278,0.0471443965517225,0.3903799952919639,0.7051546391752578,TRAINING_REFERENCE
2019-08-19,5.6609,NORMAL,False,0.5838357090057523,0,LOCAL_RETURN_SHOCK,0.5838357090057523,0.5421207867321299,0.527848654216298,0.36927489468495,0.4214492517818874,0.8160824742268041,TRAINING_REFERENCE
2019-08-20,5.729,NORMAL,False,0.8198141518175398,0,DRAWDOWN_SHIFT,0.41016531990561456,0.556747068064688,0.8198141518175398,0.30074723100567,0.42368438112113443,0.8218556701030928,TRAINING_REFERENCE
2019-08-21,5.7162,NORMAL,False,0.9585341331968481,0,DRAWDOWN_SHIFT,0.07637190210374067,0.5833990623136048,0.9585341331968481,0.05585617036132,0.40622225814721713,0.7690721649484537,TRAINING_REFERENCE
2019-08-22,5.7688,ANOMALOUS,True,1.2420224204738821,1,DRAWDOWN_SHIFT,0.2943139239476067,0.45530553562102116,1.2420224204738821,0.23004793394212752,0.43567177422863024,0.843298969072165,TRAINING_REFERENCE
2019-08-23,5.7599,ANOMALOUS,True,1.1180371919815482,1,DRAWDOWN_SHIFT,0.06724557175168061,0.5066528006453075,1.1180371919815482,0.03856954652614,0.4198618136676411,0.8111340206185567,TRAINING_REFERENCE
2019-08-26,5.8252,NORMAL,False,0.971548166595646,0,DRAWDOWN_SHIFT,0.3341352722075642,0.4469855196254784,0.971548166595646,0.2834250594628375,0.41847882692751126,0.8065979381443299,TRAINING_REFERENCE
2019-08-27,5.8275,NORMAL,False,0.6909837366118321,0,DRAWDOWN_SHIFT,0.04737019673427971,0.40702382449190566,0.6909837366118321,0.0098709057199775,0.38355964920147345,0.6564948453608247,TRAINING_REFERENCE
2019-08-28,5.8134,NORMAL,False,0.4140761059080146,0,VOLATILITY_ACCELERATION,0.1644388241684527,0.4140761059080146,0.32940777768363994,0.060489060489060005,0.36970160966144344,0.5360824742268041,TRAINING_REFERENCE
2019-08-29,5.84,NORMAL,False,0.36758087154430735,0,VOLATILITY_ACCELERATION,0.08696356503862505,0.36758087154430735,0.24129458612217194,0.1143908900127275,0.3621571229825234,0.46144329896907216,TRAINING_REFERENCE
2019-08-30,5.8306,NORMAL,False,0.3722654653550371,0,VOLATILITY_ACCELERATION,0.12556991652131416,0.3722654653550371,0.23960010166906595,0.0402397260273975,0.3610539843492547,0.4503092783505155,TRAINING_REFERENCE
2019-09-02,5.8068,NORMAL,False,0.23012422832887863,0,LOCAL_RETURN_SHOCK,0.23012422832887863,0.2214271550340407,0.06235702787426602,0.10204781669124749,0.3628899179426402,0.465979381443299,TRAINING_REFERENCE
2019-09-03,5.7293,NORMAL,False,0.536498640198184,0,LOCAL_RETURN_SHOCK,0.536498640198184,0.42040678782751767,0.33279674658984804,0.3336605359233975,0.39761085283697545,0.7364948453608248,TRAINING_REFERENCE
2019-09-04,5.667,NORMAL,False,0.49614504786918595,0,DRAWDOWN_SHIFT,0.41980860500340783,0.46203526860716115,0.49614504786918595,0.2718482188050925,0.4033368762954248,0.7604123711340206,TRAINING_REFERENCE
2019-09-05,5.6917,NORMAL,False,0.502584088790986,0,DRAWDOWN_SHIFT,0.08689763194158073,0.4634799021331212,0.502584088790986,0.10896417857772998,0.38760473954543834,0.6911340206185567,TRAINING_REFERENCE
2019-09-06,5.7155,NORMAL,False,0.5358013847620351,0,VOLATILITY_ACCELERATION,0.07050627702843897,0.5358013847620351,0.29706908154728995,0.1045381871848425,0.37108858139666395,0.548041237113402,TRAINING_REFERENCE
2019-09-09,5.75,NORMAL,False,0.6070900447630816,0,VOLATILITY_ACCELERATION,0.12598526129144208,0.6070900447630816,0.012716177335924013,0.15090543259557498,0.3607083333343364,0.4445360824742268,TRAINING_REFERENCE
2019-09-10,5.7683,NORMAL,False,0.45177404349505035,0,VOLATILITY_ACCELERATION,0.049818698312873826,0.45177404349505035,0.33803250044393396,0.0795652173913025,0.35348309346448487,0.3356701030927835,TRAINING_REFERENCE
2019-09-11,5.7515,NORMAL,False,0.4916310167254939,0,DRAWDOWN_SHIFT,0.15699505149596335,0.22570477279382262,0.4916310167254939,0.0728117469618425,0.3688757045874641,0.5249484536082474,TRAINING_REFERENCE
2019-09-12,5.6566,NORMAL,False,0.5957963332815602,0,LOCAL_RETURN_SHOCK,0.5957963332815602,0.581543409792603,0.08292348474209996,0.41250108667304003,0.40118330050604767,0.7529896907216495,TRAINING_REFERENCE
2019-09-13,5.6861,NORMAL,False,0.5977839194221141,0,VOLATILITY_ACCELERATION,0.1338251960802866,0.5977839194221141,0.01029218247705195,0.1303786727009125,0.366298760645369,0.5014432989690721,TRAINING_REFERENCE
2019-09-16,5.729,NORMAL,False,0.6122791554790349,0,VOLATILITY_ACCELERATION,0.1983532207296915,0.6122791554790349,0.07191780821917802,0.1886178575825275,0.36694857306233203,0.5076288659793814,TRAINING_REFERENCE
2019-09-17,5.7016,NORMAL,False,0.6018649025392225,0,VOLATILITY_ACCELERATION,0.17398998769742222,0.6018649025392225,0.22842465753424596,0.1195671146797,0.37246177670389313,0.5612371134020618,TRAINING_REFERENCE
2019-09-18,5.6768,NORMAL,False,0.6041910153567859,0,VOLATILITY_ACCELERATION,0.14022768400744265,0.6041910153567859,0.25582191780821995,0.108741405921145,0.37712340318132054,0.6078350515463917,TRAINING_REFERENCE
2019-09-19,5.7187,NORMAL,False,0.3921427855221061,0,VOLATILITY_ACCELERATION,0.2594826460889908,0.3921427855221061,0.21267123287671405,0.18452297068770998,0.36390630212115,0.4738144329896907,TRAINING_REFERENCE
2019-09-20,5.7439,NORMAL,False,0.3862233981077955,0,VOLATILITY_ACCELERATION,0.1648284137485501,0.3862233981077955,0.197945205479454,0.11016489761658749,0.3531870023136052,0.3323711340206186,TRAINING_REFERENCE
2019-09-23,5.7174,NORMAL,False,0.3976908940481592,0,VOLATILITY_ACCELERATION,0.15248366705993024,0.3976908940481592,0.03972602739726196,0.11533975173662499,0.3505404732887498,0.28865979381443296,TRAINING_REFERENCE
2019-09-24,5.6973,NORMAL,False,0.3822282942480279,0,VOLATILITY_ACCELERATION,0.09405613659687968,0.3822282942480279,0.01472602739726006,0.087889600167905,0.3485684635119491,0.2585567010309278,TRAINING_REFERENCE
2019-09-25,5.6706,NORMAL,False,0.3867804428637587,0,VOLATILITY_ACCELERATION,0.12896694934526684,0.3867804428637587,0.021232876712325988,0.11716076036017,0.3511771789584513,0.29731958762886596,TRAINING_REFERENCE
2019-09-26,5.6655,NORMAL,False,0.26135650811309447,0,VOLATILITY_ACCELERATION,0.011464435695628637,0.26135650811309447,0.182191780821922,0.0224843931859075,0.3563300757670233,0.38061855670103095,TRAINING_REFERENCE
2019-09-27,5.6708,NORMAL,False,0.25034246575342595,0,DRAWDOWN_SHIFT,0.088665366887127,0.17046508660005122,0.25034246575342595,0.0233871679463425,0.368891454701832,0.5257731958762887,TRAINING_REFERENCE
2019-09-30,5.6489,NORMAL,False,0.23458904109588805,0,DRAWDOWN_SHIFT,0.09083254705923252,0.1710570050853829,0.23458904109588805,0.09654722437751,0.3748606356157783,0.585979381443299,TRAINING_REFERENCE
2019-10-01,5.7231,NORMAL,False,0.5276856478548201,0,LOCAL_RETURN_SHOCK,0.5276856478548201,0.5087993966762727,0.08835616438356002,0.3283825169501975,0.37386768199730624,0.5727835051546392,TRAINING_REFERENCE
2019-10-02,5.702,NORMAL,False,0.5035534857186694,0,VOLATILITY_ACCELERATION,0.13088005929297225,0.5035534857186694,0.10753424657533997,0.092170327270185,0.35167206839147147,0.3068041237113402,TRAINING_REFERENCE
2019-10-03,5.6947,NORMAL,False,0.5055108741805705,0,VOLATILITY_ACCELERATION,0.06122671599311046,0.5055108741805705,0.10000000000000196,0.0320063135741825,0.3485461006050667,0.2569072164948454,TRAINING_REFERENCE
2019-10-04,5.6962,NORMAL,False,0.512211679908193,0,VOLATILITY_ACCELERATION,0.008333735887051498,0.512211679908193,0.08698630136986601,0.00658507032855,0.34892583453282544,0.26309278350515464,TRAINING_REFERENCE
2019-10-07,5.8328,NORMAL,False,0.9375057607385822,0,LOCAL_RETURN_SHOCK,0.9375057607385822,0.7792248118197924,0.629794520547944,0.5995224886766625,0.4591513245577845,0.88,TRAINING_REFERENCE
2019-10-08,5.8311,NORMAL,False,0.7546106655421154,0,VOLATILITY_ACCELERATION,0.031235306293979675,0.7546106655421154,0.369863013698632,0.00728638046907,0.3830515484490354,0.6536082474226804,TRAINING_REFERENCE
2019-10-09,5.8712,NORMAL,False,0.7013682511938996,0,VOLATILITY_ACCELERATION,0.18982525859561422,0.7013682511938996,0.472602739726026,0.17192296479223002,0.3925118418970684,0.7154639175257732,TRAINING_REFERENCE
2019-10-10,5.8365,NORMAL,False,0.7763628829425657,0,VOLATILITY_ACCELERATION,0.20822987176916827,0.7763628829425657,0.379398624723984,0.1477551437525525,0.39666239631827255,0.7336082474226804,TRAINING_REFERENCE
2019-10-11,5.8853,NORMAL,False,0.7559069889168469,0,VOLATILITY_ACCELERATION,0.22584276194286812,0.7559069889168469,0.49246575342465393,0.20902938404865748,0.39915541423914863,0.7447422680412371,TRAINING_REFERENCE
2019-10-14,5.9271,NORMAL,False,0.409105794311471,0,VOLATILITY_ACCELERATION,0.17595556802770668,0.409105794311471,0.024657534246574,0.17756104191799998,0.35901193008680615,0.42350515463917526,TRAINING_REFERENCE
2019-10-15,5.9165,NORMAL,False,0.42787921468042833,0,VOLATILITY_ACCELERATION,0.11587499833708931,0.42787921468042833,0.005288461427348,0.044709891852674995,0.35276384444758246,0.3241237113402062,TRAINING_REFERENCE
2019-10-16,5.887,NORMAL,False,0.450239152263288,0,VOLATILITY_ACCELERATION,0.2293903435234705,0.450239152263288,0.13531069156923398,0.12465139863094749,0.3601848202785172,0.43876288659793816,TRAINING_REFERENCE
2019-10-17,5.8299,NORMAL,False,0.5119972067569704,0,VOLATILITY_ACCELERATION,0.38434177195290076,0.5119972067569704,0.209780902966272,0.2424834380839075,0.37422766450737344,0.5793814432989691,TRAINING_REFERENCE
2019-10-18,5.7919,NORMAL,False,0.45620961347033,0,DRAWDOWN_SHIFT,0.24032979752148576,0.42110691241718823,0.45620961347033,0.16295305236796498,0.3785394078175044,0.6189690721649485,TRAINING_REFERENCE
2019-10-21,5.8582,NORMAL,False,0.5379030708407906,0,VOLATILITY_ACCELERATION,0.346295325194834,0.5379030708407906,0.232491437633918,0.28617552098620247,0.37778662507184685,0.6119587628865979,TRAINING_REFERENCE
2019-10-22,5.8084,NORMAL,False,0.5683695524605331,0,VOLATILITY_ACCELERATION,0.296856284408176,0.5683695524605331,0.36476523088863194,0.21252261786897,0.38604592745408434,0.6771134020618557,TRAINING_REFERENCE
2019-10-23,5.7351,NORMAL,False,0.6149333289445766,0,VOLATILITY_ACCELERATION,0.4036189214774489,0.6149333289445766,0.512560948862004,0.315491357344535,0.41495978048980475,0.7950515463917526,TRAINING_REFERENCE
2019-10-24,5.7647,NORMAL,False,0.6482294402944146,0,VOLATILITY_ACCELERATION,0.12816281042513114,0.6482294402944146,0.220006411229774,0.12903000819514998,0.3773509681713873,0.6098969072164948,TRAINING_REFERENCE
2019-10-25,5.7748,NORMAL,False,0.6412204580129337,0,VOLATILITY_ACCELERATION,0.023656128933088733,0.6412204580129337,0.05770106797590796,0.043801065103124995,0.3619890668040719,0.457319587628866,TRAINING_REFERENCE
2019-10-28,5.7312,NORMAL,False,0.48066433675498915,0,VOLATILITY_ACCELERATION,0.2375388304182281,0.48066433675498915,0.4285400954935799,0.18875112558010498,0.3910459221825526,0.708041237113402,TRAINING_REFERENCE
2019-10-29,5.7373,NORMAL,False,0.48028398684346135,0,VOLATILITY_ACCELERATION,0.008308379421608727,0.48028398684346135,0.23991496684719005,0.0266087381351175,0.36614788422474626,0.4997938144329897,TRAINING_REFERENCE
2019-10-30,5.702,NORMAL,False,0.35479243391679643,0,VOLATILITY_ACCELERATION,0.1833262201011843,0.35479243391679643,0.11169037134517792,0.1538179980130025,0.36767699264960807,0.5150515463917525,TRAINING_REFERENCE
2019-10-31,5.713,NORMAL,False,0.30319350165190256,0,VOLATILITY_ACCELERATION,0.05452200305108185,0.30319350165190256,0.17445293651195604,0.0482286916871275,0.3644007742579758,0.48041237113402063,TRAINING_REFERENCE
2019-11-01,5.7124,NORMAL,False,0.284531915983925,0,VOLATILITY_ACCELERATION,0.008666017006127224,0.284531915983925,0.2105582831401541,0.00262559075792,0.36506601206269657,0.48742268041237113,TRAINING_REFERENCE
2019-11-04,5.7387,NORMAL,False,0.26508718026015676,0,VOLATILITY_ACCELERATION,0.12738855336807525,0.26508718026015676,0.025307485954342013,0.11510048315944,0.3525218041387798,0.3179381443298969,TRAINING_REFERENCE
2019-11-05,5.7533,NORMAL,False,0.27338481156960714,0,VOLATILITY_ACCELERATION,0.12336898576268926,0.27338481156960714,0.05398930336926802,0.06360325509261999,0.3482089492554099,0.2515463917525773,TRAINING_REFERENCE
2019-11-06,5.7508,NORMAL,False,0.16466737527627193,0,DRAWDOWN_SHIFT,0.007900170820026156,0.13855157143540167,0.16466737527627193,0.01086333061026,0.3552005050497212,0.36329896907216497,TRAINING_REFERENCE
2019-11-07,5.7522,NORMAL,False,0.14625025592068702,0,VOLATILITY_ACCELERATION,0.0479137522402178,0.14625025592068702,0.13227379325471203,0.006086109758645,0.35168203420406213,0.30721649484536084,TRAINING_REFERENCE
2019-11-08,5.7668,NORMAL,False,0.18356363145551807,0,DRAWDOWN_SHIFT,0.12544172950538185,0.13720832367708055,0.18356363145551807,0.0634539828239625,0.35931673012666904,0.43010309278350517,TRAINING_REFERENCE
2019-11-11,5.7733,NORMAL,False,0.11675186853604795,0,DRAWDOWN_SHIFT,0.08623504776844973,0.094098314703069,0.11675186853604795,0.028178539224525,0.35592875351799924,0.3731958762886598,TRAINING_REFERENCE
2019-11-12,5.7776,NORMAL,False,0.08671010185904857,0,LOCAL_RETURN_SHOCK,0.08671010185904857,0.07999336028284054,0.08199625449207604,0.018620199885675003,0.3550111920300371,0.35917525773195874,TRAINING_REFERENCE
2019-11-13,5.7403,NORMAL,False,0.25080052769565075,0,VOLATILITY_ACCELERATION,0.22382270391226894,0.25080052769565075,0.035430480336079914,0.16139919689836,0.3588925979743535,0.4214432989690722,TRAINING_REFERENCE
2019-11-14,5.7477,NORMAL,False,0.2599096381023075,0,VOLATILITY_ACCELERATION,0.10621384248652203,0.2599096381023075,0.015184491572605985,0.0322282807518775,0.3476876068813203,0.24329896907216494,TRAINING_REFERENCE
2019-11-15,5.7453,NORMAL,False,0.2364471123499001,0,VOLATILITY_ACCELERATION,0.012281376868587551,0.2364471123499001,0.07254812640245599,0.01043895819197,0.34789920834241017,0.24577319587628865,TRAINING_REFERENCE
2019-11-18,5.7369,NORMAL,False,0.2294948688756972,0,VOLATILITY_ACCELERATION,0.04900946843391502,0.2294948688756972,0.12282566516508796,0.036551616103595,0.35310640160859336,0.32989690721649484,TRAINING_REFERENCE
2019-11-19,5.699,NORMAL,False,0.2957635907723802,0,LOCAL_RETURN_SHOCK,0.2957635907723802,0.26562536536531584,0.265222452801538,0.1651588837176875,0.38324994068997015,0.6544329896907216,TRAINING_REFERENCE
2019-11-20,5.6997,NORMAL,False,0.22608102994182305,0,VOLATILITY_ACCELERATION,0.0581829249050339,0.22608102994182305,0.13699785729952604,0.0030707141603799996,0.3605047025819136,0.44247422680412374,TRAINING_REFERENCE
2019-11-21,5.6966,NORMAL,False,0.20413132516243238,0,VOLATILITY_ACCELERATION,0.016487140421551257,0.20413132516243238,0.17242833763560603,0.013597206870534999,0.36711248689819787,0.5101030927835052,TRAINING_REFERENCE
2019-11-22,5.7132,NORMAL,False,0.25704825430670447,0,VOLATILITY_ACCELERATION,0.2563568990730223,0.25704825430670447,0.10831603988459997,0.07285047221149249,0.36217821674326794,0.4618556701030928,TRAINING_REFERENCE
2019-11-25,5.7416,NORMAL,False,0.39668769658195324,0,LOCAL_RETURN_SHOCK,0.39668769658195324,0.3236062616276416,0.015859357864723977,0.12427361198628,0.3588199073232765,0.42061855670103093,TRAINING_REFERENCE
2019-11-26,5.7597,NORMAL,False,0.2346391634911032,0,LOCAL_RETURN_SHOCK,0.2346391634911032,0.1740757021222564,0.204821919657168,0.07881078445032749,0.3673168922770211,0.5121649484536083,TRAINING_REFERENCE
2019-11-27,5.7779,NORMAL,False,0.26387272021730596,0,DRAWDOWN_SHIFT,0.2227182981728759,0.15649221928633042,0.26387272021730596,0.078997169991495,0.37152591754679315,0.5517525773195876,TRAINING_REFERENCE
2019-11-28,5.7585,NORMAL,False,0.3325809826711217,0,LOCAL_RETURN_SHOCK,0.3325809826711217,0.2493083113992566,0.20887111740986,0.083940532027205,0.3720359604130863,0.5583505154639176,TRAINING_REFERENCE
2019-11-29,5.747,NORMAL,False,0.28411744399557426,0,VOLATILITY_ACCELERATION,0.19113877092247386,0.28411744399557426,0.11405240336758396,0.04992619605799999,0.35337751732743794,0.33484536082474226,TRAINING_REFERENCE
2019-12-02,5.7415,NORMAL,False,0.23649319835876742,0,VOLATILITY_ACCELERATION,0.09931488695396669,0.23649319835876742,0.00033743314605996777,0.0239255263615775,0.350035525714252,0.28,TRAINING_REFERENCE
2019-12-03,5.7431,NORMAL,False,0.1956004448107936,0,VOLATILITY_ACCELERATION,0.020654132273454067,0.1956004448107936,0.05601390224561603,0.0069668205172825,0.35263043192462984,0.32082474226804125,TRAINING_REFERENCE
2019-12-04,5.7508,NORMAL,False,0.14593318535254662,0,VOLATILITY_ACCELERATION,0.12005682930334496,0.14593318535254662,0.09144438258170004,0.03351848304922,0.36200892385701056,0.45814432989690723,TRAINING_REFERENCE
2019-12-05,5.7485,NORMAL,False,0.10583357363324483,0,VOLATILITY_ACCELERATION,0.03386903014278199,0.10583357363324483,0.03374331460579201,0.009998608889195,0.35753660108989044,0.3987628865979381,TRAINING_REFERENCE
2019-12-06,5.7766,NORMAL,False,0.41185708713377384,0,LOCAL_RETURN_SHOCK,0.41185708713377384,0.19525916701671134,0.09988021123314997,0.12220579281551501,0.36199837207616986,0.4577319587628866,TRAINING_REFERENCE
2019-12-09,5.8113,NORMAL,False,0.4721762967782964,0,LOCAL_RETURN_SHOCK,0.4721762967782964,0.2416008698392153,0.23552833594844197,0.15017484333345,0.3737412473481478,0.5723711340206186,TRAINING_REFERENCE
2019-12-10,5.8057,NORMAL,False,0.2663246966611708,0,VOLATILITY_ACCELERATION,0.09546635596517916,0.2663246966611708,0.21123314943226806,0.024090995130177498,0.35598580893721593,0.37443298969072164,TRAINING_REFERENCE
2019-12-11,5.8074,NORMAL,False,0.2766015850474677,0,VOLATILITY_ACCELERATION,0.003277770619766313,0.2766015850474677,0.19098716066879398,0.007320392028524999,0.35048831722423596,0.2878350515463918,TRAINING_REFERENCE
2019-12-12,5.7914,NORMAL,False,0.3273235727774881,0,VOLATILITY_ACCELERATION,0.27645603204217944,0.3273235727774881,0.14475881965885604,0.06887763887453749,0.3563427424934857,0.38144329896907214,TRAINING_REFERENCE
2019-12-13,5.8082,NORMAL,False,0.29719817014573674,0,VOLATILITY_ACCELERATION,0.20265800739732032,0.29719817014573674,0.10662887415431005,0.0725213247228625,0.34666629255980186,0.22474226804123712,TRAINING_REFERENCE
2019-12-16,5.8498,NORMAL,False,0.5250269644016257,0,LOCAL_RETURN_SHOCK,0.5250269644016257,0.33214841918162186,0.12991176123230594,0.17905719500017,0.36060648850333443,0.44329896907216493,TRAINING_REFERENCE
2019-12-17,5.886,NORMAL,False,0.37887160191481123,0,LOCAL_RETURN_SHOCK,0.37887160191481123,0.35268769875582195,0.27095881628452395,0.15470614379978748,0.3654176202738654,0.49195876288659796,TRAINING_REFERENCE
2019-12-18,5.9261,NORMAL,False,0.41519117350794604,0,LOCAL_RETURN_SHOCK,0.41519117350794604,0.35668198907377885,0.400533144370772,0.170319401970775,0.37851015257008686,0.6185567010309279,TRAINING_REFERENCE
2019-12-19,5.9417,NORMAL,False,0.45789677920062,0,DRAWDOWN_SHIFT,0.0511786007511444,0.18784811114748529,0.45789677920062,0.0658105668146,0.3806081110292683,0.6375257731958763,TRAINING_REFERENCE
2019-12-20,5.94,NORMAL,False,0.39548574262511993,0,DRAWDOWN_SHIFT,0.18402012637933213,0.27606167192920844,0.39548574262511993,0.0071528350472075,0.37372144960589115,0.5715463917525773,TRAINING_REFERENCE
2019-12-23,5.9486,NORMAL,False,0.26291776004449463,0,VOLATILITY_ACCELERATION,0.03834743866804611,0.26291776004449463,0.260835821902784,0.0361952861952825,0.3594227715187467,0.4317525773195876,TRAINING_REFERENCE
2019-12-24,5.9468,NORMAL,False,0.2622444730660503,0,VOLATILITY_ACCELERATION,0.1614612908819552,0.2622444730660503,0.13263317889842,0.007564805164239999,0.3473073323018845,0.23587628865979382,TRAINING_REFERENCE
2019-12-25,5.935,NORMAL,False,0.27730261867940753,0,LOCAL_RETURN_SHOCK,0.27730261867940753,0.15979987845778573,0.042350713087718,0.0496065110647725,0.351354643227356,0.30061855670103094,TRAINING_REFERENCE
2019-12-26,5.9335,NORMAL,False,0.1208937421928473,0,LOCAL_RETURN_SHOCK,0.1208937421928473,0.10900117553526859,0.05076824799112199,0.006318449873624999,0.3473229614921035,0.23670103092783504,TRAINING_REFERENCE
2019-12-27,5.9502,NORMAL,False,0.16492211602148502,0,VOLATILITY_ACCELERATION,0.10426593884518955,0.16492211602148502,0.0057222680377659995,0.0703631920451625,0.3436899377070747,0.16123711340206184,TRAINING_REFERENCE
2019-12-30,5.9479,NORMAL,False,0.18689218904314736,0,VOLATILITY_ACCELERATION,0.17479429244667322,0.18689218904314736,0.007730832577054,0.0096635407213175,0.3431784221838012,0.1472164948453608,TRAINING_REFERENCE
2019-12-31,5.9489,NORMAL,False,0.18625239370167948,0,VOLATILITY_ACCELERATION,0.13265997724019052,0.18625239370167948,0.0016822431095779994,0.0042031641419675,0.3403921527080066,0.08742268041237114,TRAINING_REFERENCE
2020-01-01,5.9466,NORMAL,False,0.17791899799215855,0,LOCAL_RETURN_SHOCK,0.17791899799215855,0.14977898690527658,0.033624610949427994,0.009665652473565,0.3427547426254403,0.1360824742268041,TRAINING_REFERENCE
2020-01-02,5.9566,NORMAL,False,0.15700047834347042,0,VOLATILITY_ACCELERATION,0.00014341156293360847,0.15700047834347042,0.05076824799112199,0.042040830054145,0.3402726701093864,0.08618556701030927,TRAINING_REFERENCE
2020-01-03,5.9723,NORMAL,False,0.15384101419897145,0,VOLATILITY_ACCELERATION,0.07044123933821278,0.15384101419897145,0.0,0.0658932948326175,0.3443938467707486,0.17896907216494845,TRAINING_REFERENCE
2020-01-06,5.969,NORMAL,False,0.18896791671809932,0,LOCAL_RETURN_SHOCK,0.18896791671809932,0.16130524433766785,0.003320186293394,0.013813773588060001,0.3423187154194861,0.12288659793814433,TRAINING_REFERENCE
2020-01-07,5.9727,NORMAL,False,0.1581305114021741,0,VOLATILITY_ACCELERATION,0.06470458340248303,0.1581305114021741,0.004369601021814,0.0154967331211225,0.3402376231758827,0.08453608247422681,TRAINING_REFERENCE
2020-01-08,5.9091,ANOMALOUS,True,1.097925955545607,1,LOCAL_RETURN_SHOCK,1.097925955545607,0.6011624126691222,0.20086857539204,0.266211261238635,0.426878045093184,0.8272164948453609,TRAINING_REFERENCE
2020-01-09,5.8739,NORMAL,False,0.6217262647424147,0,VOLATILITY_ACCELERATION,0.4433784249808103,0.6217262647424147,0.330838649187134,0.1489228478110025,0.3938880162074022,0.7220618556701031,TRAINING_REFERENCE
2020-01-10,5.8777,NORMAL,False,0.5829411660983508,0,VOLATILITY_ACCELERATION,0.004202644671259514,0.5829411660983508,0.31811408575685796,0.0161732409472425,0.3792216963900445,0.6268041237113402,TRAINING_REFERENCE
2020-01-13,5.8671,NORMAL,False,0.6028200440880179,0,VOLATILITY_ACCELERATION,0.14893148047327975,0.6028200440880179,0.342557901718228,0.045085662759239996,0.38602250090116197,0.6762886597938145,TRAINING_REFERENCE
2020-01-14,5.8819,NORMAL,False,0.683831595797329,0,VOLATILITY_ACCELERATION,0.15743437630803403,0.683831595797329,0.304050094597082,0.0630635237169975,0.39115306480925455,0.709278350515464,TRAINING_REFERENCE
2020-01-15,5.8758,NORMAL,False,0.4536489023257682,0,VOLATILITY_ACCELERATION,0.07133180274365956,0.4536489023257682,0.11150735848108803,0.02592699637872,0.36073396181385875,0.44536082474226807,TRAINING_REFERENCE
2020-01-16,5.8597,NORMAL,False,0.30158055347028395,0,VOLATILITY_ACCELERATION,0.1841097348835983,0.30158055347028395,0.047549684397339975,0.06850131045985,0.3634467538799362,0.4705154639175258,TRAINING_REFERENCE
2020-01-17,5.8908,NORMAL,False,0.4831843166812053,0,LOCAL_RETURN_SHOCK,0.4831843166812053,0.47845860129665974,0.043866258141205955,0.13268597368465748,0.36500464213720174,0.48701030927835054,TRAINING_REFERENCE
2020-01-20,5.9132,NORMAL,False,0.4959120237144396,0,VOLATILITY_ACCELERATION,0.31150828123629504,0.4959120237144396,0.15436904582517003,0.0950634888300375,0.3561618698084035,0.37938144329896906,TRAINING_REFERENCE
2020-01-21,5.9376,NORMAL,False,0.5184131049379712,0,VOLATILITY_ACCELERATION,0.3166865654194567,0.5184131049379712,0.186515311333232,0.10315903402556749,0.35825430733529456,0.4107216494845361,TRAINING_REFERENCE
2020-01-22,5.9222,NORMAL,False,0.5878003413086869,0,VOLATILITY_ACCELERATION,0.17393434838612087,0.5878003413086869,0.155373616622298,0.064841013203985,0.3525641680522912,0.31876288659793817,TRAINING_REFERENCE
2020-01-23,5.9344,NORMAL,False,0.46444494785813106,0,VOLATILITY_ACCELERATION,0.14825915689933034,0.46444494785813106,0.2501381284846059,0.0515011313363275,0.3565128468792122,0.3868041237113402,TRAINING_REFERENCE
2020-01-24,5.9391,NORMAL,False,0.4087198753140161,0,VOLATILITY_ACCELERATION,0.05290040375700334,0.4087198753140161,0.16173589833743604,0.0197998112698825,0.3430236179857529,0.14144329896907218,TRAINING_REFERENCE
2020-01-27,5.944,NORMAL,False,0.37111255702353263,0,VOLATILITY_ACCELERATION,0.06294270768207996,0.37111255702353263,0.10313593517169797,0.0206260207775575,0.33996101308322674,0.0779381443298969,TRAINING_REFERENCE
2020-01-28,5.9403,NORMAL,False,0.27037133289441245,0,VOLATILITY_ACCELERATION,0.04106873229037658,0.27037133289441245,0.009041137174142008,0.01556191117093,0.3403621395162501,0.08701030927835052,TRAINING_REFERENCE
2020-01-29,5.9567,NORMAL,False,0.19780697297808994,0,VOLATILITY_ACCELERATION,0.19469546953299227,0.19780697297808994,0.115525641669596,0.06902008316078,0.34895902546066476,0.2639175257731959,TRAINING_REFERENCE
2020-01-30,5.9725,NORMAL,False,0.21579750416308155,0,VOLATILITY_ACCELERATION,0.1738474749762317,0.21579750416308155,0.12758049123511866,0.0663118840969025,0.3486328152101514,0.2597938144329897,TRAINING_REFERENCE
2020-01-31,5.9822,NORMAL,False,0.2127522915211736,0,VOLATILITY_ACCELERATION,0.09997906588159311,0.2127522915211736,0.11251192927821599,0.0406027626622,0.34574953943005615,0.2065979381443299,TRAINING_REFERENCE
2020-02-03,5.9844,NORMAL,False,0.2225151393540456,0,VOLATILITY_ACCELERATION,0.01890623830614538,0.2225151393540456,0.096103939591808,0.0091939420280175,0.34364472477697094,0.16,TRAINING_REFERENCE
2020-02-04,5.9801,NORMAL,False,0.2271646554038085,0,VOLATILITY_ACCELERATION,0.058009557158112485,0.2271646554038085,0.09412294894379798,0.0179633714323875,0.34362460354317975,0.15958762886597938,TRAINING_REFERENCE
2020-02-05,5.9827,NORMAL,False,0.20424977874973954,0,VOLATILITY_ACCELERATION,0.02487402158720781,0.20424977874973954,0.04789567077358199,0.010869383455125,0.34130862029368364,0.1022680412371134,TRAINING_REFERENCE
2020-02-06,5.9874,NORMAL,False,0.13318404525572788,0,VOLATILITY_ACCELERATION,0.015192129199073742,0.13318404525572788,0.000669713864749344,0.019639961890115,0.34392463169210297,0.16907216494845362,TRAINING_REFERENCE
2020-02-07,6.0153,NORMAL,False,0.4220484069069426,0,LOCAL_RETURN_SHOCK,0.4220484069069426,0.3219010043619976,0.0,0.11649463874135249,0.35000727447812213,0.2795876288659794,TRAINING_REFERENCE
2020-02-10,6.0108,NORMAL,False,0.3467147379969597,0,VOLATILITY_ACCELERATION,0.2038643497048864,0.3467147379969597,0.01496184728941,0.0187023091117625,0.3428476606959987,0.13814432989690723,TRAINING_REFERENCE
2020-02-11,6.0163,NORMAL,False,0.33401457806953083,0,VOLATILITY_ACCELERATION,0.032665376635306234,0.33401457806953083,0.014370697145910001,0.0228754907832575,0.33684920958231906,0.02020618556701031,TRAINING_REFERENCE
2020-02-12,6.042,NORMAL,False,0.38464956920260807,0,VOLATILITY_ACCELERATION,0.34712391350064253,0.38464956920260807,0.0056814384065199995,0.106793211774675,0.34694058710003356,0.22762886597938145,TRAINING_REFERENCE
2020-02-13,6.0405,NORMAL,False,0.4124125870453212,0,VOLATILITY_ACCELERATION,0.1786587088737837,0.4124125870453212,0.004965243296919999,0.006206554121149999,0.34114950804725014,0.09896907216494845,TRAINING_REFERENCE
2020-02-14,6.0505,NORMAL,False,0.3220491351750009,0,VOLATILITY_ACCELERATION,0.015590484004625196,0.3220491351750009,0.0,0.0413873023756325,0.3359957077948322,0.012783505154639175,TRAINING_REFERENCE
2020-02-17,6.0449,NORMAL,False,0.33320173477725695,0,VOLATILITY_ACCELERATION,0.2927079367948476,0.33320173477725695,0.0035490195810960004,0.023138583588132502,0.34196143315328764,0.11670103092783506,TRAINING_REFERENCE
2020-02-18,6.0642,NORMAL,False,0.3639230991054694,0,VOLATILITY_ACCELERATION,0.27386059902482346,0.3639230991054694,0.0,0.0798193518503175,0.34140643365097495,0.10680412371134021,TRAINING_REFERENCE
2020-02-19,6.0823,NORMAL,False,0.30761171330530046,0,VOLATILITY_ACCELERATION,0.262001607510167,0.30761171330530046,0.0,0.0746182513769325,0.3411516225466623,0.09938144329896907,TRAINING_REFERENCE
2020-02-20,6.1004,NORMAL,False,0.2898952075883198,0,VOLATILITY_ACCELERATION,0.2451986132449856,0.2898952075883198,0.004965243296919999,0.07439619880637,0.34330582935964976,0.151340206185567,TRAINING_REFERENCE
2020-02-21,6.0964,NORMAL,False,0.3546426633329903,0,VOLATILITY_ACCELERATION,0.29873077346688964,0.3546426633329903,0.013113894170872,0.01639236771359,0.3447710145569456,0.18721649484536082,TRAINING_REFERENCE
2020-02-24,6.1177,NORMAL,False,0.3100790228612693,0,LOCAL_RETURN_SHOCK,0.3100790228612693,0.2887742445745092,0.018510866870505998,0.087346630798505,0.3466396928779455,0.22391752577319587,TRAINING_REFERENCE
2020-02-25,6.1441,NORMAL,False,0.3940061702344625,0,LOCAL_RETURN_SHOCK,0.3940061702344625,0.3180985521540505,0.0,0.10788368177582751,0.3517790442889489,0.3088659793814433,TRAINING_REFERENCE
2020-02-26,6.159,NORMAL,False,0.31593621014704454,0,VOLATILITY_ACCELERATION,0.09872774897965451,0.31593621014704454,0.0,0.060627268436385,0.3447092326254598,0.18556701030927836,TRAINING_REFERENCE
2020-02-27,6.2078,NORMAL,False,0.843060443660788,0,LOCAL_RETURN_SHOCK,0.843060443660788,0.4970204851904965,0.0,0.19808410456242748,0.3874950180516004,0.6903092783505155,TRAINING_REFERENCE
2020-02-28,6.2427,NORMAL,False,0.39767440295943246,0,LOCAL_RETURN_SHOCK,0.39767440295943246,0.3374834836772918,0.013113894170872,0.14054898675859248,0.3693654873878547,0.5323711340206185,TRAINING_REFERENCE
2020-03-02,6.1743,ANOMALOUS,True,1.3323490152138238,2,LOCAL_RETURN_SHOCK,1.3323490152138238,1.0756134001393456,0.219135950790524,0.273919938488155,0.4598131932744504,0.8816494845360825,TRAINING_REFERENCE
2020-03-03,6.107,ANOMALOUS,True,1.2057960485115313,1,VOLATILITY_ACCELERATION,0.8171200675251451,1.2057960485115313,0.43474778541336195,0.2725005263754575,0.4582824557008902,0.8795876288659794,TRAINING_REFERENCE
2020-03-04,6.0773,ANOMALOUS,True,1.1656237864916963,1,VOLATILITY_ACCELERATION,0.31439643355415337,1.1656237864916963,0.529898921940826,0.12158179138693,0.4361199762301571,0.8449484536082474,TRAINING_REFERENCE
2020-03-05,6.1105,ANOMALOUS,True,1.0718006893218623,1,VOLATILITY_ACCELERATION,0.23842528656247022,1.0718006893218623,0.423534688516186,0.1365738074473875,0.42234465974332996,0.8185567010309278,TRAINING_REFERENCE
2020-03-06,6.0919,NORMAL,False,0.87004496475618,0,VOLATILITY_ACCELERATION,0.20356059353054445,0.87004496475618,0.48312428916975,0.07609851894280249,0.4134764633300932,0.7896907216494845,TRAINING_REFERENCE
2020-03-09,6.1442,ANOMALOUS,True,1.0057700082896246,1,VOLATILITY_ACCELERATION,0.39656046224603736,1.0057700082896246,0.09643263331571397,0.2146292618066575,0.40117763050625926,0.7525773195876289,TRAINING_REFERENCE
2020-03-10,6.1575,NORMAL,False,0.7277069261614314,0,VOLATILITY_ACCELERATION,0.04971717164679112,0.7277069261614314,0.16178896951639396,0.05411607695062,0.35911527643631364,0.4268041237113402,TRAINING_REFERENCE
2020-03-11,6.2091,NORMAL,False,0.6205855263675155,0,VOLATILITY_ACCELERATION,0.33986660652835715,0.6205855263675155,0.422253191727938,0.2095006090134,0.38273338994024664,0.6515463917525773,TRAINING_REFERENCE
2020-03-12,6.3159,NORMAL,False,0.855100430780975,0,VOLATILITY_ACCELERATION,0.7187831519840492,0.855100430780975,0.423534688516186,0.43001401169251247,0.4285742205820668,0.8309278350515464,TRAINING_REFERENCE
2020-03-13,6.3321,NORMAL,False,0.6837338923151648,0,VOLATILITY_ACCELERATION,0.012005921617754017,0.6837338923151648,0.48312428916975,0.0641238778321325,0.3928609998824796,0.7167010309278351,TRAINING_REFERENCE
2020-03-16,6.4315,NORMAL,False,0.7314148145775654,0,VOLATILITY_ACCELERATION,0.5138962767867816,0.7314148145775654,0.31556858410623795,0.3924448445223525,0.42133455343559856,0.8152577319587628,TRAINING_REFERENCE
2020-03-17,6.3974,NORMAL,False,0.9527562454204481,0,VOLATILITY_ACCELERATION,0.29606964470012287,0.9527562454204481,0.166918234384104,0.13255072689108,0.40755071355441014,0.7731958762886598,TRAINING_REFERENCE
2020-03-18,6.4752,NORMAL,False,0.940605162835415,0,VOLATILITY_ACCELERATION,0.3210778127993867,0.940605162835415,0.107645730212888,0.30402976209085,0.4099580729033395,0.7793814432989691,TRAINING_REFERENCE
2020-03-19,6.5439,NORMAL,False,0.8104798210135324,0,VOLATILITY_ACCELERATION,0.24298656651710743,0.8104798210135324,0.0,0.2652427724240175,0.3964986269609514,0.7323711340206186,TRAINING_REFERENCE
2020-03-20,6.5525,NORMAL,False,0.8286149544849742,0,VOLATILITY_ACCELERATION,0.07110751715482937,0.8286149544849742,0.0,0.032855025290727494,0.3905265157561025,0.7055670103092784,TRAINING_REFERENCE
2020-03-23,6.5617,NORMAL,False,0.6966474441091587,0,VOLATILITY_ACCELERATION,0.07177965779500056,0.6966474441091587,0.0,0.03510110644792,0.3762816013614358,0.5995876288659794,TRAINING_REFERENCE
2020-03-24,6.4203,ANOMALOUS,True,1.1207510227949218,1,VOLATILITY_ACCELERATION,0.8027302256006006,1.1207510227949218,0.32494529105064596,0.5387323407043875,0.4642559791937735,0.8882474226804123,TRAINING_REFERENCE
2020-03-25,6.417,NORMAL,False,0.9895485685766767,0,VOLATILITY_ACCELERATION,0.07176391711615292,0.9895485685766767,0.441044241583736,0.012849866828652499,0.4131486220758964,0.7888659793814433,TRAINING_REFERENCE
2020-03-26,6.3979,NORMAL,False,0.8051148384841769,0,VOLATILITY_ACCELERATION,0.13172438083691443,0.8051148384841769,0.4992608622765439,0.074411718871745,0.40673743608825014,0.770721649484536,TRAINING_REFERENCE
2020-03-27,6.455,NORMAL,False,0.9252707492850687,0,VOLATILITY_ACCELERATION,0.19212649384914982,0.9252707492850687,0.32522059832055594,0.22312008627831,0.4110630864572126,0.780618556701031,TRAINING_REFERENCE
2020-03-30,6.5773,ANOMALOUS,True,1.157577964144785,1,VOLATILITY_ACCELERATION,0.44430779574900786,1.157577964144785,0.0,0.4736638264910925,0.4424122884620972,0.859381443298969,TRAINING_REFERENCE
2020-03-31,6.6143,NORMAL,False,0.6617978495730052,0,VOLATILITY_ACCELERATION,0.06067035584473851,0.6617978495730052,0.43098587256350995,0.1406352150578475,0.3872512316876539,0.6874226804123711,TRAINING_REFERENCE
2020-04-01,6.703,NORMAL,False,0.63531740421717,0,VOLATILITY_ACCELERATION,0.24988699361662486,0.63531740421717,0.441044241583736,0.335258455165325,0.4168574838960577,0.7991752577319587,TRAINING_REFERENCE
2020-04-02,6.6153,NORMAL,False,0.9064378518261412,0,VOLATILITY_ACCELERATION,0.48216901051169114,0.9064378518261412,0.23758698490820193,0.32709234671042753,0.42832020112681923,0.8305154639175257,TRAINING_REFERENCE
2020-04-03,6.731,NORMAL,False,0.9366868110808101,0,VOLATILITY_ACCELERATION,0.33059149226141715,0.9366868110808101,0.32522059832055594,0.437243964748385,0.4393971632588527,0.8511340206185567,TRAINING_REFERENCE
2020-04-06,6.7815,NORMAL,False,0.838611820605954,0,VOLATILITY_ACCELERATION,0.05854019306581295,0.838611820605954,0.0,0.187564997771505,0.3964388085159564,0.7319587628865979,TRAINING_REFERENCE
2020-04-07,6.754,NORMAL,False,0.8949698678431648,0,VOLATILITY_ACCELERATION,0.21667692098198466,0.8949698678431648,0.08110300081103,0.1013787510137875,0.4025143201133542,0.756701030927835,TRAINING_REFERENCE
2020-04-08,6.7737,NORMAL,False,0.820430215959969,0,VOLATILITY_ACCELERATION,0.041661646561922575,0.820430215959969,0.023003760230038,0.07291975125851499,0.38483150322988824,0.6672164948453608,TRAINING_REFERENCE
2020-04-09,6.6746,NORMAL,False,0.8213905935041546,0,VOLATILITY_ACCELERATION,0.44932441060872863,0.8213905935041546,0.053595605784351984,0.3657528381829725,0.41157968755606783,0.7843298969072164,TRAINING_REFERENCE
2020-04-10,6.7001,NORMAL,False,0.5950776172719396,0,VOLATILITY_ACCELERATION,0.022757362284277112,0.5950776172719396,0.24006488240064996,0.09551134150361,0.37701190222881553,0.6070103092783505,TRAINING_REFERENCE
2020-04-13,6.7721,NORMAL,False,0.6462903383930712,0,VOLATILITY_ACCELERATION,0.17928334980590033,0.6462903383930712,0.027722480277223998,0.26865270667602,0.38112562152013263,0.6395876288659794,TRAINING_REFERENCE
2020-04-14,6.8155,NORMAL,False,0.651703622883044,0,VOLATILITY_ACCELERATION,0.08802084990184708,0.651703622883044,0.08110300081103,0.1602161810959675,0.3750858756605463,0.5884536082474227,TRAINING_REFERENCE
2020-04-15,6.9118,NORMAL,False,0.7393477070111228,0,VOLATILITY_ACCELERATION,0.2579061794154303,0.7393477070111228,0.023003760230038,0.35323894064999,0.4011621748726593,0.7521649484536083,TRAINING_REFERENCE
2020-04-16,6.9397,NORMAL,False,0.315269483152694,0,DRAWDOWN_SHIFT,0.01674553979928568,0.29661723860180184,0.315269483152694,0.1009143783095575,0.39617060207334437,0.7307216494845361,TRAINING_REFERENCE
2020-04-17,6.9317,NORMAL,False,0.3905669914493255,0,VOLATILITY_ACCELERATION,0.09841779300873923,0.3905669914493255,0.21700913071109795,0.028819689611939998,0.3824678893322994,0.650721649484536,TRAINING_REFERENCE
2020-04-20,6.9402,NORMAL,False,0.38785972742271857,0,VOLATILITY_ACCELERATION,0.03888858934250901,0.38785972742271857,0.027722480277223998,0.030656260369025,0.36887715033163077,0.5253608247422681,TRAINING_REFERENCE
2020-04-21,6.9812,NORMAL,False,0.3860786614327682,0,VOLATILITY_ACCELERATION,0.07206569699301008,0.3860786614327682,0.0,0.1476902682919825,0.3692557649606046,0.5303092783505154,TRAINING_REFERENCE
2020-04-22,6.9787,NORMAL,False,0.1962038618440981,0,VOLATILITY_ACCELERATION,0.12929671128738837,0.1962038618440981,0.007162092476938,0.0089526155961725,0.3646554667730967,0.4841237113402062,TRAINING_REFERENCE
2020-04-23,6.9462,NORMAL,False,0.25179195100535257,0,VOLATILITY_ACCELERATION,0.25068094445787703,0.25179195100535257,0.100269294677132,0.1164256953300725,0.3751108986399838,0.5888659793814432,TRAINING_REFERENCE
2020-04-24,6.9742,NORMAL,False,0.26726230418761315,0,VOLATILITY_ACCELERATION,0.003538802007045996,0.26726230418761315,0.0030018927541260003,0.10077452420027999,0.35787081401678733,0.4024742268041237,TRAINING_REFERENCE
2020-04-27,6.9861,NORMAL,False,0.26778547688961674,0,VOLATILITY_ACCELERATION,0.06210165001160208,0.26778547688961674,0.0,0.042657222333745,0.3557119572163931,0.3682474226804124,TRAINING_REFERENCE
2020-04-28,6.9868,NORMAL,False,0.209110958097932,0,VOLATILITY_ACCELERATION,0.09046494212564345,0.209110958097932,0.0,0.002504974162975,0.35840656140962845,0.41525773195876287,TRAINING_REFERENCE
2020-04-29,6.952,NORMAL,False,0.25727086853626396,0,VOLATILITY_ACCELERATION,0.2377148009498288,0.25727086853626396,0.092454327057038,0.12452052441747001,0.3709750478171538,0.5468041237113402,TRAINING_REFERENCE
2020-04-30,6.9864,NORMAL,False,0.25501227177579,0,VOLATILITY_ACCELERATION,0.09753761305834703,0.25501227177579,0.09912427836065033,0.12370540851553251,0.3573193781569955,0.3954639175257732,TRAINING_REFERENCE
2020-05-01,7.012,NORMAL,False,0.250964087914918,0,VOLATILITY_ACCELERATION,0.031845289375744504,0.250964087914918,0.020053858935425998,0.091606549868315,0.352226362238026,0.3138144329896907,TRAINING_REFERENCE
2020-05-04,7.043,NORMAL,False,0.270024724876543,0,VOLATILITY_ACCELERATION,0.09445509843897236,0.270024724876543,0.0,0.11052481460354,0.35325920393888094,0.3331958762886598,TRAINING_REFERENCE
2020-05-05,7.0746,NORMAL,False,0.27384879015607827,0,VOLATILITY_ACCELERATION,0.1050256948568651,0.27384879015607827,0.0,0.11216811018032,0.3547672486847269,0.3554639175257732,TRAINING_REFERENCE
2020-05-06,7.1968,NORMAL,False,0.6234709143954039,0,LOCAL_RETURN_SHOCK,0.6234709143954039,0.3654660950973019,0.099616419533976,0.431826534362365,0.40924485163207686,0.7764948453608247,TRAINING_REFERENCE
2020-05-07,7.1195,NORMAL,False,0.6125674792283563,0,VOLATILITY_ACCELERATION,0.5029162610823749,0.6125674792283563,0.2136726804376283,0.2685221209426375,0.4031952959854938,0.7591752577319587,TRAINING_REFERENCE
2020-05-08,7.084,NORMAL,False,0.6545311122107683,0,VOLATILITY_ACCELERATION,0.3233603104790499,0.6545311122107683,0.31347265451311596,0.12465763045158,0.3896470649809595,0.7018556701030928,TRAINING_REFERENCE
2020-05-11,7.0762,NORMAL,False,0.653461305203602,0,VOLATILITY_ACCELERATION,0.14757965641461826,0.653461305203602,0.33514895509115,0.02752682100508,0.37812344177347773,0.6148453608247423,TRAINING_REFERENCE
2020-05-12,6.9971,NORMAL,False,0.6965128022991388,0,VOLATILITY_ACCELERATION,0.5228670574564547,0.6965128022991388,0.5549688750555779,0.2794579011333775,0.42613393738428573,0.825979381443299,TRAINING_REFERENCE
2020-05-13,6.9748,NORMAL,False,0.6169408626056,0,DRAWDOWN_SHIFT,0.1620749248915262,0.2699010044400033,0.6169408626056,0.07967586571579251,0.4095693622370219,0.7781443298969072,TRAINING_REFERENCE
2020-05-14,6.922,NORMAL,False,0.5488550466874199,0,DRAWDOWN_SHIFT,0.31630048895894686,0.23105588567969354,0.5488550466874199,0.189252738429775,0.4201953307593623,0.8123711340206186,TRAINING_REFERENCE
2020-05-15,6.9012,NORMAL,False,0.508003557136504,0,DRAWDOWN_SHIFT,0.11073119512766001,0.2408133243378962,0.508003557136504,0.07512279687951,0.4007770214757043,0.7509278350515464,TRAINING_REFERENCE
2020-05-18,6.8851,NORMAL,False,0.531069364161848,0,DRAWDOWN_SHIFT,0.0811565874155255,0.22379620737325423,0.531069364161848,0.05832319016982499,0.4053157015342355,0.7665979381443299,TRAINING_REFERENCE
2020-05-19,6.7775,NORMAL,False,0.610271231658514,0,DRAWDOWN_SHIFT,0.5795883657817283,0.31716735824663356,0.610271231658514,0.39069875528315,0.4552743793430842,0.8754639175257732,TRAINING_REFERENCE
2020-05-20,6.7912,NORMAL,False,0.5102267674522019,0,DRAWDOWN_SHIFT,0.12027107388824931,0.3802362044407569,0.5102267674522019,0.05053485798598249,0.40753091954655135,0.7727835051546392,TRAINING_REFERENCE
2020-05-21,6.7916,NORMAL,False,0.3943298275715696,0,VOLATILITY_ACCELERATION,0.04799835469412703,0.3943298275715696,0.3623832814584241,0.0014724938155241671,0.3870372304294828,0.6857731958762887,TRAINING_REFERENCE
2020-05-22,6.8147,NORMAL,False,0.4367533303410417,0,VOLATILITY_ACCELERATION,0.15570705123528591,0.4367533303410417,0.24038461538461398,0.08503150951175,0.38280734232034447,0.6519587628865979,TRAINING_REFERENCE
2020-05-25,6.81,NORMAL,False,0.44683182403222566,0,VOLATILITY_ACCELERATION,0.015328710259535633,0.44683182403222566,0.20870386838595198,0.017242138318637502,0.3749837042439204,0.5872164948453609,TRAINING_REFERENCE
2020-05-26,6.7275,NORMAL,False,0.37850793145877293,0,LOCAL_RETURN_SHOCK,0.37850793145877293,0.3568309060037031,0.13895064473099392,0.302863436123345,0.40535411395202076,0.7670103092783506,TRAINING_REFERENCE
2020-05-27,6.7739,NORMAL,False,0.4151595517673884,0,VOLATILITY_ACCELERATION,0.2895235262279441,0.4151595517673884,0.04807692307692207,0.1724266072092125,0.37936975400820794,0.6301030927835052,TRAINING_REFERENCE
2020-05-28,6.8138,NORMAL,False,0.4476959057174774,0,VOLATILITY_ACCELERATION,0.23034712441568883,0.4476959057174774,0.06169408626056,0.14725638110984252,0.36851365988974055,0.5204123711340206,TRAINING_REFERENCE
2020-05-29,6.8202,NORMAL,False,0.44076883410255213,0,VOLATILITY_ACCELERATION,0.06913722006960961,0.44076883410255213,0.015284570920408025,0.023481757609555,0.35919847964174545,0.4280412371134021,TRAINING_REFERENCE
2020-06-01,6.8142,NORMAL,False,0.44304883862930544,0,VOLATILITY_ACCELERATION,0.015412628073767493,0.44304883862930544,0.011671854157404016,0.0219934899269825,0.3582758481701932,0.4127835051546392,TRAINING_REFERENCE
2020-06-02,6.7145,NORMAL,False,0.48847408277150756,0,VOLATILITY_ACCELERATION,0.4264136032132241,0.48847408277150756,0.03612716763005591,0.3657802823515575,0.4135023203008727,0.7901030927835051,TRAINING_REFERENCE
2020-06-03,6.744,NORMAL,False,0.4640362139223783,0,VOLATILITY_ACCELERATION,0.21760713181787142,0.4640362139223783,0.08309248554913398,0.1098369200982925,0.3763427780811292,0.6,TRAINING_REFERENCE
2020-06-04,6.7558,NORMAL,False,0.43801600711143834,0,VOLATILITY_ACCELERATION,0.18420411620683405,0.43801600711143834,0.1611827478879499,0.04374258600237,0.3726509735196767,0.5637113402061855,TRAINING_REFERENCE
2020-06-05,6.77,NORMAL,False,0.44504553136634045,0,VOLATILITY_ACCELERATION,0.1782428777154339,0.44504553136634045,0.139506447309916,0.052547440717602506,0.370092962644332,0.5402061855670103,TRAINING_REFERENCE
2020-06-08,6.7876,NORMAL,False,0.46976811704026294,0,VOLATILITY_ACCELERATION,0.18215794928870413,0.46976811704026294,0.07392174299688595,0.0649926144756275,0.3663567264307704,0.5022680412371134,TRAINING_REFERENCE
2020-06-09,6.7973,NORMAL,False,0.2301022676745218,0,DRAWDOWN_SHIFT,0.12952126851618515,0.07046217159108599,0.2301022676745218,0.035726913783955,0.39107752980103516,0.7084536082474227,TRAINING_REFERENCE
2020-06-10,6.7768,NORMAL,False,0.13900991515348263,0,VOLATILITY_ACCELERATION,0.06189100024313071,0.13900991515348263,0.09115162294352996,0.075397584334955,0.3733465505445101,0.568659793814433,TRAINING_REFERENCE
2020-06-11,6.8414,NORMAL,False,0.4269667817810228,0,LOCAL_RETURN_SHOCK,0.4269667817810228,0.27638924127266074,0.237883503779458,0.2383130681147475,0.38746593327305445,0.6898969072164949,TRAINING_REFERENCE
2020-06-12,6.8126,NORMAL,False,0.33282680609897375,0,VOLATILITY_ACCELERATION,0.1363587072884545,0.33282680609897375,0.11838594931080401,0.1052416172128525,0.36305519819671517,0.46762886597938147,TRAINING_REFERENCE
2020-06-15,6.8363,NORMAL,False,0.33665281257379426,0,VOLATILITY_ACCELERATION,0.15282472047253864,0.33665281257379426,0.13533792796798394,0.086971200422745,0.36161547604683686,0.454020618556701,TRAINING_REFERENCE
2020-06-16,6.8439,NORMAL,False,0.36056960291209383,0,VOLATILITY_ACCELERATION,0.053456719592747,0.36056960291209383,0.129502000889284,0.0277928119011725,0.35642012444973964,0.3835051546391753,TRAINING_REFERENCE
2020-06-17,6.8448,NORMAL,False,0.33005824399303185,0,VOLATILITY_ACCELERATION,0.016236003474670548,0.33005824399303185,0.18897287683415004,0.00328759917591,0.3601799738176107,0.4383505154639175,TRAINING_REFERENCE
2020-06-18,6.8562,NORMAL,False,0.18812953239560284,0,VOLATILITY_ACCELERATION,0.054998192464264656,0.18812953239560284,0.04112939084037398,0.0416374474053275,0.35898910129210193,0.4230927835051546,TRAINING_REFERENCE
2020-06-19,6.8531,NORMAL,False,0.11255002223210603,0,DRAWDOWN_SHIFT,0.04114407476265346,0.10082333092779054,0.11255002223210603,0.0113036375835,0.3668390130655436,0.5063917525773196,TRAINING_REFERENCE
2020-06-22,6.8483,NORMAL,False,0.07051272499444328,0,VOLATILITY_ACCELERATION,0.04386977573339006,0.07051272499444328,0.03334815473543806,0.017510323795069997,0.3698489950626119,0.5377319587628866,TRAINING_REFERENCE
2020-06-23,6.8511,NORMAL,False,0.06472929728593681,0,VOLATILITY_ACCELERATION,0.004973780509762826,0.06472929728593681,0.020008892841262005,0.010221514828495,0.36670829343603334,0.5043298969072165,TRAINING_REFERENCE
2020-06-24,6.8558,NORMAL,False,0.06810873033341644,0,VOLATILITY_ACCELERATION,0.012106252635664594,0.06810873033341644,0.030569141840817993,0.017150530571735,0.3667705301938832,0.5047422680412371,TRAINING_REFERENCE
2020-06-25,6.8549,NORMAL,False,0.04307212197805663,0,VOLATILITY_ACCELERATION,0.0397944637855629,0.04307212197805663,0.0036127167630080337,0.00328189270399,0.37136358464396363,0.5492783505154639,TRAINING_REFERENCE
2020-06-26,6.8546,NORMAL,False,0.041990195992158606,0,VOLATILITY_ACCELERATION,0.01968019856461705,0.041990195992158606,0.004168519341925941,0.0010941078644466362,0.37173608377949297,0.5534020618556701,TRAINING_REFERENCE
2020-06-29,6.8548,NORMAL,False,0.027510159380459868,0,VOLATILITY_ACCELERATION,0.01290080221070956,0.027510159380459868,0.0180635838150299,0.000729437166285818,0.37561294900903736,0.5921649484536082,TRAINING_REFERENCE
2020-06-30,6.8525,NORMAL,False,0.03576258960782808,0,LOCAL_RETURN_SHOCK,0.03576258960782808,0.030818990041612416,0.0038906180524680978,0.0083882826632425,0.3756900526615776,0.5929896907216495,TRAINING_REFERENCE
2020-07-01,6.8479,NORMAL,False,0.15061594066429265,0,LOCAL_RETURN_SHOCK,0.15061594066429265,0.022546432941874625,0.021954201867497997,0.01678219627873,0.3819404549721412,0.6465979381443299,TRAINING_REFERENCE
2020-07-02,6.851,NORMAL,False,0.03539006290804882,0,VOLATILITY_ACCELERATION,0.029038603166647872,0.03539006290804882,0.010838150289016052,0.0113173381620625,0.37402322964333623,0.5764948453608247,TRAINING_REFERENCE
2020-07-03,6.8623,NORMAL,False,0.08735795232667552,0,LOCAL_RETURN_SHOCK,0.08735795232667552,0.07594564381903102,0.021398399288576064,0.041234856225367496,0.3679797439713531,0.5171134020618556,TRAINING_REFERENCE
2020-07-06,6.8609,NORMAL,False,0.0820177057911441,0,LOCAL_RETURN_SHOCK,0.0820177057911441,0.07962289048851315,0.016951978657180067,0.0051003307928825,0.3654536317677777,0.49237113402061855,TRAINING_REFERENCE
2020-07-07,6.8595,NORMAL,False,0.07896014796559221,0,VOLATILITY_ACCELERATION,0.0698636627724066,0.07896014796559221,0.01945309026233799,0.0051013715401774995,0.36476876440075867,0.48536082474226805,TRAINING_REFERENCE
2020-07-08,6.8605,NORMAL,False,0.07096617015253025,0,VOLATILITY_ACCELERATION,0.02941906826318673,0.07096617015253025,0.03501556247221205,0.0036445805087824998,0.36750195040687644,0.5138144329896908,TRAINING_REFERENCE
2020-07-09,6.8619,NORMAL,False,0.07143682277306211,0,VOLATILITY_ACCELERATION,0.040730239582965,0.07143682277306211,0.030291240551355986,0.005101668974565,0.36901205806091025,0.5278350515463918,TRAINING_REFERENCE
2020-07-10,6.8658,NORMAL,False,0.0734834641833018,0,LOCAL_RETURN_SHOCK,0.0734834641833018,0.03003561993493213,0.009726545131169967,0.014208892580767499,0.3821348209218877,0.6478350515463918,TRAINING_REFERENCE
2020-07-13,6.8602,NORMAL,False,0.3060971271102695,0,LOCAL_RETURN_SHOCK,0.3060971271102695,0.04859088069969441,0.0019453090262340489,0.02039092312622,0.3875590457634561,0.6907216494845361,TRAINING_REFERENCE
2020-07-14,6.8642,NORMAL,False,0.14519087461121094,0,LOCAL_RETURN_SHOCK,0.14519087461121094,0.05357261290947461,0.013061360604715994,0.0145768344946225,0.3788364002387151,0.622680412371134,TRAINING_REFERENCE
2020-07-15,6.8558,NORMAL,False,0.4880471957860437,0,LOCAL_RETURN_SHOCK,0.4880471957860437,0.07832116582437693,0.01306136060471405,0.030593514174995,0.3936437606696372,0.7212371134020619,TRAINING_REFERENCE
2020-07-16,6.8572,NORMAL,False,0.07877966790684036,0,VOLATILITY_ACCELERATION,0.04166863975554274,0.07877966790684036,0.013061360604713912,0.0051051664284199995,0.37312712339309667,0.5657731958762887,TRAINING_REFERENCE
2020-07-17,6.8587,NORMAL,False,0.07514614254601815,0,LOCAL_RETURN_SHOCK,0.07514614254601815,0.0733529899891862,0.019730991551804022,0.0054687044274625,0.3754860882412051,0.591340206185567,TRAINING_REFERENCE
2020-07-20,6.8578,NORMAL,False,0.06597937325983061,0,VOLATILITY_ACCELERATION,0.06127139261301096,0.06597937325983061,0.00666963094708789,0.0032805050519774995,0.3748824371122439,0.5863917525773196,TRAINING_REFERENCE
2020-07-21,6.8254,ANOMALOUS,True,1.705264271987599,1,LOCAL_RETURN_SHOCK,1.705264271987599,0.1981885750191207,0.10782570031125205,0.11811368077225749,0.4481671690535306,0.8688659793814433,TRAINING_REFERENCE
2020-07-22,6.8506,NORMAL,False,0.789382401152386,0,LOCAL_RETURN_SHOCK,0.789382401152386,0.2843569395433412,0.014450867052022004,0.0923022826501025,0.3844356054601437,0.6651546391752577,TRAINING_REFERENCE
2020-07-23,6.8439,NORMAL,False,0.2878490275893239,0,VOLATILITY_ACCELERATION,0.15729356536824643,0.2878490275893239,0.03696087149844207,0.0244504131025025,0.36029984570120654,0.4395876288659794,TRAINING_REFERENCE
2020-07-24,6.8484,NORMAL,False,0.2919236950290156,0,VOLATILITY_ACCELERATION,0.12193008427318267,0.2919236950290156,0.028623832814583944,0.016437995879539997,0.3587782521305822,0.41855670103092785,TRAINING_REFERENCE
2020-07-27,6.8625,NORMAL,False,0.34599669742207506,0,LOCAL_RETURN_SHOCK,0.34599669742207506,0.3111162286357563,0.013061360604713912,0.051471876642715,0.3612067043674125,0.4519587628865979,TRAINING_REFERENCE
2020-07-28,6.9355,ANOMALOUS,True,1.6627132159745455,1,LOCAL_RETURN_SHOCK,1.6627132159745455,0.4213497001151906,0.305969319697644,0.2659380692167575,0.43873385796546693,0.8498969072164948,TRAINING_REFERENCE
2020-07-29,6.983,NORMAL,False,0.578640369883236,0,DRAWDOWN_SHIFT,0.5484696349265178,0.48852823669894424,0.578640369883236,0.1712205320452725,0.39390243145825204,0.7224742268041238,TRAINING_REFERENCE
2020-07-30,6.9955,NORMAL,False,0.7308548136959799,0,DRAWDOWN_SHIFT,0.06416038439026904,0.44675453191018816,0.7308548136959799,0.044751539452957505,0.3869786009928711,0.685360824742268,TRAINING_REFERENCE
2020-07-31,6.972,NORMAL,False,0.673699740545244,0,DRAWDOWN_SHIFT,0.3497453948217992,0.5684533720145941,0.673699740545244,0.08398256021728,0.39444623153973085,0.7245360824742269,TRAINING_REFERENCE
2020-08-03,6.9578,NORMAL,False,0.816691758738466,0,DRAWDOWN_SHIFT,0.21501678384648346,0.6292838182426339,0.816691758738466,0.050917957544464994,0.39362331646926607,0.7208247422680413,TRAINING_REFERENCE
2020-08-04,6.9008,NORMAL,False,0.6639519691879073,0,LOCAL_RETURN_SHOCK,0.6639519691879073,0.6141909590289105,0.45541059012751,0.20480611687602002,0.40384923832814934,0.7624742268041237,TRAINING_REFERENCE
2020-08-05,7.0476,ANOMALOUS,True,1.345083749577556,2,LOCAL_RETURN_SHOCK,1.345083749577556,1.0648789185444694,0.383453894234146,0.5318223974031975,0.47976457014483676,0.8989690721649485,TRAINING_REFERENCE
2020-08-06,7.2389,ANOMALOUS,True,1.273990665925702,2,VOLATILITY_ACCELERATION,1.0575263285319347,1.273990665925702,0.24985883681535598,0.6785998070265025,0.5065366555912331,0.9265979381443299,TRAINING_REFERENCE
2020-08-07,7.2941,ANOMALOUS,True,1.182817405023685,1,VOLATILITY_ACCELERATION,0.14670698734235402,1.182817405023685,0.294508351940304,0.1906366989459725,0.44808424802017255,0.8684536082474227,TRAINING_REFERENCE
2020-08-10,7.3329,ANOMALOUS,True,1.0982764424044444,1,VOLATILITY_ACCELERATION,0.06690867409888697,1.0982764424044444,0.112332251932942,0.1329841927036925,0.4317989953998425,0.8379381443298969,TRAINING_REFERENCE
2020-08-11,7.2025,ANOMALOUS,True,1.3497909959973524,1,VOLATILITY_ACCELERATION,0.6301970919262367,1.3497909959973524,0.08491190051760802,0.4445717246928225,0.48865386357938567,0.9101030927835052,TRAINING_REFERENCE
2020-08-12,7.3282,ANOMALOUS,True,1.2370259020004837,1,VOLATILITY_ACCELERATION,0.38955186444046863,1.2370259020004837,0.01281893930096,0.436306837903505,0.4560148026852596,0.8771134020618556,TRAINING_REFERENCE
2020-08-13,7.3354,NORMAL,False,0.954548230920946,0,VOLATILITY_ACCELERATION,0.05923519234472878,0.954548230920946,0.0,0.0245626483993325,0.39349485869137646,0.7204123711340206,TRAINING_REFERENCE
2020-08-14,7.3664,NORMAL,False,0.9365374123466255,0,VOLATILITY_ACCELERATION,0.01977231588189072,0.9365374123466255,0.0,0.10565204351500751,0.3903163784113363,0.7047422680412371,TRAINING_REFERENCE
2020-08-17,7.3787,NORMAL,False,0.9275589127830223,0,VOLATILITY_ACCELERATION,0.04837809485099985,0.9275589127830223,0.0,0.041743592528235,0.38693085482407746,0.6841237113402062,TRAINING_REFERENCE
2020-08-18,7.3696,NORMAL,False,0.5664694224638722,0,VOLATILITY_ACCELERATION,0.12276061507966445,0.5664694224638722,0.330991788254402,0.03083198937482,0.37753831245923025,0.6103092783505155,TRAINING_REFERENCE
2020-08-19,7.2905,NORMAL,False,0.42991652189138924,0,VOLATILITY_ACCELERATION,0.36730072936800373,0.42991652189138924,0.22624756292842998,0.2683320668693025,0.3868987104958643,0.6837113402061855,TRAINING_REFERENCE
2020-08-20,7.2938,NORMAL,False,0.4285772459588607,0,VOLATILITY_ACCELERATION,0.06480450257052556,0.4285772459588607,0.23012183717999,0.0113160962896925,0.36415921812596275,0.4775257731958763,TRAINING_REFERENCE
2020-08-21,7.3365,NORMAL,False,0.4575001920775099,0,VOLATILITY_ACCELERATION,0.06253037941852686,0.4575001920775099,0.11438329244989,0.1463571800707425,0.36719475707347277,0.511340206185567,TRAINING_REFERENCE
2020-08-24,7.3768,NORMAL,False,0.5005074793777059,0,VOLATILITY_ACCELERATION,0.047689424571091425,0.5005074793777059,0.005149958664804,0.1373270633135675,0.3598464175782488,0.4367010309278351,TRAINING_REFERENCE
2020-08-25,7.3893,NORMAL,False,0.5265237645318435,0,VOLATILITY_ACCELERATION,0.04728718930954407,0.5265237645318435,0.024665591499855997,0.0423625420236425,0.35853244159196107,0.41690721649484536,TRAINING_REFERENCE
2020-08-26,7.3662,NORMAL,False,0.2913336144597372,0,VOLATILITY_ACCELERATION,0.1537031004646728,0.2913336144597372,0.17654366515415998,0.0781535463440375,0.3636810566658808,0.47175257731958764,TRAINING_REFERENCE
2020-08-27,7.3587,NORMAL,False,0.30744680140367003,0,VOLATILITY_ACCELERATION,0.09011962845681568,0.30744680140367003,0.147299377677736,0.025454101164780002,0.3572699623128333,0.39463917525773196,TRAINING_REFERENCE
2020-08-28,7.3329,NORMAL,False,0.2903682311708519,0,VOLATILITY_ACCELERATION,0.14617329759537623,0.2903682311708519,0.03826986820132199,0.0876513514615325,0.35872000584965685,0.4181443298969072,TRAINING_REFERENCE
2020-08-31,7.3466,NORMAL,False,0.1981844654241442,0,VOLATILITY_ACCELERATION,0.01702133619825538,0.1981844654241442,0.110422558353048,0.04670730543168,0.36458748417602604,0.48206185567010307,TRAINING_REFERENCE
2020-09-01,7.3652,NORMAL,False,0.2154505464007439,0,VOLATILITY_ACCELERATION,0.005820205819306387,0.2154505464007439,0.065229453398836,0.0632945852503225,0.36286508752098867,0.46515463917525773,TRAINING_REFERENCE
2020-09-02,7.3822,NORMAL,False,0.20444828654838038,0,VOLATILITY_ACCELERATION,0.02492269333636963,0.20444828654838038,0.043305861177648,0.0577037962309225,0.35426987175116276,0.34969072164948456,TRAINING_REFERENCE
2020-09-03,7.4335,NORMAL,False,0.29123374985434486,0,VOLATILITY_ACCELERATION,0.12591059413487438,0.29123374985434486,0.082822459502254,0.17372869876188748,0.3558914144294116,0.3715463917525773,TRAINING_REFERENCE
2020-09-04,7.4331,NORMAL,False,0.2030839538569612,0,VOLATILITY_ACCELERATION,0.049338972306085124,0.2030839538569612,0.15157695159760215,0.0013452613170122918,0.35486527834382886,0.3562886597938144,TRAINING_REFERENCE
2020-09-07,7.4542,NORMAL,False,0.1996941009923975,0,VOLATILITY_ACCELERATION,0.06712361846725728,0.1996941009923975,0.115572517017852,0.07096635320391499,0.35586037319635905,0.3711340206185567,TRAINING_REFERENCE
2020-09-08,7.4817,NORMAL,False,0.2002149365195152,0,VOLATILITY_ACCELERATION,0.1029649891908992,0.2002149365195152,0.065229453398836,0.092229883823885,0.3566361333557235,0.3884536082474227,TRAINING_REFERENCE
2020-09-09,7.4848,NORMAL,False,0.22246993032694728,0,VOLATILITY_ACCELERATION,0.0701258057954722,0.22246993032694728,0.019216975897582,0.0103586083376775,0.3491786733182267,0.2688659793814433,TRAINING_REFERENCE
2020-09-10,7.4481,NORMAL,False,0.38084766441423823,0,LOCAL_RETURN_SHOCK,0.38084766441423823,0.26254550703618196,0.09806541256947199,0.12258176571184,0.3692785044795234,0.530721649484536,TRAINING_REFERENCE
2020-09-11,7.4724,NORMAL,False,0.27895302534646516,0,VOLATILITY_ACCELERATION,0.1505010259525735,0.27895302534646516,0.03205760881727216,0.0815644258267175,0.3463411546326571,0.21855670103092784,TRAINING_REFERENCE
2020-09-14,7.484,NORMAL,False,0.27016419151144894,0,VOLATILITY_ACCELERATION,0.05056727798831418,0.27016419151144894,0.002137665669088,0.038809485573575,0.34145784676077356,0.10804123711340206,TRAINING_REFERENCE
2020-09-15,7.4854,NORMAL,False,0.2388341110055218,0,VOLATILITY_ACCELERATION,0.03229075423088517,0.2388341110055218,0.0,0.0046766435061449995,0.3410657400486968,0.09731958762886599,TRAINING_REFERENCE
2020-09-16,7.5054,NORMAL,False,0.25577810605507784,0,VOLATILITY_ACCELERATION,0.11551526164898494,0.25577810605507784,0.0,0.06679669757126751,0.3426874075348483,0.13443298969072165,TRAINING_REFERENCE
2020-09-17,7.5464,NORMAL,False,0.32733739970451414,0,LOCAL_RETURN_SHOCK,0.32733739970451414,0.15392780989655222,0.09806541256947199,0.13656833746369249,0.3626912415086191,0.46350515463917524,TRAINING_REFERENCE
2020-09-18,7.5555,NORMAL,False,0.1577819775899969,0,VOLATILITY_ACCELERATION,0.0395815113441583,0.1577819775899969,0.033133817870881994,0.030146824976145,0.34605666317768025,0.21402061855670104,TRAINING_REFERENCE
2020-09-21,7.6321,NORMAL,False,0.7166381539996733,0,LOCAL_RETURN_SHOCK,0.7166381539996733,0.30787437216845154,0.002137665669088,0.253457746012835,0.38401093285587956,0.6614432989690722,TRAINING_REFERENCE
2020-09-22,7.6622,NORMAL,False,0.2641894212587437,0,VOLATILITY_ACCELERATION,0.1601728799217055,0.2641894212587437,0.0,0.0985967165000425,0.3574925289103648,0.3979381443298969,TRAINING_REFERENCE
2020-09-23,7.7009,NORMAL,False,0.2494650525656995,0,VOLATILITY_ACCELERATION,0.22908634570906367,0.2494650525656995,0.0,0.1262692177181425,0.3656885162702636,0.4931958762886598,TRAINING_REFERENCE
2020-09-24,7.6254,NORMAL,False,0.8867816630077103,0,LOCAL_RETURN_SHOCK,0.8867816630077103,0.5551044621775897,0.196080977548078,0.2451012219350975,0.4041445005443172,0.7641237113402062,TRAINING_REFERENCE
2020-09-25,7.6582,NORMAL,False,0.5570962190537422,0,VOLATILITY_ACCELERATION,0.14645551891522396,0.5570962190537422,0.11089612902387999,0.10753534240826501,0.3579018047388379,0.4041237113402062,TRAINING_REFERENCE
2020-09-28,7.8006,NORMAL,False,0.9932539339601411,0,LOCAL_RETURN_SHOCK,0.9932539339601411,0.7166584834251344,0.0,0.46486119453657493,0.4223740225277359,0.8189690721649484,TRAINING_REFERENCE
2020-09-29,7.8168,NORMAL,False,0.721398654423898,0,VOLATILITY_ACCELERATION,0.04256187875597994,0.721398654423898,0.0,0.05191908314745,0.37104086899995503,0.5472164948453608,TRAINING_REFERENCE
2020-09-30,7.7213,NORMAL,False,0.854024259286365,0,VOLATILITY_ACCELERATION,0.6881543611103831,0.854024259286365,0.244345512230066,0.3054318902875825,0.41036610763350906,0.7802061855670103,TRAINING_REFERENCE
2020-10-01,7.746,NORMAL,False,0.7541988226525296,0,VOLATILITY_ACCELERATION,0.03585122318405943,0.7541988226525296,0.014932681570187997,0.0799735795785675,0.3657181323399626,0.49402061855670104,TRAINING_REFERENCE
2020-10-02,7.758,NORMAL,False,0.7543952946025961,0,VOLATILITY_ACCELERATION,0.020747615877307654,0.7543952946025961,0.03954906594081001,0.0387296669248625,0.36495790019956337,0.4861855670103093,TRAINING_REFERENCE
2020-10-05,7.7646,NORMAL,False,0.44117582693282664,0,VOLATILITY_ACCELERATION,0.051294624598645304,0.44117582693282664,0.13355848940742998,0.0212683681361175,0.3534978367900461,0.33649484536082475,TRAINING_REFERENCE
2020-10-06,7.7978,NORMAL,False,0.4634638450261311,0,VOLATILITY_ACCELERATION,0.08665602796195268,0.4634638450261311,0.048613243270901996,0.10689539705844249,0.35087251788966284,0.2944329896907216,TRAINING_REFERENCE
2020-10-07,7.8818,NORMAL,False,0.33923085696163613,0,LOCAL_RETURN_SHOCK,0.33923085696163613,0.2704403171869019,0.244345512230066,0.26930672753853496,0.3738696502042866,0.5731958762886598,TRAINING_REFERENCE
2020-10-08,7.9435,NORMAL,False,0.28721447124248645,0,VOLATILITY_ACCELERATION,0.19567689013727949,0.28721447124248645,0.18114829597789,0.19570402699890999,0.3657816705127037,0.49443298969072164,TRAINING_REFERENCE
2020-10-09,7.8564,NORMAL,False,0.5595039875215597,0,VOLATILITY_ACCELERATION,0.5448717985784836,0.5595039875215597,0.06885360279448398,0.2741234971989675,0.3838436785634974,0.6597938144329897,TRAINING_REFERENCE
2020-10-12,7.8888,NORMAL,False,0.5572039151137296,0,VOLATILITY_ACCELERATION,0.0548166254615646,0.5572039151137296,0.004164176923532013,0.10310065678936749,0.354826545111007,0.3558762886597938,TRAINING_REFERENCE
2020-10-13,7.9191,NORMAL,False,0.5605826726664761,0,VOLATILITY_ACCELERATION,0.04059989070755518,0.5605826726664761,0.012820633483676003,0.09602220870094501,0.3556866150550786,0.36783505154639173,TRAINING_REFERENCE
2020-10-14,7.9106,NORMAL,False,0.48595997391894463,0,VOLATILITY_ACCELERATION,0.13534466742003604,0.48595997391894463,0.082835022345314,0.026833857382785,0.35369358222414654,0.3389690721649484,TRAINING_REFERENCE
2020-10-15,7.9324,NORMAL,False,0.42383789986394893,0,VOLATILITY_ACCELERATION,0.0033627411901294797,0.42383789986394893,0.027947378359664,0.0688949005132375,0.34914307652988824,0.2684536082474227,TRAINING_REFERENCE
2020-10-16,7.9333,NORMAL,False,0.19361742305029397,0,DRAWDOWN_SHIFT,0.08294119867091422,0.15499718589926756,0.19361742305029397,0.0028364681559125,0.3590827221912073,0.42597938144329894,TRAINING_REFERENCE
2020-10-19,7.8766,NORMAL,False,0.33038646950743344,0,LOCAL_RETURN_SHOCK,0.33038646950743344,0.2841540181332152,0.030716938377289994,0.17867722133286001,0.36590284545318635,0.4960824742268041,TRAINING_REFERENCE
2020-10-20,7.8627,NORMAL,False,0.241832446366074,0,VOLATILITY_ACCELERATION,0.11467937419767434,0.241832446366074,0.14200289544911,0.04411802046568,0.35408100087180794,0.3463917525773196,TRAINING_REFERENCE
2020-10-21,7.8122,NORMAL,False,0.2802817043506399,0,VOLATILITY_ACCELERATION,0.2630114832861696,0.2802817043506399,0.24774973248567997,0.1605682526358625,0.37409032951266086,0.5769072164948453,TRAINING_REFERENCE
2020-10-22,7.9378,NORMAL,False,0.6039932555632762,0,VOLATILITY_ACCELERATION,0.5112744758864167,0.6039932555632762,0.013596021904702,0.40193543432067497,0.38491823648447177,0.668041237113402,TRAINING_REFERENCE
2020-10-23,7.9671,NORMAL,False,0.6147900870397573,0,VOLATILITY_ACCELERATION,0.052917374348717905,0.6147900870397573,0.025681374708879996,0.092279976819775,0.3550377782790202,0.36,TRAINING_REFERENCE
2020-10-26,8.0834,NORMAL,False,0.627402924448554,0,VOLATILITY_ACCELERATION,0.40351284550430805,0.627402924448554,0.16843960470825198,0.364938308794915,0.38816334628390503,0.6948453608247422,TRAINING_REFERENCE
2020-10-27,8.1848,NORMAL,False,0.5992763665583175,0,VOLATILITY_ACCELERATION,0.36303784865350525,0.5992763665583175,0.203436772203688,0.3136056609842375,0.3940979600239766,0.723298969072165,TRAINING_REFERENCE
2020-10-28,8.2566,NORMAL,False,0.3308356891119021,0,VOLATILITY_ACCELERATION,0.20712975582641086,0.3308356891119021,0.330584754830994,0.2193089629557275,0.40900897080000953,0.7756701030927835,TRAINING_REFERENCE
2020-10-29,8.2883,NORMAL,False,0.36354610265013265,0,VOLATILITY_ACCELERATION,0.016155325476704226,0.36354610265013265,0.014351356454962,0.095983819005395,0.37783802786161913,0.6136082474226804,TRAINING_REFERENCE
2020-10-30,8.3456,NORMAL,False,0.3166750689724922,0,VOLATILITY_ACCELERATION,0.12335498354753098,0.3166750689724922,0.0,0.1728339949084825,0.3899981862233685,0.7030927835051546,TRAINING_REFERENCE
2020-11-02,8.44,NORMAL,False,0.2827837423312875,0,LARGE_ABSOLUTE_RETURN,0.2678641867141634,0.25221244950147126,0.0,0.2827837423312875,0.40510011906366195,0.7657731958762887,TRAINING_REFERENCE
2020-11-03,8.4112,NORMAL,False,0.44181142771482684,0,VOLATILITY_ACCELERATION,0.2613868710239735,0.44181142771482684,0.06824644549763,0.0853080568720375,0.3848968110696711,0.6676288659793814,TRAINING_REFERENCE
2020-11-04,8.4215,NORMAL,False,0.4562095290841539,0,VOLATILITY_ACCELERATION,0.08672857216943479,0.4562095290841539,0.043838862559239994,0.030613943313677502,0.3692540622964912,0.5298969072164949,TRAINING_REFERENCE
2020-11-05,8.416,NORMAL,False,0.486185686197644,0,VOLATILITY_ACCELERATION,0.13651875526105828,0.486185686197644,0.05687203791469,0.016327257614435,0.3660904833725228,0.49855670103092786,TRAINING_REFERENCE
2020-11-06,8.5193,NORMAL,False,0.573668545327943,0,VOLATILITY_ACCELERATION,0.3208969133956241,0.573668545327943,0.0,0.30685598859315,0.38943648147301335,0.7010309278350515,TRAINING_REFERENCE
2020-11-09,8.0525,ANOMALOUS,True,2.1661435201786916,4,LOCAL_RETURN_SHOCK,2.1661435201786916,1.3551581366234555,1.095864683718144,1.36983085464768,0.6108016195186617,0.9789690721649484,TRAINING_REFERENCE
2020-11-10,8.156,ANOMALOUS,True,1.4340168939690399,1,VOLATILITY_ACCELERATION,0.19776150621441504,1.4340168939690399,0.78464052878429,0.32132877988202246,0.5365931694833123,0.9501030927835051,TRAINING_REFERENCE
2020-11-11,7.793,ANOMALOUS,True,1.66123080278885,3,DRAWDOWN_SHIFT,0.766352100500615,1.4227510520300528,1.66123080278885,1.1126777832270724,0.6295757713073497,0.9839175257731959,TRAINING_REFERENCE
2020-11-12,7.6888,ANOMALOUS,True,1.892818664373054,2,DRAWDOWN_SHIFT,0.17525861552168945,1.3637437768956489,1.892818664373054,0.3342743487745425,0.602050009783452,0.9764948453608248,TRAINING_REFERENCE
2020-11-13,7.6804,ANOMALOUS,True,1.9694106323289458,2,DRAWDOWN_SHIFT,0.00407423724244702,1.247379069680595,1.9694106323289458,0.027312454479240002,0.5910217225550316,0.9723711340206186,TRAINING_REFERENCE
2020-11-16,7.7068,NORMAL,False,0.9667791738843894,0,VOLATILITY_ACCELERATION,0.06632876630412855,0.9667791738843894,0.81156902562417,0.0859330243216475,0.5264841907756128,0.9422680412371134,TRAINING_REFERENCE
2020-11-17,7.6995,ANOMALOUS,True,1.0716842933104858,1,DRAWDOWN_SHIFT,0.0003147878060415301,0.8526621584112762,1.0716842933104858,0.02368038615249,0.5306597067200187,0.9463917525773196,TRAINING_REFERENCE
2020-11-18,7.716,NORMAL,False,0.2905198068094497,0,VOLATILITY_ACCELERATION,0.04108968333732557,0.2905198068094497,0.18076602537766995,0.0535749074615225,0.44157791755080344,0.8577319587628865,TRAINING_REFERENCE
2020-11-19,7.5499,NORMAL,False,0.538167444271645,0,LARGE_ABSOLUTE_RETURN,0.286678737829681,0.4314457899578955,0.3260831288955679,0.538167444271645,0.49762031415692176,0.9195876288659793,TRAINING_REFERENCE
2020-11-20,7.619,NORMAL,False,0.49481681826894436,0,VOLATILITY_ACCELERATION,0.15508177256271188,0.49481681826894436,0.14414329815830018,0.22881097762883998,0.46883590649161244,0.8894845360824742,TRAINING_REFERENCE
2020-11-23,7.8873,NORMAL,False,0.88036487728048,0,LARGE_ABSOLUTE_RETURN,0.49963822781013695,0.8072106335703852,0.423743734813892,0.88036487728048,0.5214070671852263,0.9356701030927835,TRAINING_REFERENCE
2020-11-24,8.0054,NORMAL,False,0.804153999937426,0,VOLATILITY_ACCELERATION,0.1987457074734446,0.804153999937426,0.7181341190003878,0.3743359578055875,0.4922793512125188,0.914639175257732,TRAINING_REFERENCE
2020-11-25,7.9522,NORMAL,False,0.8394882415876281,0,VOLATILITY_ACCELERATION,0.07089890475059128,0.8394882415876281,0.5545056518728042,0.16613785694656,0.4824890192268069,0.9030927835051547,TRAINING_REFERENCE
2020-11-26,7.8717,NORMAL,False,0.7554611294355179,0,DRAWDOWN_SHIFT,0.10484589041888111,0.7067955328326676,0.7554611294355179,0.2530746208596375,0.4884041845624445,0.9092783505154639,TRAINING_REFERENCE
2020-11-27,7.8137,NORMAL,False,0.7546911441631096,0,VOLATILITY_ACCELERATION,0.061839372827941504,0.7546911441631096,0.4570798070264001,0.184204174447705,0.4807764997860532,0.9014432989690722,TRAINING_REFERENCE
2020-11-30,7.8256,NORMAL,False,0.39355275189523564,0,VOLATILITY_ACCELERATION,0.05747462374314408,0.39355275189523564,0.14484758137405795,0.03807415181028,0.42216683429287577,0.817319587628866,TRAINING_REFERENCE
2020-12-01,7.8314,NORMAL,False,0.408484265139156,0,DRAWDOWN_SHIFT,0.05451778844448996,0.20076573123098002,0.408484265139156,0.01852893068902,0.43770166341009825,0.8470103092783505,TRAINING_REFERENCE
2020-12-02,7.8616,NORMAL,False,0.23530573649709535,0,VOLATILITY_ACCELERATION,0.09107225715555362,0.23530573649709535,0.21269353115866224,0.096406772735395,0.42144210121989406,0.8156701030927835,TRAINING_REFERENCE
2020-12-03,7.7718,NORMAL,False,0.2855652793324525,0,LARGE_ABSOLUTE_RETURN,0.10281203026404725,0.2504532042402106,0.234526310847136,0.2855652793324525,0.4395956721912987,0.8519587628865979,TRAINING_REFERENCE
2020-12-04,7.813,NORMAL,False,0.2545874771733819,0,VOLATILITY_ACCELERATION,0.11375081162164424,0.2545874771733819,0.001643327503433878,0.13253043053089,0.4199711143242088,0.811958762886598,TRAINING_REFERENCE
2020-12-07,7.8097,NORMAL,False,0.2524738450753874,0,VOLATILITY_ACCELERATION,0.046989968530923826,0.2524738450753874,0.037327010435125874,0.010559324203247499,0.40241899799983594,0.7562886597938144,TRAINING_REFERENCE
2020-12-08,7.8191,NORMAL,False,0.253360736360335,0,VOLATILITY_ACCELERATION,0.041602421288100704,0.253360736360335,0.02887561184604398,0.030090784537177503,0.40420933685229504,0.7645360824742268,TRAINING_REFERENCE
2020-12-09,7.8244,NORMAL,False,0.23974653159373974,0,VOLATILITY_ACCELERATION,0.04345638222487505,0.23974653159373974,0.08733111875388777,0.0169456842859125,0.3968732590321974,0.7344329896907217,TRAINING_REFERENCE
2020-12-10,7.8903,NORMAL,False,0.27819187022408015,0,DRAWDOWN_SHIFT,0.17477762124732862,0.1419824884187829,0.27819187022408015,0.2105592761106275,0.4171400113759658,0.8012371134020618,TRAINING_REFERENCE
2020-12-11,7.8421,NORMAL,False,0.19798827284714335,0,VOLATILITY_ACCELERATION,0.16453727808448013,0.19798827284714335,0.06831547192844595,0.152719161502095,0.3983477028256149,0.7410309278350515,TRAINING_REFERENCE
2020-12-14,7.8508,NORMAL,False,0.19727145918121455,0,VOLATILITY_ACCELERATION,0.00011573359436196856,0.19727145918121455,0.09648680055872799,0.027734917942894996,0.388089120707315,0.6944329896907216,TRAINING_REFERENCE
2020-12-15,7.8362,NORMAL,False,0.20342594620072438,0,VOLATILITY_ACCELERATION,0.06222882945599553,0.20342594620072438,0.04014414329816002,0.046492077240532496,0.3869319035372519,0.6845360824742268,TRAINING_REFERENCE
2020-12-16,7.8026,NORMAL,False,0.2186441095431957,0,VOLATILITY_ACCELERATION,0.11419825693703631,0.2186441095431957,0.05117791367835606,0.10719481381281501,0.3932902239247055,0.7187628865979382,TRAINING_REFERENCE
2020-12-17,7.7027,NORMAL,False,0.44041177092014605,0,DRAWDOWN_SHIFT,0.2917296657501928,0.20018170582807937,0.44041177092014605,0.3200856124881425,0.44073962506786196,0.8544329896907217,TRAINING_REFERENCE
2020-12-18,7.6433,NORMAL,False,0.46670501097508005,0,DRAWDOWN_SHIFT,0.203699930944708,0.20538526061386872,0.46670501097508005,0.1927895413296625,0.43770831147950284,0.8474226804123711,TRAINING_REFERENCE
2020-12-21,7.6412,NORMAL,False,0.49205920674233405,0,DRAWDOWN_SHIFT,0.011350161830527714,0.19436225904677912,0.49205920674233405,0.006868760875535,0.4276455911857093,0.8288659793814434,TRAINING_REFERENCE
2020-12-22,7.6593,NORMAL,False,0.4152923362248079,0,DRAWDOWN_SHIFT,0.14198775261436894,0.23326005435895278,0.4152923362248079,0.0592184473642825,0.4225400707736554,0.8193814432989691,TRAINING_REFERENCE
2020-12-23,7.6405,NORMAL,False,0.38054769758078616,0,DRAWDOWN_SHIFT,0.011310143163440483,0.23787328336566432,0.38054769758078616,0.06136330996304999,0.41773467220664595,0.8028865979381443,TRAINING_REFERENCE
2020-12-24,7.5623,NORMAL,False,0.3603100196158253,0,LOCAL_RETURN_SHOCK,0.3603100196158253,0.20314923876020932,0.329604544974354,0.255873306720765,0.44311429838608557,0.8602061855670103,TRAINING_REFERENCE
2020-12-25,7.5863,NORMAL,False,0.22497588347412967,0,LOCAL_RETURN_SHOCK,0.22497588347412967,0.20913635153487878,0.13381381099386191,0.07934094124803501,0.4117393329459715,0.7851546391752577,TRAINING_REFERENCE
2020-12-28,7.4382,NORMAL,False,0.7923706104996823,0,LOCAL_RETURN_SHOCK,0.7923706104996823,0.36519281750515603,0.4765649759956822,0.4880508284671025,0.49669741714920657,0.9183505154639175,TRAINING_REFERENCE
2020-12-29,7.3954,NORMAL,False,0.6195344687943821,0,DRAWDOWN_SHIFT,0.11696004587917189,0.32702982172167294,0.6195344687943821,0.14385200720604252,0.46970392589278925,0.8903092783505154,TRAINING_REFERENCE
2020-12-30,7.3832,NORMAL,False,0.6040402380477258,0,DRAWDOWN_SHIFT,0.0428966595155879,0.33358524364435327,0.6040402380477258,0.0412418530437825,0.46263861461606665,0.8853608247422681,TRAINING_REFERENCE
2020-12-31,7.4349,NORMAL,False,0.394461144538139,0,VOLATILITY_ACCELERATION,0.3747476350724323,0.394461144538139,0.29908560562487585,0.17505959475566,0.44757520846542403,0.8676288659793815,TRAINING_REFERENCE
2021-01-01,7.4299,NORMAL,False,0.3779344099057578,0,VOLATILITY_ACCELERATION,0.05574530545916749,0.3779344099057578,0.36716631648139986,0.01681260003497,0.42861359074126265,0.831340206185567,TRAINING_REFERENCE
2021-01-04,7.4222,NORMAL,False,0.17912501025727437,0,VOLATILITY_ACCELERATION,0.05512080454116394,0.17912501025727437,0.03756177150704754,0.02590882784425,0.41244258526759786,0.788041237113402,TRAINING_REFERENCE
2021-01-05,7.3866,NORMAL,False,0.16898242833899882,0,VOLATILITY_ACCELERATION,0.08641629096455897,0.16898242833899882,0.020658974328879864,0.1199105386543075,0.42162296024434776,0.8164948453608247,TRAINING_REFERENCE
2021-01-06,7.3059,NORMAL,False,0.3097225243684319,0,LOCAL_RETURN_SHOCK,0.3097225243684319,0.25234609350565446,0.18147030859342994,0.27312972138737246,0.450522729688024,0.8701030927835052,TRAINING_REFERENCE
2021-01-07,7.3481,NORMAL,False,0.34104276297677916,0,LOCAL_RETURN_SHOCK,0.34104276297677916,0.23590017037910355,0.20377261042573813,0.14440383799394998,0.43723412604925643,0.8461855670103092,TRAINING_REFERENCE
2021-01-08,7.3732,NORMAL,False,0.26707449412532624,0,LOCAL_RETURN_SHOCK,0.26707449412532624,0.2559431697029065,0.13310952777810636,0.085396224874455,0.42445998384627903,0.8235051546391753,TRAINING_REFERENCE
2021-01-11,7.4836,NORMAL,False,0.6774996622601467,0,LOCAL_RETURN_SHOCK,0.6774996622601467,0.3793740499258262,0.14414329815829768,0.374328649704335,0.4535082503502667,0.8734020618556702,TRAINING_REFERENCE
2021-01-12,7.4544,NORMAL,False,0.37394317610965977,0,VOLATILITY_ACCELERATION,0.049664518503161545,0.37394317610965977,0.15916800676111786,0.09754663530921,0.4144319820289821,0.7929896907216495,TRAINING_REFERENCE
2021-01-13,7.4028,NORMAL,False,0.32763318080232756,0,VOLATILITY_ACCELERATION,0.14376195743232623,0.32763318080232756,0.2274834786895641,0.17305215711525748,0.43016365224870556,0.8358762886597938,TRAINING_REFERENCE
2021-01-14,7.3609,NORMAL,False,0.35031610373147193,0,VOLATILITY_ACCELERATION,0.09810468140431143,0.35031610373147193,0.030049417205639806,0.1415005133192825,0.4235016887029636,0.8214432989690722,TRAINING_REFERENCE
2021-01-15,7.4586,NORMAL,False,0.5192603739952973,0,LOCAL_RETURN_SHOCK,0.5192603739952973,0.4131255326469318,0.20048595541887398,0.331820837125895,0.4519513424454378,0.871340206185567,TRAINING_REFERENCE
2021-01-18,7.4731,NORMAL,False,0.3204016741141975,0,VOLATILITY_ACCELERATION,0.09668596637291124,0.3204016741141975,0.024649912551502062,0.048601614243957494,0.4062228929163658,0.7694845360824742,TRAINING_REFERENCE
2021-01-19,7.4647,NORMAL,False,0.31516667843935003,0,VOLATILITY_ACCELERATION,0.0013487392410588307,0.31516667843935003,0.02418039040766401,0.0281007881602,0.4031055958490252,0.7583505154639175,TRAINING_REFERENCE
2021-01-20,7.4186,NORMAL,False,0.3102351905777667,0,VOLATILITY_ACCELERATION,0.15198790268398768,0.3102351905777667,0.03709224936320754,0.154393344675605,0.41473257717967477,0.7942268041237114,TRAINING_REFERENCE
2021-01-21,7.3679,NORMAL,False,0.3197708882559243,0,VOLATILITY_ACCELERATION,0.16511955922593619,0.3197708882559243,0.016433275034334338,0.1708543390936275,0.41866569532821774,0.8070103092783505,TRAINING_REFERENCE
2021-01-22,7.4103,NORMAL,False,0.21935763989325538,0,LOCAL_RETURN_SHOCK,0.21935763989325538,0.21028101121207848,0.11338959773690399,0.1438673163316575,0.41780076254066423,0.8032989690721649,TRAINING_REFERENCE
2021-01-25,7.4046,NORMAL,False,0.20117926064018676,0,VOLATILITY_ACCELERATION,0.011494941323210096,0.20117926064018676,0.1608113342645498,0.019229990688635,0.41028356497021296,0.7797938144329897,TRAINING_REFERENCE
2021-01-26,7.3439,NORMAL,False,0.29164142731240433,0,LOCAL_RETURN_SHOCK,0.29164142731240433,0.22820096917161425,0.2835913748782179,0.2049401723253125,0.4359595269005793,0.8445360824742268,TRAINING_REFERENCE
2021-01-27,7.4139,NORMAL,False,0.3532335591866532,0,LOCAL_RETURN_SHOCK,0.3532335591866532,0.3033960166302948,0.011033770380191599,0.23829300507904747,0.420982225092288,0.8144329896907216,TRAINING_REFERENCE
2021-01-28,7.3342,NORMAL,False,0.37583719528262066,0,LOCAL_RETURN_SHOCK,0.37583719528262066,0.3409691824804372,0.07911448123672227,0.26875193892553,0.4388124417924955,0.8507216494845361,TRAINING_REFERENCE
2021-01-29,7.3193,NORMAL,False,0.5517592380482261,0,DRAWDOWN_SHIFT,0.04579812433849123,0.3120491351124203,0.5517592380482261,0.050789452155652504,0.41906840194781175,0.808659793814433,TRAINING_REFERENCE
2021-02-01,7.1865,NORMAL,False,0.5790358476983155,0,LOCAL_RETURN_SHOCK,0.5790358476983155,0.4805961765166255,0.23949079080038183,0.4535952891669975,0.4817732119181994,0.902680412371134,TRAINING_REFERENCE
2021-02-02,7.2023,NORMAL,False,0.7529859564225319,0,DRAWDOWN_SHIFT,0.11144982502484452,0.5093636561099202,0.7529859564225319,0.05496416892784999,0.4532402656553082,0.8729896907216494,TRAINING_REFERENCE
2021-02-03,7.1645,NORMAL,False,0.4942169505516719,0,DRAWDOWN_SHIFT,0.1185622898145699,0.4353591348119753,0.4942169505516719,0.13120808630576,0.4436380662654181,0.8614432989690721,TRAINING_REFERENCE
2021-02-04,7.1358,NORMAL,False,0.6096199234521179,0,DRAWDOWN_SHIFT,0.09303800843537154,0.42647337060493534,0.6096199234521179,0.1001465559355175,0.4400682795588562,0.8531958762886598,TRAINING_REFERENCE
2021-02-05,7.0564,NORMAL,False,0.4258401348564909,0,VOLATILITY_ACCELERATION,0.2993597385931748,0.4258401348564909,0.319158593207062,0.278174836738695,0.459488077859008,0.8808247422680412,TRAINING_REFERENCE
2021-02-08,7.0732,NORMAL,False,0.3128648078837907,0,VOLATILITY_ACCELERATION,0.13700455523366048,0.3128648078837907,0.04846290426350819,0.05952043534946751,0.4139828881503891,0.7921649484536083,TRAINING_REFERENCE
2021-02-09,7.0686,NORMAL,False,0.33402453343992805,0,DRAWDOWN_SHIFT,0.07287640049368803,0.2819374627734667,0.33402453343992805,0.01625855341288,0.4199452953225396,0.8115463917525774,TRAINING_REFERENCE
2021-02-10,7.0578,NORMAL,False,0.28200443270930875,0,VOLATILITY_ACCELERATION,0.03740593140839065,0.28200443270930875,0.2665700652059841,0.038197097020625,0.4116933355953142,0.7847422680412371,TRAINING_REFERENCE
2021-02-11,7.0258,NORMAL,False,0.2963125425588117,0,VOLATILITY_ACCELERATION,0.07467472621545317,0.2963125425588117,0.27481450021235393,0.1133497690498425,0.42187212262455165,0.8169072164948453,TRAINING_REFERENCE
2021-02-12,7.0357,NORMAL,False,0.15823914149123033,0,VOLATILITY_ACCELERATION,0.1277544301989559,0.15823914149123033,0.05171509231268995,0.03522730507558,0.4148981750826506,0.794639175257732,TRAINING_REFERENCE
2021-02-15,6.9642,NORMAL,False,0.3139392879873263,0,VOLATILITY_ACCELERATION,0.2861204865763233,0.3139392879873263,0.2723161865740642,0.25406142956635247,0.4438357463377512,0.8622680412371134,TRAINING_REFERENCE
2021-02-16,6.993,NORMAL,False,0.40392345336350644,0,VOLATILITY_ACCELERATION,0.29638453280241167,0.40392345336350644,0.07199395833983407,0.10338588782631249,0.41826918147751646,0.805360824742268,TRAINING_REFERENCE
2021-02-17,6.966,NORMAL,False,0.4076709605690333,0,VOLATILITY_ACCELERATION,0.023454938967554358,0.4076709605690333,0.02452530694398991,0.096525096525095,0.415031429800654,0.7954639175257732,TRAINING_REFERENCE
2021-02-18,6.9644,NORMAL,False,0.4092473928011588,0,VOLATILITY_ACCELERATION,0.10932544752362498,0.4092473928011588,0.10041573078179405,0.00574217628481,0.4089182823341984,0.7752577319587629,TRAINING_REFERENCE
2021-02-19,6.9814,NORMAL,False,0.4222020314272458,0,VOLATILITY_ACCELERATION,0.19871276600218543,0.4222020314272458,0.11877330950601395,0.061024639595657494,0.41111235799163287,0.7810309278350516,TRAINING_REFERENCE
2021-02-22,7.021,NORMAL,False,0.39777914618733423,0,DRAWDOWN_SHIFT,0.33732035290102114,0.2774928717258852,0.39777914618733423,0.1418053685507175,0.4233461165618129,0.8206185567010309,TRAINING_REFERENCE
2021-02-23,7.1052,NORMAL,False,0.5484373859663245,0,LOCAL_RETURN_SHOCK,0.5484373859663245,0.4299052228180787,0.4223757731121061,0.299814841190715,0.43104053498002065,0.8371134020618557,TRAINING_REFERENCE
2021-02-24,7.1692,NORMAL,False,0.5150627986261602,0,DRAWDOWN_SHIFT,0.3650682174526871,0.34474037302636895,0.5150627986261602,0.2251871868490675,0.4289447642677621,0.8325773195876288,TRAINING_REFERENCE
2021-02-25,7.3527,NORMAL,False,0.9842464798550118,0,DRAWDOWN_SHIFT,0.9408514937734093,0.5720690263769171,0.9842464798550118,0.6398900853651676,0.5228821724281176,0.937319587628866,TRAINING_REFERENCE
2021-02-26,7.4249,ANOMALOUS,True,1.124165114127474,1,DRAWDOWN_SHIFT,0.2638681882443127,0.48823754649031265,1.124165114127474,0.2454880520081075,0.4837357424678087,0.9059793814432989,TRAINING_REFERENCE
2021-03-01,7.296,NORMAL,False,0.953469830857917,0,VOLATILITY_ACCELERATION,0.4830223622174486,0.953469830857917,0.6970584134950519,0.434012579293995,0.5037555223606446,0.9237113402061856,TRAINING_REFERENCE
2021-03-02,7.3601,NORMAL,False,0.9335566785002709,0,VOLATILITY_ACCELERATION,0.21483578417846252,0.9335566785002709,0.6461097803632321,0.2196408991228075,0.4693000738482435,0.8898969072164948,TRAINING_REFERENCE
2021-03-03,7.4455,NORMAL,False,0.9234452068264601,0,VOLATILITY_ACCELERATION,0.2767647879926391,0.9234452068264601,0.7003535987224838,0.290077580467655,0.47614187407954917,0.8960824742268041,TRAINING_REFERENCE
2021-03-04,7.5113,NORMAL,False,0.7220701723410532,0,VOLATILITY_ACCELERATION,0.1785873506191755,0.7220701723410532,0.4978058172080921,0.2209388221073125,0.42732116159574207,0.828041237113402,TRAINING_REFERENCE
2021-03-05,7.532,NORMAL,False,0.7002990881540561,0,VOLATILITY_ACCELERATION,0.003753469725423512,0.7002990881540561,0.367529778582934,0.06889619639742749,0.40988724108034336,0.7789690721649485,TRAINING_REFERENCE
2021-03-08,7.7454,ANOMALOUS,True,1.274661622076062,1,DRAWDOWN_SHIFT,0.690203778830311,0.5239680061891325,1.274661622076062,0.7083112055230975,0.5355897004365321,0.9492783505154639,TRAINING_REFERENCE
2021-03-09,7.6072,NORMAL,False,0.8797111439845746,0,VOLATILITY_ACCELERATION,0.5271296334426672,0.8797111439845746,0.8430699330888578,0.446071216463965,0.4932905125577435,0.9150515463917526,TRAINING_REFERENCE
2021-03-10,7.5045,NORMAL,False,0.9630187872596356,0,VOLATILITY_ACCELERATION,0.3674925623631752,0.9630187872596356,0.5054136652236779,0.33750920180881,0.4571692753268564,0.8783505154639175,TRAINING_REFERENCE
2021-03-11,7.4759,NORMAL,False,0.9568979757323183,0,VOLATILITY_ACCELERATION,0.14131881324260245,0.9568979757323183,0.16898309276617812,0.0952761676327525,0.42914189914794015,0.8329896907216495,TRAINING_REFERENCE
2021-03-12,7.5668,NORMAL,False,0.996251916350003,0,VOLATILITY_ACCELERATION,0.1827401193207202,0.996251916350003,0.35096957619218194,0.30397677871560247,0.4455692176856215,0.8639175257731959,TRAINING_REFERENCE
2021-03-15,7.5327,NORMAL,False,0.6003487977892852,0,VOLATILITY_ACCELERATION,0.1653568405734482,0.6003487977892852,0.3174842414906599,0.11266321298302999,0.4052567820417164,0.7661855670103093,TRAINING_REFERENCE
2021-03-16,7.4852,NORMAL,False,0.48819261556835797,0,VOLATILITY_ACCELERATION,0.21183103551017293,0.48819261556835797,0.17102397771077194,0.15764599678734,0.3858245628007122,0.6738144329896907,TRAINING_REFERENCE
2021-03-17,7.4954,NORMAL,False,0.3886038493776206,0,VOLATILITY_ACCELERATION,0.04273942435982544,0.3886038493776206,0.023497818059753997,0.0340672259926275,0.36088770168681344,0.44783505154639175,TRAINING_REFERENCE
2021-03-18,7.3226,NORMAL,False,0.6421760985332683,0,VOLATILITY_ACCELERATION,0.5458464116435182,0.6421760985332683,0.395847858083508,0.5763534968113749,0.4471642160574647,0.8663917525773196,TRAINING_REFERENCE
2021-03-19,7.2131,NORMAL,False,0.913316290959796,0,DRAWDOWN_SHIFT,0.3215969648946733,0.4715885901399694,0.913316290959796,0.37384262420451997,0.47820452699598875,0.897319587628866,TRAINING_REFERENCE
2021-03-22,7.7886,ANOMALOUS,True,1.9946347617529225,3,LARGE_ABSOLUTE_RETURN,1.3743372653713615,1.4518344319007128,0.5492292199240819,1.9946347617529225,0.6322948075661815,0.9847422680412371,TRAINING_REFERENCE
2021-03-23,7.94,ANOMALOUS,True,1.4164435282695345,1,VOLATILITY_ACCELERATION,0.15547943904507192,1.4164435282695345,0.6718826658403699,0.48596666923452,0.5733741236569955,0.9665979381443299,TRAINING_REFERENCE
2021-03-24,7.921,ANOMALOUS,True,1.426147149975668,1,VOLATILITY_ACCELERATION,0.09034499668382957,1.426147149975668,0.597685510125488,0.059823677581862494,0.5597724335440499,0.9612371134020619,TRAINING_REFERENCE
2021-03-25,7.9417,ANOMALOUS,True,1.2891161757148994,2,VOLATILITY_ACCELERATION,0.028835645563284534,1.2891161757148994,1.09174477754538,0.065332660017675,0.5712603296371903,0.9637113402061855,TRAINING_REFERENCE
2021-03-26,8.0803,ANOMALOUS,True,1.37449324760503,2,DRAWDOWN_SHIFT,0.15020633048851909,1.1265390483962243,1.37449324760503,0.4363045695505975,0.5828488780948633,0.9698969072164948,TRAINING_REFERENCE
2021-03-29,8.1995,NORMAL,False,0.36879818818608495,0,LARGE_ABSOLUTE_RETURN,0.11469870099271147,0.32930858582235834,0.0,0.36879818818608495,0.4608205351947862,0.8828865979381443,TRAINING_REFERENCE
2021-03-30,8.3233,NORMAL,False,0.3774620403683125,0,LARGE_ABSOLUTE_RETURN,0.10295796410415828,0.2985481517108141,0.0,0.3774620403683125,0.4630056959013472,0.8861855670103093,TRAINING_REFERENCE
2021-03-31,8.2399,NORMAL,False,0.39338184685621386,0,VOLATILITY_ACCELERATION,0.1865273583878673,0.39338184685621386,0.152542341079414,0.25050160393112997,0.4612067105377731,0.883298969072165,TRAINING_REFERENCE
2021-04-01,8.1056,NORMAL,False,0.5366912040862846,0,VOLATILITY_ACCELERATION,0.24272994330272973,0.5366912040862846,0.5231098242283679,0.4074685372395275,0.4720574820282982,0.894020618556701,TRAINING_REFERENCE
2021-04-02,8.1525,NORMAL,False,0.48130910413319894,0,VOLATILITY_ACCELERATION,0.019042808269678968,0.48130910413319894,0.4104141386229,0.14465307935254,0.44659305690997925,0.8647422680412371,TRAINING_REFERENCE
2021-04-05,8.1021,NORMAL,False,0.531519950019822,0,DRAWDOWN_SHIFT,0.11413373914958622,0.4247026136155777,0.531519950019822,0.154553817847285,0.44990034553069197,0.8696907216494846,TRAINING_REFERENCE
2021-04-06,8.1282,NORMAL,False,0.46880444054641596,0,DRAWDOWN_SHIFT,0.008388696857499546,0.3091375740642533,0.46880444054641596,0.0805346761950575,0.4428975618079333,0.8597938144329897,TRAINING_REFERENCE
2021-04-07,8.1464,NORMAL,False,0.3052669580710343,0,VOLATILITY_ACCELERATION,0.01496443469255666,0.3052669580710343,0.224670503285956,0.05597795329839,0.42442757260777225,0.8230927835051547,TRAINING_REFERENCE
2021-04-08,8.1325,NORMAL,False,0.15827305830026675,0,VOLATILITY_ACCELERATION,0.07094519742887077,0.15827305830026675,0.06463782394002401,0.0426568791122425,0.41633007592947147,0.797938144329897,TRAINING_REFERENCE
2021-04-09,8.1546,NORMAL,False,0.13575719186454724,0,VOLATILITY_ACCELERATION,0.020132908387704054,0.13575719186454724,0.005046075474872055,0.06793728865662,0.4158496641780774,0.7971134020618557,TRAINING_REFERENCE
2021-04-12,8.1432,NORMAL,False,0.09875890572249198,0,DRAWDOWN_SHIFT,0.06333475726788823,0.08052392120850284,0.09875890572249198,0.034949598999335,0.4207772008772379,0.8131958762886597,TRAINING_REFERENCE
2021-04-13,8.1047,NORMAL,False,0.11819677767953748,0,LARGE_ABSOLUTE_RETURN,0.10486144469886496,0.10448206303329295,0.05646798745690004,0.11819677767953748,0.42471125659449016,0.8239175257731959,TRAINING_REFERENCE
2021-04-14,8.0651,NORMAL,False,0.195355207670036,0,DRAWDOWN_SHIFT,0.10787042134981067,0.1052569741464601,0.195355207670036,0.12215134428171001,0.43345447727466896,0.8404123711340206,TRAINING_REFERENCE
2021-04-15,8.0123,NORMAL,False,0.28882774860932603,0,DRAWDOWN_SHIFT,0.12336994765214997,0.1251523874906397,0.28882774860932603,0.16366815042590752,0.4411978693928863,0.8560824742268042,TRAINING_REFERENCE
2021-04-16,8.0605,NORMAL,False,0.22611223913592207,0,DRAWDOWN_SHIFT,0.016195642669914623,0.17020335260650243,0.22611223913592207,0.15039376957927,0.42976302836517205,0.8350515463917526,TRAINING_REFERENCE
2021-04-19,8.0896,NORMAL,False,0.1933350709138562,0,VOLATILITY_ACCELERATION,0.027015963027325545,0.1933350709138562,0.128795069263392,0.09025494696359,0.3930972373010617,0.7179381443298969,TRAINING_REFERENCE
2021-04-20,8.1068,NORMAL,False,0.1869794566660725,0,VOLATILITY_ACCELERATION,0.004985172233711078,0.1869794566660725,0.005046075474873998,0.053154667721514996,0.3794243927868663,0.631340206185567,TRAINING_REFERENCE
2021-04-21,8.1807,NORMAL,False,0.27777444042627397,0,DRAWDOWN_SHIFT,0.23870543048839996,0.20067642326207896,0.27777444042627397,0.22789510040953,0.39878112456584003,0.7430927835051546,TRAINING_REFERENCE
2021-04-22,8.3095,NORMAL,False,0.714139824348514,0,DRAWDOWN_SHIFT,0.4114068672370643,0.1838312180230216,0.714139824348514,0.39360934883322746,0.4524243156934781,0.8721649484536083,TRAINING_REFERENCE
2021-04-23,8.3682,NORMAL,False,0.63148030228395,0,DRAWDOWN_SHIFT,0.13033005331309888,0.18232590976268967,0.63148030228395,0.176605090559,0.422700594775224,0.8197938144329897,TRAINING_REFERENCE
2021-04-26,8.2709,NORMAL,False,0.3947876490998588,0,LOCAL_RETURN_SHOCK,0.3947876490998588,0.35192379103205607,0.32900909030602,0.2906837790683775,0.41695826910515466,0.7995876288659793,TRAINING_REFERENCE
2021-04-27,8.2069,NORMAL,False,0.3990265511346926,0,VOLATILITY_ACCELERATION,0.24354602627987018,0.3990265511346926,0.13471931397773798,0.19344932232283998,0.3913260648199308,0.7101030927835051,TRAINING_REFERENCE
2021-04-28,8.188,NORMAL,False,0.38214519915724643,0,VOLATILITY_ACCELERATION,0.051766396148958685,0.38214519915724643,0.08802548939317999,0.05757350522120999,0.3782133370024373,0.6156701030927835,TRAINING_REFERENCE
2021-04-29,8.1953,NORMAL,False,0.38007111677394795,0,DRAWDOWN_SHIFT,0.03900162112354859,0.25060291561012693,0.38007111677394795,0.0222887151929625,0.3861592900789694,0.6783505154639176,TRAINING_REFERENCE
2021-04-30,8.2822,NORMAL,False,0.3823311446568869,0,LOCAL_RETURN_SHOCK,0.3823311446568869,0.2950174560721241,0.205540020554002,0.26509096677363997,0.39630895462872995,0.7315463917525773,TRAINING_REFERENCE
2021-05-03,8.2474,NORMAL,False,0.2399774424167516,0,VOLATILITY_ACCELERATION,0.18313088484591794,0.2399774424167516,0.056165005616497995,0.10504455337952999,0.3714538575733685,0.5505154639175258,TRAINING_REFERENCE
2021-05-04,8.3244,NORMAL,False,0.31199523037901955,0,LOCAL_RETURN_SHOCK,0.31199523037901955,0.23200219556231322,0.28082502808250404,0.2334068918689525,0.38367843094035503,0.6577319587628866,TRAINING_REFERENCE
2021-05-05,8.3127,NORMAL,False,0.2980330298033,0,DRAWDOWN_SHIFT,0.09370228489548851,0.22645252974729602,0.2980330298033,0.0351376675796475,0.3725417943991077,0.5624742268041237,TRAINING_REFERENCE
2021-05-06,8.2727,NORMAL,False,0.2572843187887692,0,VOLATILITY_ACCELERATION,0.208347170611422,0.2572843187887692,0.18498601849860397,0.12029785749515501,0.373346780675985,0.5690721649484536,TRAINING_REFERENCE
2021-05-07,8.2343,NORMAL,False,0.20640192380372577,0,VOLATILITY_ACCELERATION,0.19405113772110807,0.20640192380372577,0.11448101144810201,0.1160443386077125,0.3743269762079106,0.5802061855670103,TRAINING_REFERENCE
2021-05-10,8.2744,NORMAL,False,0.21508299940513093,0,VOLATILITY_ACCELERATION,0.15130417343774702,0.21508299940513093,0.064530006452998,0.12174683943990501,0.36404767519904657,0.4758762886597938,TRAINING_REFERENCE
2021-05-11,8.277,NORMAL,False,0.13808800703583554,0,VOLATILITY_ACCELERATION,0.01759002551992221,0.13808800703583554,0.11328601132860198,0.0078555544812875,0.36783153284028247,0.5158762886597938,TRAINING_REFERENCE
2021-05-12,8.4186,NORMAL,False,0.5617521376134639,0,LOCAL_RETURN_SHOCK,0.5617521376134639,0.31074281678367216,0.13264501326450198,0.4276911924610375,0.40319466423312106,0.7587628865979381,TRAINING_REFERENCE
2021-05-13,8.502,NORMAL,False,0.288856441619271,0,VOLATILITY_ACCELERATION,0.2468750220452223,0.288856441619271,0.2282450228245,0.247665882688335,0.38542945138064905,0.6709278350515464,TRAINING_REFERENCE
2021-05-14,8.4554,NORMAL,False,0.2967534251327097,0,VOLATILITY_ACCELERATION,0.2743510143067212,0.2967534251327097,0.21039976641753402,0.1370265819807125,0.3873019952179517,0.688659793814433,TRAINING_REFERENCE
2021-05-17,8.3117,NORMAL,False,0.6132600112478913,0,LOCAL_RETURN_SHOCK,0.6132600112478913,0.44653074426401634,0.223477351846676,0.4248764103413175,0.42349751450442824,0.8210309278350515,TRAINING_REFERENCE
2021-05-18,8.3548,NORMAL,False,0.4518516460154916,0,VOLATILITY_ACCELERATION,0.10511504319897505,0.4518516460154916,0.12830344374072203,0.1296365364486175,0.38658597767707126,0.6812371134020618,TRAINING_REFERENCE
2021-05-19,8.4125,NORMAL,False,0.3742694646248108,0,VOLATILITY_ACCELERATION,0.1479389031952308,0.3742694646248108,0.21053869677722997,0.1726552401014975,0.38419173997389044,0.6626804123711341,TRAINING_REFERENCE
2021-05-20,8.3805,NORMAL,False,0.330021332398496,0,VOLATILITY_ACCELERATION,0.1459990260026933,0.330021332398496,0.285815102328864,0.095096582466565,0.3835186714718628,0.6556701030927835,TRAINING_REFERENCE
2021-05-21,8.4154,NORMAL,False,0.3411140943912972,0,VOLATILITY_ACCELERATION,0.11058684087096306,0.3411140943912972,0.09409550693954398,0.10411073324980501,0.3721685830033868,0.5587628865979382,TRAINING_REFERENCE
2021-05-24,8.389,NORMAL,False,0.18183956716066602,0,DRAWDOWN_SHIFT,0.10417819866032955,0.17404751822121603,0.18183956716066602,0.07842764455641,0.36678055401822096,0.5051546391752577,TRAINING_REFERENCE
2021-05-25,8.4618,NORMAL,False,0.2530812934039603,0,LOCAL_RETURN_SHOCK,0.2530812934039603,0.2009878070786323,0.251705481063284,0.21695076886399248,0.37772330667399806,0.6115463917525773,TRAINING_REFERENCE
2021-05-26,8.4559,NORMAL,False,0.18586282959558748,0,VOLATILITY_ACCELERATION,0.07261947308479039,0.18586282959558748,0.10209362502940399,0.01743127939682,0.35942911527630567,0.43216494845360826,TRAINING_REFERENCE
2021-05-27,8.4982,NORMAL,False,0.27687602916960796,0,DRAWDOWN_SHIFT,0.10870670110224145,0.1656731719085278,0.27687602916960796,0.12506060856916498,0.37246956864003355,0.5620618556701031,TRAINING_REFERENCE
2021-05-28,8.5647,NORMAL,False,0.20371677252411396,0,DRAWDOWN_SHIFT,0.19246979779988335,0.18373805674989502,0.20371677252411396,0.19562966275211,0.3787057872937964,0.6214432989690721,TRAINING_REFERENCE
2021-05-31,8.4919,NORMAL,False,0.33456368016649857,0,LOCAL_RETURN_SHOCK,0.33456368016649857,0.25726766744693585,0.095819690345888,0.21250014594790498,0.38118190289071935,0.64,TRAINING_REFERENCE
2021-06-01,8.519,NORMAL,False,0.23169440422254053,0,VOLATILITY_ACCELERATION,0.05408468271927712,0.23169440422254053,0.012151121787507997,0.0797819098199475,0.35612193358411204,0.3777319587628866,TRAINING_REFERENCE
2021-06-02,8.5927,NORMAL,False,0.2557862060822954,0,VOLATILITY_ACCELERATION,0.2439279313019969,0.2557862060822954,0.10844507174782599,0.21628125366827,0.3701618322080706,0.5410309278350516,TRAINING_REFERENCE
2021-06-03,8.7025,NORMAL,False,0.3553588844070823,0,LOCAL_RETURN_SHOCK,0.3553588844070823,0.30137192317682293,0.008939073159256,0.31945721368137747,0.3846102463012432,0.6655670103092783,TRAINING_REFERENCE
2021-06-04,8.6668,NORMAL,False,0.32463036990523453,0,VOLATILITY_ACCELERATION,0.20786264674776306,0.32463036990523453,0.08204538925596198,0.1025567365699525,0.3717272440033911,0.5529896907216495,TRAINING_REFERENCE
2021-06-07,8.6126,NORMAL,False,0.29967655594025994,0,VOLATILITY_ACCELERATION,0.27661695615826587,0.29967655594025994,0.03660717999548202,0.1563437485577125,0.3739717222176161,0.5756701030927835,TRAINING_REFERENCE
2021-06-08,8.6052,NORMAL,False,0.3064425957781683,0,VOLATILITY_ACCELERATION,0.08816120168907576,0.3064425957781683,0.116896797788812,0.021480156979309998,0.36095313141447666,0.448659793814433,TRAINING_REFERENCE
2021-06-09,8.5899,NORMAL,False,0.2763478245214226,0,VOLATILITY_ACCELERATION,0.11410507530891748,0.2763478245214226,0.258776213731688,0.04444986752196,0.3658743660495755,0.49567010309278353,TRAINING_REFERENCE
2021-06-10,8.4279,NORMAL,False,0.667637174246722,0,LOCAL_RETURN_SHOCK,0.667637174246722,0.2722426651295123,0.6310830221200819,0.47148395208326244,0.4556226106982239,0.8762886597938144,TRAINING_REFERENCE
2021-06-11,8.3942,NORMAL,False,0.626486641769608,0,DRAWDOWN_SHIFT,0.10740451598033482,0.2760006135894917,0.626486641769608,0.0999655904792375,0.414217425645121,0.7925773195876289,TRAINING_REFERENCE
2021-06-14,8.4692,NORMAL,False,0.5850439402735443,0,VOLATILITY_ACCELERATION,0.2782021023027803,0.5850439402735443,0.329560471128984,0.223368516356535,0.38721054884747713,0.6865979381443299,TRAINING_REFERENCE
2021-06-15,8.5574,NORMAL,False,0.7106909765032831,0,VOLATILITY_ACCELERATION,0.31162691076906196,0.7106909765032831,0.10985349037632995,0.260355169319415,0.3829214889223476,0.6523711340206185,TRAINING_REFERENCE
2021-06-16,8.6159,NORMAL,False,0.7385677512720588,0,VOLATILITY_ACCELERATION,0.17931812906740544,0.7385677512720588,0.059752944556162,0.1709047140486575,0.3686245410232167,0.5224742268041237,TRAINING_REFERENCE
2021-06-17,8.7193,NORMAL,False,0.6310830221200819,0,DRAWDOWN_SHIFT,0.3446860033460464,0.3765159328729166,0.6310830221200819,0.30002669483165,0.39789356216179456,0.737319587628866,TRAINING_REFERENCE
2021-06-18,8.7373,NORMAL,False,0.7085320310255699,0,DRAWDOWN_SHIFT,0.0015419276983466225,0.23555887965429012,0.7085320310255699,0.0516096475634475,0.3950315188933961,0.7265979381443299,TRAINING_REFERENCE
2021-06-21,8.77,NORMAL,False,0.53616776788279,0,DRAWDOWN_SHIFT,0.056854247366946754,0.26498347633734026,0.53616776788279,0.09356437343344,0.38220332564726606,0.648659793814433,TRAINING_REFERENCE
2021-06-22,8.6499,NORMAL,False,0.6032237707873674,0,VOLATILITY_ACCELERATION,0.49963717756088954,0.6032237707873674,0.05957913901069995,0.3423603192702375,0.38573820533307757,0.6725773195876289,TRAINING_REFERENCE
2021-06-23,8.64,NORMAL,False,0.5930253905065958,0,VOLATILITY_ACCELERATION,0.06643711185423441,0.5930253905065958,0.09744195317338597,0.0286130475496825,0.3540785987130718,0.345979381443299,TRAINING_REFERENCE
2021-06-24,8.7087,NORMAL,False,0.5403462924449358,0,VOLATILITY_ACCELERATION,0.1991939760972221,0.5403462924449358,0.139794754846064,0.1987847222222225,0.3610505237156095,0.44989690721649483,TRAINING_REFERENCE
2021-06-25,8.7643,NORMAL,False,0.5734560781935246,0,VOLATILITY_ACCELERATION,0.14762183871515253,0.5734560781935246,0.012998859749141998,0.15961050443809,0.3532279502228427,0.33278350515463917,TRAINING_REFERENCE
2021-06-28,8.6845,NORMAL,False,0.6162683445340241,0,VOLATILITY_ACCELERATION,0.29829144932765983,0.6162683445340241,0.194982896237172,0.22762799082642252,0.37894620644784666,0.6243298969072165,TRAINING_REFERENCE
2021-06-29,8.7318,NORMAL,False,0.4598085893161673,0,VOLATILITY_ACCELERATION,0.12375991421911928,0.4598085893161673,0.18677309007981802,0.13616212792906748,0.3545746841534365,0.35381443298969073,TRAINING_REFERENCE
2021-06-30,8.7026,NORMAL,False,0.4779810146896538,0,VOLATILITY_ACCELERATION,0.1325132000358477,0.4779810146896538,0.14275940706955398,0.0836024645548425,0.3526765181563916,0.3220618556701031,TRAINING_REFERENCE
2021-07-01,8.6551,NORMAL,False,0.4414259814354175,0,VOLATILITY_ACCELERATION,0.17851769641237664,0.4414259814354175,0.12223489167616998,0.1364534736745375,0.356447873128475,0.3847422680412371,TRAINING_REFERENCE
2021-07-02,8.6796,NORMAL,False,0.3860883605422908,0,VOLATILITY_ACCELERATION,0.09378231590951726,0.3860883605422908,0.19315849486887002,0.070767524349805,0.3560071550070129,0.37608247422680413,TRAINING_REFERENCE
2021-07-05,8.6658,NORMAL,False,0.2892441413186909,0,VOLATILITY_ACCELERATION,0.05192390141057305,0.2892441413186909,0.042645381984031984,0.039748375501175,0.3425194196433891,0.12948453608247423,TRAINING_REFERENCE
2021-07-06,8.6893,NORMAL,False,0.2386536321741274,0,VOLATILITY_ACCELERATION,0.07381040421617736,0.2386536321741274,0.096921322690992,0.0677952410625625,0.3492587425635159,0.2705154639175258,TRAINING_REFERENCE
2021-07-07,8.6814,NORMAL,False,0.22417692670136355,0,VOLATILITY_ACCELERATION,0.0443032203811519,0.22417692670136355,0.048346636259979994,0.022729103610184997,0.3437340650862028,0.16288659793814433,TRAINING_REFERENCE
2021-07-08,8.6943,NORMAL,False,0.1348486991340445,0,VOLATILITY_ACCELERATION,0.028773589993745234,0.1348486991340445,0.08939566704675199,0.0371483862049875,0.3452091018006371,0.19835051546391752,TRAINING_REFERENCE
2021-07-09,8.6581,NORMAL,False,0.21707193270765424,0,LOCAL_RETURN_SHOCK,0.21707193270765424,0.17694480775955324,0.04903078677309398,0.10409118617945248,0.3559964603722488,0.3748453608247423,TRAINING_REFERENCE
2021-07-12,8.6353,NORMAL,False,0.18609368981022048,0,VOLATILITY_ACCELERATION,0.15872729495211443,0.18609368981022048,0.06955530216647801,0.06583430544807249,0.35463594946385507,0.354639175257732,TRAINING_REFERENCE
2021-07-13,8.621,NORMAL,False,0.15575826681869798,0,DRAWDOWN_SHIFT,0.10267764777859091,0.13761634959722818,0.15575826681869798,0.0413998355586975,0.3641947378048268,0.47835051546391755,TRAINING_REFERENCE
2021-07-14,8.5851,NORMAL,False,0.219612314709234,0,DRAWDOWN_SHIFT,0.187444793666711,0.15382904347964765,0.219612314709234,0.10410625217491999,0.3767970941145424,0.6049484536082474,TRAINING_REFERENCE
2021-07-15,8.5629,NORMAL,False,0.299657924743442,0,DRAWDOWN_SHIFT,0.1017765312735432,0.07473666319525377,0.299657924743442,0.0646468882132975,0.39053270205270124,0.705979381443299,TRAINING_REFERENCE
2021-07-16,8.5178,NORMAL,False,0.319954389965792,0,DRAWDOWN_SHIFT,0.2089444905274231,0.09811362995156266,0.319954389965792,0.1316726809842475,0.398344364852751,0.7406185567010309,TRAINING_REFERENCE
2021-07-19,8.5854,NORMAL,False,0.43585893892921385,0,LOCAL_RETURN_SHOCK,0.43585893892921385,0.3647020463467031,0.11379703534777799,0.19840803963464998,0.36540615288868167,0.4915463917525773,TRAINING_REFERENCE
2021-07-20,8.5646,NORMAL,False,0.3704670200238651,0,VOLATILITY_ACCELERATION,0.06180836211538108,0.3704670200238651,0.12862029646522402,0.06056794092296,0.3524241044497742,0.3171134020618557,TRAINING_REFERENCE
2021-07-21,8.5578,NORMAL,False,0.3536017880975666,0,VOLATILITY_ACCELERATION,0.016384910869972402,0.3536017880975666,0.06225769669327197,0.0198491464867,0.3470123255326256,0.23010309278350516,TRAINING_REFERENCE
2021-07-22,8.5648,NORMAL,False,0.346474194961349,0,VOLATILITY_ACCELERATION,0.06815120589717828,0.346474194961349,0.004332953249713972,0.02044918086424,0.34399327652717343,0.17072164948453608,TRAINING_REFERENCE
2021-07-23,8.5504,NORMAL,False,0.29768027415947906,0,VOLATILITY_ACCELERATION,0.04989564264652377,0.29768027415947906,0.07434435575826799,0.042032505137305,0.34860503867204984,0.25938144329896906,TRAINING_REFERENCE
2021-07-26,8.5497,NORMAL,False,0.09132600597403687,0,VOLATILITY_ACCELERATION,0.07253478115181677,0.09132600597403687,0.08141391106043401,0.0020466878742519956,0.3637528518151719,0.4725773195876289,TRAINING_REFERENCE
2021-07-27,8.5594,NORMAL,False,0.1369046722678575,0,LOCAL_RETURN_SHOCK,0.1369046722678575,0.08370732793838565,0.011858608893956027,0.0283635683123375,0.36101215533535913,0.44948453608247424,TRAINING_REFERENCE
2021-07-28,8.5488,NORMAL,False,0.08944096068227633,0,VOLATILITY_ACCELERATION,0.01923790372862934,0.08944096068227633,0.020524515393387996,0.0309601140266825,0.3601718541284852,0.4379381443298969,TRAINING_REFERENCE
2021-07-29,8.4521,NORMAL,False,0.8250565941382333,0,LOCAL_RETURN_SHOCK,0.8250565941382333,0.35312177528346894,0.2570125427594079,0.2827882275874975,0.419081160553251,0.8090721649484536,TRAINING_REFERENCE
2021-07-30,8.4457,NORMAL,False,0.35895314615738877,0,VOLATILITY_ACCELERATION,0.02768913189618257,0.35895314615738877,0.23876852907639592,0.0189302066941925,0.3697436172984918,0.5369072164948454,TRAINING_REFERENCE
2021-08-02,8.3466,NORMAL,False,0.7023710295553548,0,LOCAL_RETURN_SHOCK,0.7023710295553548,0.4343765528410765,0.4631698973774199,0.2933445421930675,0.4339796990323102,0.8412371134020619,TRAINING_REFERENCE
2021-08-03,8.4026,NORMAL,False,0.5434429267009416,0,VOLATILITY_ACCELERATION,0.4914221275724916,0.5434429267009416,0.3575826681870019,0.16773296911317,0.40086901617931514,0.751340206185567,TRAINING_REFERENCE
2021-08-04,8.4732,NORMAL,False,0.6891386972211853,0,VOLATILITY_ACCELERATION,0.5396356040401291,0.6891386972211853,0.17240592930444795,0.2100540308952,0.3949999976530313,0.7261855670103092,TRAINING_REFERENCE
2021-08-05,8.5199,NORMAL,False,0.5995269714813917,0,VOLATILITY_ACCELERATION,0.3239287450352319,0.5995269714813917,0.15461801596350994,0.13778737666996752,0.36686946316192576,0.5068041237113402,TRAINING_REFERENCE
2021-08-06,8.615,NORMAL,False,0.6492068247075491,0,VOLATILITY_ACCELERATION,0.5667138677350028,0.6492068247075491,0.3860889395667039,0.2790525710395675,0.396915416440334,0.7348453608247423,TRAINING_REFERENCE
2021-08-09,8.6303,NORMAL,False,0.6469783352337499,0,DRAWDOWN_SHIFT,0.08437703557072301,0.2639984751883725,0.6469783352337499,0.0443993035403375,0.39339079015885414,0.7191752577319588,TRAINING_REFERENCE
2021-08-10,8.592,NORMAL,False,0.4609002723793831,0,VOLATILITY_ACCELERATION,0.1862834013407692,0.4609002723793831,0.431927023945268,0.110946317045755,0.37660721143398257,0.6028865979381444,TRAINING_REFERENCE
2021-08-11,8.625,NORMAL,False,0.4326452840144068,0,VOLATILITY_ACCELERATION,0.1660025029799309,0.4326452840144068,0.34618015963512194,0.0960195530726225,0.3652228543419397,0.4894845360824742,TRAINING_REFERENCE
2021-08-12,8.5436,NORMAL,False,0.5930272274024421,0,VOLATILITY_ACCELERATION,0.4037925471723707,0.5930272274024421,0.05404789053591798,0.23594202898550748,0.37677485637385877,0.6045360824742269,TRAINING_REFERENCE
2021-08-13,8.5124,NORMAL,False,0.39658985566766763,0,VOLATILITY_ACCELERATION,0.1400235971645379,0.39658985566766763,0.23397947548460798,0.0912964090079125,0.3633752794443111,0.46969072164948455,TRAINING_REFERENCE
2021-08-16,8.4553,NORMAL,False,0.3990877993158519,0,DRAWDOWN_SHIFT,0.2659409140358705,0.37026436875737284,0.3990877993158519,0.16769653681688,0.38821380137214706,0.6956701030927835,TRAINING_REFERENCE
2021-08-17,8.4291,NORMAL,False,0.37573916436496185,0,VOLATILITY_ACCELERATION,0.09535010570710088,0.37573916436496185,0.371493728620296,0.07746620462904749,0.37701545794217206,0.6074226804123711,TRAINING_REFERENCE
2021-08-18,8.4512,NORMAL,False,0.39635119726339796,0,DRAWDOWN_SHIFT,0.1375182934154026,0.34061168293018174,0.39635119726339796,0.06554673689955,0.3816848607331714,0.6437113402061856,TRAINING_REFERENCE
2021-08-19,8.5025,NORMAL,False,0.38919255123924396,0,VOLATILITY_ACCELERATION,0.2680329932341281,0.38919255123924396,0.09372862029646399,0.1517535971223,0.3584672698908931,0.41649484536082476,TRAINING_REFERENCE
2021-08-20,8.4813,NORMAL,False,0.38382355738048546,0,VOLATILITY_ACCELERATION,0.08389510970932544,0.38382355738048546,0.070923603192702,0.06233460746839,0.3514659583705366,0.3018556701030928,TRAINING_REFERENCE
2021-08-23,8.4198,NORMAL,False,0.3978244959989354,0,VOLATILITY_ACCELERATION,0.2676664430532066,0.3978244959989354,0.08095781071835603,0.1812811715185125,0.36857673920831785,0.5208247422680412,TRAINING_REFERENCE
2021-08-24,8.3956,NORMAL,False,0.39634373186561705,0,VOLATILITY_ACCELERATION,0.08076516738938348,0.39634373186561705,0.07639680729760803,0.0718544383477025,0.3590594171942075,0.42515463917525775,TRAINING_REFERENCE
2021-08-25,8.3731,NORMAL,False,0.3759989877815813,0,VOLATILITY_ACCELERATION,0.06579066297492371,0.3759989877815813,0.1781071835803881,0.0669993806279425,0.3662611540768969,0.500618556701031,TRAINING_REFERENCE
2021-08-26,8.388,NORMAL,False,0.26111744583808394,0,DRAWDOWN_SHIFT,0.10586555384246223,0.25693163749206693,0.26111744583808394,0.044487704673295,0.37387947949116884,0.5736082474226805,TRAINING_REFERENCE
2021-08-27,8.3468,NORMAL,False,0.30672748004561,0,DRAWDOWN_SHIFT,0.18450484211146212,0.2678258131509278,0.30672748004561,0.1227944682880275,0.38191005923566,0.6461855670103093,TRAINING_REFERENCE
2021-08-30,8.3709,NORMAL,False,0.26855856027805497,0,VOLATILITY_ACCELERATION,0.13835648331668907,0.26855856027805497,0.11151653363740008,0.072183351703645,0.36597862798786546,0.4964948453608247,TRAINING_REFERENCE
2021-08-31,8.3069,NORMAL,False,0.35431676950956353,0,VOLATILITY_ACCELERATION,0.342121301271688,0.35431676950956353,0.20228050171037404,0.1911383483257475,0.38762949914339995,0.6915463917525774,TRAINING_REFERENCE
2021-09-01,8.2837,NORMAL,False,0.3543613565643573,0,VOLATILITY_ACCELERATION,0.09738318755778512,0.3543613565643573,0.20387685290764193,0.06982147371462501,0.37472211156470087,0.5851546391752578,TRAINING_REFERENCE
2021-09-02,8.2742,NORMAL,False,0.342266468598562,0,VOLATILITY_ACCELERATION,0.0014079506992091576,0.342266468598562,0.25952109464081996,0.02867076306481,0.38006111387824587,0.6350515463917525,TRAINING_REFERENCE
2021-09-03,8.3145,NORMAL,False,0.4228493435296989,0,VOLATILITY_ACCELERATION,0.3085225144282946,0.4228493435296989,0.07366020524515196,0.1217640376108875,0.372718394210935,0.5641237113402062,TRAINING_REFERENCE
2021-09-06,8.2763,NORMAL,False,0.40743083296889393,0,VOLATILITY_ACCELERATION,0.15879131180617584,0.40743083296889393,0.21573546180159595,0.1148595826568025,0.3787217088510406,0.6218556701030927,TRAINING_REFERENCE
2021-09-07,8.3478,NORMAL,False,0.6068499915372999,0,LOCAL_RETURN_SHOCK,0.6068499915372999,0.4906803889672303,0.0932725199543881,0.21597815448931998,0.38441943411046253,0.6647422680412371,TRAINING_REFERENCE
2021-09-08,8.4597,NORMAL,False,0.744388698286053,0,LOCAL_RETURN_SHOCK,0.744388698286053,0.6186744518802434,0.40136830102622795,0.335118234744485,0.4183758582832704,0.8061855670103093,TRAINING_REFERENCE
2021-09-09,8.4375,NORMAL,False,0.6690825276050079,0,VOLATILITY_ACCELERATION,0.07102906011372585,0.6690825276050079,0.372405929304446,0.06560516330366,0.38311777840962236,0.654020618556701,TRAINING_REFERENCE
2021-09-10,8.456,NORMAL,False,0.6700566477693122,0,VOLATILITY_ACCELERATION,0.12597909013009043,0.6700566477693122,0.32269099201824203,0.0548148148148125,0.3790238742133265,0.6251546391752577,TRAINING_REFERENCE
2021-09-13,8.4255,NORMAL,False,0.6494086078802362,0,VOLATILITY_ACCELERATION,0.14824426007748814,0.6494086078802362,0.35274722030759,0.09017265846735999,0.37925963026811377,0.6272164948453608,TRAINING_REFERENCE
2021-09-14,8.4336,NORMAL,False,0.6314114403250699,0,VOLATILITY_ACCELERATION,0.05203805720603158,0.6314114403250699,0.208175425466256,0.0240341819476625,0.36725634668768037,0.5117525773195877,TRAINING_REFERENCE
2021-09-15,8.4278,NORMAL,False,0.22456626241697486,0,VOLATILITY_ACCELERATION,0.0339548883979121,0.22456626241697486,0.060248228173407914,0.017193132232975,0.35679316489260654,0.3905154639175258,TRAINING_REFERENCE
2021-09-16,8.5237,NORMAL,False,0.5398682023946514,0,LOCAL_RETURN_SHOCK,0.5398682023946514,0.5158496268750647,0.20922125887217397,0.2844751892546125,0.3843331628475893,0.6639175257731958,TRAINING_REFERENCE
2021-09-17,8.6468,NORMAL,False,0.6907531607209472,0,VOLATILITY_ACCELERATION,0.6200478239087219,0.6907531607209472,0.5213868661770079,0.36105212525076996,0.4194726855540026,0.8098969072164949,TRAINING_REFERENCE
2021-09-20,8.6661,NORMAL,False,0.622652037906458,0,DRAWDOWN_SHIFT,0.04752224260352582,0.6027692706817047,0.622652037906458,0.0558009899616,0.3927418275456889,0.7162886597938144,TRAINING_REFERENCE
2021-09-21,8.6273,NORMAL,False,0.717172808367836,0,VOLATILITY_ACCELERATION,0.23721039963464766,0.717172808367836,0.58160066498821,0.11193039544893249,0.398287358101931,0.7402061855670103,TRAINING_REFERENCE
2021-09-22,8.6503,NORMAL,False,0.6801753087153932,0,VOLATILITY_ACCELERATION,0.050771420773651606,0.6801753087153932,0.666672169855744,0.0666488936283625,0.3965864620038,0.7327835051546392,TRAINING_REFERENCE
2021-09-23,8.7616,NORMAL,False,0.6846492933213676,0,VOLATILITY_ACCELERATION,0.4480929489943465,0.6846492933213676,0.5490455598279379,0.32166514456146,0.40794189934244535,0.774020618556701,TRAINING_REFERENCE
2021-09-24,8.8718,NORMAL,False,0.6199917793131607,0,VOLATILITY_ACCELERATION,0.38463400421675603,0.6199917793131607,0.194690670881144,0.3144402848794725,0.392907844361278,0.7171134020618557,TRAINING_REFERENCE
2021-09-27,8.8202,NORMAL,False,0.7397456434372406,0,VOLATILITY_ACCELERATION,0.32202242855122604,0.7397456434372406,0.034160804015848,0.14540454022859,0.3872712128609994,0.6878350515463918,TRAINING_REFERENCE
2021-09-28,8.869,NORMAL,False,0.6368356402753084,0,VOLATILITY_ACCELERATION,0.100576890504668,0.6368356402753084,0.16673959658671,0.13831885898278748,0.3742832974949545,0.5797938144329897,TRAINING_REFERENCE
2021-09-29,8.9093,NORMAL,False,0.6238642768071713,0,VOLATILITY_ACCELERATION,0.04579639291711003,0.6238642768071713,0.101215739047422,0.1135979253579875,0.37070385131195527,0.5451546391752577,TRAINING_REFERENCE
2021-09-30,8.8805,NORMAL,False,0.6008395289405392,0,VOLATILITY_ACCELERATION,0.2599811432041007,0.6008395289405392,0.064651543892336,0.08081442986541999,0.36465148588805485,0.48371134020618556,TRAINING_REFERENCE
2021-10-01,8.8493,NORMAL,False,0.4220126592915743,0,VOLATILITY_ACCELERATION,0.26285177898324374,0.4220126592915743,0.134690716442368,0.08783289229209999,0.3623380093475626,0.4622680412371134,TRAINING_REFERENCE
2021-10-04,8.8495,NORMAL,False,0.3469952799299339,0,VOLATILITY_ACCELERATION,0.11303951184948544,0.3469952799299339,0.01791811520468799,0.0005650164419834791,0.3447328465697133,0.18597938144329898,TRAINING_REFERENCE
2021-10-05,8.8668,NORMAL,False,0.28163256201289594,0,VOLATILITY_ACCELERATION,0.05294599948363754,0.28163256201289594,0.08909378906698799,0.04887281767331,0.3490529714824398,0.2668041237113402,TRAINING_REFERENCE
2021-10-06,8.8701,NORMAL,False,0.19699745941776642,0,VOLATILITY_ACCELERATION,0.10115885167942623,0.19699745941776642,0.08799793474234399,0.0093043713628375,0.35426991868170987,0.35010309278350515,TRAINING_REFERENCE
2021-10-07,8.8715,NORMAL,False,0.16573500707335048,0,VOLATILITY_ACCELERATION,0.09076729108896202,0.16573500707335048,0.020203607466356,0.003945840520395,0.34767600202042054,0.2424742268041237,TRAINING_REFERENCE
2021-10-08,8.9521,NORMAL,False,0.3162782880203543,0,VOLATILITY_ACCELERATION,0.27061275925365247,0.3162782880203543,0.134690716442368,0.227131826635855,0.35967252505784436,0.4350515463917526,TRAINING_REFERENCE
2021-10-11,9.0012,NORMAL,False,0.31511797959598353,0,VOLATILITY_ACCELERATION,0.10478906403098852,0.31511797959598353,0.13424174738755998,0.137118664894275,0.3575241871440027,0.39835051546391753,TRAINING_REFERENCE
2021-10-12,9.0376,NORMAL,False,0.30809478607508856,0,VOLATILITY_ACCELERATION,0.02953775453137603,0.30809478607508856,0.095405924146678,0.101097631426915,0.3555464084554426,0.3665979381443299,TRAINING_REFERENCE
2021-10-13,9.0824,NORMAL,False,0.26309616879122366,0,VOLATILITY_ACCELERATION,0.06108096170062188,0.26309616879122366,0.08799793474234399,0.12392670620518999,0.36404383085821085,0.4754639175257732,TRAINING_REFERENCE
2021-10-14,9.1834,NORMAL,False,0.30832621879990624,0,LOCAL_RETURN_SHOCK,0.30832621879990624,0.2428748667714435,0.084855151358692,0.27801021756363997,0.3893822446845716,0.7006185567010309,TRAINING_REFERENCE
2021-10-15,9.2566,NORMAL,False,0.22811105895426584,0,VOLATILITY_ACCELERATION,0.1773740267513908,0.22811105895426584,0.0,0.1992726005618825,0.3879918436542691,0.6936082474226805,TRAINING_REFERENCE
2021-10-18,9.3302,NORMAL,False,0.22194189443285414,0,VOLATILITY_ACCELERATION,0.20583487061024788,0.22194189443285414,0.0,0.19877708877989247,0.39696814539147685,0.7352577319587629,TRAINING_REFERENCE
2021-10-19,9.2911,NORMAL,False,0.4611377969563768,0,VOLATILITY_ACCELERATION,0.35432154148249784,0.4611377969563768,0.08381385179309798,0.10476731474137249,0.389169066736718,0.6997938144329897,TRAINING_REFERENCE
2021-10-20,9.2051,NORMAL,False,0.6839502259669605,0,VOLATILITY_ACCELERATION,0.5843227294007874,0.6839502259669605,0.268161454202482,0.2314042470751575,0.4055401433062529,0.7674226804123712,TRAINING_REFERENCE
2021-10-21,9.5061,ANOMALOUS,True,1.1791457978853919,2,LOCAL_RETURN_SHOCK,1.1791457978853919,1.084929013081354,0.0,0.8174816134534124,0.5055078217410058,0.9261855670103093,TRAINING_REFERENCE
2021-10-22,9.6026,ANOMALOUS,True,1.0796695976782527,1,VOLATILITY_ACCELERATION,0.16924475678756015,1.0796695976782527,0.0,0.253784412114325,0.44155365133456254,0.857319587628866,TRAINING_REFERENCE
2021-10-25,9.5845,ANOMALOUS,True,1.144638690176028,1,VOLATILITY_ACCELERATION,0.16725823159003178,1.144638690176028,0.037698123424906,0.0471226542811325,0.4378706271590793,0.8478350515463917,TRAINING_REFERENCE
2021-10-26,9.5312,ANOMALOUS,True,1.1514440461346467,1,VOLATILITY_ACCELERATION,0.28337678044329656,1.1514440461346467,0.06489587265653,0.1390265532891625,0.44112443397165674,0.8556701030927835,TRAINING_REFERENCE
2021-10-27,9.4835,ANOMALOUS,True,1.0944954263296038,1,VOLATILITY_ACCELERATION,0.2436749258647764,1.0944954263296038,0.020103636528100016,0.1251154104414975,0.430739726322023,0.8367010309278351,TRAINING_REFERENCE
2021-10-28,9.527,NORMAL,False,0.45745581372971117,0,VOLATILITY_ACCELERATION,0.0391257920234166,0.45745581372971117,0.157457355299608,0.1146728528496825,0.37323034531734295,0.5665979381443299,TRAINING_REFERENCE
2021-10-29,9.5896,NORMAL,False,0.379922935180172,0,VOLATILITY_ACCELERATION,0.08413637444367156,0.379922935180172,0.027076000249931998,0.1642699695601975,0.3690945361095252,0.5282474226804124,TRAINING_REFERENCE
2021-11-01,9.5363,NORMAL,False,0.40998958789594386,0,VOLATILITY_ACCELERATION,0.27273732305996234,0.40998958789594386,0.100389477849748,0.1389526153332775,0.37974179607567393,0.6329896907216495,TRAINING_REFERENCE
2021-11-02,9.6024,NORMAL,False,0.4255780023732277,0,VOLATILITY_ACCELERATION,0.08710211352633686,0.4255780023732277,0.1482931705996257,0.17328523641243998,0.3660384860224854,0.4977319587628866,TRAINING_REFERENCE
2021-11-03,9.6391,NORMAL,False,0.3469819280847017,0,VOLATILITY_ACCELERATION,0.005782923813423406,0.3469819280847017,0.24805781767438198,0.0955490294093125,0.36680221718183814,0.5055670103092783,TRAINING_REFERENCE
2021-11-04,9.6919,NORMAL,False,0.3586429240046777,0,VOLATILITY_ACCELERATION,0.03533389444981072,0.3586429240046777,0.157457355299608,0.13694224564534252,0.36625630244701124,0.5002061855670104,TRAINING_REFERENCE
2021-11-05,9.6745,NORMAL,False,0.3659436588245341,0,VOLATILITY_ACCELERATION,0.17470397655978964,0.3659436588245341,0.008830271998028,0.044882840309949996,0.36189947473011136,0.45608247422680415,TRAINING_REFERENCE
2021-11-08,9.6775,NORMAL,False,0.25482047190263707,0,VOLATILITY_ACCELERATION,0.10042982447501307,0.25482047190263707,0.10837206562117001,0.007752338622149999,0.36214274946117336,0.46103092783505156,TRAINING_REFERENCE
2021-11-09,9.7322,NORMAL,False,0.23300615763986143,0,VOLATILITY_ACCELERATION,0.0549740806935668,0.23300615763986143,0.00041655385000227696,0.14130715577369998,0.36343838327096445,0.47010309278350515,TRAINING_REFERENCE
2021-11-10,9.8378,NORMAL,False,0.3469952370590025,0,VOLATILITY_ACCELERATION,0.19646640154389775,0.3469952370590025,0.0,0.2712644623004,0.37673752605100175,0.603298969072165,TRAINING_REFERENCE
2021-11-11,9.9049,NORMAL,False,0.35555782576977163,0,VOLATILITY_ACCELERATION,0.07570615477391669,0.35555782576977163,0.0,0.170515765719975,0.36941627037333313,0.5336082474226804,TRAINING_REFERENCE
2021-11-12,9.9909,NORMAL,False,0.2757184256147876,0,VOLATILITY_ACCELERATION,0.13412605692748886,0.2757184256147876,0.035906272247959996,0.21706428131531,0.3859412110480546,0.6754639175257732,TRAINING_REFERENCE
2021-11-15,10.0604,NORMAL,False,0.1739082565134275,0,LARGE_ABSOLUTE_RETURN,0.0852822759721042,0.14276744240517766,0.029715535653484,0.1739082565134275,0.4044890834310455,0.7649484536082474,TRAINING_REFERENCE
2021-11-16,10.3168,NORMAL,False,0.63715160430997,0,LARGE_ABSOLUTE_RETURN,0.5988585487912607,0.5152585521310592,0.0,0.63715160430997,0.4607648218405015,0.8824742268041237,TRAINING_REFERENCE
2021-11-17,10.6327,NORMAL,False,0.76549899193548,0,LARGE_ABSOLUTE_RETURN,0.6302703267197215,0.6857745932245544,0.0,0.76549899193548,0.4984912828471411,0.9204123711340206,TRAINING_REFERENCE
2021-11-18,11.036,NORMAL,False,0.948253971239665,0,LARGE_ABSOLUTE_RETURN,0.701261417846674,0.7246969317673518,0.0,0.948253971239665,0.5546336469455937,0.9587628865979382,TRAINING_REFERENCE
2021-11-19,11.2495,NORMAL,False,0.6175796897069548,0,VOLATILITY_ACCELERATION,0.2540671053719348,0.6175796897069548,0.0,0.483644436389995,0.529685460122813,0.9451546391752578,TRAINING_REFERENCE
2021-11-22,11.4062,NORMAL,False,0.4900825651118943,0,VOLATILITY_ACCELERATION,0.12440499725699164,0.4900825651118943,0.0,0.34823769945331245,0.5249281565941941,0.9397938144329897,TRAINING_REFERENCE
2021-11-23,12.8129,ANOMALOUS,True,3.0831915975522075,3,LARGE_ABSOLUTE_RETURN,2.4421940817521195,1.2501881393252605,0.0,3.0831915975522075,0.7250755677186674,0.9962886597938144,TRAINING_REFERENCE
2021-11-24,11.8876,ANOMALOUS,True,1.8054070507067075,3,LARGE_ABSOLUTE_RETURN,0.7863678427545753,1.6911243955888338,1.444325640565366,1.8054070507067075,0.7183157376215026,0.9950515463917525,TRAINING_REFERENCE
2021-11-25,11.9998,ANOMALOUS,True,1.6875418700946414,2,VOLATILITY_ACCELERATION,0.01810832414453167,1.6875418700946414,1.2691896448110878,0.23596016016689747,0.6767684856606127,0.9892783505154639,TRAINING_REFERENCE
2021-11-26,12.369,ANOMALOUS,True,1.6734054485840528,1,VOLATILITY_ACCELERATION,0.13801632785815457,1.6734054485840528,0.6928954413130519,0.7691794863247725,0.6825725100217062,0.9913402061855671,TRAINING_REFERENCE
2021-11-29,12.817,ANOMALOUS,True,1.654255963627442,1,VOLATILITY_ACCELERATION,0.1683204798324103,1.654255963627442,0.0,0.9054895302773074,0.686529461744229,0.9925773195876288,TRAINING_REFERENCE
2021-11-30,13.6848,ANOMALOUS,True,1.6926737926191748,2,LARGE_ABSOLUTE_RETURN,0.3838972886602497,1.1713808386175457,0.0,1.6926737926191748,0.6792290912771398,0.9901030927835052,TRAINING_REFERENCE
2021-12-01,13.3044,NORMAL,False,0.8883803582083,0,DRAWDOWN_SHIFT,0.3220991512308993,0.7694123949302987,0.8883803582083,0.6949316029463325,0.6617906272989924,0.9884536082474227,TRAINING_REFERENCE
2021-12-02,13.6765,ANOMALOUS,True,1.2570593981140237,1,DRAWDOWN_SHIFT,0.07436463322022456,0.7475196471544068,1.2570593981140237,0.69920477436036,0.658329129009777,0.9880412371134021,TRAINING_REFERENCE
2021-12-03,13.7212,NORMAL,False,0.7781635135000002,0,VOLATILITY_ACCELERATION,0.09897935873797063,0.7781635135000002,0.6928954413130519,0.0817095016999925,0.6396201175460972,0.9863917525773196,TRAINING_REFERENCE
2021-12-06,13.7985,NORMAL,False,0.7681590422444174,0,VOLATILITY_ACCELERATION,0.08508366066665375,0.7681590422444174,0.0,0.14084045127248251,0.6191471855068601,0.9814432989690721,TRAINING_REFERENCE
2021-12-07,13.4845,NORMAL,False,0.568902416929375,0,LARGE_ABSOLUTE_RETURN,0.2790090957165578,0.48799104253421033,0.4551219335435,0.568902416929375,0.6040954885119963,0.9769072164948454,TRAINING_REFERENCE
2021-12-08,13.6624,NORMAL,False,0.39621982719232596,0,VOLATILITY_ACCELERATION,0.025734474792913905,0.39621982719232596,0.35867746339123596,0.32982313026067,0.5919550649027697,0.9727835051546392,TRAINING_REFERENCE
2021-12-09,13.7773,NORMAL,False,0.3017846826944319,0,VOLATILITY_ACCELERATION,0.057960094159654724,0.3017846826944319,0.018597730981667997,0.210248565405785,0.5715744552950958,0.9641237113402061,TRAINING_REFERENCE
2021-12-10,13.8803,NORMAL,False,0.3073648489653256,0,VOLATILITY_ACCELERATION,0.06465813502532429,0.3073648489653256,0.0,0.18690164255695751,0.5721346348071094,0.965360824742268,TRAINING_REFERENCE
2021-12-13,13.8319,NORMAL,False,0.3082655319910256,0,VOLATILITY_ACCELERATION,0.13631980252147327,0.3082655319910256,0.069739126675938,0.0871739083449225,0.5745346006381045,0.9670103092783505,TRAINING_REFERENCE
2021-12-14,14.3961,ANOMALOUS,True,1.0197442144607751,1,LARGE_ABSOLUTE_RETURN,0.15733380949640177,0.3495892885973271,0.4551219335435,1.0197442144607751,0.6328731932671642,0.9851546391752577,TRAINING_REFERENCE
2021-12-15,14.8062,NORMAL,False,0.7121720465959525,0,LARGE_ABSOLUTE_RETURN,0.07127545919720178,0.37598608293405567,0.19726781896583,0.7121720465959525,0.6247450391845278,0.982680412371134,TRAINING_REFERENCE
2021-12-16,15.6828,ANOMALOUS,True,1.4801231916359325,1,LARGE_ABSOLUTE_RETURN,0.27128199755836624,0.5111614230253264,0.030727977678731998,1.4801231916359325,0.6790087205400683,0.9896907216494846,TRAINING_REFERENCE
2021-12-17,16.5047,ANOMALOUS,True,1.310193332823215,1,LARGE_ABSOLUTE_RETURN,0.21537265164218886,0.48971800520018216,0.0,1.310193332823215,0.6902712690860817,0.9934020618556701,TRAINING_REFERENCE
2021-12-20,13.437,ANOMALOUS,True,4.646706695668505,4,LARGE_ABSOLUTE_RETURN,1.2825176610900888,1.4544882979804725,3.647626229858866,4.646706695668505,0.7687667257240295,0.9983505154639175,TRAINING_REFERENCE
2021-12-21,12.557,ANOMALOUS,True,4.78372827134089,3,DRAWDOWN_SHIFT,0.3091435764972754,1.4087091290635865,4.78372827134089,1.6372702240083323,0.7772766254909154,0.9995876288659794,TRAINING_REFERENCE
2021-12-22,12.19,ANOMALOUS,True,5.22845007785661,2,DRAWDOWN_SHIFT,0.13069521842751639,1.3455233791423196,5.22845007785661,0.73066815322131,0.7725692790018654,0.9991752577319588,TRAINING_REFERENCE
2021-12-23,11.2898,ANOMALOUS,True,6.319290868661652,3,DRAWDOWN_SHIFT,0.34804165974419543,1.1136597794526837,6.319290868661652,1.8461853978671026,0.789681149879476,1.0,TRAINING_REFERENCE
2021-12-24,10.9914,ANOMALOUS,True,6.680884838864079,1,DRAWDOWN_SHIFT,0.10881247354104219,0.8348747572636775,6.680884838864079,0.660773441513575,0.7716645805205665,0.9987628865979381,TRAINING_REFERENCE
2021-12-27,11.567,ANOMALOUS,True,2.2660211939629313,2,DRAWDOWN_SHIFT,0.24652762321831864,0.6346179428339653,2.2660211939629313,1.30920537875066,0.7426815926504539,0.9971134020618557,TRAINING_REFERENCE
2021-12-28,11.828,NORMAL,False,0.8833847328336775,0,DRAWDOWN_SHIFT,0.11175808429034188,0.6238102823618884,0.8833847328336775,0.5641047808420501,0.7081817856006104,0.9938144329896907,TRAINING_REFERENCE
2021-12-29,12.668,ANOMALOUS,True,1.7754480892796725,1,LARGE_ABSOLUTE_RETURN,0.34222553583740883,0.7351549752556205,0.5792289469060319,1.7754480892796725,0.7145359139642089,0.9946391752577319,TRAINING_REFERENCE
2021-12-30,13.1706,ANOMALOUS,True,2.2791083751900962,1,DRAWDOWN_SHIFT,0.17329499766549164,0.45784663646633267,2.2791083751900962,0.9918692769182225,0.7084160437555698,0.9942268041237113,TRAINING_REFERENCE
2021-12-31,13.2844,ANOMALOUS,True,2.7786024586935834,1,DRAWDOWN_SHIFT,0.03740021153599382,0.3022167701597954,2.7786024586935834,0.21601141937345,0.6850510307535512,0.9921649484536083,TRAINING_REFERENCE
2022-01-03,13.0819,ANOMALOUS,True,1.8357195223178835,1,DRAWDOWN_SHIFT,0.06555523708867837,0.4002999607408295,1.8357195223178835,0.3810860859353825,0.6844993023675789,0.9917525773195877,TRAINING_REFERENCE
2022-01-04,13.4246,ANOMALOUS,True,1.9347216247493138,1,DRAWDOWN_SHIFT,0.11534653743346822,0.3991355487726567,1.9347216247493138,0.6549125127083975,0.6822936047064809,0.9909278350515464,TRAINING_REFERENCE
2022-01-05,13.643,ANOMALOUS,True,1.1814816385635623,1,DRAWDOWN_SHIFT,0.06261140631335207,0.25267992659588495,1.1814816385635623,0.4067160287829825,0.6401518067320423,0.9872164948453608,TRAINING_REFERENCE
2022-01-06,13.8301,NORMAL,False,0.799166298084788,0,DRAWDOWN_SHIFT,0.05106512548668908,0.18981921730650142,0.799166298084788,0.34284981309095997,0.6201324123624331,0.9818556701030928,TRAINING_REFERENCE
2022-01-07,13.8328,NORMAL,False,0.6645379800905199,0,DRAWDOWN_SHIFT,0.007496072376049444,0.19742360797106298,0.6645379800905199,0.004880658852795,0.6077239661999022,0.9781443298969072,TRAINING_REFERENCE
2022-01-10,13.8227,NORMAL,False,0.897683690100396,0,DRAWDOWN_SHIFT,0.009881596025739682,0.14006245072799617,0.897683690100396,0.0182537158059125,0.6188944213651576,0.9810309278350515,TRAINING_REFERENCE
2022-01-11,13.8005,NORMAL,False,0.455506613267736,0,DRAWDOWN_SHIFT,0.014188922437614203,0.10653460484702917,0.455506613267736,0.040151345250925,0.5959006443741929,0.9748453608247423,TRAINING_REFERENCE
2022-01-12,13.2242,ANOMALOUS,True,1.043983913626315,1,LARGE_ABSOLUTE_RETURN,0.17791282375818665,0.25439275552888146,0.5074918053645322,1.043983913626315,0.6502588070691481,0.9876288659793815,TRAINING_REFERENCE
2022-01-13,13.5696,NORMAL,False,0.65296955581434,0,LARGE_ABSOLUTE_RETURN,0.1284431023193795,0.2959947403471456,0.3156676583033924,0.65296955581434,0.6351058373571367,0.9855670103092784,TRAINING_REFERENCE
2022-01-14,13.5384,NORMAL,False,0.356746866044218,0,DRAWDOWN_SHIFT,0.014267336667651077,0.29503138026041353,0.356746866044218,0.057481429076759995,0.622105567921433,0.9822680412371134,TRAINING_REFERENCE
2022-01-17,13.4402,NORMAL,False,0.46350433512877764,0,DRAWDOWN_SHIFT,0.00466873685403086,0.2942687465317591,0.46350433512877764,0.1813360515275025,0.6042018263024834,0.977319587628866,TRAINING_REFERENCE
2022-01-18,13.528,NORMAL,False,0.33020897077802036,0,DRAWDOWN_SHIFT,0.04051541702897854,0.3015730022028777,0.33020897077802036,0.1633160220830025,0.5991494328072993,0.9760824742268042,TRAINING_REFERENCE
2022-01-19,13.4321,NORMAL,False,0.2519282386229382,0,DRAWDOWN_SHIFT,0.08627986419332455,0.17006423451056465,0.2519282386229382,0.17722501478415,0.5753991752660834,0.9674226804123711,TRAINING_REFERENCE
2022-01-20,13.3634,NORMAL,False,0.2498682193556978,0,DRAWDOWN_SHIFT,0.0817286036028021,0.06947326564769947,0.2498682193556978,0.127865337512375,0.5640149773606425,0.962061855670103,TRAINING_REFERENCE
2022-01-21,13.4644,NORMAL,False,0.1889489201849825,0,LARGE_ABSOLUTE_RETURN,0.011724673586988709,0.09078193075088767,0.08967142692687391,0.1889489201849825,0.5443758266425487,0.9542268041237113,TRAINING_REFERENCE
2022-01-24,13.5109,NORMAL,False,0.08633878969727499,0,LARGE_ABSOLUTE_RETURN,0.07062848746795983,0.08215585963990696,0.08567256599634976,0.08633878969727499,0.5278210650816029,0.9435051546391753,TRAINING_REFERENCE
2022-01-25,13.4821,NORMAL,False,0.11111678239166606,0,LOCAL_RETURN_SHOCK,0.11111678239166606,0.07391837713048849,0.055620520215453606,0.0532903063452425,0.5313812647096627,0.9468041237113402,TRAINING_REFERENCE
2022-01-26,13.5904,NORMAL,False,0.20082183042701,0,LARGE_ABSOLUTE_RETURN,0.013480875380405216,0.07102361172336318,0.19182414706114204,0.20082183042701,0.5177529488758313,0.9323711340206186,TRAINING_REFERENCE
2022-01-27,13.6469,NORMAL,False,0.34353850721309587,0,DRAWDOWN_SHIFT,0.007340587091338014,0.04962539638141085,0.34353850721309587,0.10393365905345,0.52394494572902,0.9389690721649484,TRAINING_REFERENCE
2022-01-28,13.5203,NORMAL,False,0.23192080252657998,0,LARGE_ABSOLUTE_RETURN,0.18906352587567904,0.08167168435357604,0.06773828061097775,0.23192080252657998,0.5224045442462611,0.9364948453608247,TRAINING_REFERENCE
2022-01-31,13.3266,NORMAL,False,0.35816512947198,0,LARGE_ABSOLUTE_RETURN,0.2574957136513981,0.11195431498485234,0.22333032408950404,0.35816512947198,0.5454614170985983,0.9550515463917526,TRAINING_REFERENCE
2022-02-01,13.3612,NORMAL,False,0.1465037231818822,0,DRAWDOWN_SHIFT,0.026395703978741386,0.1157156185301442,0.1465037231818822,0.06490777842810751,0.5194969553349393,0.9336082474226804,TRAINING_REFERENCE
2022-02-02,13.4673,NORMAL,False,0.198522587791515,0,LARGE_ABSOLUTE_RETURN,0.14874153429443632,0.11544106326195687,0.14916963046889997,0.198522587791515,0.5205473127877739,0.9344329896907216,TRAINING_REFERENCE
2022-02-03,13.5672,NORMAL,False,0.18544919917132752,0,LARGE_ABSOLUTE_RETURN,0.15132165275310977,0.12273100988460503,0.09657855035232366,0.18544919917132752,0.515514071933974,0.9298969072164949,TRAINING_REFERENCE
2022-02-04,13.5595,NORMAL,False,0.10987426994994344,0,VOLATILITY_ACCELERATION,0.006038758624901728,0.10987426994994344,0.047501620750451945,0.014188631405152499,0.4978050814169377,0.92,TRAINING_REFERENCE
2022-02-07,13.59,NORMAL,False,0.31918180881809644,0,DRAWDOWN_SHIFT,0.06137526309444773,0.04416401473737131,0.31918180881809644,0.056233636933515,0.520658361859675,0.9348453608247422,TRAINING_REFERENCE
2022-02-08,13.5614,NORMAL,False,0.2425975631183841,0,DRAWDOWN_SHIFT,0.025858030373583956,0.05540734083736244,0.2425975631183841,0.052612214863865,0.5146191492621505,0.9294845360824743,TRAINING_REFERENCE
2022-02-09,13.5412,NORMAL,False,0.08955024932292,0,DRAWDOWN_SHIFT,0.013472282468207523,0.047561809293316895,0.08955024932292,0.03723804326987,0.5044686011529838,0.9249484536082474,TRAINING_REFERENCE
2022-02-10,13.5115,NORMAL,False,0.09895919452724175,0,LOCAL_RETURN_SHOCK,0.09895919452724175,0.022471217362110402,0.06749592540306604,0.054832658848547496,0.5251904853133246,0.9402061855670103,TRAINING_REFERENCE
2022-02-11,13.501,NORMAL,False,0.07088889831381562,0,DRAWDOWN_SHIFT,0.022926320529516073,0.022435763243899363,0.07088889831381562,0.0194278947563175,0.5222293235963475,0.9360824742268041,TRAINING_REFERENCE
2022-02-14,13.5948,NORMAL,False,0.27926987119860736,0,LOCAL_RETURN_SHOCK,0.27926987119860736,0.047620953712930084,0.005816524989851746,0.1736908377157225,0.5164099448325197,0.9311340206185567,TRAINING_REFERENCE
2022-02-15,13.6078,NORMAL,False,0.05622640823522984,0,DRAWDOWN_SHIFT,0.014547999338062436,0.049028076373342715,0.05622640823522984,0.02390619942919,0.4891419263021701,0.9109278350515464,TRAINING_REFERENCE
2022-02-16,13.6015,NORMAL,False,0.07307009518500773,0,DRAWDOWN_SHIFT,0.03163398960865846,0.049022799282977224,0.07307009518500773,0.011574244183480001,0.4870634253297285,0.9084536082474227,TRAINING_REFERENCE
2022-02-17,13.5839,NORMAL,False,0.08773258526358962,0,DRAWDOWN_SHIFT,0.08240678044499962,0.046604071574153465,0.08773258526358962,0.0323493732308925,0.49086375858249065,0.9125773195876289,TRAINING_REFERENCE
2022-02-18,13.6522,NORMAL,False,0.18322053718031972,0,DRAWDOWN_SHIFT,0.182633456666197,0.04955329351021193,0.18322053718031972,0.125700277534435,0.4939752671341169,0.9158762886597939,TRAINING_REFERENCE
2022-02-21,13.6754,NORMAL,False,0.09766914878792221,0,DRAWDOWN_SHIFT,0.04417835134285876,0.03408950688597226,0.09766914878792221,0.04248399525351,0.48864387070427506,0.9096907216494845,TRAINING_REFERENCE
2022-02-22,13.8129,NORMAL,False,0.4227283668355977,0,LOCAL_RETURN_SHOCK,0.4227283668355977,0.06652879982984092,0.2485352657121942,0.2513637626687375,0.5069883303302436,0.9270103092783505,TRAINING_REFERENCE
2022-02-23,13.8286,NORMAL,False,0.2751943385823441,0,DRAWDOWN_SHIFT,0.003919665624815825,0.06330029001555376,0.2751943385823441,0.028415466701412498,0.4859918688932702,0.9072164948453608,TRAINING_REFERENCE
2022-02-24,14.0966,NORMAL,False,0.8115159764956958,0,LOCAL_RETURN_SHOCK,0.8115159764956958,0.1092333198866563,0.6212775754785022,0.484503131191875,0.549735007790374,0.9575257731958763,TRAINING_REFERENCE
2022-02-25,13.8788,NORMAL,False,0.6087439949539472,0,LOCAL_RETURN_SHOCK,0.6087439949539472,0.1859600217742029,0.27458845056256787,0.3862633542840125,0.5260723669949244,0.9418556701030928,TRAINING_REFERENCE
2022-02-28,13.8723,NORMAL,False,0.23859870218785995,0,DRAWDOWN_SHIFT,0.05911212939352622,0.18752235961409525,0.23859870218785995,0.011708505058075,0.48955583097562694,0.9117525773195876,TRAINING_REFERENCE
2022-03-01,13.9088,NORMAL,False,0.17944516272498182,0,VOLATILITY_ACCELERATION,0.02239140517025419,0.17944516272498182,0.1162093221930699,0.0657785659191325,0.4798541481800414,0.8993814432989691,TRAINING_REFERENCE
2022-03-02,14.0869,NORMAL,False,0.40124500914977174,0,LOCAL_RETURN_SHOCK,0.40124500914977174,0.19378873972970134,0.31300175101637795,0.3201210744277025,0.5077161512480619,0.9278350515463918,TRAINING_REFERENCE
2022-03-03,14.1434,NORMAL,False,0.14928213358595446,0,VOLATILITY_ACCELERATION,0.06183092110708554,0.14928213358595446,0.05671111865104994,0.1002704640481575,0.47243943323248977,0.8944329896907216,TRAINING_REFERENCE
2022-03-04,14.2244,NORMAL,False,0.41878979926929627,0,DRAWDOWN_SHIFT,0.13071670849818318,0.07179855377225183,0.41878979926929627,0.14317632252499,0.4889749236763979,0.9105154639175258,TRAINING_REFERENCE
2022-03-07,14.3929,NORMAL,False,0.6308506061909641,0,DRAWDOWN_SHIFT,0.3394100366397869,0.06724441551208309,0.6308506061909641,0.2961460588847325,0.524638578581655,0.9393814432989691,TRAINING_REFERENCE
2022-03-08,14.5004,NORMAL,False,0.7168867049991839,0,DRAWDOWN_SHIFT,0.15746078461265187,0.05610174676785756,0.7168867049991839,0.1867240097548125,0.5209560023267975,0.9352577319587629,TRAINING_REFERENCE
2022-03-09,14.6594,NORMAL,False,0.69374178264373,0,DRAWDOWN_SHIFT,0.26258476599168035,0.049395874535499824,0.69374178264373,0.27413036881741,0.5333437310543779,0.9484536082474226,TRAINING_REFERENCE
2022-03-10,14.8751,NORMAL,False,0.8866565281404681,0,DRAWDOWN_SHIFT,0.3659842370333075,0.054001979916066416,0.8866565281404681,0.3678527088421075,0.5505136801872142,0.9579381443298969,TRAINING_REFERENCE
2022-03-11,14.7786,ANOMALOUS,True,2.633465876080528,1,DRAWDOWN_SHIFT,0.3758484838549666,0.12883512677150977,2.633465876080528,0.1621837836384275,0.542767998843766,0.9529896907216495,TRAINING_REFERENCE
2022-03-14,14.7808,ANOMALOUS,True,2.4322395767237595,1,DRAWDOWN_SHIFT,0.1402485908547554,0.1985883779189304,2.4322395767237595,0.00372159744495,0.49340922102804247,0.9154639175257732,TRAINING_REFERENCE
2022-03-15,14.7037,ANOMALOUS,True,2.198310483820912,1,DRAWDOWN_SHIFT,0.29855462814331035,0.24411933406528913,2.198310483820912,0.1304056613985675,0.48260828953791873,0.9035051546391752,TRAINING_REFERENCE
2022-03-16,14.6193,ANOMALOUS,True,1.8921598648143,1,DRAWDOWN_SHIFT,0.2959709064995992,0.23228978232178524,1.8921598648143,0.1435012955922625,0.47385409868747186,0.8952577319587629,TRAINING_REFERENCE
2022-03-17,14.7144,ANOMALOUS,True,1.7586444597068078,1,DRAWDOWN_SHIFT,0.08519784266668888,0.1690133020820233,1.7586444597068078,0.16262748558412,0.4619478954395151,0.8845360824742268,TRAINING_REFERENCE
2022-03-18,14.7905,NORMAL,False,0.18006256411435745,0,VOLATILITY_ACCELERATION,0.03405896393574946,0.18006256411435745,0.015999892437698008,0.12929511227097,0.38359835218839006,0.657319587628866,TRAINING_REFERENCE
2022-03-21,14.8331,NORMAL,False,0.20022887683353768,0,VOLATILITY_ACCELERATION,0.03498512858792735,0.20022887683353768,0.070318854999296,0.072005679321185,0.37326354233266346,0.5674226804123711,TRAINING_REFERENCE
2022-03-22,14.8285,NORMAL,False,0.17107593730735515,0,VOLATILITY_ACCELERATION,0.13278856717326204,0.17107593730735515,0.16779719127938797,0.0077529309449799995,0.37505468189589325,0.5880412371134021,TRAINING_REFERENCE
2022-03-23,14.8296,NORMAL,False,0.28275440165107796,0,DRAWDOWN_SHIFT,0.10650643532161017,0.13377495025316088,0.28275440165107796,0.0018545368715650046,0.37857086379542965,0.6197938144329896,TRAINING_REFERENCE
2022-03-24,14.8366,NORMAL,False,0.16430141646106797,0,DRAWDOWN_SHIFT,0.0926042212572577,0.11415337104478152,0.16430141646106797,0.0118007228785675,0.37002587768802897,0.5385567010309278,TRAINING_REFERENCE
2022-03-25,14.8317,NORMAL,False,0.09870286372780553,0,LOCAL_RETURN_SHOCK,0.09870286372780553,0.06596829863804086,0.055394585582618,0.0082566086569725,0.373250520626976,0.5670103092783505,TRAINING_REFERENCE
2022-03-28,14.829,NORMAL,False,0.14424596942293402,0,LOCAL_RETURN_SHOCK,0.14424596942293402,0.016958696673232944,0.005512567982736,0.0045510629260275,0.38604918258271953,0.6775257731958763,TRAINING_REFERENCE
2022-03-29,14.5738,NORMAL,False,0.8427758800033422,0,LOCAL_RETURN_SHOCK,0.8427758800033422,0.39717874534733133,0.342451479317786,0.43023804706992996,0.4387989223267543,0.8503092783505155,TRAINING_REFERENCE
2022-03-30,14.6667,NORMAL,False,0.46463992711306956,0,VOLATILITY_ACCELERATION,0.13111773034961302,0.46463992711306956,0.21902373765554198,0.159361319628375,0.37789666837459995,0.6144329896907217,TRAINING_REFERENCE
2022-03-31,14.6724,NORMAL,False,0.47130070487435655,0,VOLATILITY_ACCELERATION,0.05662465135142245,0.47130070487435655,0.22077162506470996,0.0097158870093475,0.372333149808777,0.5595876288659793,TRAINING_REFERENCE
2022-04-01,14.6857,NORMAL,False,0.475698647299679,0,VOLATILITY_ACCELERATION,0.03274726428188586,0.475698647299679,0.19630120133645998,0.022661595921594998,0.370866050927004,0.5459793814432989,TRAINING_REFERENCE
2022-04-04,14.6795,NORMAL,False,0.47514701438547,0,VOLATILITY_ACCELERATION,0.07051032437206868,0.47514701438547,0.20100705205342997,0.010554484975177499,0.3717605279077645,0.554639175257732,TRAINING_REFERENCE
2022-04-05,14.722,NORMAL,False,0.199259164644268,0,DRAWDOWN_SHIFT,0.0689036685690415,0.1449771185458174,0.199259164644268,0.07237984944991,0.3695231523194792,0.5348453608247423,TRAINING_REFERENCE
2022-04-06,14.7139,NORMAL,False,0.09276292402935957,0,VOLATILITY_ACCELERATION,0.04968708999210905,0.09276292402935957,0.06346175824027997,0.013754924602632501,0.36207043240082326,0.4589690721649485,TRAINING_REFERENCE
2022-04-07,14.7429,NORMAL,False,0.11008228326523711,0,VOLATILITY_ACCELERATION,0.07066069258283603,0.11008228326523711,0.094789278727542,0.0492731362860975,0.3565999026851067,0.38804123711340205,TRAINING_REFERENCE
2022-04-08,14.7443,NORMAL,False,0.11404334922729965,0,VOLATILITY_ACCELERATION,0.025065292577482932,0.11404334922729965,0.078789386289838,0.002374024106521766,0.3529769406473247,0.3290721649484536,TRAINING_REFERENCE
2022-04-11,14.6631,NORMAL,False,0.2664559457457122,0,LOCAL_RETURN_SHOCK,0.2664559457457122,0.24196739455337835,0.02205027193094799,0.1376803239217875,0.36116791305483137,0.4511340206185567,TRAINING_REFERENCE
2022-04-12,14.6013,NORMAL,False,0.23059392217856886,0,VOLATILITY_ACCELERATION,0.18366326275576006,0.23059392217856886,0.16228462329664797,0.10536653231580999,0.36861279906444155,0.5216494845360825,TRAINING_REFERENCE
2022-04-13,14.6003,NORMAL,False,0.23731096309530558,0,VOLATILITY_ACCELERATION,0.012974673171958533,0.23731096309530558,0.152738468985084,0.0017121763130678591,0.3582367248776926,0.4094845360824742,TRAINING_REFERENCE
2022-04-14,14.6048,NORMAL,False,0.20901258815329696,0,VOLATILITY_ACCELERATION,0.01803589170986959,0.20901258815329696,0.18567942400387602,0.007705321123534999,0.36157901649052043,0.4536082474226804,TRAINING_REFERENCE
2022-04-15,14.6352,NORMAL,False,0.2454639447990964,0,VOLATILITY_ACCELERATION,0.1282172259540581,0.2454639447990964,0.146688089491836,0.05203768624014,0.3585624632134935,0.4177319587628866,TRAINING_REFERENCE
2022-04-18,14.64,NORMAL,False,0.17791815646490042,0,VOLATILITY_ACCELERATION,0.0456933499949629,0.17791815646490042,0.03105861473200005,0.008199409642504998,0.34765455756881175,0.2420618556701031,TRAINING_REFERENCE
2022-04-19,14.6554,NORMAL,False,0.09300569896002822,0,LOCAL_RETURN_SHOCK,0.09300569896002822,0.06510554661538154,0.07273900679659398,0.026297814207647503,0.35673542796056584,0.39010309278350513,TRAINING_REFERENCE
2022-04-20,14.6728,NORMAL,False,0.09747833628009402,0,DRAWDOWN_SHIFT,0.09636675536272754,0.05632459626706278,0.09747833628009402,0.029681891998854997,0.3584149533214688,0.4160824742268041,TRAINING_REFERENCE
2022-04-21,14.7041,NORMAL,False,0.14452074137291582,0,LOCAL_RETURN_SHOCK,0.14452074137291582,0.05862268010254729,0.133511707484322,0.0533299711029925,0.3607371083161114,0.44577319587628866,TRAINING_REFERENCE
2022-04-22,14.7517,NORMAL,False,0.198642540138358,0,LOCAL_RETURN_SHOCK,0.198642540138358,0.08872487611442985,0.15663760243628597,0.08092980869281251,0.3582614387122656,0.41154639175257735,TRAINING_REFERENCE
2022-04-25,14.7686,NORMAL,False,0.172906400629238,0,DRAWDOWN_SHIFT,0.07478629195158083,0.07845843303657858,0.172906400629238,0.028640766826874997,0.35582463345912113,0.3698969072164948,TRAINING_REFERENCE
2022-04-26,14.8077,NORMAL,False,0.204771732627006,0,DRAWDOWN_SHIFT,0.15083339695866096,0.07626541690263856,0.204771732627006,0.06618772260065,0.3671402110477514,0.5105154639175258,TRAINING_REFERENCE
2022-04-27,14.8168,NORMAL,False,0.19361214378390798,0,DRAWDOWN_SHIFT,0.01838419835092693,0.09048095756340822,0.19361214378390798,0.01536362838253,0.3575773005408611,0.4,TRAINING_REFERENCE
2022-04-28,14.7915,NORMAL,False,0.2586813235475199,0,LOCAL_RETURN_SHOCK,0.2586813235475199,0.16445875618064976,0.11751181504661999,0.0426880298040075,0.3531579673003744,0.3311340206185567,TRAINING_REFERENCE
2022-04-29,14.8562,NORMAL,False,0.4505962571389434,0,LOCAL_RETURN_SHOCK,0.4505962571389434,0.19290612996567544,0.14050325712096,0.1093533448264175,0.35636623494952185,0.38309278350515463,TRAINING_REFERENCE
2022-05-02,14.8784,NORMAL,False,0.192508718112608,0,VOLATILITY_ACCELERATION,0.09634247272565861,0.192508718112608,0.143192314673514,0.037358140035807494,0.3453996553577325,0.20164948453608247,TRAINING_REFERENCE
2022-05-03,14.7987,NORMAL,False,0.6366985132919135,0,LOCAL_RETURN_SHOCK,0.6366985132919135,0.3067245083788538,0.016513936304277995,0.13391896978169499,0.3743334439603123,0.5806185567010309,TRAINING_REFERENCE
2022-05-04,14.7399,NORMAL,False,0.39783297985156946,0,LOCAL_RETURN_SHOCK,0.39783297985156946,0.3329671774803378,0.107789905239054,0.0993330495246175,0.3681750623621928,0.5179381443298969,TRAINING_REFERENCE
2022-05-05,14.8667,NORMAL,False,0.7537966152158794,0,LOCAL_RETURN_SHOCK,0.7537966152158794,0.4808926103043288,0.09667510811638401,0.21506251738478246,0.37571083859091464,0.5942268041237113,TRAINING_REFERENCE
2022-05-06,14.953,NORMAL,False,0.4992312999963529,0,VOLATILITY_ACCELERATION,0.39710863683597203,0.4992312999963529,0.025411593871637998,0.14512299299776998,0.35741412217524027,0.3971134020618557,TRAINING_REFERENCE
2022-05-09,15.0973,NORMAL,False,0.6221175015613368,0,LOCAL_RETURN_SHOCK,0.6221175015613368,0.5827971575880915,0.0,0.24125593526382746,0.3759317377828968,0.596701030927835,TRAINING_REFERENCE
2022-05-10,15.2561,NORMAL,False,0.5946898662838269,0,LOCAL_RETURN_SHOCK,0.5946898662838269,0.4771451429756945,0.10713517582535599,0.26296092678822997,0.3858203570751057,0.6734020618556701,TRAINING_REFERENCE
2022-05-11,15.3022,NORMAL,False,0.24848773649752295,0,VOLATILITY_ACCELERATION,0.05031743679164991,0.24848773649752295,0.18617593289600798,0.07554355307057249,0.3741247287750854,0.5773195876288659,TRAINING_REFERENCE
2022-05-12,15.3562,NORMAL,False,0.27875415179882945,0,VOLATILITY_ACCELERATION,0.07258512207266413,0.27875415179882945,0.015727497580384,0.08822260851380999,0.3629621287169951,0.4672164948453608,TRAINING_REFERENCE
2022-05-13,15.4792,NORMAL,False,0.34227873619735716,0,LOCAL_RETURN_SHOCK,0.34227873619735716,0.2794671589460554,0.0,0.2002448522420925,0.3771700527389258,0.608659793814433,TRAINING_REFERENCE
2022-05-16,15.56,NORMAL,False,0.2539244098052933,0,VOLATILITY_ACCELERATION,0.14341003850547165,0.2539244098052933,0.0,0.13049770013953998,0.3710739713262514,0.5476288659793814,TRAINING_REFERENCE
2022-05-17,15.9107,ANOMALOUS,True,1.1646442653686664,1,LOCAL_RETURN_SHOCK,1.1646442653686664,0.6059840626865169,0.0,0.5634640102827749,0.45319279710618837,0.8725773195876289,TRAINING_REFERENCE
2022-05-18,15.95,NORMAL,False,0.6133282990582081,0,VOLATILITY_ACCELERATION,0.06933235646188596,0.6133282990582081,0.0,0.061750897194967506,0.38783566232017114,0.6923711340206186,TRAINING_REFERENCE
2022-05-19,15.8538,NORMAL,False,0.8153593994785537,0,VOLATILITY_ACCELERATION,0.4279910149637375,0.8153593994785537,0.12062695924764799,0.15078369905956,0.41177962667092677,0.7863917525773196,TRAINING_REFERENCE
2022-05-20,15.9051,NORMAL,False,0.8763466426712735,0,VOLATILITY_ACCELERATION,0.021704313937566024,0.8763466426712735,0.056300940438870004,0.08089543200999,0.39327487554898427,0.7183505154639175,TRAINING_REFERENCE
2022-05-23,15.9263,NORMAL,False,0.8918440825260904,0,VOLATILITY_ACCELERATION,0.09616486244954105,0.8918440825260904,0.029717868338556,0.0333226449377875,0.3895540822483588,0.7014432989690722,TRAINING_REFERENCE
2022-05-24,16.064,NORMAL,False,0.43764034454211426,0,VOLATILITY_ACCELERATION,0.18975919613072711,0.43764034454211426,0.0,0.2161518996879375,0.37392699698014426,0.5752577319587628,TRAINING_REFERENCE
2022-05-25,16.3832,NORMAL,False,0.7671411166033277,0,VOLATILITY_ACCELERATION,0.6095534973743878,0.7671411166033277,0.0,0.49676294820716754,0.4322644665616221,0.8391752577319588,TRAINING_REFERENCE
2022-05-26,16.3659,NORMAL,False,0.6615909808577147,0,VOLATILITY_ACCELERATION,0.20949113853501908,0.6615909808577147,0.099507763974444,0.026398994091504997,0.3921739590779168,0.7138144329896907,TRAINING_REFERENCE
2022-05-27,16.1993,NORMAL,False,0.8672340517245531,0,VOLATILITY_ACCELERATION,0.5251835769237224,0.8672340517245531,0.16819732607804597,0.25449257297184746,0.41834751024273253,0.8057731958762887,TRAINING_REFERENCE
2022-05-30,16.38,NORMAL,False,0.8950451438692839,0,VOLATILITY_ACCELERATION,0.2111769920006753,0.8950451438692839,0.02581142759438,0.27887007463285246,0.4033900199858621,0.7608247422680412,TRAINING_REFERENCE
2022-05-31,16.4148,NORMAL,False,0.8964053117309502,0,VOLATILITY_ACCELERATION,0.08368653705707452,0.8964053117309502,0.0,0.053113553113552495,0.3923015838456145,0.7146391752577319,TRAINING_REFERENCE
2022-06-01,16.4018,NORMAL,False,0.6032919717496015,0,VOLATILITY_ACCELERATION,0.19247122250083495,0.6032919717496015,0.015839364475958,0.0197992055949475,0.3714570660946939,0.5509278350515464,TRAINING_REFERENCE
2022-06-02,16.4566,NORMAL,False,0.6306643292389558,0,VOLATILITY_ACCELERATION,0.0667616258435395,0.6306643292389558,0.021119195273203998,0.083527417722445,0.368974195636066,0.5270103092783505,TRAINING_REFERENCE
2022-06-03,16.4174,NORMAL,False,0.43426773268287844,0,VOLATILITY_ACCELERATION,0.24607528625330102,0.43426773268287844,0.176857806154508,0.059550575453010006,0.3739215807429514,0.5748453608247422,TRAINING_REFERENCE
2022-06-06,16.5859,NORMAL,False,0.3985816326927563,0,VOLATILITY_ACCELERATION,0.1779337823715204,0.3985816326927563,0.003906440744176,0.256587522993895,0.3746531445643157,0.5847422680412371,TRAINING_REFERENCE
2022-06-07,16.7654,NORMAL,False,0.49549120330437857,0,VOLATILITY_ACCELERATION,0.19432498075482518,0.49549120330437857,0.0,0.270561139280955,0.3858435584384707,0.6742268041237114,TRAINING_REFERENCE
2022-06-08,17.1627,NORMAL,False,0.7320928253024694,0,VOLATILITY_ACCELERATION,0.6043671346310385,0.7320928253024694,0.015839364475958,0.5924403831701,0.4543704292748462,0.8742268041237113,TRAINING_REFERENCE
2022-06-09,17.2662,NORMAL,False,0.7077673127370626,0,VOLATILITY_ACCELERATION,0.0067440109126808475,0.7077673127370626,0.0,0.15076299183695,0.41753462941253816,0.8024742268041237,TRAINING_REFERENCE
2022-06-10,17.125,NORMAL,False,0.8400565919054769,0,VOLATILITY_ACCELERATION,0.39716814934633476,0.8400565919054769,0.11591608363685002,0.2044456799990725,0.43362546194758056,0.8408247422680413,TRAINING_REFERENCE
2022-06-13,17.271,NORMAL,False,0.8316981993876135,0,VOLATILITY_ACCELERATION,0.09099716128702424,0.8316981993876135,0.0,0.21313868613138498,0.41236866023189905,0.7876288659793814,TRAINING_REFERENCE
2022-06-14,17.2711,NORMAL,False,0.860598037951061,0,VOLATILITY_ACCELERATION,0.13968856466245794,0.860598037951061,0.0,0.00014475131723812318,0.40619874068742867,0.768659793814433,TRAINING_REFERENCE
2022-06-15,17.2215,NORMAL,False,0.489704663380666,0,VOLATILITY_ACCELERATION,0.20496439284070928,0.489704663380666,0.057436990116438,0.0717962376455475,0.38381197325804167,0.6593814432989691,TRAINING_REFERENCE
2022-06-16,17.3002,NORMAL,False,0.4706824883269537,0,VOLATILITY_ACCELERATION,0.01988962436454026,0.4706824883269537,0.0,0.11424672647563,0.3771495307359926,0.6082474226804123,TRAINING_REFERENCE
2022-06-17,17.3156,NORMAL,False,0.3209358664326878,0,VOLATILITY_ACCELERATION,0.10498135425295925,0.3209358664326878,0.163556543999258,0.0222540779875375,0.37587966326433025,0.5950515463917526,TRAINING_REFERENCE
2022-06-20,17.3282,NORMAL,False,0.19342829328464484,0,VOLATILITY_ACCELERATION,0.1059054892709077,0.19342829328464484,0.0,0.018191688419687498,0.3733859196339505,0.5694845360824742,TRAINING_REFERENCE
2022-06-21,17.3358,NORMAL,False,0.2071939832073117,0,VOLATILITY_ACCELERATION,0.11343247329397706,0.2071939832073117,0.0,0.0109647857250025,0.3719887867057,0.5575257731958763,TRAINING_REFERENCE
2022-06-22,17.3456,NORMAL,False,0.13836798503885575,0,VOLATILITY_ACCELERATION,0.09778248742244586,0.13836798503885575,0.057436990116438,0.0141326042063275,0.3729615697445072,0.5649484536082474,TRAINING_REFERENCE
2022-06-23,17.3501,NORMAL,False,0.08723543949555819,0,LOCAL_RETURN_SHOCK,0.08723543949555819,0.01930439530091568,0.0,0.006485794668385,0.3910367530290515,0.7076288659793815,TRAINING_REFERENCE
2022-06-24,16.8875,NORMAL,False,0.9879636681591876,0,LOCAL_RETURN_SHOCK,0.9879636681591876,0.8200605461657877,0.533253410643168,0.66656676330396,0.4967533456421808,0.9187628865979381,TRAINING_REFERENCE
2022-06-27,16.5309,NORMAL,False,0.94431732381946,0,DRAWDOWN_SHIFT,0.604103260388438,0.841577939225781,0.94431732381946,0.527905255366395,0.5103694038737956,0.928659793814433,TRAINING_REFERENCE
2022-06-28,16.6728,NORMAL,False,0.9514197471071536,0,VOLATILITY_ACCELERATION,0.18904339627997147,0.9514197471071536,0.7807447795689939,0.21459811625501,0.481573306371643,0.9022680412371133,TRAINING_REFERENCE
2022-06-29,16.6478,NORMAL,False,0.9350114247795273,0,VOLATILITY_ACCELERATION,0.053952948214969446,0.9350114247795273,0.8095630572734439,0.0374862050765275,0.47585667223860867,0.8956701030927835,TRAINING_REFERENCE
2022-06-30,16.6919,NORMAL,False,0.957645861179304,0,VOLATILITY_ACCELERATION,0.04267624423122426,0.957645861179304,0.758727615402794,0.0662249666622575,0.47059056744391736,0.8915463917525773,TRAINING_REFERENCE
2022-07-01,16.7427,NORMAL,False,0.7115744310131763,0,VOLATILITY_ACCELERATION,0.0526170762392624,0.7115744310131763,0.16691546446418,0.0760848076012875,0.40222919281478386,0.7558762886597938,TRAINING_REFERENCE
2022-07-04,16.8367,NORMAL,False,0.35250517288084804,0,DRAWDOWN_SHIFT,0.10589688395446652,0.2342545603286539,0.35250517288084804,0.1403596791437475,0.39474088784453043,0.7249484536082474,TRAINING_REFERENCE
2022-07-05,16.9942,NORMAL,False,0.37048777816842393,0,DRAWDOWN_SHIFT,0.20078262435359753,0.2503681819134493,0.37048777816842393,0.2338641182654525,0.3960918748386455,0.7298969072164948,TRAINING_REFERENCE
2022-07-06,17.232,NORMAL,False,0.6734255133976159,0,DRAWDOWN_SHIFT,0.3134330487298416,0.29349743859475785,0.6734255133976159,0.3498252344917675,0.42054794242695653,0.8127835051546392,TRAINING_REFERENCE
2022-07-07,17.2726,NORMAL,False,0.669390954518996,0,DRAWDOWN_SHIFT,0.054657235267185904,0.29786009941937935,0.669390954518996,0.0589020427112325,0.3942602168762412,0.7237113402061855,TRAINING_REFERENCE
2022-07-08,17.289,NORMAL,False,0.62973700439767,0,DRAWDOWN_SHIFT,0.023173926562955416,0.3273856026057761,0.62973700439767,0.023737017009599997,0.3887030214208749,0.6981443298969072,TRAINING_REFERENCE
2022-07-11,17.3744,NORMAL,False,0.591812150938612,0,DRAWDOWN_SHIFT,0.11793264566080072,0.3296312315169006,0.591812150938612,0.1234889235930325,0.38733851399641905,0.6890721649484536,TRAINING_REFERENCE
2022-07-12,17.2915,NORMAL,False,0.4198073282098347,0,VOLATILITY_ACCELERATION,0.13822873591727072,0.4198073282098347,0.314829245621952,0.1192846947232725,0.36824918681117164,0.5191752577319587,TRAINING_REFERENCE
2022-07-13,17.4303,NORMAL,False,0.2918283203480415,0,VOLATILITY_ACCELERATION,0.21275405613602627,0.2918283203480415,0.136137543875828,0.200676633027785,0.35794553916466343,0.40494845360824744,TRAINING_REFERENCE
2022-07-14,17.4493,NORMAL,False,0.2935403922236349,0,VOLATILITY_ACCELERATION,0.011759810295586384,0.2935403922236349,0.08933666088379799,0.027251395558312498,0.34728187675479644,0.23505154639175257,TRAINING_REFERENCE
2022-07-15,17.405,NORMAL,False,0.318727570093769,0,VOLATILITY_ACCELERATION,0.08002306587306204,0.318727570093769,0.019656194894603993,0.06346959476884251,0.3499091637188545,0.27876288659793813,TRAINING_REFERENCE
2022-07-18,17.4615,NORMAL,False,0.30421555264338623,0,VOLATILITY_ACCELERATION,0.07812013035024197,0.30421555264338623,0.0,0.0811548405630575,0.34648487880444967,0.22061855670103092,TRAINING_REFERENCE
2022-07-19,17.5517,NORMAL,False,0.24354901430761075,0,VOLATILITY_ACCELERATION,0.12537587448919812,0.24354901430761075,0.09542775577861799,0.1291412536150925,0.352619208624205,0.3204123711340206,TRAINING_REFERENCE
2022-07-20,17.6228,NORMAL,False,0.18477835300145448,0,VOLATILITY_ACCELERATION,0.0890764059614716,0.18477835300145448,0.0,0.1012722414353,0.3538402016779727,0.34309278350515465,TRAINING_REFERENCE
2022-07-21,17.7149,NORMAL,False,0.19606473680051043,0,VOLATILITY_ACCELERATION,0.11502819121507157,0.19606473680051043,0.0,0.13065460653244249,0.35738816697786907,0.39670103092783504,TRAINING_REFERENCE
2022-07-22,17.7289,NORMAL,False,0.11085818585801195,0,VOLATILITY_ACCELERATION,0.007684866191077332,0.11085818585801195,0.050775675815074,0.019757379381194998,0.35837915957140815,0.4144329896907217,TRAINING_REFERENCE
2022-07-25,17.8005,NORMAL,False,0.10999327684157811,0,VOLATILITY_ACCELERATION,0.05620836500401935,0.10999327684157811,0.0,0.10096509089678,0.362470730413509,0.46309278350515465,TRAINING_REFERENCE
2022-07-26,17.8623,NORMAL,False,0.10146152745631365,0,VOLATILITY_ACCELERATION,0.014099853178288872,0.10146152745631365,0.0,0.08679531473835249,0.36289934902820764,0.4663917525773196,TRAINING_REFERENCE
2022-07-27,17.89,NORMAL,False,0.11459507484577847,0,LOCAL_RETURN_SHOCK,0.11459507484577847,0.11244686723685964,0.0,0.0387688035695275,0.355145603967447,0.3616494845360825,TRAINING_REFERENCE
2022-07-28,17.9301,NORMAL,False,0.08509930468428649,0,LOCAL_RETURN_SHOCK,0.08509930468428649,0.0830522641139754,0.0,0.056036892118497494,0.3579089688805545,0.4045360824742268,TRAINING_REFERENCE
2022-07-29,17.8963,NORMAL,False,0.3394812038109831,0,LOCAL_RETURN_SHOCK,0.3394812038109831,0.14385631642842855,0.037701964852398,0.0471274560654975,0.36527405622223147,0.48989690721649487,TRAINING_REFERENCE
2022-08-01,17.8957,NORMAL,False,0.20041213826908472,0,LOCAL_RETURN_SHOCK,0.20041213826908472,0.12940832502597582,0.038371230500663996,0.0008381620781927612,0.35227144314414294,0.31463917525773194,TRAINING_REFERENCE
2022-08-02,17.9369,NORMAL,False,0.11209973576980756,0,VOLATILITY_ACCELERATION,0.04482048174055502,0.11209973576980756,0.0,0.057555725677115,0.3481555559470952,0.24989690721649485,TRAINING_REFERENCE
2022-08-03,17.924,NORMAL,False,0.2155060276872992,0,LOCAL_RETURN_SHOCK,0.2155060276872992,0.1156837313828662,0.014383756390457999,0.0179796954880725,0.35273634648999086,0.32288659793814434,TRAINING_REFERENCE
2022-08-04,17.9173,NORMAL,False,0.19380168311898954,0,LOCAL_RETURN_SHOCK,0.19380168311898954,0.09588196349666647,0.021854389554494,0.009345012274045,0.3543575582601565,0.3525773195876289,TRAINING_REFERENCE
2022-08-05,17.9111,NORMAL,False,0.1777192666873376,0,LOCAL_RETURN_SHOCK,0.1777192666873376,0.07639585570175939,0.008934452071482002,0.008650856992959999,0.35615287516427035,0.37896907216494846,TRAINING_REFERENCE
2022-08-08,17.9482,NORMAL,False,0.09225423364398262,0,VOLATILITY_ACCELERATION,0.02396039694632152,0.09225423364398262,0.038371230500663996,0.05178353088308,0.3517625381752362,0.3084536082474227,TRAINING_REFERENCE
2022-08-09,17.9694,NORMAL,False,0.08011811851197716,0,VOLATILITY_ACCELERATION,0.03720854812877201,0.08011811851197716,0.0,0.029529423563367498,0.351482319822872,0.302680412371134,TRAINING_REFERENCE
2022-08-10,17.8566,NORMAL,False,0.7829700540396133,0,LOCAL_RETURN_SHOCK,0.7829700540396133,0.21472722938001415,0.111163006439686,0.15693345353768,0.3986983892095053,0.7422680412371134,TRAINING_REFERENCE
2022-08-11,17.9495,NORMAL,False,0.35464169133517087,0,LOCAL_RETURN_SHOCK,0.35464169133517087,0.2808228449253776,0.00029437445543399696,0.13006395394419748,0.3559395700265171,0.3736082474226804,TRAINING_REFERENCE
2022-08-12,17.9542,NORMAL,False,0.2796211114464294,0,VOLATILITY_ACCELERATION,0.09799643259124563,0.2796211114464294,0.011849863888911998,0.0065461433466075,0.3439974358477531,0.1711340206185567,TRAINING_REFERENCE
2022-08-15,17.9724,NORMAL,False,0.27472483469427056,0,VOLATILITY_ACCELERATION,0.04835192407943874,0.27472483469427056,0.0,0.025342259749805,0.3432056099626397,0.14762886597938144,TRAINING_REFERENCE
2022-08-16,17.9548,NORMAL,False,0.2758583700347307,0,VOLATILITY_ACCELERATION,0.21741349491334805,0.2758583700347307,0.019585586788632,0.02448198348579,0.3486880620368929,0.2606185567010309,TRAINING_REFERENCE
2022-08-17,17.9614,NORMAL,False,0.16619013241796687,0,VOLATILITY_ACCELERATION,0.0715938744412056,0.16619013241796687,0.113305771087252,0.0091897431327575,0.3486581220925083,0.2602061855670103,TRAINING_REFERENCE
2022-08-18,18.0848,NORMAL,False,0.5665096162373997,0,LOCAL_RETURN_SHOCK,0.5665096162373997,0.21595997934852212,0.022148764009927997,0.1717572126894325,0.36895519603906707,0.5265979381443299,TRAINING_REFERENCE
2022-08-19,18.0917,NORMAL,False,0.2203750706956222,0,VOLATILITY_ACCELERATION,0.05914193287370929,0.2203750706956222,0.016917648892004,0.009538396885777501,0.34259445117691845,0.13154639175257732,TRAINING_REFERENCE
2022-08-22,18.0851,NORMAL,False,0.23221844977422587,0,VOLATILITY_ACCELERATION,0.124439287213936,0.23221844977422587,0.00729616343406,0.009120204292575,0.34226941465815974,0.12082474226804124,TRAINING_REFERENCE
2022-08-23,18.1129,NORMAL,False,0.21387121417406524,0,VOLATILITY_ACCELERATION,0.06861431874392283,0.21387121417406524,0.019585586788632,0.0384294253280275,0.34240583558644627,0.12577319587628866,TRAINING_REFERENCE
2022-08-24,18.1457,NORMAL,False,0.2066967086812113,0,VOLATILITY_ACCELERATION,0.10557274829527862,0.2066967086812113,0.012240991742892,0.0452716020074125,0.3437535852688912,0.16412371134020617,TRAINING_REFERENCE
2022-08-25,18.1663,NORMAL,False,0.06480487988170675,0,VOLATILITY_ACCELERATION,0.0400444230159149,0.06480487988170675,0.0,0.0283813796105925,0.34926507467216183,0.2709278350515464,TRAINING_REFERENCE
2022-08-26,18.1894,NORMAL,False,0.06195259756048506,0,VOLATILITY_ACCELERATION,0.05872024323659743,0.06195259756048506,0.0,0.031789632451295,0.34824905416431395,0.25237113402061856,TRAINING_REFERENCE
2022-08-29,18.1993,NORMAL,False,0.03531912406277593,0,VOLATILITY_ACCELERATION,0.026649613531723175,0.03531912406277593,0.00729616343406,0.013606825953575,0.35556871731410916,0.3670103092783505,TRAINING_REFERENCE
2022-08-30,18.2148,NORMAL,False,0.03581841933226267,0,VOLATILITY_ACCELERATION,0.0007023475674214089,0.03581841933226267,0.0,0.0212920277153525,0.3549657222649208,0.35876288659793815,TRAINING_REFERENCE
2022-08-31,18.2064,NORMAL,False,0.12254542333722905,0,LOCAL_RETURN_SHOCK,0.12254542333722905,0.05793366344299589,0.009223268990052,0.011529086237565,0.35064059818161525,0.29030927835051545,TRAINING_REFERENCE
2022-09-01,18.2107,NORMAL,False,0.055258493062464324,0,VOLATILITY_ACCELERATION,0.05469100505317549,0.055258493062464324,0.004501833673716,0.00590451709289,0.3489646275875572,0.2643298969072165,TRAINING_REFERENCE
2022-09-02,18.2191,NORMAL,False,0.042437765825521404,0,VOLATILITY_ACCELERATION,0.035454741073598695,0.042437765825521404,0.0,0.011531681923265,0.3539664354111511,0.3439175257731959,TRAINING_REFERENCE
2022-09-05,18.2251,NORMAL,False,0.052986276651453834,0,LOCAL_RETURN_SHOCK,0.052986276651453834,0.04177766284337846,0.0,0.008233117991555,0.3537021312617929,0.3402061855670103,TRAINING_REFERENCE
2022-09-06,18.2302,NORMAL,False,0.049487203488890415,0,LOCAL_RETURN_SHOCK,0.049487203488890415,0.03167944674334832,0.0,0.006995846387675,0.35636279156416717,0.38268041237113404,TRAINING_REFERENCE
2022-09-07,18.2348,NORMAL,False,0.04770358389360053,0,LOCAL_RETURN_SHOCK,0.04770358389360053,0.007962272354782472,0.009223268990052,0.006308213842962499,0.3598683390690202,0.43711340206185567,TRAINING_REFERENCE
2022-09-08,18.2354,NORMAL,False,0.137505904342308,0,LOCAL_RETURN_SHOCK,0.137505904342308,0.013691415383101884,0.004501833673716,0.0008226029350466568,0.36208218233565065,0.45938144329896907,TRAINING_REFERENCE
2022-09-09,18.24,NORMAL,False,0.0853356647682163,0,LOCAL_RETURN_SHOCK,0.0853356647682163,0.010056043279961109,0.0,0.00630641499501,0.36047414806785744,0.4420618556701031,TRAINING_REFERENCE
2022-09-12,18.2352,NORMAL,False,0.16678856470988818,0,LOCAL_RETURN_SHOCK,0.16678856470988818,0.020381611862326728,0.005263157894735999,0.006578947368419999,0.3620988518069579,0.45979381443298967,TRAINING_REFERENCE
2022-09-13,18.255,NORMAL,False,0.05613960975489889,0,LOCAL_RETURN_SHOCK,0.05613960975489889,0.04415198158586287,0.0,0.027145301395102503,0.35317477746448567,0.3319587628865979,TRAINING_REFERENCE
2022-09-14,18.2448,NORMAL,False,0.2246108549985672,0,LOCAL_RETURN_SHOCK,0.2246108549985672,0.055021513614413396,0.011175020542314,0.0139687756778925,0.3557270763003574,0.368659793814433,TRAINING_REFERENCE
2022-09-15,18.2711,NORMAL,False,0.10435832284303538,0,LOCAL_RETURN_SHOCK,0.10435832284303538,0.07536019307587709,0.0,0.036037665526615,0.3493480530106759,0.2725773195876289,TRAINING_REFERENCE
2022-09-16,18.2628,NORMAL,False,0.3439897620782144,0,LOCAL_RETURN_SHOCK,0.3439897620782144,0.1069821106186827,0.009085386211013999,0.0113567327637675,0.3530614889849621,0.32948453608247424,TRAINING_REFERENCE
2022-09-19,18.2802,NORMAL,False,0.16679158904423014,0,LOCAL_RETURN_SHOCK,0.16679158904423014,0.14280570618221242,0.005263157894735999,0.023818910572315,0.34337863615223546,0.1534020618556701,TRAINING_REFERENCE
2022-09-20,18.3132,NORMAL,False,0.45115802351149203,0,LOCAL_RETURN_SHOCK,0.45115802351149203,0.17370664378417408,0.0,0.0451307972560425,0.35201062189076865,0.31092783505154636,TRAINING_REFERENCE
2022-09-21,18.3347,NORMAL,False,0.2153913023508426,0,LOCAL_RETURN_SHOCK,0.2153913023508426,0.1391948760347558,0.011175020542314,0.029350413909095,0.34489387755818673,0.1892783505154639,TRAINING_REFERENCE
2022-09-22,18.3371,NORMAL,False,0.1430716301178825,0,VOLATILITY_ACCELERATION,0.13785146008566676,0.1430716301178825,0.0,0.0032724833239674996,0.34193238450710184,0.11587628865979381,TRAINING_REFERENCE
2022-09-23,18.418,ANOMALOUS,True,1.402756683249338,1,LOCAL_RETURN_SHOCK,1.402756683249338,0.26129661663823894,0.009085386211013999,0.110295521102025,0.39539369185635315,0.7274226804123711,TRAINING_REFERENCE
2022-09-26,18.4774,NORMAL,False,0.5924210293369406,0,LOCAL_RETURN_SHOCK,0.5924210293369406,0.2736723234611629,0.0,0.0806276468671925,0.3562327252593544,0.3797938144329897,TRAINING_REFERENCE
2022-09-27,18.4431,NORMAL,False,0.5268927143370136,0,LOCAL_RETURN_SHOCK,0.5268927143370136,0.4219048462642291,0.037126435537463996,0.046408044421830004,0.3597246517025012,0.4362886597938144,TRAINING_REFERENCE
2022-09-28,18.5488,NORMAL,False,0.9310821178034299,0,LOCAL_RETURN_SHOCK,0.9310821178034299,0.6243813600519555,0.0,0.143278516084605,0.38005662442074933,0.634639175257732,TRAINING_REFERENCE
2022-09-29,18.5075,NORMAL,False,0.7231834902172698,0,VOLATILITY_ACCELERATION,0.449386005388065,0.7231834902172698,0.044531182610194,0.055663978262742504,0.3670877832975519,0.5096907216494846,TRAINING_REFERENCE
2022-09-30,18.502,NORMAL,False,0.6776144987242566,0,VOLATILITY_ACCELERATION,0.14644941206569959,0.6776144987242566,0.050461485379108,0.0074294205052025004,0.3483743750172003,0.2548453608247423,TRAINING_REFERENCE
2022-10-03,18.5568,NORMAL,False,0.679334902248056,0,VOLATILITY_ACCELERATION,0.2872391641850063,0.679334902248056,0.0,0.074046049075775,0.35107550209521854,0.2960824742268041,TRAINING_REFERENCE
2022-10-04,18.5681,NORMAL,False,0.6445307253678679,0,VOLATILITY_ACCELERATION,0.03757792974662048,0.6445307253678679,0.037126435537463996,0.015223529918955,0.3456107995047763,0.20329896907216494,TRAINING_REFERENCE
2022-10-05,18.594,NORMAL,False,0.4370061473631929,0,VOLATILITY_ACCELERATION,0.06052678291672298,0.4370061473631929,0.0,0.034871634685295,0.3357106822426789,0.009896907216494845,TRAINING_REFERENCE
2022-10-06,18.584,NORMAL,False,0.3194170333941064,0,VOLATILITY_ACCELERATION,0.19375229438793634,0.3194170333941064,0.033775024709794,0.0134451973755,0.33686260140885327,0.021030927835051547,TRAINING_REFERENCE
2022-10-07,18.616,NORMAL,False,0.29969107331579586,0,VOLATILITY_ACCELERATION,0.09787351212381869,0.29969107331579586,0.050461485379108,0.0430477830391725,0.33803945166419214,0.04206185567010309,TRAINING_REFERENCE
2022-10-10,18.5806,NORMAL,False,0.3703304829560396,0,LOCAL_RETURN_SHOCK,0.3703304829560396,0.33996666154581595,0.038031800601632,0.04753975075204,0.3490278792508344,0.2655670103092784,TRAINING_REFERENCE
2022-10-11,18.5902,NORMAL,False,0.3496096494116749,0,VOLATILITY_ACCELERATION,0.05140082066618825,0.3496096494116749,0.0277180919639,0.012916698061414999,0.3345888787479791,0.0053608247422680414,TRAINING_REFERENCE
2022-10-12,18.5589,NORMAL,False,0.36082718615431203,0,VOLATILITY_ACCELERATION,0.31441825178392535,0.36082718615431203,0.061345079501501996,0.04209207001538,0.35140426998536844,0.30103092783505153,TRAINING_REFERENCE
2022-10-13,18.553,NORMAL,False,0.37333510920777463,0,VOLATILITY_ACCELERATION,0.13837686102281932,0.37333510920777463,0.056927555034708005,0.007947669312295,0.3419914412068152,0.11793814432989691,TRAINING_REFERENCE
2022-10-14,18.5606,NORMAL,False,0.2805363556101853,0,VOLATILITY_ACCELERATION,0.0420274670699453,0.2805363556101853,0.059518693596903996,0.010240931385757499,0.3435347293276826,0.15793814432989692,TRAINING_REFERENCE
2022-10-17,18.5815,NORMAL,False,0.27058404799587116,0,VOLATILITY_ACCELERATION,0.037228924620068736,0.27058404799587116,0.0009669101847860004,0.02815102960033,0.337582576709041,0.029278350515463916,TRAINING_REFERENCE
2022-10-18,18.5829,NORMAL,False,0.2661791798318818,0,VOLATILITY_ACCELERATION,0.08799274283066161,0.2661791798318818,0.007842715943276,0.0018835938971561994,0.33827389367333155,0.046597938144329894,TRAINING_REFERENCE
2022-10-19,18.5791,NORMAL,False,0.14822186362848724,0,VOLATILITY_ACCELERATION,0.1112142176337111,0.14822186362848724,0.021701761925225996,0.0051122268321925,0.3458162473083174,0.208659793814433,TRAINING_REFERENCE
2022-10-20,18.5913,NORMAL,False,0.13243711689329274,0,VOLATILITY_ACCELERATION,0.0009196492707516475,0.13243711689329274,0.041147400085948006,0.0164162957301475,0.3453659814299969,0.20082474226804123,TRAINING_REFERENCE
2022-10-21,18.5868,NORMAL,False,0.1542671015221298,0,VOLATILITY_ACCELERATION,0.11042133191956209,0.1542671015221298,0.028147829823808,0.0060512175049625,0.34578774040625415,0.20783505154639176,TRAINING_REFERENCE
2022-10-24,18.603,NORMAL,False,0.1320709774373334,0,VOLATILITY_ACCELERATION,0.05360558247862048,0.1320709774373334,0.023098409969922,0.021789657176062502,0.3450213749342447,0.19257731958762886,TRAINING_REFERENCE
2022-10-25,18.5947,NORMAL,False,0.15515558469881646,0,VOLATILITY_ACCELERATION,0.10805510034241124,0.15515558469881646,0.012677266867209998,0.0111541149277025,0.34519244016100736,0.19670103092783506,TRAINING_REFERENCE
2022-10-26,18.6016,NORMAL,False,0.14918730255802135,0,VOLATILITY_ACCELERATION,0.005663309294310237,0.14918730255802135,0.024172754619682,0.0092768369481625,0.34487576812698745,0.1884536082474227,TRAINING_REFERENCE
2022-10-27,18.5956,NORMAL,False,0.14662810447765012,0,VOLATILITY_ACCELERATION,0.09439191409386385,0.14662810447765012,0.004619681993984002,0.008063822466885,0.34814485420642044,0.24948453608247423,TRAINING_REFERENCE
2022-10-28,18.589,NORMAL,False,0.15097997996920623,0,VOLATILITY_ACCELERATION,0.13389612935588374,0.15097997996920623,0.002363558229476,0.008873066746975,0.3495973126042779,0.27422680412371137,TRAINING_REFERENCE
2022-10-31,18.6139,NORMAL,False,0.2490134468261379,0,LOCAL_RETURN_SHOCK,0.2490134468261379,0.19942795236332606,0.011710356682424001,0.0334875463984075,0.3452364284770156,0.19917525773195877,TRAINING_REFERENCE
2022-11-01,18.5776,NORMAL,False,0.5559952816298365,0,LOCAL_RETURN_SHOCK,0.5559952816298365,0.31272288328914644,0.018371293510955997,0.0487538882233175,0.3689128581458714,0.5261855670103093,TRAINING_REFERENCE
2022-11-02,18.6281,NORMAL,False,0.6417053554191027,0,LOCAL_RETURN_SHOCK,0.6417053554191027,0.5192016102847388,0.015470562956593999,0.0679581862027375,0.36142075686486386,0.45278350515463917,TRAINING_REFERENCE
2022-11-03,18.6173,NORMAL,False,0.5578813464692399,0,VOLATILITY_ACCELERATION,0.14310449424618962,0.5578813464692399,0.010321245389133999,0.014494231832552499,0.34325965595064895,0.15010309278350514,TRAINING_REFERENCE
2022-11-04,18.5622,NORMAL,False,0.6886142958322776,0,VOLATILITY_ACCELERATION,0.6487471031116985,0.6886142958322776,0.04174601873528999,0.0739903208306225,0.3864224234458589,0.6804123711340206,TRAINING_REFERENCE
2022-11-07,18.4998,NORMAL,False,0.6956992573075711,0,VOLATILITY_ACCELERATION,0.6219445238011967,0.6956992573075711,0.135492760984882,0.0840417622911075,0.3965883265135049,0.7331958762886598,TRAINING_REFERENCE
2022-11-08,18.5269,NORMAL,False,0.7591152669446999,0,VOLATILITY_ACCELERATION,0.2936746154788488,0.7591152669446999,0.06739822185311,0.036622017535325,0.373437324282174,0.5698969072164949,TRAINING_REFERENCE
2022-11-09,18.588,NORMAL,False,0.7950779884758111,0,VOLATILITY_ACCELERATION,0.588745558718706,0.7950779884758111,0.043053236776694,0.0824476841781375,0.38033899487053546,0.6358762886597938,TRAINING_REFERENCE
2022-11-10,18.4871,ANOMALOUS,True,1.0300637723850234,1,VOLATILITY_ACCELERATION,0.8515503500553103,1.0300637723850234,0.13978881367396398,0.1357058317193875,0.4355712216530363,0.8428865979381444,TRAINING_REFERENCE
2022-11-11,18.5474,ANOMALOUS,True,1.1122833372327234,1,VOLATILITY_ACCELERATION,0.4226728628711706,1.1122833372327234,0.015889972675690006,0.08154334644156999,0.40790953115325224,0.7736082474226804,TRAINING_REFERENCE
2022-11-14,18.6007,ANOMALOUS,True,1.018499614338358,1,VOLATILITY_ACCELERATION,0.33463283143335737,1.018499614338358,0.10833096236331,0.07184295372936,0.3887427418610816,0.6985567010309278,TRAINING_REFERENCE
2022-11-15,18.603,ANOMALOUS,True,1.0253158385856886,1,VOLATILITY_ACCELERATION,0.007717432070964087,1.0253158385856886,0.08170452166350799,0.0030912815109125,0.38006949987031313,0.6354639175257732,TRAINING_REFERENCE
2022-11-16,18.5863,NORMAL,False,0.9626504297973086,0,VOLATILITY_ACCELERATION,0.10580523647059184,0.9626504297973086,0.0018251995641019921,0.0224426167822375,0.3789999169531905,0.6247422680412371,TRAINING_REFERENCE
2022-11-17,18.5928,NORMAL,False,0.5016194417585793,0,VOLATILITY_ACCELERATION,0.036207753251259814,0.5016194417585793,0.11348446701488599,0.008742998875514999,0.3492072702384366,0.26969072164948454,TRAINING_REFERENCE
2022-11-18,18.6178,NORMAL,False,0.3918183517990438,0,VOLATILITY_ACCELERATION,0.14798570427900012,0.3918183517990438,0.075584734889762,0.03361516285874,0.3441906838478412,0.17608247422680412,TRAINING_REFERENCE
2022-11-21,18.6223,NORMAL,False,0.21898925661140126,0,VOLATILITY_ACCELERATION,0.017101344083508628,0.21898925661140126,0.023190770932083996,0.00604260438935,0.3430653143168718,0.14432989690721648,TRAINING_REFERENCE
2022-11-22,18.6108,NORMAL,False,0.24304624690388357,0,VOLATILITY_ACCELERATION,0.07392322152937351,0.24304624690388357,0.008374445058809996,0.0154384796722175,0.34492044647040193,0.18969072164948453,TRAINING_REFERENCE
2022-11-23,18.6169,NORMAL,False,0.19113408496711845,0,VOLATILITY_ACCELERATION,0.03100087096305697,0.19113408496711845,0.032853592153789996,0.0081941668278625,0.34463274794598464,0.18309278350515465,TRAINING_REFERENCE
2022-11-24,18.6289,NORMAL,False,0.1950967915584522,0,VOLATILITY_ACCELERATION,0.06607111734374868,0.1950967915584522,0.037899732125119996,0.01611439068803,0.3441198394601253,0.17402061855670103,TRAINING_REFERENCE
2022-11-25,18.6289,NORMAL,False,0.12966010002565126,0,VOLATILITY_ACCELERATION,0.010096329297376689,0.12966010002565126,0.011058562064837999,0.0,0.3499760767786078,0.2791752577319588,TRAINING_REFERENCE
2022-11-28,18.627,NORMAL,False,0.1303381677318732,0,VOLATILITY_ACCELERATION,0.023270905958158325,0.1303381677318732,0.00418731013217,0.0025498016522725,0.3498533827954192,0.2775257731958763,TRAINING_REFERENCE
2022-11-29,18.6364,NORMAL,False,0.08786156833903186,0,VOLATILITY_ACCELERATION,0.05176459329514284,0.08786156833903186,0.018574089681714,0.0126160949159775,0.3543434457739944,0.35216494845360824,TRAINING_REFERENCE
2022-11-30,18.6335,NORMAL,False,0.10132094780290778,0,VOLATILITY_ACCELERATION,0.035771703982941654,0.10132094780290778,0.008912655137624,0.0038902363117274998,0.3526578479201732,0.3216494845360825,TRAINING_REFERENCE
2022-12-01,18.633,NORMAL,False,0.0726045820343063,0,VOLATILITY_ACCELERATION,0.005114910810153442,0.0726045820343063,0.003648773368244,0.000670834786811736,0.3581015674840569,0.4074226804123711,TRAINING_REFERENCE
2022-12-02,18.6307,NORMAL,False,0.07548987592446776,0,VOLATILITY_ACCELERATION,0.019776705632170127,0.07548987592446776,0.0061170612349999995,0.0030859228250925,0.35715693166781326,0.39257731958762887,TRAINING_REFERENCE
2022-12-05,18.6391,NORMAL,False,0.08824253478818106,0,VOLATILITY_ACCELERATION,0.03309406301499665,0.08824253478818106,0.002039841321818,0.0112717181855725,0.35335040434559556,0.33443298969072166,TRAINING_REFERENCE
2022-12-06,18.6346,NORMAL,False,0.08502309442561727,0,LOCAL_RETURN_SHOCK,0.08502309442561727,0.0751618771704837,0.004828559318852,0.006035699148565,0.35892169420179154,0.4222680412371134,TRAINING_REFERENCE
2022-12-07,18.6361,NORMAL,False,0.07278146397027781,0,VOLATILITY_ACCELERATION,0.029231074819199985,0.07278146397027781,0.00010685049651800002,0.0020123855623388476,0.3574814536709234,0.3975257731958763,TRAINING_REFERENCE
2022-12-08,18.6428,NORMAL,False,0.08244339245919956,0,VOLATILITY_ACCELERATION,0.03450068568649472,0.08244339245919956,0.003648773368244,0.008987932024405,0.3569261064672193,0.39134020618556703,TRAINING_REFERENCE
2022-12-09,18.6433,NORMAL,False,0.09630121417017787,0,LOCAL_RETURN_SHOCK,0.09630121417017787,0.07648065704319446,0.0061170612349999995,0.0006705001394602393,0.35925078820456974,0.4292783505154639,TRAINING_REFERENCE
2022-12-12,18.6364,NORMAL,False,0.20329068497188005,0,LOCAL_RETURN_SHOCK,0.20329068497188005,0.07903089234661695,0.007402123014702,0.0092526537683775,0.3632297764039283,0.4692783505154639,TRAINING_REFERENCE
2022-12-13,18.6424,NORMAL,False,0.08123099382142296,0,VOLATILITY_ACCELERATION,0.08037675371592386,0.08123099382142296,0.003863065012585532,0.0080487647828975,0.36045353926903895,0.44123711340206184,TRAINING_REFERENCE
2022-12-14,18.6223,NORMAL,False,0.4211861959273094,0,LOCAL_RETURN_SHOCK,0.4211861959273094,0.16527196887869638,0.01930916093363,0.026954683946272498,0.37053141432966297,0.5439175257731959,TRAINING_REFERENCE
2022-12-15,18.6423,NORMAL,False,0.3475609671367272,0,LOCAL_RETURN_SHOCK,0.3475609671367272,0.22114533241915046,0.0010727714514069397,0.026849529864729996,0.35374729702562485,0.34103092783505157,TRAINING_REFERENCE
2022-12-16,18.6564,NORMAL,False,0.2521396233299603,0,VOLATILITY_ACCELERATION,0.22169479962751484,0.2521396233299603,0.0,0.018908611061939997,0.3483004767852653,0.2536082474226804,TRAINING_REFERENCE
2022-12-19,18.65,NORMAL,False,0.25766259411263714,0,VOLATILITY_ACCELERATION,0.15890148360898523,0.25766259411263714,0.0005412066535580003,0.00857614545143,0.3469294238510112,0.22721649484536083,TRAINING_REFERENCE
2022-12-20,18.6575,NORMAL,False,0.2623140313562719,0,VOLATILITY_ACCELERATION,0.11656650252636988,0.2623140313562719,0.0009654943062664678,0.01005361930295,0.34536800232093884,0.20123711340206185,TRAINING_REFERENCE
2022-12-21,18.6662,NORMAL,False,0.1765263629375834,0,VOLATILITY_ACCELERATION,0.121251652203577,0.1765263629375834,0.02252820047953,0.011657510384565,0.35165653333739366,0.3063917525773196,TRAINING_REFERENCE
2022-12-22,18.655,NORMAL,False,0.2605059888037433,0,LOCAL_RETURN_SHOCK,0.2605059888037433,0.1972216462837042,0.01092752855609106,0.015000375009372499,0.3537749876216071,0.3422680412371134,TRAINING_REFERENCE
2022-12-23,18.6755,NORMAL,False,0.3659424142515635,0,LOCAL_RETURN_SHOCK,0.3659424142515635,0.23171927595238917,0.0,0.027472527472525,0.3529531449609963,0.328659793814433,TRAINING_REFERENCE
2022-12-26,18.6626,NORMAL,False,0.290187826110019,0,LOCAL_RETURN_SHOCK,0.290187826110019,0.26772010878064256,0.006953974806426,0.017268613959462498,0.3535306527568791,0.33690721649484534,TRAINING_REFERENCE
2022-12-27,18.6813,NORMAL,False,0.3224025073256931,0,LOCAL_RETURN_SHOCK,0.3224025073256931,0.29990246874653476,0.0,0.0250501002004,0.34749460459784604,0.24,TRAINING_REFERENCE
2022-12-28,18.7117,NORMAL,False,0.5359762618085705,0,LOCAL_RETURN_SHOCK,0.5359762618085705,0.3703646857426986,0.0,0.04068239362357,0.3564714692129402,0.38597938144329896,TRAINING_REFERENCE
2022-12-29,18.7069,NORMAL,False,0.34291114440181697,0,VOLATILITY_ACCELERATION,0.1658173608457558,0.34291114440181697,0.006869820147305999,0.00641309982524,0.3432286605672526,0.14927835051546393,TRAINING_REFERENCE
2022-12-30,18.7058,NORMAL,False,0.3382963258588489,0,VOLATILITY_ACCELERATION,0.09140148350026145,0.3382963258588489,0.0063062148281539995,0.0014700458119742965,0.3424371097746468,0.12701030927835052,TRAINING_REFERENCE
2023-01-02,18.7127,NORMAL,False,0.2792149459564667,0,VOLATILITY_ACCELERATION,0.05957383725481201,0.2792149459564667,0.013814891167569999,0.00922173871206,0.34139722322878924,0.10515463917525773,TRAINING_REFERENCE
2023-01-03,18.7198,NORMAL,False,0.26330166224257073,0,VOLATILITY_ACCELERATION,0.06478558250525172,0.26330166224257073,0.0,0.009485536560725,0.34193804838224895,0.11628865979381443,TRAINING_REFERENCE
2023-01-04,18.7381,NORMAL,False,0.2665096941363526,0,LOCAL_RETURN_SHOCK,0.2665096941363526,0.17307430674496646,0.0,0.024439363668415,0.35260745359875845,0.31958762886597936,TRAINING_REFERENCE
2023-01-05,18.7635,NORMAL,False,0.3849945041941068,0,LOCAL_RETURN_SHOCK,0.3849945041941068,0.2020905856769169,0.0051304798601919995,0.033888174361327496,0.35164959288401126,0.30597938144329895,TRAINING_REFERENCE
2023-01-06,18.7134,ANOMALOUS,True,1.0124064422088652,1,LOCAL_RETURN_SHOCK,1.0124064422088652,0.5571989673545785,0.04709533605521,0.066751938604205,0.40353219326830525,0.7616494845360825,TRAINING_REFERENCE
2023-01-09,18.7673,NORMAL,False,0.6946496661593853,0,VOLATILITY_ACCELERATION,0.6750644317103043,0.6946496661593853,0.0,0.072007224769415,0.37166490474773345,0.5525773195876289,TRAINING_REFERENCE
2023-01-10,18.7747,NORMAL,False,0.6944124520596623,0,VOLATILITY_ACCELERATION,0.009456249847875084,0.6944124520596623,0.0,0.009857571414105001,0.35058785440180296,0.28989690721649486,TRAINING_REFERENCE
2023-01-11,18.769,NORMAL,False,0.7006918756679349,0,VOLATILITY_ACCELERATION,0.14254367966778003,0.7006918756679349,0.006072001150483999,0.007590001438104999,0.35227473513252533,0.3150515463917526,TRAINING_REFERENCE
2023-01-12,18.7824,NORMAL,False,0.6798858362820761,0,VOLATILITY_ACCELERATION,0.07192185909660623,0.6798858362820761,0.0,0.017848580105495,0.35071980770516625,0.29195876288659794,TRAINING_REFERENCE
2023-01-13,18.7813,NORMAL,False,0.43140934385571744,0,VOLATILITY_ACCELERATION,0.0979267914819108,0.43140934385571744,0.052230241572522804,0.0014641366385514942,0.3432387414301464,0.14969072164948455,TRAINING_REFERENCE
2023-01-16,18.7874,NORMAL,False,0.136062778323736,0,VOLATILITY_ACCELERATION,0.0021382076923253212,0.136062778323736,0.0,0.0081197787160625,0.34730354728868346,0.2354639175257732,TRAINING_REFERENCE
2023-01-17,18.7695,NORMAL,False,0.3012986344348936,0,LOCAL_RETURN_SHOCK,0.3012986344348936,0.2151372589342213,0.019055324313104,0.02381915539138,0.35354264904466465,0.337319587628866,TRAINING_REFERENCE
2023-01-18,18.7984,NORMAL,False,0.3113271185347103,0,VOLATILITY_ACCELERATION,0.2731957855001155,0.3113271185347103,0.006072001150483999,0.038493300301017504,0.3412632347490675,0.10103092783505155,TRAINING_REFERENCE
2023-01-19,18.7901,NORMAL,False,0.31761138997231486,0,VOLATILITY_ACCELERATION,0.17022180394811115,0.31761138997231486,0.008830538769257998,0.011038173461572499,0.3416528120911823,0.11216494845360825,TRAINING_REFERENCE
2023-01-20,18.8066,NORMAL,False,0.33639533417917195,0,VOLATILITY_ACCELERATION,0.11120076651851998,0.33639533417917195,0.0011713093108411954,0.0219530497442825,0.3388408991404504,0.05360824742268041,TRAINING_REFERENCE
2023-01-23,18.8103,NORMAL,False,0.33809034880283323,0,VOLATILITY_ACCELERATION,0.03327034380567095,0.33809034880283323,0.0,0.0049184860634025,0.3379358795867383,0.03917525773195876,TRAINING_REFERENCE
2023-01-24,18.7967,NORMAL,False,0.3205142541301595,0,VOLATILITY_ACCELERATION,0.2473598593160098,0.3205142541301595,0.004595161529948001,0.018075203478945,0.3457621573238239,0.2070103092783505,TRAINING_REFERENCE
2023-01-25,18.7886,NORMAL,False,0.2270161535936834,0,VOLATILITY_ACCELERATION,0.16122595683079896,0.2270161535936834,0.023072465617243996,0.0107731676304925,0.3471077479391346,0.231340206185567,TRAINING_REFERENCE
2023-01-26,18.8031,NORMAL,False,0.2505393194308066,0,VOLATILITY_ACCELERATION,0.12703301673007406,0.2505393194308066,0.001175158472292,0.0192936142128775,0.34253790915922033,0.12989690721649486,TRAINING_REFERENCE
2023-01-27,18.8052,NORMAL,False,0.21441156037473721,0,VOLATILITY_ACCELERATION,0.03259357592348738,0.21441156037473721,0.0054225610436859995,0.0027920927932075,0.3436927582028182,0.16164948453608247,TRAINING_REFERENCE
2023-01-30,18.7917,NORMAL,False,0.24998649872116419,0,VOLATILITY_ACCELERATION,0.22083240112414854,0.24998649872116419,0.019776399100494002,0.0179471635505075,0.34973145348070744,0.2758762886597938,TRAINING_REFERENCE
2023-01-31,18.8105,NORMAL,False,0.2913468036072588,0,VOLATILITY_ACCELERATION,0.1739144707016085,0.2913468036072588,0.014460162783155999,0.025011042109017497,0.342940379154176,0.14061855670103093,TRAINING_REFERENCE
2023-02-01,18.8056,NORMAL,False,0.2941357548009734,0,VOLATILITY_ACCELERATION,0.1095292451596018,0.2941357548009734,0.017862609419905997,0.0065123202466725,0.34234705890756156,0.12412371134020618,TRAINING_REFERENCE
2023-02-02,18.8004,NORMAL,False,0.33570760269141814,0,VOLATILITY_ACCELERATION,0.10026724812698296,0.33570760269141814,0.0030833028853,0.0069128344748325,0.3444515711814622,0.18020618556701032,TRAINING_REFERENCE
2023-02-03,18.8189,NORMAL,False,0.44904185269335084,0,VOLATILITY_ACCELERATION,0.19959637260273455,0.44904185269335084,0.0054225610436859995,0.024600540414032496,0.3459929099343974,0.21195876288659793,TRAINING_REFERENCE
2023-02-06,18.8264,NORMAL,False,0.387192132205546,0,VOLATILITY_ACCELERATION,0.032072148906618185,0.387192132205546,0.019776399100494002,0.0099633878707025,0.3434863143403671,0.15670103092783505,TRAINING_REFERENCE
2023-02-07,18.8275,NORMAL,False,0.3235789457823322,0,VOLATILITY_ACCELERATION,0.03521835221988114,0.3235789457823322,0.0,0.0014607147410028443,0.3440942808090744,0.1731958762886598,TRAINING_REFERENCE
2023-02-08,18.8293,NORMAL,False,0.2955591082707465,0,VOLATILITY_ACCELERATION,0.01602096568619004,0.2955591082707465,0.005209856197338,0.002390120833883902,0.344462727490753,0.18061855670103094,TRAINING_REFERENCE
2023-02-09,18.8276,NORMAL,False,0.26604193946327787,0,VOLATILITY_ACCELERATION,0.08924281562997041,0.26604193946327787,0.00893298674108211,0.002257120551479863,0.34750788560562323,0.2404123711340206,TRAINING_REFERENCE
2023-02-10,18.8332,NORMAL,False,0.12380279171020402,0,VOLATILITY_ACCELERATION,0.06297472534121928,0.12380279171020402,0.0,0.007435891988360001,0.3543133873656288,0.351340206185567,TRAINING_REFERENCE
2023-02-13,18.8403,NORMAL,False,0.11951946740577712,0,VOLATILITY_ACCELERATION,0.08494238750944975,0.11951946740577712,0.0,0.0094248454856275,0.35546971062046795,0.3645360824742268,TRAINING_REFERENCE
2023-02-14,18.8367,NORMAL,False,0.15520598128139745,0,VOLATILITY_ACCELERATION,0.11805269383568213,0.15520598128139745,0.0038215951975259996,0.0047769939969074995,0.3561100013269135,0.37731958762886597,TRAINING_REFERENCE
2023-02-15,18.8497,NORMAL,False,0.22868919588914213,0,VOLATILITY_ACCELERATION,0.18185559574974808,0.22868919588914213,0.0,0.0172535529047,0.35172409692900286,0.3080412371134021,TRAINING_REFERENCE
2023-02-16,18.8468,NORMAL,False,0.23808496069011936,0,VOLATILITY_ACCELERATION,0.10324599801467052,0.23808496069011936,0.0012712756061121092,0.0038462150591199997,0.3504531848655826,0.2874226804123711,TRAINING_REFERENCE
2023-02-17,18.8618,NORMAL,False,0.2924847356708434,0,VOLATILITY_ACCELERATION,0.22946477570072704,0.2924847356708434,0.0,0.019897276991315,0.3498427586294474,0.27670103092783505,TRAINING_REFERENCE
2023-02-20,18.8651,NORMAL,False,0.2933847923018151,0,VOLATILITY_ACCELERATION,0.010057808043407798,0.2933847923018151,0.0,0.0043739197743625,0.34609930223583424,0.2156701030927835,TRAINING_REFERENCE
2023-02-21,18.8662,NORMAL,False,0.26148835276868343,0,VOLATILITY_ACCELERATION,0.03104708733453657,0.26148835276868343,0.0038215951975259996,0.001457718220415627,0.3490194004489363,0.2651546391752577,TRAINING_REFERENCE
2023-02-22,18.8725,NORMAL,False,0.22731232045361488,0,VOLATILITY_ACCELERATION,0.053097059478150486,0.22731232045361488,0.0,0.0083482630312375,0.3503581445565485,0.2845360824742268,TRAINING_REFERENCE
2023-02-23,18.8721,NORMAL,False,0.2060759882502452,0,VOLATILITY_ACCELERATION,0.08682601288751388,0.2060759882502452,0.002653074842369584,0.0005298715061580195,0.3524386121333447,0.31752577319587627,TRAINING_REFERENCE
2023-02-24,18.8764,NORMAL,False,0.0890904255028655,0,VOLATILITY_ACCELERATION,0.01586298041703255,0.0890904255028655,0.0,0.0056962394222125,0.35994823984054136,0.43752577319587627,TRAINING_REFERENCE
2023-02-27,18.884,NORMAL,False,0.11441751816450572,0,VOLATILITY_ACCELERATION,0.07596335940618229,0.11441751816450572,0.0,0.0100654785870175,0.3592091260796996,0.4284536082474227,TRAINING_REFERENCE
2023-02-28,18.8832,NORMAL,False,0.12995855189187996,0,VOLATILITY_ACCELERATION,0.10224783738692338,0.12995855189187996,0.0008472781190449474,0.0010590976488061843,0.35913573025079054,0.42721649484536084,TRAINING_REFERENCE
2023-03-01,18.8828,NORMAL,False,0.12658052314697305,0,VOLATILITY_ACCELERATION,0.07616706786645475,0.12658052314697305,0.0012709171785640905,0.0005295712591085744,0.359616682450621,0.43463917525773194,TRAINING_REFERENCE
2023-03-02,18.8908,NORMAL,False,0.14257873992045372,0,VOLATILITY_ACCELERATION,0.0778117222187407,0.14257873992045372,0.0004238972049264156,0.0105916495435,0.3587803130458285,0.41896907216494844,TRAINING_REFERENCE
2023-03-03,18.8944,NORMAL,False,0.14225625555111907,0,VOLATILITY_ACCELERATION,0.017554935628020924,0.14225625555111907,0.0,0.0047642238550025,0.3573216549422341,0.3958762886597938,TRAINING_REFERENCE
2023-03-06,18.8961,NORMAL,False,0.12179053160306501,0,VOLATILITY_ACCELERATION,0.039225402527051936,0.12179053160306501,0.0,0.002249343720889252,0.35879740330576504,0.4202061855670103,TRAINING_REFERENCE
2023-03-07,18.9194,NORMAL,False,0.37286353222100604,0,LOCAL_RETURN_SHOCK,0.37286353222100604,0.3182293183306881,0.0008472781190449474,0.0308264668370675,0.35430917787818306,0.35051546391752575,TRAINING_REFERENCE
2023-03-08,18.9381,NORMAL,False,0.32370351535384617,0,VOLATILITY_ACCELERATION,0.26494733526959446,0.32370351535384617,0.0012709171785640905,0.024710085943529997,0.3504141073202881,0.2865979381443299,TRAINING_REFERENCE
2023-03-09,18.9556,NORMAL,False,0.3308605179488574,0,VOLATILITY_ACCELERATION,0.22618251446358403,0.3308605179488574,0.0,0.0231015782998325,0.34939709369688393,0.27298969072164947,TRAINING_REFERENCE
2023-03-10,18.9658,NORMAL,False,0.28989052202649507,0,VOLATILITY_ACCELERATION,0.07085288584446055,0.28989052202649507,0.0,0.013452488974234999,0.3470980869724435,0.2309278350515464,TRAINING_REFERENCE
2023-03-13,18.9668,NORMAL,False,0.3003468571617483,0,VOLATILITY_ACCELERATION,0.10607703737028612,0.3003468571617483,0.0,0.001318162165581116,0.34684867225768573,0.2268041237113402,TRAINING_REFERENCE
2023-03-14,18.9746,NORMAL,False,0.2507117965750298,0,VOLATILITY_ACCELERATION,0.027216955299256416,0.2507117965750298,0.0,0.010281122804055,0.3494893743539016,0.2734020618556701,TRAINING_REFERENCE
2023-03-15,18.9918,NORMAL,False,0.23626289307238912,0,VOLATILITY_ACCELERATION,0.192660294275736,0.23626289307238912,0.0,0.022661874295115,0.35218467142573,0.31257731958762885,TRAINING_REFERENCE
2023-03-16,18.9957,NORMAL,False,0.21518595498461218,0,VOLATILITY_ACCELERATION,0.06058030238468965,0.21518595498461218,0.0,0.0051337945850249995,0.3492988585829737,0.27134020618556703,TRAINING_REFERENCE
2023-03-17,19.0086,NORMAL,False,0.22859161082190269,0,VOLATILITY_ACCELERATION,0.10154624025894288,0.22859161082190269,0.0,0.0169775264928375,0.3504985173986044,0.28824742268041237,TRAINING_REFERENCE
2023-03-20,19.0005,NORMAL,False,0.339531204621026,0,VOLATILITY_ACCELERATION,0.289510373415221,0.339531204621026,0.008522458255738,0.0106530728196725,0.35290924993036893,0.32742268041237116,TRAINING_REFERENCE
2023-03-21,19.0196,NORMAL,False,0.3921057477949546,0,VOLATILITY_ACCELERATION,0.23032183205558693,0.3921057477949546,0.0,0.025130917607434997,0.3469557630649618,0.22804123711340207,TRAINING_REFERENCE
2023-03-22,19.038,NORMAL,False,0.4080265791313576,0,VOLATILITY_ACCELERATION,0.20002998115151469,0.4080265791313576,0.0,0.0241855769837425,0.3462031562908005,0.21608247422680413,TRAINING_REFERENCE
2023-03-23,19.0283,NORMAL,False,0.5068109508162273,0,VOLATILITY_ACCELERATION,0.3365884460364938,0.5068109508162273,0.01019014602374,0.012737682529675,0.35735587953031095,0.39628865979381445,TRAINING_REFERENCE
2023-03-24,19.0612,NORMAL,False,0.6425485553283499,0,VOLATILITY_ACCELERATION,0.46834597182147103,0.6425485553283499,0.0,0.0432250910485925,0.3617025530715487,0.45443298969072166,TRAINING_REFERENCE
2023-03-27,19.0895,NORMAL,False,0.558959713063932,0,VOLATILITY_ACCELERATION,0.35474447330940106,0.558959713063932,0.008522458255738,0.037117285375529996,0.35237216567768126,0.31628865979381443,TRAINING_REFERENCE
2023-03-28,19.1156,NORMAL,False,0.5648773024034297,0,VOLATILITY_ACCELERATION,0.2937228244497856,0.5648773024034297,0.0,0.034181094318862494,0.3513030149666695,0.2997938144329897,TRAINING_REFERENCE
2023-03-29,19.1247,NORMAL,False,0.588259106435744,0,VOLATILITY_ACCELERATION,0.04834918766524294,0.588259106435744,0.0,0.0119012743518375,0.3466121267761675,0.22350515463917525,TRAINING_REFERENCE
2023-03-30,19.1607,NORMAL,False,0.4430466044647443,0,LOCAL_RETURN_SHOCK,0.4430466044647443,0.3428311844934472,0.01019014602374,0.0470595617186075,0.3556430445384338,0.36742268041237114,TRAINING_REFERENCE
2023-03-31,19.1707,NORMAL,False,0.44732641043941573,0,VOLATILITY_ACCELERATION,0.06682695865379347,0.44732641043941573,0.0,0.013047540016807498,0.34498205479392013,0.19134020618556702,TRAINING_REFERENCE
2023-04-03,19.1802,NORMAL,False,0.5243691720484516,0,VOLATILITY_ACCELERATION,0.08209394040161189,0.5243691720484516,0.0,0.01238869733499,0.34727318941090474,0.23422680412371133,TRAINING_REFERENCE
2023-04-04,19.2195,NORMAL,False,0.6189649426547168,0,VOLATILITY_ACCELERATION,0.46325932588870133,0.6189649426547168,0.0,0.0512247004723625,0.36096796150051,0.4490721649484536,TRAINING_REFERENCE
2023-04-05,19.2396,NORMAL,False,0.5658710641435972,0,VOLATILITY_ACCELERATION,0.09191333653859063,0.5658710641435972,0.0,0.0261453211581975,0.34821618237799,0.25195876288659796,TRAINING_REFERENCE
2023-04-06,19.2476,NORMAL,False,0.5284499170309639,0,VOLATILITY_ACCELERATION,0.13320323546751917,0.5284499170309639,0.0,0.0103952265119825,0.34606166013624445,0.21443298969072164,TRAINING_REFERENCE
2023-04-07,19.2376,NORMAL,False,0.7164968459005284,0,VOLATILITY_ACCELERATION,0.45687408024540643,0.7164968459005284,0.010390905879169998,0.0129886323489625,0.36784530203232835,0.5162886597938144,TRAINING_REFERENCE
2023-04-10,19.2663,NORMAL,False,0.7383809003502361,0,VOLATILITY_ACCELERATION,0.2582215267719719,0.7383809003502361,0.0,0.037296752193620004,0.3563533209655085,0.3822680412371134,TRAINING_REFERENCE
2023-04-11,19.2875,NORMAL,False,0.6021858013767416,0,VOLATILITY_ACCELERATION,0.10443073379197768,0.6021858013767416,0.0,0.0275091740500275,0.34674683323941796,0.22639175257731958,TRAINING_REFERENCE
2023-04-12,19.312,NORMAL,False,0.6316420776495734,0,VOLATILITY_ACCELERATION,0.14955739459488093,0.6316420776495734,0.0,0.031756318859365,0.34874513782073213,0.26144329896907215,TRAINING_REFERENCE
2023-04-13,19.3199,NORMAL,False,0.6427564878414059,0,VOLATILITY_ACCELERATION,0.14028229550910487,0.6427564878414059,0.0,0.0102268019883975,0.3487337985821141,0.26103092783505155,TRAINING_REFERENCE
2023-04-14,19.3477,NORMAL,False,0.338695025820916,0,VOLATILITY_ACCELERATION,0.19624972955950495,0.338695025820916,0.010390905879169998,0.035973271083182504,0.34768691360584697,0.24288659793814432,TRAINING_REFERENCE
2023-04-17,19.388,NORMAL,False,0.4457353166583421,0,VOLATILITY_ACCELERATION,0.3918076192486785,0.4457353166583421,0.0,0.0520733730624325,0.35419544815985277,0.34804123711340207,TRAINING_REFERENCE
2023-04-18,19.3882,NORMAL,False,0.6277959780539887,0,VOLATILITY_ACCELERATION,0.33614616625220456,0.6277959780539887,0.0,0.0002578914792661369,0.35764379631118154,0.4004123711340206,TRAINING_REFERENCE
2023-04-19,19.3938,NORMAL,False,0.6748203633076376,0,VOLATILITY_ACCELERATION,0.2162245585629331,0.6748203633076376,0.0,0.007220886931225,0.35261248438741577,0.32,TRAINING_REFERENCE
2023-04-20,19.3861,NORMAL,False,0.7855866624392587,0,VOLATILITY_ACCELERATION,0.418363675518814,0.7855866624392587,0.007940682073651999,0.009925852592065,0.37004372709068883,0.5397938144329897,TRAINING_REFERENCE
2023-04-21,19.401,NORMAL,False,0.7250901174049019,0,VOLATILITY_ACCELERATION,0.0523950348574647,0.7250901174049019,0.0,0.019214798231725,0.35069854613473606,0.2911340206185567,TRAINING_REFERENCE
2023-04-24,19.4009,NORMAL,False,0.33542435567894624,0,VOLATILITY_ACCELERATION,0.29325634475629103,0.33542435567894624,0.0001030874697183215,0.00012885933714790188,0.3519249135255889,0.3096907216494845,TRAINING_REFERENCE
2023-04-25,19.4265,NORMAL,False,0.5167357308777837,0,VOLATILITY_ACCELERATION,0.16572853071075525,0.5167357308777837,0.0,0.0329881603430775,0.34727677161014514,0.23463917525773195,TRAINING_REFERENCE
2023-04-26,19.4147,NORMAL,False,0.6170159067353969,0,VOLATILITY_ACCELERATION,0.46088195655596875,0.6170159067353969,0.012148354052454,0.0151854425655675,0.36546468861181025,0.4927835051546392,TRAINING_REFERENCE
2023-04-27,19.4342,NORMAL,False,0.6050509668003808,0,VOLATILITY_ACCELERATION,0.07588700665881895,0.6050509668003808,0.007940682073651999,0.025109839451547496,0.34763635145419575,0.24123711340206186,TRAINING_REFERENCE
2023-04-28,19.4482,NORMAL,False,0.6039883208112257,0,VOLATILITY_ACCELERATION,0.003550898861950244,0.6039883208112257,0.0,0.018009488427615,0.3464404969803726,0.2197938144329897,TRAINING_REFERENCE
2023-05-01,19.4379,NORMAL,False,0.6734441870278856,0,VOLATILITY_ACCELERATION,0.39725072441110326,0.6734441870278856,0.010489152429091679,0.0132402998735125,0.3639862030544157,0.47463917525773197,TRAINING_REFERENCE
2023-05-02,19.4624,NORMAL,False,0.6584009405727538,0,VOLATILITY_ACCELERATION,0.17779215360774922,0.6584009405727538,0.0,0.0315106055695275,0.3501697172694251,0.2824742268041237,TRAINING_REFERENCE
2023-05-03,19.4734,NORMAL,False,0.5178180535105299,0,VOLATILITY_ACCELERATION,0.020232693145047033,0.5178180535105299,0.012148354052454,0.014129809273265,0.34411832087230626,0.1736082474226804,TRAINING_REFERENCE
2023-05-04,19.4899,NORMAL,False,0.5065843743447889,0,VOLATILITY_ACCELERATION,0.07832255294065517,0.5065843743447889,0.0,0.021182741585954998,0.344603505277505,0.18268041237113403,TRAINING_REFERENCE
2023-05-05,19.5138,NORMAL,False,0.5510240201040129,0,VOLATILITY_ACCELERATION,0.19344161824799108,0.5510240201040129,0.0,0.0306569043453275,0.3465218319414268,0.22144329896907217,TRAINING_REFERENCE
2023-05-08,19.5018,NORMAL,False,0.5626870056319938,0,VOLATILITY_ACCELERATION,0.45030574488793357,0.5626870056319938,0.0017067485093919996,0.0153737355102525,0.3604549222217258,0.4416494845360825,TRAINING_REFERENCE
2023-05-09,19.5096,NORMAL,False,0.5117369658450962,0,VOLATILITY_ACCELERATION,0.06751526178887263,0.5117369658450962,0.00430464594287,0.009999077008275,0.3445320232404799,0.18103092783505154,TRAINING_REFERENCE
2023-05-10,19.5385,NORMAL,False,0.603218905226256,0,VOLATILITY_ACCELERATION,0.29788050292731566,0.603218905226256,0.0,0.0370330503957,0.34931560595714056,0.2721649484536082,TRAINING_REFERENCE
2023-05-11,19.537,NORMAL,False,0.6422752079374997,0,VOLATILITY_ACCELERATION,0.21327407682864963,0.6422752079374997,0.0015354300483672034,0.0019192875604590043,0.3497700242663257,0.27628865979381445,TRAINING_REFERENCE
2023-05-12,19.564,NORMAL,False,0.6611666328404159,0,VOLATILITY_ACCELERATION,0.261311465355287,0.6611666328404159,0.0,0.034549828530482496,0.35085909583504277,0.29360824742268044,TRAINING_REFERENCE
2023-05-15,19.6553,ANOMALOUS,True,1.310801018272307,2,LOCAL_RETURN_SHOCK,1.310801018272307,1.0721991436830935,0.012298988408202,0.11666837047638501,0.4344594514609692,0.842061855670103,TRAINING_REFERENCE
2023-05-16,19.7211,ANOMALOUS,True,1.0024098048121572,1,VOLATILITY_ACCELERATION,0.5699500000099426,1.0024098048121572,0.00430464594287,0.08369243918942999,0.39214425077031917,0.7129896907216495,TRAINING_REFERENCE
2023-05-17,19.755,NORMAL,False,0.9848386494995066,0,VOLATILITY_ACCELERATION,0.16698299738488293,0.9848386494995066,0.0,0.0429742762827625,0.37782232329417204,0.6127835051546392,TRAINING_REFERENCE
2023-05-18,19.7917,NORMAL,False,0.737529011184299,0,VOLATILITY_ACCELERATION,0.17902282820268406,0.737529011184299,0.0015354300483672034,0.046443938243482495,0.3593986564021141,0.431340206185567,TRAINING_REFERENCE
2023-05-19,19.8124,NORMAL,False,0.7820306324294227,0,VOLATILITY_ACCELERATION,0.0018072443675270292,0.7820306324294227,0.0,0.0261473243834575,0.3618038339557925,0.4556701030927835,TRAINING_REFERENCE
2023-05-22,19.8246,NORMAL,False,0.5581075748581417,0,VOLATILITY_ACCELERATION,0.08493161998660552,0.5581075748581417,0.0,0.015394399467,0.34901446300635736,0.2647422680412371,TRAINING_REFERENCE
2023-05-23,19.8489,NORMAL,False,0.272663234092194,0,VOLATILITY_ACCELERATION,0.02861153176453683,0.272663234092194,0.0,0.0306437456493425,0.34568589025274044,0.20577319587628867,TRAINING_REFERENCE
2023-05-24,19.8912,NORMAL,False,0.3283579347656671,0,VOLATILITY_ACCELERATION,0.20929488868572518,0.3283579347656671,0.0,0.05327751160014,0.34876590465479185,0.2618556701030928,TRAINING_REFERENCE
2023-05-25,19.9279,NORMAL,False,0.32477095724225996,0,VOLATILITY_ACCELERATION,0.12993108603988893,0.32477095724225996,0.0,0.046125925032175,0.3469815320102731,0.22845360824742267,TRAINING_REFERENCE
2023-05-26,19.9662,NORMAL,False,0.3275960192243108,0,VOLATILITY_ACCELERATION,0.1363318322551653,0.3275960192243108,0.0,0.048048213810784994,0.34844230928532277,0.2556701030927835,TRAINING_REFERENCE
2023-05-29,20.0926,ANOMALOUS,True,1.0248321660743738,1,LOCAL_RETURN_SHOCK,1.0248321660743738,0.8807721222040645,0.0,0.15826747202772748,0.41390476788241287,0.791340206185567,TRAINING_REFERENCE
2023-05-30,20.4955,ANOMALOUS,True,2.8983855414582056,2,LOCAL_RETURN_SHOCK,2.8983855414582056,1.439013394584916,0.0,0.501303962652915,0.5376979311119083,0.9505154639175257,TRAINING_REFERENCE
2023-05-31,20.7815,ANOMALOUS,True,1.2588793749799865,1,VOLATILITY_ACCELERATION,0.6447950876602668,1.2588793749799865,0.0,0.3488570661852575,0.4629979014909347,0.8857731958762887,TRAINING_REFERENCE
2023-06-01,20.8023,ANOMALOUS,True,1.289101380588883,1,VOLATILITY_ACCELERATION,0.11227355692710518,1.289101380588883,0.0,0.0250222553713575,0.44063534676158767,0.8540206185567011,TRAINING_REFERENCE
2023-06-02,20.9567,ANOMALOUS,True,1.1320580462892509,1,VOLATILITY_ACCELERATION,0.20551058882729917,1.1320580462892509,0.0,0.1855564048206225,0.43407647472490124,0.8416494845360825,TRAINING_REFERENCE
2023-06-05,21.2569,ANOMALOUS,True,1.0056656596525397,1,VOLATILITY_ACCELERATION,0.5262576866038013,1.0056656596525397,0.0,0.35811936039548,0.4546218503767778,0.8750515463917525,TRAINING_REFERENCE
2023-06-06,21.5686,NORMAL,False,0.751105977660897,0,VOLATILITY_ACCELERATION,0.46703673835667814,0.751105977660897,0.0,0.36658684944652997,0.43695619866234287,0.845360824742268,TRAINING_REFERENCE
2023-06-07,23.2553,ANOMALOUS,True,3.0980415200804647,3,LOCAL_RETURN_SHOCK,3.0980415200804647,1.4773641274556302,0.0,1.955041124597795,0.6822822333184482,0.9905154639175258,TRAINING_REFERENCE
2023-06-08,23.1098,ANOMALOUS,True,1.5347541541227745,1,VOLATILITY_ACCELERATION,0.21836840952037187,1.5347541541227745,0.12513276543411397,0.1564159567926425,0.5920080392821984,0.9731958762886598,TRAINING_REFERENCE
2023-06-09,23.3834,ANOMALOUS,True,1.5077516451000312,1,VOLATILITY_ACCELERATION,0.046524065578060735,1.5077516451000312,0.0,0.29597832953985254,0.5880922847812594,0.971958762886598,TRAINING_REFERENCE
2023-06-12,23.6125,ANOMALOUS,True,1.5215927420599784,1,VOLATILITY_ACCELERATION,0.01003949534895628,1.5215927420599784,0.0,0.24493871720964,0.5875395355652561,0.9715463917525773,TRAINING_REFERENCE
2023-06-13,23.6313,ANOMALOUS,True,1.5822814829678482,1,VOLATILITY_ACCELERATION,0.12256054787114691,1.5822814829678482,0.0,0.019904711487555002,0.5794204631484821,0.9690721649484536,TRAINING_REFERENCE
2023-06-14,23.5614,NORMAL,False,0.36729607683939747,0,VOLATILITY_ACCELERATION,0.1739576849178361,0.36729607683939747,0.059158827487272,0.07394853435909,0.4470176301750586,0.8655670103092783,TRAINING_REFERENCE
2023-06-15,23.6458,NORMAL,False,0.28695222433005513,0,VOLATILITY_ACCELERATION,0.07663352311346679,0.28695222433005513,0.12513276543411397,0.08955325235343,0.44579271710804813,0.8643298969072165,TRAINING_REFERENCE
2023-06-16,23.6143,NORMAL,False,0.23285841303529778,0,VOLATILITY_ACCELERATION,0.1477589964500607,0.23285841303529778,0.026643209364878,0.0333040117060975,0.4410480015492984,0.8552577319587629,TRAINING_REFERENCE
2023-06-19,23.5748,NORMAL,False,0.15035066917721418,0,LOCAL_RETURN_SHOCK,0.15035066917721418,0.11892253690977952,0.06005294809226,0.04181788153788,0.4473110424662034,0.8672164948453608,TRAINING_REFERENCE
2023-06-20,23.5601,NORMAL,False,0.1334097336658819,0,LOCAL_RETURN_SHOCK,0.1334097336658819,0.1152607316278511,0.072486445795874,0.015588679437365,0.444684662149563,0.8630927835051546,TRAINING_REFERENCE
2023-06-21,23.5664,NORMAL,False,0.11923854046678876,0,LOCAL_RETURN_SHOCK,0.11923854046678876,0.09791291906547603,0.007998976435622,0.0066850310482575006,0.44196862638686013,0.8581443298969073,TRAINING_REFERENCE
2023-06-22,24.8748,ANOMALOUS,True,1.3879930748862774,1,LARGE_ABSOLUTE_RETURN,0.6571243393284882,0.9926186795329293,0.0,1.3879930748862774,0.5719418562889121,0.9645360824742268,TRAINING_REFERENCE
2023-06-23,25.2305,NORMAL,False,0.9544632112522825,0,VOLATILITY_ACCELERATION,0.0359389980856822,0.9544632112522825,0.026643209364878,0.35749031147988997,0.528446084877482,0.9443298969072165,TRAINING_REFERENCE
2023-06-26,25.9038,NORMAL,False,0.8881454866069192,0,VOLATILITY_ACCELERATION,0.17989091990204528,0.8881454866069192,0.06005294809226,0.667148887259465,0.5583364764047464,0.96,TRAINING_REFERENCE
2023-06-27,25.9814,NORMAL,False,0.8604049249618239,0,VOLATILITY_ACCELERATION,0.12070829514755639,0.8604049249618239,0.072486445795874,0.0748924868166075,0.5422026671202844,0.9525773195876288,TRAINING_REFERENCE
2023-06-28,26.0387,NORMAL,False,0.8449705016896001,0,VOLATILITY_ACCELERATION,0.11969387176527194,0.8449705016896001,0.067157803922894,0.0551355970040075,0.5418260137285836,0.9517525773195876,TRAINING_REFERENCE
2023-06-29,26.0194,NORMAL,False,0.43587858107682664,0,VOLATILITY_ACCELERATION,0.14736546694651864,0.43587858107682664,0.014824088760189999,0.0185301109502375,0.4942202156196942,0.9162886597938145,TRAINING_REFERENCE
2023-06-30,25.8881,NORMAL,False,0.4735804747609442,0,VOLATILITY_ACCELERATION,0.19751225041938578,0.4735804747609442,0.115673977579524,0.12615586831364248,0.4918772933156577,0.9142268041237114,TRAINING_REFERENCE
2023-07-03,25.9212,NORMAL,False,0.12277478205329238,0,VOLATILITY_ACCELERATION,0.11264931147510042,0.12277478205329238,0.090250281312046,0.0319644933386375,0.48810225940146473,0.9088659793814433,TRAINING_REFERENCE
2023-07-04,25.9613,NORMAL,False,0.11258051585024767,0,VOLATILITY_ACCELERATION,0.10136977840032627,0.11258051585024767,0.05944997254087,0.0386749070259075,0.4837573178703935,0.9063917525773196,TRAINING_REFERENCE
2023-07-05,26.067,NORMAL,False,0.13006054497169947,0,VOLATILITY_ACCELERATION,0.06383612571333985,0.13006054497169947,0.0,0.1017861201095475,0.4654499030432452,0.8886597938144329,TRAINING_REFERENCE
2023-07-06,26.0728,NORMAL,False,0.12847843020441224,0,VOLATILITY_ACCELERATION,0.10033534735321109,0.12847843020441224,0.014824088760189999,0.0055625887136975,0.45563498365250826,0.876701030927835,TRAINING_REFERENCE
2023-07-07,26.0375,NORMAL,False,0.13661998485876248,0,LOCAL_RETURN_SHOCK,0.13661998485876248,0.07589901062332394,0.08859594990317202,0.033847534595439994,0.45447182653723034,0.8746391752577319,TRAINING_REFERENCE
2023-07-10,26.0886,NORMAL,False,0.090250281312046,0,DRAWDOWN_SHIFT,0.06396734510748325,0.07719307486887897,0.090250281312046,0.049063850216030006,0.4491864168786333,0.8692783505154639,TRAINING_REFERENCE
2023-07-11,26.0934,NORMAL,False,0.08932559708960287,0,LOCAL_RETURN_SHOCK,0.08932559708960287,0.0790283361886004,0.05944997254087,0.004599710218255,0.44435835117674544,0.862680412371134,TRAINING_REFERENCE
2023-07-12,26.1246,NORMAL,False,0.07027438157805455,0,LOCAL_RETURN_SHOCK,0.07027438157805455,0.047584553046721156,0.0,0.0298926165237175,0.4469213564875576,0.8651546391752577,TRAINING_REFERENCE
2023-07-13,26.0296,NORMAL,False,0.16319895602368373,0,LOCAL_RETURN_SHOCK,0.16319895602368373,0.08476834608344629,0.072728386271944,0.09091048283993,0.4431402430698776,0.8610309278350515,TRAINING_REFERENCE
2023-07-14,26.1253,NORMAL,False,0.10394668628998205,0,VOLATILITY_ACCELERATION,0.02223265395255461,0.10394668628998205,0.027078027676351996,0.09191458954421,0.42886821165118305,0.8321649484536082,TRAINING_REFERENCE
2023-07-17,26.3211,NORMAL,False,0.187366269478245,0,LARGE_ABSOLUTE_RETURN,0.04275223464988386,0.15781938492659195,0.0,0.187366269478245,0.4270836624668949,0.8276288659793815,TRAINING_REFERENCE
2023-07-18,26.9155,NORMAL,False,0.5645660705669575,0,LARGE_ABSOLUTE_RETURN,0.31171098470277075,0.3754128435744231,0.0,0.5645660705669575,0.46348585722045127,0.8874226804123712,TRAINING_REFERENCE
2023-07-19,26.7849,NORMAL,False,0.4145243585992762,0,VOLATILITY_ACCELERATION,0.2070267179511294,0.4145243585992762,0.09704445393917999,0.121305567423975,0.4412661642035554,0.8564948453608248,TRAINING_REFERENCE
2023-07-20,26.747,NORMAL,False,0.39903765815098,0,VOLATILITY_ACCELERATION,0.139547344838092,0.39903765815098,0.052478279032436,0.0353744087153575,0.41704583182087174,0.8008247422680412,TRAINING_REFERENCE
2023-07-21,26.9681,NORMAL,False,0.39938294734661667,0,VOLATILITY_ACCELERATION,0.13721814408009392,0.39938294734661667,0.0,0.2066586906942825,0.41889843090334783,0.8082474226804124,TRAINING_REFERENCE
2023-07-24,26.9499,NORMAL,False,0.4147692013880579,0,VOLATILITY_ACCELERATION,0.1250589800969954,0.4147692013880579,0.013497428443233999,0.0168717855540425,0.41177031549329923,0.7859793814432989,TRAINING_REFERENCE
2023-07-25,26.9079,NORMAL,False,0.1840253399366306,0,VOLATILITY_ACCELERATION,0.14917444210539954,0.1840253399366306,0.044645340235313996,0.038961183529435,0.39591615807220976,0.7290721649484536,TRAINING_REFERENCE
2023-07-26,26.907,NORMAL,False,0.15537977935565214,0,VOLATILITY_ACCELERATION,0.07507279578799986,0.15537977935565214,0.05173165845117999,0.0008361856555144653,0.386032301706469,0.6767010309278351,TRAINING_REFERENCE
2023-07-27,26.9021,NORMAL,False,0.15011399066032655,0,VOLATILITY_ACCELERATION,0.07644414819460028,0.15011399066032655,0.07625994677397,0.0045527186234025,0.3812695342275209,0.6404123711340206,TRAINING_REFERENCE
2023-07-28,26.8765,NORMAL,False,0.10975375261068354,0,LOCAL_RETURN_SHOCK,0.10975375261068354,0.022956865205939706,0.067932112384632,0.0237899643522225,0.40363376009073715,0.7620618556701031,TRAINING_REFERENCE
2023-07-31,26.9113,NORMAL,False,0.040242298712719955,0,VOLATILITY_ACCELERATION,0.02555297647861521,0.040242298712719955,0.028626414170815996,0.0323702863096,0.38847349237406326,0.697319587628866,TRAINING_REFERENCE
2023-08-01,26.9178,NORMAL,False,0.07071772712770315,0,LOCAL_RETURN_SHOCK,0.07071772712770315,0.03040921068257862,0.0073420077795619985,0.00603835563499,0.385888011542961,0.674639175257732,TRAINING_REFERENCE
2023-08-02,26.9181,NORMAL,False,0.07764134460090265,0,LOCAL_RETURN_SHOCK,0.07764134460090265,0.030343483858973532,0.008231948116476004,0.000278626039273977,0.3855628936051276,0.6717525773195876,TRAINING_REFERENCE
2023-08-03,26.9555,NORMAL,False,0.039602344992788,0,DRAWDOWN_SHIFT,0.010040401256641006,0.03634942778231328,0.039602344992788,0.0347349924400325,0.3835512452410452,0.6560824742268041,TRAINING_REFERENCE
2023-08-04,26.914,NORMAL,False,0.1382535892926846,0,LOCAL_RETURN_SHOCK,0.1382535892926846,0.044337915044982315,0.027810635528646,0.0384893620967875,0.3829490731464368,0.6527835051546391,TRAINING_REFERENCE
2023-08-07,26.9624,NORMAL,False,0.04888499135223773,0,VOLATILITY_ACCELERATION,0.005382402774181418,0.04888499135223773,0.03789662601369599,0.044958014416285,0.3764962717619953,0.6004123711340206,TRAINING_REFERENCE
2023-08-08,26.982,NORMAL,False,0.0490363206692182,0,VOLATILITY_ACCELERATION,0.04020367980263695,0.0490363206692182,0.037303332455752,0.0181734563688675,0.3750509759080879,0.5876288659793815,TRAINING_REFERENCE
2023-08-09,26.9901,NORMAL,False,0.05972669473354196,0,LOCAL_RETURN_SHOCK,0.05972669473354196,0.04828582203835388,0.037080847371524,0.00750500333556,0.3734557351676541,0.5703092783505155,TRAINING_REFERENCE
2023-08-10,26.9981,NORMAL,False,0.05789369232489744,0,LOCAL_RETURN_SHOCK,0.05789369232489744,0.04486356753792178,0.009344373537621999,0.0074101244530375,0.3739988070204312,0.5760824742268041,TRAINING_REFERENCE
2023-08-11,26.9654,NORMAL,False,0.1337592069486362,0,LOCAL_RETURN_SHOCK,0.1337592069486362,0.04020795359514658,0.015897549987058,0.030279908586159997,0.3804888496107676,0.6371134020618556,TRAINING_REFERENCE
2023-08-14,27.0119,NORMAL,False,0.0431108012490075,0,LARGE_ABSOLUTE_RETURN,0.0054625902594876066,0.03933398594226838,0.004227216600354,0.0431108012490075,0.37463521609393896,0.5843298969072165,TRAINING_REFERENCE
2023-08-15,27.0472,NORMAL,False,0.042244610893965785,0,VOLATILITY_ACCELERATION,0.00017329125749530633,0.042244610893965785,0.0,0.032670785838832504,0.3744888308790931,0.5822680412371134,TRAINING_REFERENCE
2023-08-16,27.043,NORMAL,False,0.043546380961350446,0,VOLATILITY_ACCELERATION,0.04130023745611592,0.043546380961350446,0.0031056819190139998,0.0038821023987674996,0.3714103855349966,0.5496907216494845,TRAINING_REFERENCE
2023-08-17,27.0793,NORMAL,False,0.10132018331339623,0,LOCAL_RETURN_SHOCK,0.10132018331339623,0.04613616541102004,0.0,0.0335576674185525,0.37091361706722814,0.5463917525773195,TRAINING_REFERENCE
2023-08-18,27.0689,NORMAL,False,0.12046641785608794,0,LOCAL_RETURN_SHOCK,0.12046641785608794,0.03577564694192416,0.016542782969343996,0.009601429874479999,0.37591996258590377,0.5958762886597938,TRAINING_REFERENCE
2023-08-21,27.1392,NORMAL,False,0.5700843793474948,0,LOCAL_RETURN_SHOCK,0.5700843793474948,0.045438702228028524,0.0,0.06492690874028499,0.38727598063302804,0.6882474226804124,TRAINING_REFERENCE
2023-08-22,27.1721,NORMAL,False,0.18501677675199713,0,LOCAL_RETURN_SHOCK,0.18501677675199713,0.04566194858420405,0.0,0.030306715010025,0.37246682713304663,0.5616494845360824,TRAINING_REFERENCE
2023-08-23,27.1893,NORMAL,False,0.04091072030273878,0,VOLATILITY_ACCELERATION,0.03305704114025365,0.04091072030273878,0.0031056819190139998,0.015825055847722497,0.3706558054782428,0.5447422680412372,TRAINING_REFERENCE
2023-08-24,25.7736,ANOMALOUS,True,12.16580386969299,3,LOCAL_RETURN_SHOCK,12.16580386969299,0.783407342234408,1.0413655371782278,1.301706921472785,0.6180983461146577,0.9806185567010309,TRAINING_REFERENCE
2023-08-25,26.5335,NORMAL,False,0.9559874463674463,0,VOLATILITY_ACCELERATION,0.6676241486678018,0.9559874463674463,0.47471450438852797,0.7370914424061825,0.5258445635850602,0.9410309278350516,TRAINING_REFERENCE
2023-08-28,26.4642,NORMAL,False,0.952320499185998,0,VOLATILITY_ACCELERATION,0.03744090335351,0.952320499185998,0.5333715836744559,0.065294815987335,0.4827462051418679,0.9039175257731958,TRAINING_REFERENCE
2023-08-29,26.5177,NORMAL,False,0.957701668413174,0,VOLATILITY_ACCELERATION,0.050245292092160276,0.957701668413174,0.49401786732280395,0.05053997475835,0.4828296345275501,0.9043298969072165,TRAINING_REFERENCE
2023-08-30,26.6899,ANOMALOUS,True,1.2544716094077724,1,VOLATILITY_ACCELERATION,0.1297228008800132,1.2544716094077724,0.367350391514306,0.1623443963843,0.49706309919234426,0.9191752577319587,TRAINING_REFERENCE
2023-08-31,26.6899,NORMAL,False,0.6740151456639218,0,DRAWDOWN_SHIFT,0.0059868311174511545,0.5459009408786184,0.6740151456639218,0.0,0.42224105904094955,0.8177319587628866,TRAINING_REFERENCE
2023-09-01,26.6917,NORMAL,False,0.14348906375804185,0,VOLATILITY_ACCELERATION,0.00845763799635248,0.14348906375804185,0.116369307043582,0.001686031045450287,0.37594333787622125,0.5971134020618557,TRAINING_REFERENCE
2023-09-04,26.7578,NORMAL,False,0.215967310670004,0,DRAWDOWN_SHIFT,0.050449179747031184,0.11226384255212958,0.215967310670004,0.0619106313947775,0.38501414541971285,0.6688659793814433,TRAINING_REFERENCE
2023-09-05,26.7615,NORMAL,False,0.179335253206224,0,DRAWDOWN_SHIFT,0.007672603492011543,0.11917627771907807,0.179335253206224,0.0034569359214899997,0.37931174689448344,0.6280412371134021,TRAINING_REFERENCE
2023-09-06,26.8114,NORMAL,False,0.089373393209826,0,DRAWDOWN_SHIFT,0.03932321518209592,0.04988335963685065,0.089373393209826,0.0466154737215725,0.38508176413727824,0.6692783505154639,TRAINING_REFERENCE
2023-09-07,26.8106,NORMAL,False,0.08878492642326201,0,DRAWDOWN_SHIFT,0.003761407749732358,0.05012285487169442,0.08878492642326201,0.0007459513490515323,0.384772317072475,0.6663917525773196,TRAINING_REFERENCE
2023-09-08,26.8365,NORMAL,False,0.10651248836858598,0,DRAWDOWN_SHIFT,0.021997268670838822,0.046127366274812724,0.10651248836858598,0.0241508955413125,0.38623314674879156,0.6791752577319587,TRAINING_REFERENCE
2023-09-11,26.8663,NORMAL,False,0.07981080792811797,0,DRAWDOWN_SHIFT,0.022636343685324998,0.03288584383961572,0.07981080792811797,0.027760699047935003,0.3883598597522868,0.6964948453608247,TRAINING_REFERENCE
2023-09-12,26.8363,NORMAL,False,0.05502164454399196,0,DRAWDOWN_SHIFT,0.016936492998335106,0.04916434235392137,0.05502164454399196,0.027916013742119997,0.38659954846256944,0.6816494845360824,TRAINING_REFERENCE
2023-09-13,26.9321,NORMAL,False,0.089244791569625,0,LARGE_ABSOLUTE_RETURN,0.06971253678170207,0.07411857574275557,0.08878492642326201,0.089244791569625,0.3846916084186375,0.6659793814432989,TRAINING_REFERENCE
2023-09-14,26.945,NORMAL,False,0.098862420143218,0,DRAWDOWN_SHIFT,0.010625742321888294,0.08938383376956358,0.098862420143218,0.0119745582409125,0.3756723913041616,0.5925773195876288,TRAINING_REFERENCE
2023-09-15,26.982,NORMAL,False,0.10702739680682799,0,DRAWDOWN_SHIFT,0.02749458620821119,0.0912787008599569,0.10702739680682799,0.0343291890888825,0.37687848690811904,0.6057731958762886,TRAINING_REFERENCE
2023-09-18,27.0089,NORMAL,False,0.104894204705528,0,DRAWDOWN_SHIFT,0.019138830009047755,0.09790484171192533,0.104894204705528,0.024924023423022502,0.3744141300172642,0.5818556701030928,TRAINING_REFERENCE
2023-09-19,27.0115,NORMAL,False,0.128874226258126,0,DRAWDOWN_SHIFT,0.004379653028606134,0.07851198517595631,0.128874226258126,0.0024066141160905548,0.37827290743853675,0.6160824742268042,TRAINING_REFERENCE
2023-09-20,26.9957,NORMAL,False,0.04678310953206,0,DRAWDOWN_SHIFT,0.00688131539684717,0.04429412994096075,0.04678310953206,0.0146234011439575,0.38410483214909563,0.6618556701030928,TRAINING_REFERENCE
2023-09-21,27.1371,NORMAL,False,0.141305587124344,0,DRAWDOWN_SHIFT,0.099079632921013,0.13075250428706464,0.141305587124344,0.130946780413175,0.3564411788052989,0.3843298969072165,TRAINING_REFERENCE
2023-09-22,27.1418,NORMAL,False,0.1352615459944635,0,VOLATILITY_ACCELERATION,0.0911064623560897,0.1352615459944635,0.117546240616716,0.004329865755734999,0.3527592095101017,0.3237113402061856,TRAINING_REFERENCE
2023-09-25,27.1993,NORMAL,False,0.13704769643952605,0,VOLATILITY_ACCELERATION,0.11682257590637288,0.13704769643952605,0.13269926037080598,0.05296258906926,0.35228193050210405,0.3154639175257732,TRAINING_REFERENCE
2023-09-26,27.2436,NORMAL,False,0.130786743314462,0,DRAWDOWN_SHIFT,0.0334117218877863,0.1303250358156457,0.130786743314462,0.0407179596533725,0.3501298240304057,0.28164948453608246,TRAINING_REFERENCE
2023-09-27,26.9039,ANOMALOUS,True,1.8078152477509297,1,LOCAL_RETURN_SHOCK,1.8078152477509297,0.38987418551121605,0.106970708472614,0.311724588527215,0.4381714749201569,0.8490721649484536,TRAINING_REFERENCE
2023-09-28,27.3141,ANOMALOUS,True,1.1003435616891661,1,LOCAL_RETURN_SHOCK,1.1003435616891661,0.5463726535059794,0.038397457823482,0.38117150301629,0.4167347140003408,0.7987628865979381,TRAINING_REFERENCE
2023-09-29,27.3824,NORMAL,False,0.5457176246512068,0,VOLATILITY_ACCELERATION,0.07051882792619132,0.5457176246512068,0.034940215452399996,0.0625135003533,0.35697173083000977,0.3917525773195876,TRAINING_REFERENCE
2023-10-02,27.4301,NORMAL,False,0.5456553464328338,0,VOLATILITY_ACCELERATION,0.023959858064538517,0.5456553464328338,0.0,0.04354987145027,0.3567027240318761,0.3888659793814433,TRAINING_REFERENCE
2023-10-03,27.4357,NORMAL,False,0.547010149498998,0,VOLATILITY_ACCELERATION,0.05548505201682972,0.547010149498998,0.0,0.005103882231565,0.3561045922531239,0.3769072164948454,TRAINING_REFERENCE
2023-10-04,27.5287,NORMAL,False,0.33666425371825764,0,VOLATILITY_ACCELERATION,0.11302700853161377,0.33666425371825764,0.249379670821772,0.08474360049133249,0.35936663426970566,0.4309278350515464,TRAINING_REFERENCE
2023-10-05,27.5588,NORMAL,False,0.06860888104033418,0,VOLATILITY_ACCELERATION,0.012555864950053983,0.06860888104033418,0.0,0.0273351084504525,0.3533063386064237,0.3336082474226804,TRAINING_REFERENCE
2023-10-06,27.5771,NORMAL,False,0.06907635895111887,0,VOLATILITY_ACCELERATION,0.03822827951685004,0.06907635895111887,0.0,0.0166008679623175,0.3515545349564186,0.30391752577319586,TRAINING_REFERENCE
2023-10-09,27.6736,NORMAL,False,0.11227741281748767,0,LOCAL_RETURN_SHOCK,0.11227741281748767,0.08736969300052735,0.0,0.087482004996895,0.35349173718163196,0.33608247422680415,TRAINING_REFERENCE
2023-10-10,27.721,NORMAL,False,0.07722795333065144,0,VOLATILITY_ACCELERATION,0.011594622190168106,0.07722795333065144,0.0,0.042820594357077496,0.35119062524663397,0.2981443298969072,TRAINING_REFERENCE
2023-10-11,27.6717,NORMAL,False,0.18078238247044748,0,LOCAL_RETURN_SHOCK,0.18078238247044748,0.1130820127112223,0.035568702427759995,0.0444608780347,0.3511923137674794,0.29855670103092785,TRAINING_REFERENCE
2023-10-12,27.7247,NORMAL,False,0.11553482834910768,0,VOLATILITY_ACCELERATION,0.02887383491685309,0.11553482834910768,0.0,0.0478828550468475,0.34435436232486105,0.1781443298969072,TRAINING_REFERENCE
2023-10-13,27.7642,NORMAL,False,0.11497523397689217,0,VOLATILITY_ACCELERATION,0.0006999175740462704,0.11497523397689217,0.0,0.0356180589871125,0.34380643937356486,0.16536082474226804,TRAINING_REFERENCE
2023-10-16,27.8561,NORMAL,False,0.11182327806276772,0,VOLATILITY_ACCELERATION,0.09836794606697814,0.11182327806276772,0.0,0.0827504484191875,0.34792425520218717,0.24618556701030928,TRAINING_REFERENCE
2023-10-17,27.9446,NORMAL,False,0.1226828712990044,0,VOLATILITY_ACCELERATION,0.08498548272394044,0.1226828712990044,0.0,0.07942605030855,0.348056412514693,0.24783505154639177,TRAINING_REFERENCE
2023-10-18,27.9745,NORMAL,False,0.06065273947909314,0,VOLATILITY_ACCELERATION,0.033574124884273915,0.06065273947909314,0.035568702427759995,0.02674935407914,0.35508793525767496,0.36041237113402064,TRAINING_REFERENCE
2023-10-19,27.981,NORMAL,False,0.08230932885635985,0,LOCAL_RETURN_SHOCK,0.08230932885635985,0.080501248115003,0.0,0.005808861641852499,0.35151013617187976,0.3030927835051546,TRAINING_REFERENCE
2023-10-20,27.9433,NORMAL,False,0.15436571663235965,0,LOCAL_RETURN_SHOCK,0.15436571663235965,0.11828848346470566,0.026946856795683996,0.033683570994605,0.34919847839096874,0.2692783505154639,TRAINING_REFERENCE
2023-10-23,28.0652,NORMAL,False,0.1534944244299763,0,LOCAL_RETURN_SHOCK,0.1534944244299763,0.13600549942580578,0.0,0.1090601324825625,0.35021608717099134,0.28288659793814436,TRAINING_REFERENCE
2023-10-24,28.0921,NORMAL,False,0.12407151556840039,0,VOLATILITY_ACCELERATION,0.0325930239654926,0.12407151556840039,0.0,0.023962059775095,0.34395133632632324,0.16989690721649484,TRAINING_REFERENCE
2023-10-25,28.1237,NORMAL,False,0.12409216227519533,0,VOLATILITY_ACCELERATION,0.022082726075282975,0.12409216227519533,0.0,0.0281217851282025,0.3452034994973003,0.19752577319587628,TRAINING_REFERENCE
2023-10-26,28.1377,NORMAL,False,0.12542539655127785,0,LOCAL_RETURN_SHOCK,0.12542539655127785,0.12271187818103609,0.0,0.012445019680905,0.34925253881996743,0.27010309278350514,TRAINING_REFERENCE
2023-10-27,28.1667,NORMAL,False,0.09322344384317846,0,VOLATILITY_ACCELERATION,0.07206369103445434,0.09322344384317846,0.026946856795683996,0.0257661429327925,0.35121996920639476,0.29896907216494845,TRAINING_REFERENCE
2023-10-30,28.245,NORMAL,False,0.21746761544685686,0,LOCAL_RETURN_SHOCK,0.21746761544685686,0.051979245411210746,0.0,0.069496959175195,0.36454566512477193,0.4812371134020619,TRAINING_REFERENCE
2023-10-31,28.2995,NORMAL,False,0.07249570701641359,0,LOCAL_RETURN_SHOCK,0.07249570701641359,0.053093750212369006,0.0,0.04823862630554,0.3594643270015839,0.4334020618556701,TRAINING_REFERENCE
2023-11-01,28.3294,NORMAL,False,0.07879455242892117,0,LOCAL_RETURN_SHOCK,0.07879455242892117,0.053520744116418946,0.0,0.026413894238412502,0.35823177476569934,0.408659793814433,TRAINING_REFERENCE
2023-11-02,28.3246,NORMAL,False,0.2648688806330683,0,LOCAL_RETURN_SHOCK,0.2648688806330683,0.06568496041220645,0.0033887057262059995,0.0042358821577575,0.36214056998931504,0.4606185567010309,TRAINING_REFERENCE
2023-11-03,28.3801,NORMAL,False,0.09430962174656043,0,LOCAL_RETURN_SHOCK,0.09430962174656043,0.06666303776340851,0.0,0.0489856873530425,0.3559589810502378,0.37402061855670105,TRAINING_REFERENCE
2023-11-06,28.4367,NORMAL,False,0.08975016878340135,0,LOCAL_RETURN_SHOCK,0.08975016878340135,0.05581434257346847,0.0,0.049858879989849995,0.3579606769349987,0.40536082474226803,TRAINING_REFERENCE
2023-11-07,28.4916,NORMAL,False,0.09595308268682534,0,LOCAL_RETURN_SHOCK,0.09595308268682534,0.05581798709703419,0.0,0.0482650940509975,0.358380763348855,0.41484536082474227,TRAINING_REFERENCE
2023-11-08,28.4479,NORMAL,False,0.48939938930149657,0,LOCAL_RETURN_SHOCK,0.48939938930149657,0.09604391194364385,0.030675707927947996,0.038344634909935,0.37220750706272493,0.5591752577319588,TRAINING_REFERENCE
2023-11-09,28.4655,NORMAL,False,0.1314038237569316,0,LOCAL_RETURN_SHOCK,0.1314038237569316,0.09089640770647146,0.014932483676986,0.0154668710168375,0.35263435735351134,0.32123711340206185,TRAINING_REFERENCE
2023-11-10,28.5481,NORMAL,False,0.2703662840963429,0,LOCAL_RETURN_SHOCK,0.2703662840963429,0.10244116359311281,0.0,0.0725439567195375,0.35519102832408217,0.3628865979381443,TRAINING_REFERENCE
2023-11-13,28.5929,NORMAL,False,0.10008724196618683,0,VOLATILITY_ACCELERATION,0.029093775627055063,0.10008724196618683,0.0,0.039232032954904995,0.3490382290519835,0.26597938144329897,TRAINING_REFERENCE
2023-11-14,28.6318,NORMAL,False,0.09698837220532362,0,VOLATILITY_ACCELERATION,0.00927880119230233,0.09698837220532362,0.0,0.0340119400270675,0.34854679558402896,0.257319587628866,TRAINING_REFERENCE
2023-11-15,28.6809,NORMAL,False,0.09110714302362596,0,LOCAL_RETURN_SHOCK,0.09110714302362596,0.049079568983983066,0.030675707927947996,0.0428719116506825,0.36021579878349563,0.43917525773195876,TRAINING_REFERENCE
2023-11-16,28.6547,NORMAL,False,0.3939646930849765,0,LOCAL_RETURN_SHOCK,0.3939646930849765,0.14671272135101926,5.119090244600031e-05,0.022837498125932502,0.3578972782717733,0.40371134020618554,TRAINING_REFERENCE
2023-11-17,28.6774,NORMAL,False,0.17761686052242195,0,VOLATILITY_ACCELERATION,0.06933633292613268,0.17761686052242195,0.002440648654682,0.0198047789716875,0.34183886143742703,0.11463917525773196,TRAINING_REFERENCE
2023-11-20,28.7431,NORMAL,False,0.20513819019652726,0,VOLATILITY_ACCELERATION,0.18881626599943926,0.20513819019652726,0.0,0.0572750667773225,0.34561399984419783,0.20371134020618556,TRAINING_REFERENCE
2023-11-21,28.7802,NORMAL,False,0.20454070263998705,0,VOLATILITY_ACCELERATION,0.021274857055491488,0.20454070263998705,0.0,0.032268614032587496,0.34132348418205366,0.10309278350515463,TRAINING_REFERENCE
2023-11-22,28.852,NORMAL,False,0.2845652990386391,0,LOCAL_RETURN_SHOCK,0.2845652990386391,0.23527735989981344,0.0,0.062369267760475,0.3471181500258417,0.23175257731958762,TRAINING_REFERENCE
2023-11-23,28.8257,NORMAL,False,0.47101552350860115,0,LOCAL_RETURN_SHOCK,0.47101552350860115,0.23440161431908807,3.902664437600064e-05,0.022788714820462498,0.35878094957747625,0.4193814432989691,TRAINING_REFERENCE
2023-11-24,28.8595,NORMAL,False,0.23179029257154204,0,VOLATILITY_ACCELERATION,0.0073390765200998884,0.23179029257154204,0.002440648654682,0.029314118997974998,0.3390103689568077,0.05649484536082474,TRAINING_REFERENCE
2023-11-27,28.9042,NORMAL,False,0.2142959805900844,0,VOLATILITY_ACCELERATION,0.06640839645893623,0.2142959805900844,0.0,0.038722084582197495,0.3401214733488243,0.08041237113402062,TRAINING_REFERENCE
2023-11-28,28.9046,NORMAL,False,0.23774604167168426,0,LOCAL_RETURN_SHOCK,0.23774604167168426,0.22862979702072808,0.0,0.00034597048179652035,0.3428788131536731,0.13896907216494844,TRAINING_REFERENCE
2023-11-29,28.9259,NORMAL,False,0.16808672854539686,0,VOLATILITY_ACCELERATION,0.06650234902175708,0.16808672854539686,0.0,0.0184226732077225,0.3405617693890833,0.0911340206185567,TRAINING_REFERENCE
2023-11-30,28.8699,NORMAL,False,0.6138382781065399,0,LOCAL_RETURN_SHOCK,0.6138382781065399,0.23447642002590438,0.020488653116402,0.048399531215965,0.36175947511441253,0.4552577319587629,TRAINING_REFERENCE
2023-12-01,28.896,NORMAL,False,0.2280971861624354,0,VOLATILITY_ACCELERATION,0.009313685121981174,0.2280971861624354,0.020673514047959998,0.0226013945320225,0.3378656303356189,0.03422680412371134,TRAINING_REFERENCE
2023-12-04,28.9143,NORMAL,False,0.1992074705888243,0,VOLATILITY_ACCELERATION,0.050101942717006735,0.1992074705888243,0.008020493744357999,0.015832641196009998,0.33786159310083347,0.033814432989690724,TRAINING_REFERENCE
2023-12-05,28.884,NORMAL,False,0.3572978160647294,0,LOCAL_RETURN_SHOCK,0.3572978160647294,0.21704276612167286,0.028970576542128,0.0261981095859125,0.3541519050396708,0.3476288659793814,TRAINING_REFERENCE
2023-12-06,28.9123,NORMAL,False,0.22603891198040116,0,VOLATILITY_ACCELERATION,0.05441862813103734,0.22603891198040116,0.009403337493386,0.024494529843509995,0.33782946809455444,0.0334020618556701,TRAINING_REFERENCE
2023-12-07,28.9199,NORMAL,False,0.14170703612491614,0,VOLATILITY_ACCELERATION,0.10957228027176111,0.14170703612491614,0.03457109372569,0.006571597555365001,0.34321071633007816,0.14804123711340206,TRAINING_REFERENCE
2023-12-08,28.9846,NORMAL,False,0.2876263903416915,0,LOCAL_RETURN_SHOCK,0.2876263903416915,0.20314483260777055,0.020673514047959998,0.055930345540615,0.34340713220850705,0.15422680412371134,TRAINING_REFERENCE
2023-12-11,29.0011,NORMAL,False,0.20308643040594487,0,VOLATILITY_ACCELERATION,0.03952766429314167,0.20308643040594487,0.008020493744357999,0.014231695452064999,0.33746190565723244,0.02845360824742268,TRAINING_REFERENCE
2023-12-12,28.9958,NORMAL,False,0.18754282050595833,0,LOCAL_RETURN_SHOCK,0.18754282050595833,0.15740949596332915,0.025315542767546002,0.0045687922182275,0.3426395159278439,0.13319587628865978,TRAINING_REFERENCE
2023-12-13,28.9699,NORMAL,False,0.31912952705989334,0,LOCAL_RETURN_SHOCK,0.31912952705989334,0.19872705398804918,0.012113087745655999,0.0223308203257025,0.35023249937657525,0.28371134020618555,TRAINING_REFERENCE
2023-12-14,28.9604,NORMAL,False,0.20966754621477468,0,VOLATILITY_ACCELERATION,0.17106056128226735,0.20966754621477468,0.023919369625641996,0.0081981643015675,0.34418476325055086,0.17525773195876287,TRAINING_REFERENCE
2023-12-15,28.9791,NORMAL,False,0.11195233297401073,0,VOLATILITY_ACCELERATION,0.024139217604827193,0.11195233297401073,0.015171838309581999,0.0161427328351825,0.34568522765962884,0.20536082474226805,TRAINING_REFERENCE
2023-12-18,29.0582,NORMAL,False,0.4662363723269193,0,LOCAL_RETURN_SHOCK,0.4662363723269193,0.2448758915764006,0.0,0.06823883419429999,0.34879416596807883,0.26268041237113404,TRAINING_REFERENCE
2023-12-19,29.0934,NORMAL,False,0.24411604354662228,0,VOLATILITY_ACCELERATION,0.13628349545133683,0.24411604354662228,0.003655033774582,0.030284050629424998,0.3356541285425154,0.009484536082474227,TRAINING_REFERENCE
2023-12-20,29.1302,NORMAL,False,0.24389389361124444,0,VOLATILITY_ACCELERATION,0.14835530282892817,0.24389389361124444,0.021516425239042,0.031622292341215,0.33827764145444345,0.047010309278350516,TRAINING_REFERENCE
2023-12-21,29.1522,NORMAL,False,0.3059072893416357,0,VOLATILITY_ACCELERATION,0.060076289485221486,0.3059072893416357,0.028067900872723997,0.018880749188124997,0.3379772634118978,0.041237113402061855,TRAINING_REFERENCE
2023-12-22,29.2107,NORMAL,False,0.329101032794585,0,LOCAL_RETURN_SHOCK,0.329101032794585,0.2870629495701333,0.015171838309581999,0.050167740342065004,0.3453494308171514,0.2004123711340206,TRAINING_REFERENCE
2023-12-25,29.152,NORMAL,False,0.5757262404170884,0,LOCAL_RETURN_SHOCK,0.5757262404170884,0.5504146951665759,0.04019075201895,0.050238440023687506,0.36514240259986946,0.4882474226804124,TRAINING_REFERENCE
2023-12-26,29.2725,NORMAL,False,0.7607543495639076,0,VOLATILITY_ACCELERATION,0.7395553892012319,0.7607543495639076,0.0,0.1033376783754075,0.37588305636410274,0.5954639175257732,TRAINING_REFERENCE
2023-12-27,29.3874,NORMAL,False,0.8567220705916262,0,VOLATILITY_ACCELERATION,0.5500028747421902,0.8567220705916262,0.0,0.0981296438636925,0.3732934760296604,0.5682474226804124,TRAINING_REFERENCE
2023-12-28,29.435,NORMAL,False,0.8364807254868091,0,VOLATILITY_ACCELERATION,0.1239217942700619,0.8364807254868091,0.0,0.04049354485255249,0.35956791803312105,0.43422680412371134,TRAINING_REFERENCE
2023-12-29,29.5711,NORMAL,False,0.8907738892277581,0,VOLATILITY_ACCELERATION,0.5904597607248013,0.8907738892277581,0.0,0.11559368099201998,0.3837950838184313,0.6589690721649485,TRAINING_REFERENCE
2024-01-01,29.5134,NORMAL,False,0.8715365338402549,0,VOLATILITY_ACCELERATION,0.4443558004984239,0.8715365338402549,0.001166163823042004,0.048780735244885,0.37971594230803896,0.6325773195876289,TRAINING_REFERENCE
2024-01-02,29.7309,NORMAL,False,0.9921341566875055,0,VOLATILITY_ACCELERATION,0.8433716626568265,0.9921341566875055,0.0,0.18423834597166,0.40914213784596837,0.7760824742268041,TRAINING_REFERENCE
2024-01-03,29.7691,ANOMALOUS,True,1.0304604741288204,1,VOLATILITY_ACCELERATION,0.017873453495779252,1.0304604741288204,0.0,0.0321214628551425,0.3772901640580808,0.6090721649484536,TRAINING_REFERENCE
2024-01-04,29.7529,ANOMALOUS,True,1.1009684499192312,1,VOLATILITY_ACCELERATION,0.21955536973912404,1.1009684499192312,0.01088376874007,0.0136047109250875,0.38817244280898183,0.6952577319587628,TRAINING_REFERENCE
2024-01-05,29.8403,ANOMALOUS,True,1.0335021106599829,1,VOLATILITY_ACCELERATION,0.16347259207875475,1.0335021106599829,0.0,0.07343821946767999,0.3788091311803086,0.6222680412371134,TRAINING_REFERENCE
2024-01-08,29.8705,NORMAL,False,0.8795209406607899,0,VOLATILITY_ACCELERATION,0.047813509930292916,0.8795209406607899,0.039024588195908,0.025301354208905,0.36700542327826907,0.5088659793814433,TRAINING_REFERENCE
2024-01-09,29.9245,NORMAL,False,0.3712415486587095,0,VOLATILITY_ACCELERATION,0.03515988990315596,0.3712415486587095,0.0,0.04519509214777,0.34351661706820047,0.15711340206185567,TRAINING_REFERENCE
2024-01-10,29.9598,NORMAL,False,0.3715915835068372,0,VOLATILITY_ACCELERATION,0.043630379332442314,0.3715915835068372,0.0,0.02949088539491,0.34307548491711,0.14515463917525773,TRAINING_REFERENCE
2024-01-11,29.9971,NORMAL,False,0.23095831224085897,0,VOLATILITY_ACCELERATION,0.04934767307557778,0.23095831224085897,0.01088376874007,0.0311250408881225,0.34430964766269473,0.1777319587628866,TRAINING_REFERENCE
2024-01-12,30.098,NORMAL,False,0.2850370564072455,0,VOLATILITY_ACCELERATION,0.18406461659480045,0.2850370564072455,0.0,0.08409146217467249,0.34985831731659234,0.27835051546391754,TRAINING_REFERENCE
2024-01-15,30.0779,NORMAL,False,0.43556868083130024,0,VOLATILITY_ACCELERATION,0.2934181859260215,0.43556868083130024,0.013356369193966,0.0166954614924575,0.3527816659187054,0.32453608247422683,TRAINING_REFERENCE
2024-01-16,30.1,NORMAL,False,0.43577886199406446,0,VOLATILITY_ACCELERATION,0.11043019028428115,0.43577886199406446,0.0,0.0183689685782575,0.34304805593903764,0.14309278350515464,TRAINING_REFERENCE
2024-01-17,30.129,NORMAL,False,0.43660667166590733,0,VOLATILITY_ACCELERATION,0.08206284013101181,0.43660667166590733,0.0,0.02408637873754,0.3428412581491219,0.1377319587628866,TRAINING_REFERENCE
2024-01-18,30.1332,NORMAL,False,0.45403613797948905,0,VOLATILITY_ACCELERATION,0.17133206877527574,0.45403613797948905,0.0,0.003485014437915,0.34365646152159585,0.16041237113402063,TRAINING_REFERENCE
2024-01-19,30.2005,NORMAL,False,0.3212097917310463,0,VOLATILITY_ACCELERATION,0.06303706070018304,0.3212097917310463,0.0,0.0558354240505475,0.34230921592323127,0.12247422680412372,TRAINING_REFERENCE
2024-01-22,30.2562,NORMAL,False,0.255652415249976,0,VOLATILITY_ACCELERATION,0.019099165921723327,0.255652415249976,0.013356369193966,0.0461085081372825,0.34366297241265814,0.16082474226804125,TRAINING_REFERENCE
2024-01-23,30.2164,NORMAL,False,0.4214837605780652,0,VOLATILITY_ACCELERATION,0.3763892329485769,0.4214837605780652,0.026308657399141996,0.0328858217489275,0.3561335869718139,0.3785567010309278,TRAINING_REFERENCE
2024-01-24,30.2349,NORMAL,False,0.42028270177112054,0,VOLATILITY_ACCELERATION,0.11353103989329566,0.42028270177112054,0.014079758859342,0.0153062575290225,0.34292410781158794,0.1402061855670103,TRAINING_REFERENCE
2024-01-25,30.2424,NORMAL,False,0.41841556864127266,0,VOLATILITY_ACCELERATION,0.1406636036466058,0.41841556864127266,0.009122097289149998,0.0062014427036275,0.34304627405693316,0.14268041237113402,TRAINING_REFERENCE
2024-01-26,30.0999,NORMAL,False,0.7200451160517906,0,LOCAL_RETURN_SHOCK,0.7200451160517906,0.6877541627177457,0.10331766712277,0.11779819061979,0.3981147986801368,0.739381443298969,TRAINING_REFERENCE
2024-01-29,30.3456,ANOMALOUS,True,1.148964385108278,1,VOLATILITY_ACCELERATION,0.769429360866705,1.148964385108278,0.0,0.2040704454167575,0.4181137192007639,0.8049484536082474,TRAINING_REFERENCE
2024-01-30,30.3488,ANOMALOUS,True,1.1236270160968274,1,VOLATILITY_ACCELERATION,0.1163597640132125,1.1236270160968274,0.026308657399141996,0.0026362965306325,0.38524883692199197,0.6701030927835051,TRAINING_REFERENCE
2024-01-31,30.3454,ANOMALOUS,True,1.1413241498965636,1,VOLATILITY_ACCELERATION,0.11929235167507683,1.1413241498965636,0.011839143085408,0.0028007697174175,0.3866201923817982,0.6824742268041237,TRAINING_REFERENCE
2024-02-01,30.3329,ANOMALOUS,True,1.1432390113980064,1,VOLATILITY_ACCELERATION,0.14253890829663132,1.1432390113980064,0.0013560764771920015,0.01029810119491,0.3871881775545854,0.6861855670103093,TRAINING_REFERENCE
2024-02-02,30.4907,NORMAL,False,0.9258895947424953,0,VOLATILITY_ACCELERATION,0.4400240075111167,0.9258895947424953,0.10331766712277,0.130056803009275,0.3854921585716396,0.671340206185567,TRAINING_REFERENCE
2024-02-05,30.5514,NORMAL,False,0.5588636000607187,0,VOLATILITY_ACCELERATION,0.08905462218019744,0.5588636000607187,0.0,0.0497692739097475,0.3470796137921589,0.23051546391752578,TRAINING_REFERENCE
2024-02-06,30.5517,NORMAL,False,0.5607836079993399,0,VOLATILITY_ACCELERATION,0.10946957138085164,0.5607836079993399,0.0,0.0002454879318103398,0.34599904401627335,0.21278350515463917,TRAINING_REFERENCE
2024-02-07,30.5837,NORMAL,False,0.5317120053009335,0,VOLATILITY_ACCELERATION,0.000643546323934927,0.5317120053009335,0.002240615773934,0.0261851222681575,0.3445538502206355,0.18185567010309278,TRAINING_REFERENCE
2024-02-08,30.5893,NORMAL,False,0.5065076190558632,0,VOLATILITY_ACCELERATION,0.082915334861568,0.5065076190558632,0.010478173766342,0.004577601794417499,0.34370173546759886,0.1620618556701031,TRAINING_REFERENCE
2024-02-09,30.6745,NORMAL,False,0.28187385555968164,0,VOLATILITY_ACCELERATION,0.17533433895334286,0.28187385555968164,0.0,0.06963219164871,0.34519268817736004,0.19711340206185568,TRAINING_REFERENCE
2024-02-12,30.7137,NORMAL,False,0.26396168072290577,0,VOLATILITY_ACCELERATION,0.031969381266151335,0.26396168072290577,0.0,0.03194836101648,0.33937541659521825,0.06556701030927835,TRAINING_REFERENCE
2024-02-13,30.7063,NORMAL,False,0.27815481686086374,0,VOLATILITY_ACCELERATION,0.12805015724433508,0.27815481686086374,0.004818696542584,0.00602337067823,0.33967813528012086,0.07216494845360824,TRAINING_REFERENCE
2024-02-14,30.7433,NORMAL,False,0.2800328752567066,0,VOLATILITY_ACCELERATION,0.020145688857116085,0.2800328752567066,0.0,0.0301241113387175,0.3381208802381799,0.0445360824742268,TRAINING_REFERENCE
2024-02-15,30.7253,NORMAL,False,0.32316674346141677,0,VOLATILITY_ACCELERATION,0.1575856890436122,0.32316674346141677,0.011709868491669998,0.014637335614587499,0.33937315198959844,0.06515463917525773,TRAINING_REFERENCE
2024-02-16,30.839,NORMAL,False,0.3993689609338155,0,VOLATILITY_ACCELERATION,0.26666658350615974,0.3993689609338155,0.0,0.09251333591534999,0.34476196518246144,0.1868041237113402,TRAINING_REFERENCE
2024-02-19,30.8376,NORMAL,False,0.41315802807676766,0,VOLATILITY_ACCELERATION,0.10482234112556847,0.41315802807676766,0.0009079412432311251,0.0011349265540389064,0.3387018112206424,0.05195876288659794,TRAINING_REFERENCE
2024-02-20,30.9105,NORMAL,False,0.4123402494735975,0,VOLATILITY_ACCELERATION,0.13461039271544994,0.4123402494735975,0.004818696542584,0.05909992995564,0.34229888733530806,0.12164948453608247,TRAINING_REFERENCE
2024-02-21,31.0042,NORMAL,False,0.44525998685993806,0,VOLATILITY_ACCELERATION,0.18353843172218473,0.44525998685993806,0.0,0.0757833098785225,0.3452037597176225,0.1979381443298969,TRAINING_REFERENCE
2024-02-22,30.9876,NORMAL,False,0.4474024711413484,0,VOLATILITY_ACCELERATION,0.17215868919663357,0.4474024711413484,0.00100164186431,0.013385283284199998,0.34260172807713307,0.13195876288659794,TRAINING_REFERENCE
2024-02-23,31.0391,NORMAL,False,0.36392187943469634,0,VOLATILITY_ACCELERATION,0.041912534489163364,0.36392187943469634,0.0,0.041548877615560004,0.3388960054702741,0.05443298969072165,TRAINING_REFERENCE
2024-02-26,31.0937,NORMAL,False,0.3179748162892319,0,VOLATILITY_ACCELERATION,0.02460002213576708,0.3179748162892319,0.0009079412432311251,0.0439767905641575,0.33868287548361625,0.050721649484536085,TRAINING_REFERENCE
2024-02-27,31.1427,NORMAL,False,0.3070097552556251,0,VOLATILITY_ACCELERATION,0.05576627048413617,0.3070097552556251,0.0,0.0393970482766625,0.3379033849992165,0.037525773195876286,TRAINING_REFERENCE
2024-02-28,31.2017,NORMAL,False,0.24312482218207235,0,VOLATILITY_ACCELERATION,0.0953444672328021,0.24312482218207235,0.0,0.0473626243068175,0.3402046936551448,0.08371134020618556,TRAINING_REFERENCE
2024-02-29,31.2335,NORMAL,False,0.08054369916511897,0,VOLATILITY_ACCELERATION,0.06052062421460957,0.08054369916511897,0.010708226627359999,0.0254793809311625,0.3536373335454335,0.33855670103092783,TRAINING_REFERENCE
2024-03-01,31.3634,NORMAL,False,0.4518970722120651,0,LOCAL_RETURN_SHOCK,0.4518970722120651,0.28540384518722206,0.0,0.1039748987465375,0.355534874126721,0.36577319587628865,TRAINING_REFERENCE
2024-03-04,31.5712,NORMAL,False,0.9542041078299573,0,LOCAL_RETURN_SHOCK,0.9542041078299573,0.5234357132242645,0.0,0.1656389294528025,0.38979533822283075,0.702680412371134,TRAINING_REFERENCE
2024-03-05,31.5876,NORMAL,False,0.5716771401311165,0,VOLATILITY_ACCELERATION,0.15672719594607754,0.5716771401311165,0.0,0.0129865193594125,0.35293361508120463,0.32783505154639175,TRAINING_REFERENCE
2024-03-06,31.7653,NORMAL,False,0.6033285320812497,0,VOLATILITY_ACCELERATION,0.5574850111163983,0.6033285320812497,0.0,0.140640631133735,0.3752099187110891,0.5896907216494846,TRAINING_REFERENCE
2024-03-07,31.8177,NORMAL,False,0.5762856897322536,0,VOLATILITY_ACCELERATION,0.03159598400899015,0.5762856897322536,0.0,0.0412399694005675,0.3584133000256496,0.4156701030927835,TRAINING_REFERENCE
2024-03-08,31.9088,NORMAL,False,0.5776710501653002,0,VOLATILITY_ACCELERATION,0.11520814521366712,0.5776710501653002,0.0,0.0715796553490675,0.3597077636830608,0.43587628865979383,TRAINING_REFERENCE
2024-03-11,32.022,NORMAL,False,0.4297520354007329,0,VOLATILITY_ACCELERATION,0.20302719048598894,0.4297520354007329,0.0,0.0886902672616925,0.3559236801429946,0.37278350515463915,TRAINING_REFERENCE
2024-03-12,32.0589,NORMAL,False,0.3905879269084561,0,VOLATILITY_ACCELERATION,0.11967036850714466,0.3905879269084561,0.0,0.028808319280497503,0.3528908459951124,0.3265979381443299,TRAINING_REFERENCE
2024-03-13,32.0416,NORMAL,False,0.3561206687135145,0,LOCAL_RETURN_SHOCK,0.3561206687135145,0.3489154489961606,0.010792634806556,0.013490793508195,0.3607181727245064,0.4449484536082474,TRAINING_REFERENCE
2024-03-14,32.1327,NORMAL,False,0.3642953815090829,0,VOLATILITY_ACCELERATION,0.09738961287784526,0.3642953815090829,0.0,0.0710794716868,0.35208872726161344,0.311340206185567,TRAINING_REFERENCE
2024-03-15,32.1271,NORMAL,False,0.39367309264499495,0,VOLATILITY_ACCELERATION,0.320994489331175,0.39367309264499495,0.003485545876942,0.0043569323461775,0.35672977547980267,0.38927835051546394,TRAINING_REFERENCE
2024-03-18,32.2803,NORMAL,False,0.4853032748290692,0,VOLATILITY_ACCELERATION,0.3532294717264171,0.4853032748290692,0.0,0.119213996906035,0.36212510819544236,0.4602061855670103,TRAINING_REFERENCE
2024-03-19,32.3476,NORMAL,False,0.4880157487143172,0,VOLATILITY_ACCELERATION,0.026378676877382715,0.4880157487143172,0.0,0.05212157260001,0.35374707270278805,0.3406185567010309,TRAINING_REFERENCE
2024-03-20,32.3779,NORMAL,False,0.4213294078681603,0,VOLATILITY_ACCELERATION,0.17180796296437248,0.4213294078681603,0.010792634806556,0.02341750238039,0.35359291523567155,0.33814432989690724,TRAINING_REFERENCE
2024-03-21,32.0211,ANOMALOUS,True,1.679865315483454,2,LOCAL_RETURN_SHOCK,1.679865315483454,1.0954962490912983,0.220397246269832,0.27549655783729,0.47689623539552817,0.8964948453608247,TRAINING_REFERENCE
2024-03-22,31.9679,ANOMALOUS,True,1.0983889729979235,1,VOLATILITY_ACCELERATION,0.23551308540791993,1.0983889729979235,0.24977362164164,0.0415351127850025,0.40927809964868894,0.7769072164948454,TRAINING_REFERENCE
2024-03-25,32.1128,ANOMALOUS,True,1.0894546932995361,1,VOLATILITY_ACCELERATION,0.212502438690573,1.0894546932995361,0.163753671485794,0.11331679591089999,0.4046378421161524,0.7653608247422681,TRAINING_REFERENCE
2024-03-26,32.1354,ANOMALOUS,True,1.1074526470161883,1,VOLATILITY_ACCELERATION,0.06269762193174451,1.1074526470161883,0.149793532007942,0.0175942303380575,0.3996152327715328,0.7463917525773196,TRAINING_REFERENCE
2024-03-27,32.256,ANOMALOUS,True,1.1728865258324521,1,VOLATILITY_ACCELERATION,0.14867048719331027,1.1728865258324521,0.07529827444027799,0.093821766649865,0.406102779482121,0.7682474226804124,TRAINING_REFERENCE
2024-03-28,32.3174,NORMAL,False,0.4654430702996177,0,VOLATILITY_ACCELERATION,0.015851627870151288,0.4654430702996177,0.183026076428676,0.04758804563492,0.3558029363287177,0.36907216494845363,TRAINING_REFERENCE
2024-03-29,32.3984,NORMAL,False,0.28461005992071015,0,VOLATILITY_ACCELERATION,0.0537262238539783,0.28461005992071015,0.253259167518582,0.0626597436674975,0.3638938442291146,0.4734020618556701,TRAINING_REFERENCE
2024-04-01,32.1785,NORMAL,False,0.7311223869086171,0,VOLATILITY_ACCELERATION,0.5767049469795038,0.7311223869086171,0.028006227167556002,0.1696843053977975,0.3902217419205506,0.7043298969072165,TRAINING_REFERENCE
2024-04-02,32.0214,NORMAL,False,0.8073822561410201,0,VOLATILITY_ACCELERATION,0.37388956649404853,0.8073822561410201,0.08293401009290201,0.12205354506891,0.38618239859044906,0.6787628865979382,TRAINING_REFERENCE
2024-04-03,31.9543,NORMAL,False,0.6828385952169894,0,VOLATILITY_ACCELERATION,0.16905711746220387,0.6828385952169894,0.198851066267906,0.05238684129988,0.37933311648640916,0.6288659793814433,TRAINING_REFERENCE
2024-04-04,31.8958,NORMAL,False,0.5846499246380713,0,VOLATILITY_ACCELERATION,0.13368545103190252,0.5846499246380713,0.27289106533095,0.045768488122095,0.379273456546819,0.6276288659793814,TRAINING_REFERENCE
2024-04-05,32.0158,NORMAL,False,0.6613914998829968,0,VOLATILITY_ACCELERATION,0.22662308410138696,0.6613914998829968,0.236184502938418,0.0940562707315675,0.3818037329130367,0.6453608247422681,TRAINING_REFERENCE
2024-04-08,32.0122,NORMAL,False,0.5272573368360424,0,VOLATILITY_ACCELERATION,0.017782421023082366,0.5272573368360424,0.10265939058718998,0.0028111120134425,0.35824336284294267,0.41030927835051545,TRAINING_REFERENCE
2024-04-09,32.2378,NORMAL,False,0.6345721533832248,0,VOLATILITY_ACCELERATION,0.4448132148620687,0.6345721533832248,0.133586843794754,0.17618283029595,0.3660030110982015,0.49731958762886597,TRAINING_REFERENCE
2024-04-10,32.2842,NORMAL,False,0.5565888637447632,0,VOLATILITY_ACCELERATION,0.0675661633138234,0.5565888637447632,0.20365203219912004,0.035982604272,0.35432749015088977,0.35175257731958764,TRAINING_REFERENCE
2024-04-11,32.2783,NORMAL,False,0.49063769375149013,0,VOLATILITY_ACCELERATION,0.03331889485082716,0.49063769375149013,0.23612277149488797,0.004568798359565,0.35592051938500285,0.37195876288659796,TRAINING_REFERENCE
2024-04-12,32.3565,NORMAL,False,0.47552374743434184,0,VOLATILITY_ACCELERATION,0.12936968299072538,0.47552374743434184,0.210319028100152,0.06056700631693499,0.35509986930397114,0.36082474226804123,TRAINING_REFERENCE
2024-04-15,32.4045,NORMAL,False,0.4398066207422081,0,VOLATILITY_ACCELERATION,0.06574922746243245,0.4398066207422081,0.23840683490542797,0.03708682953966,0.3528523437729839,0.32618556701030926,TRAINING_REFERENCE
2024-04-16,32.4515,NORMAL,False,0.15166405469851493,0,VOLATILITY_ACCELERATION,0.0755377813566229,0.15166405469851493,0.09914069830608999,0.0362603959326675,0.34301140808254116,0.14103092783505156,TRAINING_REFERENCE
2024-04-17,32.3808,NORMAL,False,0.2899613157359693,0,VOLATILITY_ACCELERATION,0.14224872561754148,0.2899613157359693,0.026924592301799995,0.05446589525908,0.3399068887658916,0.07670103092783505,TRAINING_REFERENCE
2024-04-18,32.4747,NORMAL,False,0.3185539675555415,0,VOLATILITY_ACCELERATION,0.17379344075361625,0.3185539675555415,0.07413946367721799,0.072496664690185,0.3402491632944064,0.08536082474226804,TRAINING_REFERENCE
2024-04-19,32.5004,NORMAL,False,0.3094825845056074,0,VOLATILITY_ACCELERATION,0.006300066707359265,0.3094825845056074,0.025865474838266,0.019784632344565,0.3344141080322942,0.004536082474226804,TRAINING_REFERENCE
2024-04-22,32.5131,NORMAL,False,0.31999493541630114,0,VOLATILITY_ACCELERATION,0.0340537534083963,0.31999493541630114,0.0,0.009769110534022499,0.3339971387184677,0.002061855670103093,TRAINING_REFERENCE
2024-04-23,32.5468,NORMAL,False,0.31438966800528806,0,VOLATILITY_ACCELERATION,0.03308655268299554,0.31438966800528806,0.0,0.02591263213904,0.3341459158013769,0.002474226804123711,TRAINING_REFERENCE
2024-04-24,32.54,NORMAL,False,0.20200081756786178,0,VOLATILITY_ACCELERATION,0.06816808209449404,0.20200081756786178,0.039394118004064,0.005223247754,0.33796549442124735,0.04041237113402062,TRAINING_REFERENCE
2024-04-25,32.5105,NORMAL,False,0.13545337458586382,0,VOLATILITY_ACCELERATION,0.11121840059720907,0.13545337458586382,0.022306340408270002,0.022664413030115,0.3451202592216321,0.19422680412371135,TRAINING_REFERENCE
2024-04-26,32.4375,NORMAL,False,0.2188188524184604,0,VOLATILITY_ACCELERATION,0.21041741376385423,0.2188188524184604,0.06716482111912399,0.0561357100013825,0.3516145904276939,0.30515463917525776,TRAINING_REFERENCE
2024-04-29,32.4363,NORMAL,False,0.2097068714269458,0,VOLATILITY_ACCELERATION,0.008384736192072572,0.2097068714269458,0.06790222080203999,0.000924855491327148,0.34501592099106254,0.19216494845360824,TRAINING_REFERENCE
2024-04-30,32.3795,NORMAL,False,0.2095684193308995,0,LOCAL_RETURN_SHOCK,0.2095684193308995,0.1648145983674325,0.102805805793502,0.043778112793385004,0.361968677230785,0.45690721649484534,TRAINING_REFERENCE
2024-05-01,32.4788,NORMAL,False,0.35959690537386046,0,VOLATILITY_ACCELERATION,0.2711522751279776,0.35959690537386046,0.037607383828824,0.0766688800012325,0.34466626548016643,0.1843298969072165,TRAINING_REFERENCE
2024-05-02,32.3591,NORMAL,False,0.49184590697602476,0,LOCAL_RETURN_SHOCK,0.49184590697602476,0.4340357440626001,0.09303525999483998,0.09213702476692501,0.3713075126542708,0.5488659793814433,TRAINING_REFERENCE
2024-05-03,32.3374,NORMAL,False,0.41657156152454317,0,VOLATILITY_ACCELERATION,0.14323263536570743,0.41657156152454317,0.061511423550088005,0.016764990373645,0.34809861081853627,0.2490721649484536,TRAINING_REFERENCE
2024-05-06,32.2398,NORMAL,False,0.44030515576366835,0,VOLATILITY_ACCELERATION,0.37561167752132635,0.44030515576366835,0.12074919807784601,0.0754544273812975,0.368721934044069,0.5237113402061856,TRAINING_REFERENCE
2024-05-07,32.257,NORMAL,False,0.4538729377223415,0,VOLATILITY_ACCELERATION,0.017845086147552227,0.4538729377223415,0.07527621763122799,0.01333755172178,0.35004549331009494,0.2804123711340206,TRAINING_REFERENCE
2024-05-08,32.2468,NORMAL,False,0.3017704215452809,0,VOLATILITY_ACCELERATION,0.04559026197170172,0.3017704215452809,0.14256393869750597,0.007905260873605,0.3582252524567658,0.40824742268041236,TRAINING_REFERENCE
2024-05-09,32.2398,NORMAL,False,0.2234406720623229,0,VOLATILITY_ACCELERATION,0.021397659320998373,0.2234406720623229,0.07330981847677602,0.0054268950717575,0.3542601666808709,0.3492783505154639,TRAINING_REFERENCE
2024-05-10,32.2081,NORMAL,False,0.22516055178456862,0,VOLATILITY_ACCELERATION,0.12311743043120087,0.22516055178456862,0.07945481583443,0.024581417998870002,0.35803689257907706,0.4065979381443299,TRAINING_REFERENCE
2024-05-13,32.2788,NORMAL,False,0.3375933652586322,0,LOCAL_RETURN_SHOCK,0.3375933652586322,0.20245648590385623,0.02396548969483603,0.054877499759375004,0.3541299100965216,0.3472164948453608,TRAINING_REFERENCE
2024-05-14,32.2618,NORMAL,False,0.20741803936917755,0,VOLATILITY_ACCELERATION,0.04545070092009319,0.20741803936917755,0.002949598731674004,0.013166536550300001,0.3480071457794962,0.24701030927835052,TRAINING_REFERENCE
2024-05-15,32.1624,NORMAL,False,0.3881682828916415,0,LOCAL_RETURN_SHOCK,0.3881682828916415,0.31171404320359586,0.051863777698578015,0.0770260803798925,0.36699313180016774,0.5084536082474227,TRAINING_REFERENCE
2024-05-16,32.2745,NORMAL,False,0.5146176949716071,0,LOCAL_RETURN_SHOCK,0.5146176949716071,0.4303223112051853,0.021323140831050018,0.0871359102554575,0.35648587370982643,0.3863917525773196,TRAINING_REFERENCE
2024-05-17,32.202,NORMAL,False,0.45977440533690234,0,VOLATILITY_ACCELERATION,0.25322896565711867,0.45977440533690234,0.003748448388167999,0.0561588870470525,0.35332671575230973,0.334020618556701,TRAINING_REFERENCE
2024-05-20,32.184,NORMAL,False,0.41237826356846274,0,VOLATILITY_ACCELERATION,0.012826998253702539,0.41237826356846274,0.058254574950532025,0.013974287311344999,0.3522450110040423,0.31422680412371135,TRAINING_REFERENCE
2024-05-21,32.1427,NORMAL,False,0.4144693760336835,0,VOLATILITY_ACCELERATION,0.10045032872464336,0.4144693760336835,0.07318691852962601,0.0320811583395475,0.3548844401020541,0.35711340206185566,TRAINING_REFERENCE
2024-05-22,32.1662,NORMAL,False,0.3617106349433993,0,VOLATILITY_ACCELERATION,0.17773322769259636,0.3617106349433993,0.0023350989959119994,0.018277867136245,0.35147259147607013,0.3022680412371134,TRAINING_REFERENCE
2024-05-23,32.1791,NORMAL,False,0.19895102564387362,0,VOLATILITY_ACCELERATION,0.12675294253105218,0.19895102564387362,0.058623274791996006,0.010026052191425,0.3577072803283962,0.4020618556701031,TRAINING_REFERENCE
2024-05-24,32.2247,NORMAL,False,0.24877566099504664,0,LOCAL_RETURN_SHOCK,0.24877566099504664,0.17620495951907245,0.01394914400186801,0.0354267210705075,0.3565955462446969,0.38762886597938145,TRAINING_REFERENCE
2024-05-27,32.1324,NORMAL,False,0.3273721398457458,0,LOCAL_RETURN_SHOCK,0.3273721398457458,0.294123374421441,0.03170818636548001,0.0716065626677675,0.36464584483528223,0.4828865979381443,TRAINING_REFERENCE
2024-05-28,32.2213,NORMAL,False,0.40107701992461403,0,LOCAL_RETURN_SHOCK,0.40107701992461403,0.35109388341911774,0.04829967923113802,0.06916694675779249,0.354735165285749,0.35505154639175257,TRAINING_REFERENCE
2024-05-29,32.2181,NORMAL,False,0.36266088274440833,0,VOLATILITY_ACCELERATION,0.016944639259761907,0.36266088274440833,0.031892536286205996,0.0024828296809858985,0.34581024265689847,0.20824742268041238,TRAINING_REFERENCE
2024-05-30,32.1822,NORMAL,False,0.37901643099567844,0,VOLATILITY_ACCELERATION,0.09057429343922477,0.37901643099567844,0.0019049491808759839,0.0278570120522275,0.3505798389139591,0.2894845360824742,TRAINING_REFERENCE
2024-05-31,32.2329,NORMAL,False,0.3856363294026093,0,VOLATILITY_ACCELERATION,0.25364278744829943,0.3856363294026093,0.0050388978332759765,0.039385125939182496,0.3512622978179163,0.2993814432989691,TRAINING_REFERENCE
2024-06-03,32.149,NORMAL,False,0.37253674524283137,0,VOLATILITY_ACCELERATION,0.3275807479959542,0.37253674524283137,0.010200695613702022,0.065073263652975,0.3637173806525067,0.47216494845360824,TRAINING_REFERENCE
2024-06-04,32.529,ANOMALOUS,True,1.6313158784209267,1,LOCAL_RETURN_SHOCK,1.6313158784209267,0.8883909735936489,0.18908156869493,0.2954990823975875,0.45637126640419245,0.8775257731958763,TRAINING_REFERENCE
2024-06-05,32.2163,ANOMALOUS,True,1.1214544000404971,1,VOLATILITY_ACCELERATION,0.7734171702313983,1.1214544000404971,0.001106099524380011,0.24032401856805247,0.4379332761008654,0.8482474226804124,TRAINING_REFERENCE
2024-06-06,32.2076,ANOMALOUS,True,1.1243681280705458,1,VOLATILITY_ACCELERATION,0.014577782162477963,1.1243681280705458,0.015608293288432024,0.0067512408315,0.40063975455701867,0.7501030927835052,TRAINING_REFERENCE
2024-06-07,32.3,ANOMALOUS,True,1.129606271620251,1,VOLATILITY_ACCELERATION,0.18442881577279532,1.129606271620251,0.04123293226983801,0.07172220221314249,0.4020397903830706,0.7550515463917525,TRAINING_REFERENCE
2024-06-10,32.3566,ANOMALOUS,True,1.1185265439412853,1,VOLATILITY_ACCELERATION,0.10034363995001908,1.1185265439412853,0.127570145144838,0.0438080495356025,0.39881442986154836,0.7435051546391752,TRAINING_REFERENCE
2024-06-11,32.3413,NORMAL,False,0.7224623724499376,0,VOLATILITY_ACCELERATION,0.0377232424938016,0.7224623724499376,0.11534160040311599,0.011821390380942499,0.3682116549658546,0.5187628865979381,TRAINING_REFERENCE
2024-06-12,32.3088,NORMAL,False,0.2422566062114825,0,VOLATILITY_ACCELERATION,0.07130972689456581,0.2422566062114825,0.056841225558276025,0.025122675959220003,0.34698372837846986,0.2288659793814433,TRAINING_REFERENCE
2024-06-13,32.2852,NORMAL,False,0.2783967526520165,0,VOLATILITY_ACCELERATION,0.0615445918385279,0.2783967526520165,0.047685179495374,0.0182612786609175,0.345649016421735,0.20412371134020618,TRAINING_REFERENCE
2024-06-14,32.7682,NORMAL,False,0.9704424006863174,0,LOCAL_RETURN_SHOCK,0.9704424006863174,0.9403264923265433,0.151658534786828,0.374010382466265,0.4293922456514233,0.8334020618556701,TRAINING_REFERENCE
2024-06-17,32.793,NORMAL,False,0.9586153229467719,0,VOLATILITY_ACCELERATION,0.006292630624102327,0.9586153229467719,0.116877849742522,0.018920782954205,0.3773326473095008,0.6094845360824742,TRAINING_REFERENCE
2024-06-18,32.5128,ANOMALOUS,True,1.1350464192838452,1,VOLATILITY_ACCELERATION,0.47109241480661007,1.1350464192838452,0.04461043329121198,0.21361266123867748,0.41786150039573294,0.8037113402061856,TRAINING_REFERENCE
2024-06-19,32.5026,ANOMALOUS,True,1.1387753737018167,1,VOLATILITY_ACCELERATION,0.041283815983976804,1.1387753737018167,0.030860031692222026,0.0078430648852125,0.3940952829874863,0.7228865979381444,TRAINING_REFERENCE
2024-06-20,32.8109,ANOMALOUS,True,1.1637919636587006,1,VOLATILITY_ACCELERATION,0.4101478240848292,1.1637919636587006,0.16075313087614998,0.2371348753638125,0.41360004102980025,0.7909278350515464,TRAINING_REFERENCE
2024-06-21,32.8221,NORMAL,False,0.8156941025593469,0,VOLATILITY_ACCELERATION,0.027848140416269766,0.8156941025593469,0.0,0.0085337494552125,0.35888650032530506,0.4210309278350515,TRAINING_REFERENCE
2024-06-24,32.8946,NORMAL,False,0.8449099495840658,0,VOLATILITY_ACCELERATION,0.05480476709596689,0.8449099495840658,0.0,0.05522193887654749,0.36111711241364347,0.4507216494845361,TRAINING_REFERENCE
2024-06-25,32.9356,NORMAL,False,0.5289017413374715,0,VOLATILITY_ACCELERATION,0.002518400788051802,0.5289017413374715,0.17089012899094197,0.0311601296261375,0.3503387742074623,0.2841237113402062,TRAINING_REFERENCE
2024-06-26,32.8128,NORMAL,False,0.6356041589524605,0,VOLATILITY_ACCELERATION,0.21100792375246208,0.6356041589524605,0.10254120235099601,0.09321220806665,0.3565392191884448,0.3872164948453608,TRAINING_REFERENCE
2024-06-27,32.8278,NORMAL,False,0.301469530711331,0,VOLATILITY_ACCELERATION,0.020312773631428714,0.301469530711331,0.065461081625958,0.0114284669397325,0.33865453566759773,0.05030927835051546,TRAINING_REFERENCE
2024-06-28,32.7525,NORMAL,False,0.33221950764056657,0,VOLATILITY_ACCELERATION,0.14204371456426776,0.33221950764056657,0.11118667945930799,0.057344689561899996,0.34721776531814874,0.2329896907216495,TRAINING_REFERENCE
2024-07-01,32.6446,NORMAL,False,0.29671144003280175,0,VOLATILITY_ACCELERATION,0.17541182461884797,0.29671144003280175,0.176708485650786,0.082360125181285,0.35943277503555776,0.43257731958762885,TRAINING_REFERENCE
2024-07-02,32.517,NORMAL,False,0.254193031248858,0,DRAWDOWN_SHIFT,0.19936261517694903,0.24135635923313553,0.254193031248858,0.097719071454385,0.3744020965466443,0.5814432989690722,TRAINING_REFERENCE
2024-07-03,32.5192,NORMAL,False,0.2649173218288861,0,VOLATILITY_ACCELERATION,0.0033849523258747127,0.2649173218288861,0.17828732435419598,0.0016914229479914056,0.358912110638306,0.4218556701030928,TRAINING_REFERENCE
2024-07-04,32.5584,NORMAL,False,0.29554832590496,0,VOLATILITY_ACCELERATION,0.03738894865622966,0.29554832590496,0.16359197949939,0.0301360427070775,0.3543103888893177,0.3509278350515464,TRAINING_REFERENCE
2024-07-05,32.661,NORMAL,False,0.40231020297591796,0,VOLATILITY_ACCELERATION,0.13378395842604587,0.40231020297591796,0.05556297744689601,0.07878151260504,0.34629969188835413,0.2181443298969072,TRAINING_REFERENCE
2024-07-08,32.6925,NORMAL,False,0.34978869942742224,0,VOLATILITY_ACCELERATION,0.02042968624021096,0.34978869942742224,0.029087066882038017,0.024111325434004998,0.3374449486384453,0.028041237113402062,TRAINING_REFERENCE
2024-07-09,32.8481,NORMAL,False,0.2515130489460399,0,VOLATILITY_ACCELERATION,0.2178657946666386,0.2515130489460399,0.20105903642259199,0.11898753536743499,0.35374880251517044,0.34144329896907216,TRAINING_REFERENCE
2024-07-10,32.8188,NORMAL,False,0.28900594937266544,0,VOLATILITY_ACCELERATION,0.08509310504052117,0.28900594937266544,0.18193079828514197,0.0222996155028725,0.34393139683552826,0.1694845360824742,TRAINING_REFERENCE
2024-07-11,32.8078,NORMAL,False,0.3184278691551172,0,VOLATILITY_ACCELERATION,0.05722159156607764,0.3184278691551172,0.15144706639624,0.008379343546992499,0.33985005625844755,0.07587628865979382,TRAINING_REFERENCE
2024-07-12,33.0372,NORMAL,False,0.4457873699247645,0,VOLATILITY_ACCELERATION,0.3131507874964364,0.4457873699247645,0.166749656906204,0.17480599125817498,0.35493146830883265,0.35835051546391755,TRAINING_REFERENCE
2024-07-15,32.9742,NORMAL,False,0.5075721453553504,0,VOLATILITY_ACCELERATION,0.1469004085030785,0.5075721453553504,0.10948259344457201,0.047673531655219994,0.34382537583610423,0.1661855670103093,TRAINING_REFERENCE
2024-07-16,33.0252,NORMAL,False,0.4583033696204698,0,VOLATILITY_ACCELERATION,0.07924228882124942,0.4583033696204698,0.045869456669278,0.038666593882485,0.33822578038870255,0.04577319587628866,TRAINING_REFERENCE
2024-07-17,33.0562,NORMAL,False,0.43692299826193487,0,VOLATILITY_ACCELERATION,0.011082451298763505,0.43692299826193487,0.070926292522374,0.023466928285065,0.33774986587908873,0.03175257731958763,TRAINING_REFERENCE
2024-07-18,33.0595,NORMAL,False,0.43048036979095883,0,VOLATILITY_ACCELERATION,0.05522935760400262,0.43048036979095883,0.077605994729108,0.00249574966269539,0.33787321740196863,0.03505154639175258,TRAINING_REFERENCE
2024-07-19,33.0413,NORMAL,False,0.1748618509943589,0,VOLATILITY_ACCELERATION,0.0855354935700515,0.1748618509943589,0.011010450853761998,0.0137630635672025,0.3380043865605996,0.04164948453608248,TRAINING_REFERENCE
2024-07-22,32.8963,NORMAL,False,0.43258538728833495,0,LOCAL_RETURN_SHOCK,0.43258538728833495,0.2997077591905215,0.06059225046342,0.10971117964487,0.3628029450621062,0.4639175257731959,TRAINING_REFERENCE
2024-07-23,32.8492,NORMAL,False,0.2637840764729065,0,VOLATILITY_ACCELERATION,0.12457123638923225,0.2637840764729065,0.11996061648841999,0.0357942990549025,0.35281941212199736,0.32577319587628867,TRAINING_REFERENCE
2024-07-24,32.8069,NORMAL,False,0.22220169799143408,0,VOLATILITY_ACCELERATION,0.10044087745159169,0.22220169799143408,0.15281537833300599,0.0321925648113225,0.35826936093582773,0.41195876288659794,TRAINING_REFERENCE
2024-07-25,32.9827,NORMAL,False,0.48282833333149844,0,LOCAL_RETURN_SHOCK,0.48282833333149844,0.45784444265156277,0.046461682723572,0.1339657206258425,0.3564709309995975,0.38556701030927837,TRAINING_REFERENCE
2024-07-26,32.9449,NORMAL,False,0.45930159008906263,0,VOLATILITY_ACCELERATION,0.11451019674253342,0.45930159008906263,0.058319091335321996,0.028651383907322497,0.34656829255640953,0.22268041237113403,TRAINING_REFERENCE
2024-07-29,33.0711,NORMAL,False,0.4190674796293443,0,VOLATILITY_ACCELERATION,0.2958865531463511,0.4190674796293443,0.09873107578759599,0.0957659607405125,0.34455105580816753,0.18144329896907216,TRAINING_REFERENCE
2024-07-30,33.0577,NORMAL,False,0.3973689023197739,0,VOLATILITY_ACCELERATION,0.08942446152079614,0.3973689023197739,0.119121402426702,0.010129690273382501,0.33944197947675114,0.06721649484536082,TRAINING_REFERENCE
2024-07-31,33.1513,NORMAL,False,0.3555223772464145,0,VOLATILITY_ACCELERATION,0.18057046360365575,0.3555223772464145,0.15281537833300599,0.0707853238428575,0.3439745865461435,0.17030927835051546,TRAINING_REFERENCE
2024-08-01,33.0852,NORMAL,False,0.32605169464574946,0,VOLATILITY_ACCELERATION,0.2641772380237422,0.32605169464574946,0.006583910207863999,0.049847215644635005,0.3424194203057502,0.1265979381443299,TRAINING_REFERENCE
2024-08-02,33.2012,NORMAL,False,0.3300249189017876,0,VOLATILITY_ACCELERATION,0.23450223554840186,0.3300249189017876,0.06932954218908399,0.087652485099075,0.3415447916901331,0.11051546391752577,TRAINING_REFERENCE
2024-08-05,33.3451,NORMAL,False,0.342732565418336,0,VOLATILITY_ACCELERATION,0.3031867372407607,0.342732565418336,0.0,0.1083545173066025,0.3414850456675627,0.10927835051546392,TRAINING_REFERENCE
2024-08-06,33.5981,NORMAL,False,0.549756058454344,0,LOCAL_RETURN_SHOCK,0.549756058454344,0.4248970046393339,0.008103752218706,0.1896830418862125,0.36287980551457466,0.46556701030927833,TRAINING_REFERENCE
2024-08-07,33.4399,NORMAL,False,0.6090771127438113,0,VOLATILITY_ACCELERATION,0.4505088063551019,0.6090771127438113,0.09417199186858599,0.11771498983573249,0.36981281571486824,0.537319587628866,TRAINING_REFERENCE
2024-08-08,33.4842,NORMAL,False,0.5601414426048856,0,VOLATILITY_ACCELERATION,0.027446526029401723,0.5601414426048856,0.027923680542649994,0.03311911817918,0.346525888494291,0.2218556701030928,TRAINING_REFERENCE
2024-08-09,33.491,NORMAL,False,0.5674357940012241,0,VOLATILITY_ACCELERATION,0.059503897986118395,0.5674357940012241,0.063753605114574,0.005077021401137499,0.34584724635194264,0.2090721649484536,TRAINING_REFERENCE
2024-08-12,33.5916,NORMAL,False,0.547838779093381,0,VOLATILITY_ACCELERATION,0.18304476907262912,0.547838779093381,0.00386926641685,0.0750948015884875,0.34513095452556103,0.1954639175257732,TRAINING_REFERENCE
2024-08-13,33.5335,NORMAL,False,0.36427686877916565,0,VOLATILITY_ACCELERATION,0.2117824849217115,0.36427686877916565,0.038454555465936,0.0432399766608325,0.34197075514779063,0.11752577319587629,TRAINING_REFERENCE
2024-08-14,33.5803,NORMAL,False,0.21454159886197474,0,VOLATILITY_ACCELERATION,0.04906056301112613,0.21454159886197474,0.08357615460397798,0.0348904826516775,0.3372432876834211,0.02597938144329897,TRAINING_REFERENCE
2024-08-15,33.6102,NORMAL,False,0.21216458583299821,0,VOLATILITY_ACCELERATION,0.007720343018394303,0.21216458583299821,0.067801453058358,0.0222600751035575,0.33681838021979726,0.01979381443298969,TRAINING_REFERENCE
2024-08-16,33.6825,NORMAL,False,0.21978316973585688,0,VOLATILITY_ACCELERATION,0.10335371130254596,0.21978316973585688,0.063753605114574,0.053778317296529994,0.33950470189868104,0.06845360824742268,TRAINING_REFERENCE
2024-08-19,33.7433,NORMAL,False,0.19055616239769757,0,VOLATILITY_ACCELERATION,0.065770773321242,0.19055616239769757,0.00386926641685,0.0451272916202775,0.33719557342225015,0.024742268041237112,TRAINING_REFERENCE
2024-08-20,33.8598,NORMAL,False,0.18563160217418356,0,LOCAL_RETURN_SHOCK,0.18563160217418356,0.11922477302254647,0.038454555465936,0.0863134311107675,0.3523976054330809,0.316701030927835,TRAINING_REFERENCE
2024-08-21,33.8521,NORMAL,False,0.16995926462491143,0,VOLATILITY_ACCELERATION,0.15080513588927044,0.16995926462491143,0.0060476710025519995,0.00568520782757,0.3415681620323355,0.1109278350515464,TRAINING_REFERENCE
2024-08-22,33.8864,NORMAL,False,0.16843261600072879,0,VOLATILITY_ACCELERATION,0.049079075781532956,0.16843261600072879,0.0,0.02533077711575,0.33956384880483237,0.06969072164948453,TRAINING_REFERENCE
2024-08-23,33.9767,NORMAL,False,0.17632004584800448,0,VOLATILITY_ACCELERATION,0.1207058754451883,0.17632004584800448,0.0,0.0666196468199575,0.344956332030885,0.19051546391752577,TRAINING_REFERENCE
2024-08-26,33.9757,NORMAL,False,0.20225226232343751,0,VOLATILITY_ACCELERATION,0.14815789751192016,0.20225226232343751,0.000588638684744236,0.000735798355930295,0.33965180474300233,0.07134020618556701,TRAINING_REFERENCE
2024-08-27,33.9985,NORMAL,False,0.15230885230888513,0,VOLATILITY_ACCELERATION,0.06500262779256019,0.15230885230888513,0.0,0.016776696285874998,0.33971711549578953,0.07298969072164949,TRAINING_REFERENCE
2024-08-28,34.0385,NORMAL,False,0.1406969491683356,0,VOLATILITY_ACCELERATION,0.02221003687340988,0.1406969491683356,0.0045481662620559995,0.0294130623409825,0.3410079370210495,0.09690721649484536,TRAINING_REFERENCE
2024-08-29,34.0697,NORMAL,False,0.14126848535736214,0,VOLATILITY_ACCELERATION,0.03958974209446976,0.14126848535736214,0.0,0.02291522834437,0.3405552701581825,0.09072164948453608,TRAINING_REFERENCE
2024-08-30,34.0669,NORMAL,False,0.15786783115084155,0,LOCAL_RETURN_SHOCK,0.15786783115084155,0.08046259695980527,0.001643689260546477,0.0020546115756830963,0.3473900721936496,0.23752577319587628,TRAINING_REFERENCE
2024-09-02,33.878,NORMAL,False,0.7025217031445977,0,LOCAL_RETURN_SHOCK,0.7025217031445977,0.3911695094417629,0.11194537247472977,0.1386242951369175,0.38250251875002317,0.6511340206185567,TRAINING_REFERENCE
2024-09-03,33.982,NORMAL,False,0.4505091889755292,0,VOLATILITY_ACCELERATION,0.20570597018422826,0.4505091889755292,0.051482695767792,0.0767459708365275,0.34522938124063207,0.19876288659793814,TRAINING_REFERENCE
2024-09-04,34.0158,NORMAL,False,0.44918546171455986,0,VOLATILITY_ACCELERATION,0.04549861974034197,0.44918546171455986,0.031641018265493995,0.0248661055853075,0.33948467115569136,0.06804123711340206,TRAINING_REFERENCE
2024-09-05,33.9376,NORMAL,False,0.4551929046227089,0,VOLATILITY_ACCELERATION,0.4004028790601345,0.4551929046227089,0.07754691118500799,0.05747329182320499,0.3630799334770961,0.46804123711340206,TRAINING_REFERENCE
2024-09-06,33.9762,NORMAL,False,0.5470181224688045,0,VOLATILITY_ACCELERATION,0.0553979079985105,0.5470181224688045,0.053243791404089524,0.0284345386827525,0.34734197848571136,0.23711340206185566,TRAINING_REFERENCE
2024-09-09,34.0428,NORMAL,False,0.3219633140561568,0,VOLATILITY_ACCELERATION,0.14838712864884476,0.3219633140561568,0.096742853620666,0.049004891659452494,0.3394044295538951,0.0668041237113402,TRAINING_REFERENCE
2024-09-10,34.0306,NORMAL,False,0.2897893846470901,0,VOLATILITY_ACCELERATION,0.12598314732447272,0.2897893846470901,0.028529749308038,0.008959310045,0.3372335237922324,0.02515463917525773,TRAINING_REFERENCE
2024-09-11,33.9557,NORMAL,False,0.37171509973350625,0,LOCAL_RETURN_SHOCK,0.37171509973350625,0.3313583885451347,0.035280615913848,0.055024007804740004,0.35583310035945126,0.37030927835051547,TRAINING_REFERENCE
2024-09-12,33.8832,NORMAL,False,0.35025631648327227,0,VOLATILITY_ACCELERATION,0.32452376384202697,0.35025631648327227,0.031934534204879995,0.0533783724087525,0.3563342029533585,0.38103092783505155,TRAINING_REFERENCE
2024-09-13,33.8935,NORMAL,False,0.32626636972108924,0,VOLATILITY_ACCELERATION,0.011909580426096664,0.32626636972108924,0.048547536373960004,0.00759963639798,0.346002624283004,0.2131958762886598,TRAINING_REFERENCE
2024-09-16,33.9773,NORMAL,False,0.3601333815617812,0,VOLATILITY_ACCELERATION,0.25467186271864095,0.3601333815617812,0.038450588059184,0.061811261746345,0.3481629389775851,0.2511340206185567,TRAINING_REFERENCE
2024-09-17,34.0729,NORMAL,False,0.44555922892638866,0,VOLATILITY_ACCELERATION,0.28696707390963555,0.44555922892638866,0.022952946459754,0.0703410806626775,0.34247195057630087,0.128659793814433,TRAINING_REFERENCE
2024-09-18,34.0617,NORMAL,False,0.3875658745722443,0,VOLATILITY_ACCELERATION,0.07659070002375123,0.3875658745722443,0.060347494613884,0.0082176744568225,0.33704364411398163,0.0222680412371134,TRAINING_REFERENCE
2024-09-19,34.0168,NORMAL,False,0.3372099642943146,0,VOLATILITY_ACCELERATION,0.19342939411121982,0.3372099642943146,0.07655204988789599,0.032954902427064996,0.3404507799565241,0.08948453608247423,TRAINING_REFERENCE
2024-09-20,34.0973,NORMAL,False,0.3575448713616737,0,VOLATILITY_ACCELERATION,0.255096767398755,0.3575448713616737,0.103435017038596,0.05916194351026,0.3417285270515556,0.1134020618556701,TRAINING_REFERENCE
2024-09-23,34.1205,NORMAL,False,0.33834984674171775,0,VOLATILITY_ACCELERATION,0.059327629164723485,0.33834984674171775,0.054241745597992004,0.017010144498245,0.3335936135905097,0.0004123711340206186,TRAINING_REFERENCE
2024-09-24,34.1089,NORMAL,False,0.27704973155702084,0,VOLATILITY_ACCELERATION,0.06560885342843202,0.27704973155702084,0.006799431426856,0.00849928928357,0.3344936903920455,0.004948453608247422,TRAINING_REFERENCE
2024-09-25,34.1316,NORMAL,False,0.2721424841790823,0,VOLATILITY_ACCELERATION,0.05926704978569501,0.2721424841790823,0.0065741395654579995,0.0166378862994675,0.33415395300725764,0.00288659793814433,TRAINING_REFERENCE
2024-09-26,34.1374,NORMAL,False,0.20194446469799573,0,VOLATILITY_ACCELERATION,0.003711324008199338,0.20194446469799573,0.032929395501992,0.0042482626070849995,0.33680367031576136,0.019381443298969073,TRAINING_REFERENCE
2024-09-27,34.1623,NORMAL,False,0.09253621236868168,0,VOLATILITY_ACCELERATION,0.07488361893219782,0.09253621236868168,0.0,0.0182351321424625,0.34651430449355863,0.22103092783505154,TRAINING_REFERENCE
2024-09-30,34.1833,NORMAL,False,0.09058041453345521,0,VOLATILITY_ACCELERATION,0.056260037049472626,0.09058041453345521,0.0,0.0153678177406075,0.34600382519905976,0.21360824742268042,TRAINING_REFERENCE
2024-10-01,34.2059,NORMAL,False,0.04630413816983443,0,VOLATILITY_ACCELERATION,0.03260253030571469,0.04630413816983443,0.006799431426856,0.016528538789405002,0.3571259206784153,0.3921649484536082,TRAINING_REFERENCE
2024-10-02,34.1633,NORMAL,False,0.2625231112328122,0,LOCAL_RETURN_SHOCK,0.2625231112328122,0.16947148224163444,0.024907983710409996,0.031134979638012497,0.3481558783963945,0.2503092783505155,TRAINING_REFERENCE
2024-10-03,34.1435,NORMAL,False,0.18331773049342254,0,VOLATILITY_ACCELERATION,0.13016962305604793,0.18331773049342254,0.036484933885672,0.014489232597549999,0.3444256838208821,0.1797938144329897,TRAINING_REFERENCE
2024-10-04,34.2398,NORMAL,False,0.44103012222858723,0,LOCAL_RETURN_SHOCK,0.44103012222858723,0.3338236709249406,0.0,0.07051122468405499,0.34599583843733106,0.21237113402061855,TRAINING_REFERENCE
2024-10-07,34.2276,NORMAL,False,0.34434983999484636,0,VOLATILITY_ACCELERATION,0.12196722824365476,0.34434983999484636,0.007126209849355999,0.008907762311695,0.3365172174354365,0.016082474226804123,TRAINING_REFERENCE
2024-10-08,34.2617,NORMAL,False,0.350832151584704,0,VOLATILITY_ACCELERATION,0.12183988553910169,0.350832151584704,0.0,0.024906800359939998,0.33670403345414335,0.018144329896907216,TRAINING_REFERENCE
2024-10-09,34.2158,NORMAL,False,0.35385325810166074,0,VOLATILITY_ACCELERATION,0.2822718622974991,0.35385325810166074,0.0018857830904160005,0.033492208501032496,0.34304233973134113,0.1422680412371134,TRAINING_REFERENCE
2024-10-10,34.1664,NORMAL,False,0.38509625432755934,0,VOLATILITY_ACCELERATION,0.32136667656435813,0.38509625432755934,0.019145697402322,0.03609443590388,0.3503762157691206,0.28494845360824744,TRAINING_REFERENCE
2024-10-11,34.2714,NORMAL,False,0.48697671522105895,0,LOCAL_RETURN_SHOCK,0.48697671522105895,0.402545390844459,0.0,0.07682986794043,0.3506733208578912,0.2907216494845361,TRAINING_REFERENCE
2024-10-14,34.2605,NORMAL,False,0.41799729949289666,0,VOLATILITY_ACCELERATION,0.14693005280052013,0.41799729949289666,0.0007652208030979992,0.0079512363078225,0.33891151319581764,0.05484536082474227,TRAINING_REFERENCE
2024-10-15,34.1951,NORMAL,False,0.4459577539380118,0,VOLATILITY_ACCELERATION,0.40735322095277476,0.4459577539380118,0.044526923323822,0.04772259599247,0.3587837293036273,0.4197938144329897,TRAINING_REFERENCE
2024-10-16,34.1617,NORMAL,False,0.4386949109586101,0,VOLATILITY_ACCELERATION,0.20659190349280196,0.4386949109586101,0.037224627545476,0.024418703264497497,0.3483491951449967,0.25402061855670105,TRAINING_REFERENCE
2024-10-17,34.1203,NORMAL,False,0.4462878068075084,0,VOLATILITY_ACCELERATION,0.23942199160668853,0.4462878068075084,0.032547849894564,0.0302970870887575,0.352196564919466,0.3129896907216495,TRAINING_REFERENCE
2024-10-18,34.2271,NORMAL,False,0.5264236456493595,0,LOCAL_RETURN_SHOCK,0.5264236456493595,0.4492187408253546,0.025852460068744,0.0782525358804,0.356125125189922,0.3781443298969072,TRAINING_REFERENCE
2024-10-21,34.218,NORMAL,False,0.45694027933119025,0,VOLATILITY_ACCELERATION,0.07690426095264394,0.45694027933119025,0.024802021510645998,0.006646779890785,0.3423561177720157,0.12494845360824743,TRAINING_REFERENCE
2024-10-22,34.258,NORMAL,False,0.4168289229560229,0,VOLATILITY_ACCELERATION,0.17271798211905953,0.4168289229560229,0.03670699183576,0.029224384826697498,0.34153323490094084,0.11010309278350515,TRAINING_REFERENCE
2024-10-23,34.2763,NORMAL,False,0.38269314188098535,0,VOLATILITY_ACCELERATION,0.052627062925756446,0.38269314188098535,0.064018394346302,0.01335454492381,0.3393606665524243,0.06474226804123712,TRAINING_REFERENCE
2024-10-24,34.2255,NORMAL,False,0.40317016169242187,0,VOLATILITY_ACCELERATION,0.28346048744532965,0.40317016169242187,0.058537008794932004,0.0370518404845325,0.34877628199737376,0.2622680412371134,TRAINING_REFERENCE
2024-10-25,34.2863,NORMAL,False,0.30260171671327674,0,VOLATILITY_ACCELERATION,0.26693047751783705,0.30260171671327674,0.025852460068744,0.044411330732934996,0.3408054360278796,0.09360824742268041,TRAINING_REFERENCE
2024-10-28,34.2911,NORMAL,False,0.3025019451545995,0,VOLATILITY_ACCELERATION,0.006699889833736447,0.3025019451545995,0.031163010556903997,0.003499940209355,0.3373877134865519,0.027628865979381443,TRAINING_REFERENCE
2024-10-29,34.2741,NORMAL,False,0.3325192177153685,0,VOLATILITY_ACCELERATION,0.10370833731540327,0.3325192177153685,0.0020951776802080003,0.0123938864603375,0.3400209314970533,0.07835051546391752,TRAINING_REFERENCE
2024-10-30,34.253,NORMAL,False,0.3572895464748315,0,VOLATILITY_ACCELERATION,0.1134078725891601,0.3572895464748315,0.022221509371236,0.0153906302426575,0.3424589828965286,0.12783505154639174,TRAINING_REFERENCE
2024-10-31,34.2451,NORMAL,False,0.286552501778171,0,VOLATILITY_ACCELERATION,0.05826485524239714,0.286552501778171,0.0028123534617260004,0.0057659183137225,0.3405529454528276,0.09030927835051547,TRAINING_REFERENCE
2024-11-01,34.3061,NORMAL,False,0.28556547477157246,0,VOLATILITY_ACCELERATION,0.2630393860255784,0.28556547477157246,0.0,0.0445319184350475,0.34261379662064717,0.13237113402061856,TRAINING_REFERENCE
2024-11-04,34.3406,NORMAL,False,0.31467877991722865,0,VOLATILITY_ACCELERATION,0.15420554184174884,0.31467877991722865,0.0,0.025141301401209997,0.3391794038667778,0.06144329896907216,TRAINING_REFERENCE
2024-11-05,34.2819,NORMAL,False,0.40962553635744725,0,VOLATILITY_ACCELERATION,0.31648867903374817,0.40962553635744725,0.024271829906759995,0.0427336738437875,0.3515597422973176,0.3043298969072165,TRAINING_REFERENCE
2024-11-06,34.1941,NORMAL,False,0.5294968650186789,0,VOLATILITY_ACCELERATION,0.4250498694961547,0.5294968650186789,0.063100238064746,0.06402795644348751,0.37187886514734947,0.5558762886597938,TRAINING_REFERENCE
2024-11-07,34.2225,NORMAL,False,0.5520911725963575,0,VOLATILITY_ACCELERATION,0.1341622991676675,0.5520911725963575,0.041952439928634004,0.020763815979944998,0.3534183323497827,0.3352577319587629,TRAINING_REFERENCE
2024-11-08,34.3826,NORMAL,False,0.7924536922408753,0,VOLATILITY_ACCELERATION,0.727305029487078,0.7924536922408753,0.0,0.11695521951932,0.379338700705419,0.6292783505154639,TRAINING_REFERENCE
2024-11-11,34.3262,NORMAL,False,0.821103218682642,0,VOLATILITY_ACCELERATION,0.2549520773620429,0.821103218682642,0.032807292060516,0.041009115075644996,0.36780726408447234,0.5154639175257731,TRAINING_REFERENCE
2024-11-12,34.3604,NORMAL,False,0.8060192871721611,0,VOLATILITY_ACCELERATION,0.1240348207257642,0.8060192871721611,0.021273430498018,0.024908087699769998,0.3590397741863194,0.42391752577319586,TRAINING_REFERENCE
2024-11-13,34.356,NORMAL,False,0.6677865824230849,0,VOLATILITY_ACCELERATION,0.05270322975808504,0.6677865824230849,0.069848804726592,0.0032013597047725,0.35198004838735225,0.3101030927835052,TRAINING_REFERENCE
2024-11-14,34.3324,NORMAL,False,0.7001751020667246,0,VOLATILITY_ACCELERATION,0.1398584294644575,0.7001751020667246,0.03958074216237201,0.0171731284200725,0.3564312837399569,0.3839175257731959,TRAINING_REFERENCE
2024-11-15,34.4347,NORMAL,False,0.5049542131212088,0,VOLATILITY_ACCELERATION,0.38841899853145717,0.5049542131212088,0.0,0.074492316295975,0.34958007424978615,0.2738144329896907,TRAINING_REFERENCE
2024-11-18,34.5492,NORMAL,False,0.5004873217814506,0,VOLATILITY_ACCELERATION,0.4430761521749777,0.5004873217814506,0.032807292060516,0.08312835598974,0.3537667785271268,0.34185567010309276,TRAINING_REFERENCE
2024-11-19,34.4818,NORMAL,False,0.6391163018263989,0,VOLATILITY_ACCELERATION,0.33319642746509104,0.6391163018263989,0.026103313809614,0.0487710279832825,0.3581162218702687,0.40783505154639177,TRAINING_REFERENCE
2024-11-20,34.4605,NORMAL,False,0.654153845750915,0,VOLATILITY_ACCELERATION,0.1245711553148296,0.654153845750915,0.035874121766772,0.0154429293134325,0.35070208672295444,0.2915463917525773,TRAINING_REFERENCE
2024-11-21,34.4788,NORMAL,False,0.6257782752695077,0,VOLATILITY_ACCELERATION,0.0342472391101782,0.6257782752695077,0.011552659509889996,0.0132760697029875,0.3456521163877966,0.2045360824742268,TRAINING_REFERENCE
2024-11-22,34.5424,NORMAL,False,0.5620160343973243,0,VOLATILITY_ACCELERATION,0.19785508525983558,0.5620160343973243,0.00393641531497,0.0461152940357525,0.34458606746385845,0.1822680412371134,TRAINING_REFERENCE
2024-11-25,34.5573,NORMAL,False,0.4251812973641375,0,VOLATILITY_ACCELERATION,0.007712160130941695,0.4251812973641375,0.0,0.01078384825605,0.3380948359515898,0.04329896907216495,TRAINING_REFERENCE
2024-11-26,34.6445,NORMAL,False,0.3756474555673577,0,VOLATILITY_ACCELERATION,0.2862309334246714,0.3756474555673577,0.039016822386626,0.06308363211246501,0.3431076062119423,0.14556701030927835,TRAINING_REFERENCE
2024-11-27,34.6373,NORMAL,False,0.3392675830840723,0,VOLATILITY_ACCELERATION,0.097742918162262,0.3392675830840723,0.047190560557794,0.00519562989796,0.3380771228458793,0.04288659793814433,TRAINING_REFERENCE
2024-11-28,34.6011,NORMAL,False,0.44986342392826306,0,VOLATILITY_ACCELERATION,0.21114128987311864,0.44986342392826306,0.015698994249649996,0.026127902579009998,0.3417142466264204,0.11298969072164948,TRAINING_REFERENCE
2024-11-29,34.6904,NORMAL,False,0.49513767685550875,0,VOLATILITY_ACCELERATION,0.2675550424070287,0.49513767685550875,0.00393641531497,0.06452107013938249,0.3448777944410739,0.1888659793814433,TRAINING_REFERENCE
2024-12-02,34.7145,NORMAL,False,0.4950931870771302,0,VOLATILITY_ACCELERATION,0.01729572306504086,0.4950931870771302,0.0,0.017367917348892502,0.3395426301331764,0.06927835051546392,TRAINING_REFERENCE
2024-12-03,34.7341,NORMAL,False,0.41195232072683374,0,VOLATILITY_ACCELERATION,0.0027020377381673714,0.41195232072683374,0.0,0.014115139206952499,0.33612696258609276,0.013608247422680412,TRAINING_REFERENCE
2024-12-04,34.7258,NORMAL,False,0.4216162957602274,0,VOLATILITY_ACCELERATION,0.11874087782563761,0.4216162957602274,0.0006226612248180004,0.0059739564289825004,0.33733549490745257,0.026804123711340205,TRAINING_REFERENCE
2024-12-05,34.6852,NORMAL,False,0.4386906212279003,0,VOLATILITY_ACCELERATION,0.27840209149115197,0.4386906212279003,0.0031022861803520034,0.02922898824505,0.34463928977209524,0.18350515463917524,TRAINING_REFERENCE
2024-12-06,34.7784,NORMAL,False,0.4437253623139101,0,VOLATILITY_ACCELERATION,0.2801146121669209,0.4437253623139101,0.0,0.067175625338755,0.3424694206356526,0.12824742268041237,TRAINING_REFERENCE
2024-12-09,34.8218,NORMAL,False,0.46120022645815667,0,VOLATILITY_ACCELERATION,0.10475376565261242,0.46120022645815667,0.0,0.031197524900514997,0.3376526184979939,0.030103092783505155,TRAINING_REFERENCE
2024-12-10,34.8404,NORMAL,False,0.4706175864401456,0,VOLATILITY_ACCELERATION,0.03010833674005589,0.4706175864401456,0.0,0.013353703714339998,0.33642515747823815,0.015670103092783504,TRAINING_REFERENCE
2024-12-11,34.8654,NORMAL,False,0.4460647434888856,0,VOLATILITY_ACCELERATION,0.003695859097871235,0.4460647434888856,0.004779165143186,0.017938944443804998,0.33532395355936523,0.0070103092783505155,TRAINING_REFERENCE
2024-12-12,34.8925,NORMAL,False,0.2841051194841164,0,VOLATILITY_ACCELERATION,0.006604904552353854,0.2841051194841164,0.028156768132754,0.01943187228599,0.33602775204681556,0.013195876288659794,TRAINING_REFERENCE
2024-12-13,34.9466,NORMAL,False,0.13741819706385036,0,VOLATILITY_ACCELERATION,0.12528762956113138,0.13741819706385036,0.0,0.0387619115855825,0.34551649287722813,0.20288659793814434,TRAINING_REFERENCE
2024-12-16,34.9405,NORMAL,False,0.20160821452774536,0,VOLATILITY_ACCELERATION,0.1633000921862465,0.20160821452774536,0.003491040616252,0.004363800770314999,0.33993370061198386,0.07711340206185567,TRAINING_REFERENCE
2024-12-17,34.9865,NORMAL,False,0.2179625510132155,0,VOLATILITY_ACCELERATION,0.14799400861367515,0.2179625510132155,0.0,0.032913095118845,0.3393815348990944,0.06597938144329897,TRAINING_REFERENCE
2024-12-18,35.0379,NORMAL,False,0.23314399337313704,0,VOLATILITY_ACCELERATION,0.16360500321159763,0.23314399337313704,0.0,0.0367284524030725,0.3393440131564663,0.0643298969072165,TRAINING_REFERENCE
2024-12-19,35.0923,NORMAL,False,0.24078000694240856,0,VOLATILITY_ACCELERATION,0.164040738466567,0.24078000694240856,0.0,0.0388151116362575,0.3399543758839098,0.0775257731958763,TRAINING_REFERENCE
2024-12-20,35.1981,NORMAL,False,0.481243721665301,0,LOCAL_RETURN_SHOCK,0.481243721665301,0.35860936592062864,0.0,0.07537266009922,0.35158343181464463,0.3047422680412371,TRAINING_REFERENCE
2024-12-23,35.1932,NORMAL,False,0.3541691253197866,0,VOLATILITY_ACCELERATION,0.22719832856339664,0.3541691253197866,0.0007067994214160001,0.0034803014935449995,0.34158061342708584,0.11134020618556702,TRAINING_REFERENCE
2024-12-24,35.17,NORMAL,False,0.46304957415780335,0,VOLATILITY_ACCELERATION,0.32518628991687365,0.46304957415780335,0.015966770933654,0.01648045645181,0.347868787573946,0.24494845360824744,TRAINING_REFERENCE
2024-12-25,35.2215,NORMAL,False,0.4661688306865008,0,VOLATILITY_ACCELERATION,0.1486942796681341,0.4661688306865008,0.0,0.03660790446403,0.3386046630852578,0.04907216494845361,TRAINING_REFERENCE
2024-12-26,35.1498,NORMAL,False,0.6099807977486486,0,VOLATILITY_ACCELERATION,0.6074444297345856,0.6099807977486486,0.04071376857884999,0.050892210723562495,0.36628611628448987,0.5010309278350515,TRAINING_REFERENCE
2024-12-27,35.1564,NORMAL,False,0.4050334098952862,0,VOLATILITY_ACCELERATION,0.1170072859934771,0.4050334098952862,0.036966057663642,0.0046941945615599995,0.340642330528058,0.09195876288659793,TRAINING_REFERENCE
2024-12-30,35.3234,NORMAL,False,0.8394095870318676,0,LOCAL_RETURN_SHOCK,0.8394095870318676,0.7740379543463348,0.0027842411948359996,0.11875504886734499,0.38000441501436233,0.6342268041237114,TRAINING_REFERENCE
2024-12-31,35.3711,NORMAL,False,0.7372476594774888,0,VOLATILITY_ACCELERATION,0.07884092376067829,0.7372476594774888,0.015966770933654,0.033759490875732504,0.3472152405407448,0.23257731958762887,TRAINING_REFERENCE
2025-01-01,35.3659,NORMAL,False,0.7601236740887349,0,VOLATILITY_ACCELERATION,0.17361896398643348,0.7601236740887349,0.002940253483774,0.0036753168547175,0.3522232525392056,0.3134020618556701,TRAINING_REFERENCE
2025-01-02,35.326,NORMAL,False,0.6910360510988298,0,VOLATILITY_ACCELERATION,0.3362902318873892,0.6910360510988298,0.015212723940713997,0.02820513545534,0.3580229809059428,0.4061855670103093,TRAINING_REFERENCE
2025-01-03,35.3743,NORMAL,False,0.6898494508810801,0,VOLATILITY_ACCELERATION,0.07429091692557926,0.6898494508810801,0.036966057663642,0.034181622600915,0.34969607413445397,0.27463917525773196,TRAINING_REFERENCE
2025-01-06,35.304,NORMAL,False,0.485154717716008,0,LOCAL_RETURN_SHOCK,0.485154717716008,0.4528521514858048,0.039746369539465996,0.0496829619243325,0.3595613283086439,0.43381443298969075,TRAINING_REFERENCE
2025-01-07,35.3377,NORMAL,False,0.4336433934857656,0,VOLATILITY_ACCELERATION,0.04175408520965178,0.4336433934857656,0.020692988977871998,0.0238641513709425,0.3379569344712551,0.04,TRAINING_REFERENCE
2025-01-08,35.3389,NORMAL,False,0.4377457528764006,0,VOLATILITY_ACCELERATION,0.10629121425625503,0.4377457528764006,0.017074276839084,0.0008489516861609481,0.3388392307601837,0.053195876288659794,TRAINING_REFERENCE
2025-01-09,35.3286,NORMAL,False,0.41017764547256347,0,VOLATILITY_ACCELERATION,0.15139415483785104,0.41017764547256347,0.0003369224735780014,0.00728658786776,0.33843944050845787,0.04865979381443299,TRAINING_REFERENCE
2025-01-10,35.4226,NORMAL,False,0.5402576923032303,0,VOLATILITY_ACCELERATION,0.3161699659568776,0.5402576923032303,0.0,0.0665183449103525,0.3456907840732313,0.20618556701030927,TRAINING_REFERENCE
2025-01-13,35.4877,NORMAL,False,0.38841446258872814,0,VOLATILITY_ACCELERATION,0.17429311550449372,0.38841446258872814,0.039746369539465996,0.045945243996762496,0.33946634641126455,0.06762886597938145,TRAINING_REFERENCE
2025-01-14,35.4793,NORMAL,False,0.42861753554549414,0,VOLATILITY_ACCELERATION,0.15197537874085626,0.42861753554549414,0.015958954368701997,0.0059175432614625,0.3365942369333314,0.016907216494845362,TRAINING_REFERENCE
2025-01-15,35.4613,NORMAL,False,0.45664357436013686,0,VOLATILITY_ACCELERATION,0.17981066404471718,0.45664357436013686,0.005136135836886001,0.0126834520410475,0.33773144766835467,0.03134020618556701,TRAINING_REFERENCE
2025-01-16,35.4275,NORMAL,False,0.502461304358046,0,VOLATILITY_ACCELERATION,0.230006045976229,0.502461304358046,0.0080892809207,0.023828793642645,0.34258082298686066,0.1311340206185567,TRAINING_REFERENCE
2025-01-17,35.4856,NORMAL,False,0.4080971104794608,0,VOLATILITY_ACCELERATION,0.17014240889430882,0.4080971104794608,0.0011835086522937743,0.040999223766845,0.33730869653300644,0.02639175257731959,TRAINING_REFERENCE
2025-01-20,35.5675,NORMAL,False,0.4495351478845435,0,VOLATILITY_ACCELERATION,0.2918789771235492,0.4495351478845435,0.0,0.05769946118989,0.3412193881378028,0.10061855670103093,TRAINING_REFERENCE
2025-01-21,35.62,NORMAL,False,0.4501816531576733,0,VOLATILITY_ACCELERATION,0.14111465793955894,0.4501816531576733,0.00473403460917,0.0369016658466275,0.3365404017583287,0.016494845360824743,TRAINING_REFERENCE
2025-01-22,35.6452,NORMAL,False,0.394417769317665,0,VOLATILITY_ACCELERATION,0.010559429586004905,0.394417769317665,0.014878394485972,0.0176866928691775,0.3352490976452797,0.006597938144329897,TRAINING_REFERENCE
2025-01-23,35.6339,NORMAL,False,0.3169436248070446,0,VOLATILITY_ACCELERATION,0.13865741643718202,0.3169436248070446,0.027586983424554002,0.007925330759825,0.3366022775260272,0.01731958762886598,TRAINING_REFERENCE
2025-01-24,35.6798,NORMAL,False,0.30840582390235455,0,VOLATILITY_ACCELERATION,0.09725941758279269,0.30840582390235455,0.0011835086522937743,0.03220248134501,0.3350753307168174,0.006185567010309278,TRAINING_REFERENCE
2025-01-27,35.7431,NORMAL,False,0.2603973164217051,0,VOLATILITY_ACCELERATION,0.16669797788023424,0.2603973164217051,0.0,0.0443528270898375,0.3386925709909641,0.05154639175257732,TRAINING_REFERENCE
2025-01-28,35.7352,NORMAL,False,0.2942285921593695,0,VOLATILITY_ACCELERATION,0.1610732054393062,0.2942285921593695,0.004420433594176,0.00552554199272,0.33636756861515416,0.015257731958762887,TRAINING_REFERENCE
2025-01-29,35.7944,NORMAL,False,0.3408000354435998,0,VOLATILITY_ACCELERATION,0.2268677060062887,0.3408000354435998,0.0,0.0414157469385925,0.3386249266880855,0.04989690721649485,TRAINING_REFERENCE
2025-01-30,35.7721,NORMAL,False,0.3684998733967487,0,VOLATILITY_ACCELERATION,0.24040898206323252,0.3684998733967487,0.006119785008839999,0.015575062020874999,0.34144125039897216,0.10762886597938144,TRAINING_REFERENCE
2025-01-31,35.844,NORMAL,False,0.4320339705715576,0,VOLATILITY_ACCELERATION,0.27774578531425187,0.4320339705715576,0.0,0.050248657473282506,0.34146058081313585,0.10845360824742269,TRAINING_REFERENCE
2025-02-03,35.9745,NORMAL,False,0.6001095981151581,0,VOLATILITY_ACCELERATION,0.5859109399757445,0.6001095981151581,0.0,0.0910194174757225,0.35909352748479506,0.4263917525773196,TRAINING_REFERENCE
2025-02-04,35.9325,NORMAL,False,0.6731368105621692,0,VOLATILITY_ACCELERATION,0.4127806495752884,0.6731368105621692,0.018929439232408,0.029187341033229997,0.3608985909562546,0.44824742268041234,TRAINING_REFERENCE
2025-02-05,35.9044,NORMAL,False,0.7115681756487265,0,VOLATILITY_ACCELERATION,0.2970037375360289,0.7115681756487265,0.038972049646274,0.01955054616294,0.35580679864882075,0.3694845360824742,TRAINING_REFERENCE
2025-02-06,35.8882,NORMAL,False,0.7051517773653863,0,VOLATILITY_ACCELERATION,0.22272825944203364,0.7051517773653863,0.035518379548402,0.011279954545962501,0.351545085203055,0.30350515463917527,TRAINING_REFERENCE
2025-02-07,35.9677,NORMAL,False,0.7251441267360301,0,VOLATILITY_ACCELERATION,0.25398403039888073,0.7251441267360301,0.003780455600492,0.055380319993757504,0.35038276285858005,0.28577319587628863,TRAINING_REFERENCE
2025-02-10,35.9951,NORMAL,False,0.48518272108290783,0,VOLATILITY_ACCELERATION,0.0005374125519533155,0.48518272108290783,0.0,0.0190448652541025,0.33883022316929245,0.05278350515463918,TRAINING_REFERENCE
2025-02-11,36.0423,NORMAL,False,0.44955756572774397,0,VOLATILITY_ACCELERATION,0.11080525718901127,0.44955756572774397,0.023349872826583996,0.0327822398048625,0.33810356756616583,0.04371134020618557,TRAINING_REFERENCE
2025-02-12,36.1027,NORMAL,False,0.37044289959526705,0,VOLATILITY_ACCELERATION,0.1653666338078539,0.37044289959526705,0.038972049646274,0.0418952175638075,0.3407085254709291,0.09278350515463918,TRAINING_REFERENCE
2025-02-13,36.0963,NORMAL,False,0.3319200801039831,0,VOLATILITY_ACCELERATION,0.2036651141987633,0.3319200801039831,0.044432987965414006,0.00443180149961,0.34041893426460446,0.088659793814433,TRAINING_REFERENCE
2025-02-14,36.2225,NORMAL,False,0.502886473284464,0,LOCAL_RETURN_SHOCK,0.502886473284464,0.47927122402958566,0.003780455600492,0.087405080299085,0.3551120375674702,0.3612371134020619,TRAINING_REFERENCE
2025-02-17,36.2417,NORMAL,False,0.4904866983372455,0,VOLATILITY_ACCELERATION,0.08982458808410725,0.4904866983372455,0.0,0.013251432120925,0.340411807565395,0.08824742268041237,TRAINING_REFERENCE
2025-02-18,36.2722,NORMAL,False,0.5042205001037449,0,VOLATILITY_ACCELERATION,0.01814207284698795,0.5042205001037449,0.0,0.02103930003283,0.33981688946529004,0.07463917525773196,TRAINING_REFERENCE
2025-02-19,36.2922,NORMAL,False,0.5096009401838973,0,VOLATILITY_ACCELERATION,0.06595386725897179,0.5096009401838973,0.0,0.0137846615314225,0.33915372283044976,0.060618556701030925,TRAINING_REFERENCE
2025-02-20,36.2991,NORMAL,False,0.490360307562674,0,VOLATILITY_ACCELERATION,0.1310716532122034,0.490360307562674,0.003545441199688,0.0047530874402775,0.33979575150067015,0.07381443298969072,TRAINING_REFERENCE
2025-02-21,36.4339,NORMAL,False,0.5216471216657754,0,LOCAL_RETURN_SHOCK,0.5216471216657754,0.5131920812546475,0.0,0.09283976737715,0.35604836445837557,0.3764948453608247,TRAINING_REFERENCE
2025-02-24,36.434,NORMAL,False,0.5385026839982271,0,VOLATILITY_ACCELERATION,0.1772236466332262,0.5385026839982271,0.0,6.861741400077115e-05,0.34347788323971074,0.1558762886597938,TRAINING_REFERENCE
2025-02-25,36.4455,NORMAL,False,0.551083608081144,0,VOLATILITY_ACCELERATION,0.10857834689467512,0.551083608081144,0.0,0.007890980951862499,0.3414897969664224,0.10969072164948454,TRAINING_REFERENCE
2025-02-26,36.4511,NORMAL,False,0.5652890197509494,0,VOLATILITY_ACCELERATION,0.14216067022229928,0.5652890197509494,0.0,0.0038413521559524997,0.3427031398049996,0.1352577319587629,TRAINING_REFERENCE
2025-02-27,36.4292,NORMAL,False,0.6130104498315573,0,VOLATILITY_ACCELERATION,0.2578326435550274,0.6130104498315573,0.01201609827961,0.0150201228495125,0.34808780760484653,0.24865979381443298,TRAINING_REFERENCE
2025-02-28,36.4935,NORMAL,False,0.31727250557720044,0,VOLATILITY_ACCELERATION,0.14573882946890448,0.31727250557720044,0.0,0.0441266895786875,0.33834496609592873,0.047835051546391755,TRAINING_REFERENCE
2025-03-03,36.438,NORMAL,False,0.43098569255637276,0,VOLATILITY_ACCELERATION,0.4157004395910168,0.43098569255637276,0.030416375518924,0.038020469398655,0.3582351995496197,0.4090721649484536,TRAINING_REFERENCE
2025-03-04,36.4371,NORMAL,False,0.4260629122442463,0,VOLATILITY_ACCELERATION,0.11888727838941315,0.4260629122442463,0.030909614040853996,0.0006174872385994455,0.3427668726439228,0.13690721649484536,TRAINING_REFERENCE
2025-03-05,36.4178,NORMAL,False,0.4268697005252288,0,VOLATILITY_ACCELERATION,0.22828520575906786,0.4268697005252288,0.041486840122209996,0.013241997853835001,0.3474062302248505,0.23835051546391753,TRAINING_REFERENCE
2025-03-06,36.4023,NORMAL,False,0.42014830792945057,0,VOLATILITY_ACCELERATION,0.21342891972340944,0.42014830792945057,0.037965405275815996,0.01064040112253,0.3475148783100753,0.24082474226804124,TRAINING_REFERENCE
2025-03-07,36.475,NORMAL,False,0.45092667325607805,0,VOLATILITY_ACCELERATION,0.24148080520930462,0.45092667325607805,0.01013879183964,0.0499281638797575,0.345177128351537,0.1958762886597938,TRAINING_REFERENCE
2025-03-10,36.5508,NORMAL,False,0.4537870316397146,0,VOLATILITY_ACCELERATION,0.26113664430329975,0.4537870316397146,0.030416375518924,0.0519533927347475,0.34321412156964315,0.14845360824742268,TRAINING_REFERENCE
2025-03-11,36.5873,NORMAL,False,0.43807778161403327,0,VOLATILITY_ACCELERATION,0.042743521735138075,0.43807778161403327,0.030909614040853996,0.0249652538384925,0.3371723429185725,0.024329896907216497,TRAINING_REFERENCE
2025-03-12,36.5878,NORMAL,False,0.39339984361575314,0,VOLATILITY_ACCELERATION,0.1367644998543276,0.39339984361575314,0.041486840122209996,0.00034164860484575676,0.339238326930295,0.06268041237113402,TRAINING_REFERENCE
2025-03-13,36.607,NORMAL,False,0.31516745922627093,0,VOLATILITY_ACCELERATION,0.026803185432682442,0.31516745922627093,0.049981503555426,0.013119127140735,0.3383307911754862,0.04742268041237113,TRAINING_REFERENCE
2025-03-14,36.6383,NORMAL,False,0.2714622252950054,0,VOLATILITY_ACCELERATION,0.02856522320258251,0.2714622252950054,0.01013879183964,0.021375693173435,0.33711322216080103,0.023505154639175258,TRAINING_REFERENCE
2025-03-17,36.6454,NORMAL,False,0.1496315477545745,0,VOLATILITY_ACCELERATION,0.08186794170397806,0.1496315477545745,0.0,0.004844657093805,0.34429843742607,0.177319587628866,TRAINING_REFERENCE
2025-03-18,36.6908,NORMAL,False,0.17785189695628992,0,VOLATILITY_ACCELERATION,0.14791908535081613,0.17785189695628992,0.0,0.030972509510062498,0.3431312979809181,0.14597938144329897,TRAINING_REFERENCE
2025-03-19,37.808,ANOMALOUS,True,6.410805166710201,2,LOCAL_RETURN_SHOCK,6.410805166710201,1.6290050983048725,0.0,0.7612262474516726,0.5811876091698724,0.9694845360824742,TRAINING_REFERENCE
2025-03-20,37.8242,ANOMALOUS,True,1.6386510938862817,1,VOLATILITY_ACCELERATION,0.060500104064071955,1.6386510938862817,0.0,0.010712018620395,0.46321371387063126,0.8865979381443299,TRAINING_REFERENCE
2025-03-21,37.839,ANOMALOUS,True,1.6453487279650088,1,VOLATILITY_ACCELERATION,0.06234097909450168,1.6453487279650088,0.0,0.00978209717588,0.4624167263235061,0.8849484536082475,TRAINING_REFERENCE
2025-03-24,37.9769,ANOMALOUS,True,1.6108840307667356,1,VOLATILITY_ACCELERATION,0.06379733321248426,1.6108840307667356,0.0,0.0911097016305925,0.45979223014588055,0.8812371134020619,TRAINING_REFERENCE
2025-03-25,37.979,ANOMALOUS,True,1.6277926156712645,1,VOLATILITY_ACCELERATION,0.07539660259266483,1.6277926156712645,0.0,0.0013824193127898177,0.4614695126417631,0.8837113402061856,TRAINING_REFERENCE
2025-03-26,37.9973,NORMAL,False,0.1836601520451654,0,VOLATILITY_ACCELERATION,0.05913290359411689,0.1836601520451654,0.0,0.01204613075647,0.3485670705867171,0.2581443298969072,TRAINING_REFERENCE
2025-03-27,37.9622,NORMAL,False,0.2127011547895461,0,VOLATILITY_ACCELERATION,0.11168217784715778,0.2127011547895461,0.018474996907674,0.0230937461345925,0.3479891380500161,0.2465979381443299,TRAINING_REFERENCE
2025-03-28,37.9821,NORMAL,False,0.2119725992191003,0,VOLATILITY_ACCELERATION,0.0575569987142178,0.2119725992191003,0.008000568461441999,0.0131051414301575,0.34511363652481547,0.19381443298969073,TRAINING_REFERENCE
2025-03-31,37.9447,NORMAL,False,0.11078416422088645,0,LOCAL_RETURN_SHOCK,0.11078416422088645,0.09162355209285342,0.027686177702101997,0.0246168589941075,0.35634889962139393,0.3818556701030928,TRAINING_REFERENCE
2025-04-01,37.9461,NORMAL,False,0.09139435260182212,0,VOLATILITY_ACCELERATION,0.07428699550588203,0.09139435260182212,0.026949283238545996,0.000922394958979833,0.35357447797096114,0.3377319587628866,TRAINING_REFERENCE
2025-04-02,37.9435,NORMAL,False,0.08073820560664058,0,VOLATILITY_ACCELERATION,0.07830329833056861,0.08073820560664058,0.028317801528001996,0.001712956008653732,0.35492473596071783,0.3579381443298969,TRAINING_REFERENCE
2025-04-03,37.9101,NORMAL,False,0.10926051212559358,0,LOCAL_RETURN_SHOCK,0.10926051212559358,0.07935662549316921,0.027423001107974004,0.0220064042589625,0.35600420046393166,0.3756701030927835,TRAINING_REFERENCE
2025-04-04,37.9772,NORMAL,False,0.13666422301003656,0,VOLATILITY_ACCELERATION,0.010436813829623793,0.13666422301003656,0.002579130622438,0.04424942165808,0.34746957468373296,0.23917525773195877,TRAINING_REFERENCE
2025-04-07,37.9771,NORMAL,False,0.12002270630419298,0,VOLATILITY_ACCELERATION,0.07544774302951099,0.12002270630419298,0.017053843299393998,6.582897106865992e-05,0.34731212820748075,0.23628865979381444,TRAINING_REFERENCE
2025-04-08,37.9207,NORMAL,False,0.1514445568254731,0,VOLATILITY_ACCELERATION,0.1260424897653608,0.1514445568254731,0.013369370981624003,0.0371276374446725,0.35086052877145574,0.29402061855670103,TRAINING_REFERENCE
2025-04-09,37.9793,NORMAL,False,0.1781575383278307,0,VOLATILITY_ACCELERATION,0.009803965022898549,0.1781575383278307,0.018843444139449998,0.038633253078135,0.34418488337104447,0.1756701030927835,TRAINING_REFERENCE
2025-04-10,37.9132,NORMAL,False,0.20211601217609249,0,VOLATILITY_ACCELERATION,0.1331429132158829,0.20211601217609249,0.0016316948835860042,0.043510543901545,0.3480329280110024,0.24742268041237114,TRAINING_REFERENCE
2025-04-11,38.03,NORMAL,False,0.25158877397138324,0,VOLATILITY_ACCELERATION,0.04753986288988272,0.25158877397138324,0.01057969908388,0.0770180306595025,0.34528107897957994,0.1995876288659794,TRAINING_REFERENCE
2025-04-14,38.032,NORMAL,False,0.25139369411359097,0,VOLATILITY_ACCELERATION,0.06686773439746835,0.25139369411359097,0.010632334402708,0.0013147515119604771,0.3430534205511816,0.14350515463917526,TRAINING_REFERENCE
2025-04-15,38.0832,NORMAL,False,0.22229308616865087,0,VOLATILITY_ACCELERATION,0.019468289016211587,0.22229308616865087,0.04031865422017,0.03365586874211,0.34466393902810566,0.18391752577319587,TRAINING_REFERENCE
2025-04-16,38.1278,NORMAL,False,0.21885198191230745,0,VOLATILITY_ACCELERATION,0.026044544329749113,0.21885198191230745,0.009474357388551999,0.029278001848584995,0.34234964080949454,0.1245360824742268,TRAINING_REFERENCE
2025-04-17,37.9702,NORMAL,False,0.8205756212652648,0,LOCAL_RETURN_SHOCK,0.8205756212652648,0.3288502367553031,0.038403035250956,0.1033366729787725,0.3841759054270416,0.6622680412371134,TRAINING_REFERENCE
2025-04-18,38.1008,NORMAL,False,0.47129074346709027,0,LOCAL_RETURN_SHOCK,0.47129074346709027,0.3394753397593486,0.014162894266125998,0.08598848570721,0.3527500128343373,0.32329896907216493,TRAINING_REFERENCE
2025-04-21,38.212,NORMAL,False,0.36359692984426567,0,VOLATILITY_ACCELERATION,0.34411739969753086,0.36359692984426567,0.0,0.07296434720531,0.34512965967172465,0.19505154639175257,TRAINING_REFERENCE
2025-04-22,38.2629,NORMAL,False,0.3638660910434032,0,VOLATILITY_ACCELERATION,0.14135689845203567,0.3638660910434032,0.0,0.0333010572594975,0.3396936872123387,0.07257731958762886,TRAINING_REFERENCE
2025-04-23,38.3008,NORMAL,False,0.36363059727226393,0,VOLATILITY_ACCELERATION,0.08467184542044334,0.36363059727226393,0.0,0.024762890423885,0.33789779250884117,0.036701030927835054,TRAINING_REFERENCE
2025-04-24,38.3395,NORMAL,False,0.14018095905488617,0,VOLATILITY_ACCELERATION,0.08367690700931629,0.14018095905488617,0.082669338383018,0.025260568969835,0.3454234366228627,0.2020618556701031,TRAINING_REFERENCE
2025-04-25,38.4149,NORMAL,False,0.20392738810589467,0,LOCAL_RETURN_SHOCK,0.20392738810589467,0.09882321893115839,0.014162894266125998,0.0491660037298325,0.3483557404562131,0.25443298969072164,TRAINING_REFERENCE
2025-04-28,38.4339,NORMAL,False,0.06591776396481017,0,VOLATILITY_ACCELERATION,0.010051396348804332,0.06591776396481017,0.0,0.012364993791467499,0.3482806386719467,0.2531958762886598,TRAINING_REFERENCE
2025-04-29,38.4866,NORMAL,False,0.10146748614113438,0,LOCAL_RETURN_SHOCK,0.10146748614113438,0.06650629101102619,0.0,0.034279633344522505,0.35008960702605596,0.28123711340206187,TRAINING_REFERENCE
2025-04-30,38.4903,NORMAL,False,0.08942826398021642,0,VOLATILITY_ACCELERATION,0.0852499496267194,0.08942826398021642,0.0,0.0024034339224543455,0.3438081821401595,0.16577319587628866,TRAINING_REFERENCE
2025-05-01,38.4421,NORMAL,False,0.2744888875526619,0,LOCAL_RETURN_SHOCK,0.2744888875526619,0.1510609228495467,0.025045271146232,0.03130658893279,0.34699054030971016,0.2292783505154639,TRAINING_REFERENCE
2025-05-02,38.5687,NORMAL,False,0.3577867190656626,0,LOCAL_RETURN_SHOCK,0.3577867190656626,0.20501143831377588,0.0,0.08233161039589,0.34384640653646203,0.16742268041237113,TRAINING_REFERENCE
2025-05-05,38.5637,NORMAL,False,0.21102732827902748,0,VOLATILITY_ACCELERATION,0.11958308429790776,0.21102732827902748,0.002592776007488,0.0032409700093600003,0.33626270835893435,0.014845360824742268,TRAINING_REFERENCE
2025-05-06,38.6239,NORMAL,False,0.21356486349939074,0,VOLATILITY_ACCELERATION,0.10464477377893582,0.21356486349939074,0.0,0.039026338240365,0.33595712331132366,0.011958762886597939,TRAINING_REFERENCE
2025-05-07,38.6504,NORMAL,False,0.2096349296673404,0,VOLATILITY_ACCELERATION,0.03215341055034656,0.2096349296673404,0.0,0.017152592047925002,0.33421499752029016,0.0032989690721649486,TRAINING_REFERENCE
2025-05-08,38.6112,NORMAL,False,0.2600665387922415,0,LOCAL_RETURN_SHOCK,0.2600665387922415,0.20081517938814547,0.004760875641918001,0.0253554943803925,0.3402672079627218,0.08577319587628866,TRAINING_REFERENCE
2025-05-09,38.7612,NORMAL,False,0.4195329230898259,0,LOCAL_RETURN_SHOCK,0.4195329230898259,0.22757945503889726,0.0,0.0971220785678775,0.3456718841209755,0.20494845360824743,TRAINING_REFERENCE
2025-05-12,38.7747,NORMAL,False,0.22019579333645492,0,VOLATILITY_ACCELERATION,0.08277342460639585,0.22019579333645492,0.002592776007488,0.008707160769015,0.3342666998910134,0.004123711340206186,TRAINING_REFERENCE
2025-05-13,38.7892,NORMAL,False,0.22028100548851653,0,VOLATILITY_ACCELERATION,0.08157575441904424,0.22028100548851653,0.0,0.0093488795529,0.3337936650208329,0.0012371134020618556,TRAINING_REFERENCE
2025-05-14,38.7704,NORMAL,False,0.23216023802025074,0,VOLATILITY_ACCELERATION,0.19236195393090597,0.23216023802025074,0.009693419817886,0.012116774772357501,0.3358943272949539,0.01154639175257732,TRAINING_REFERENCE
2025-05-15,38.7145,NORMAL,False,0.3077836643502723,0,LOCAL_RETURN_SHOCK,0.3077836643502723,0.2433899814723898,0.018231480048674,0.0360455398964175,0.34357177913766707,0.15876288659793814,TRAINING_REFERENCE
2025-05-16,38.852,NORMAL,False,0.4178294736930247,0,LOCAL_RETURN_SHOCK,0.4178294736930247,0.22684524353224111,0.0,0.088791021451905,0.3464121892799754,0.21938144329896908,TRAINING_REFERENCE
2025-05-19,38.8038,NORMAL,False,0.3571341347763379,0,LOCAL_RETURN_SHOCK,0.3571341347763379,0.24493616674923702,0.024812107484809998,0.0310151343560125,0.34748892885867155,0.23958762886597937,TRAINING_REFERENCE
2025-05-20,38.8394,NORMAL,False,0.2485256149370258,0,VOLATILITY_ACCELERATION,0.023680083440221003,0.2485256149370258,0.0064861525790159994,0.0229358980306,0.3339105013626117,0.0016494845360824743,TRAINING_REFERENCE
2025-05-21,38.8704,NORMAL,False,0.24422229483428406,0,VOLATILITY_ACCELERATION,0.007891487189677693,0.24422229483428406,0.009693419817886,0.0199539642733875,0.3337203367707765,0.0008247422680412372,TRAINING_REFERENCE
2025-05-22,38.9174,NORMAL,False,0.20594746038902675,0,VOLATILITY_ACCELERATION,0.0756595283938932,0.20594746038902675,0.038515875552988,0.030228657281632498,0.3357741562992377,0.010721649484536083,TRAINING_REFERENCE
2025-05-23,38.9344,NORMAL,False,0.11736656903906473,0,VOLATILITY_ACCELERATION,0.05028933047685373,0.11736656903906473,0.0,0.0109205650942725,0.33781972244239006,0.032989690721649485,TRAINING_REFERENCE
2025-05-26,38.9598,NORMAL,False,0.035089999626230994,0,VOLATILITY_ACCELERATION,0.003368019253947637,0.035089999626230994,0.024812107484809998,0.016309484671655,0.355187880176675,0.3624742268041237,TRAINING_REFERENCE
2025-05-27,38.9837,NORMAL,False,0.035329351844887294,0,VOLATILITY_ACCELERATION,0.011028733597535747,0.035329351844887294,0.0064861525790159994,0.015336321028339999,0.35401059087204106,0.3447422680412371,TRAINING_REFERENCE
2025-05-28,39.097,NORMAL,False,0.3724166669023958,0,LOCAL_RETURN_SHOCK,0.3724166669023958,0.12331199905264706,0.0,0.0726585726855075,0.350228125241633,0.28329896907216495,TRAINING_REFERENCE
2025-05-29,39.1054,NORMAL,False,0.13346645867665693,0,VOLATILITY_ACCELERATION,0.08917001384535947,0.13346645867665693,0.0,0.005371256106605,0.3389803258144306,0.05567010309278351,TRAINING_REFERENCE
2025-05-30,39.2289,NORMAL,False,0.3765148872666155,0,LOCAL_RETURN_SHOCK,0.3765148872666155,0.170204276024286,0.0,0.0789532903384175,0.3489472378164993,0.26350515463917523,TRAINING_REFERENCE
2025-06-02,39.1961,NORMAL,False,0.27789555991082815,0,LOCAL_RETURN_SHOCK,0.27789555991082815,0.21143763465834858,0.016722365398979998,0.020902956748725,0.34286039410136304,0.13855670103092785,TRAINING_REFERENCE
2025-06-03,39.1492,NORMAL,False,0.32464659404099677,0,LOCAL_RETURN_SHOCK,0.32464659404099677,0.24878569479508358,0.040633308606664,0.029913690392664997,0.34545929788850416,0.20247422680412372,TRAINING_REFERENCE
2025-06-04,39.1642,NORMAL,False,0.20655044740642356,0,VOLATILITY_ACCELERATION,0.04587296566552161,0.20655044740642356,0.032985885405912,0.00957873979545,0.3355539118567504,0.008247422680412371,TRAINING_REFERENCE
2025-06-05,39.2864,NORMAL,False,0.3836256616242833,0,LOCAL_RETURN_SHOCK,0.3836256616242833,0.25359799080555623,0.0,0.07800491264981499,0.3427557891770218,0.13649484536082473,TRAINING_REFERENCE
2025-06-06,39.2423,NORMAL,False,0.30336228214982014,0,LOCAL_RETURN_SHOCK,0.30336228214982014,0.21884103649695436,0.022450517227334,0.028063146534167503,0.34385059472247126,0.16783505154639175,TRAINING_REFERENCE
2025-06-09,39.2561,NORMAL,False,0.2102513117024256,0,VOLATILITY_ACCELERATION,0.0433945516595609,0.2102513117024256,0.0012971800931259997,0.008791533625704999,0.33422319914230736,0.003711340206185567,TRAINING_REFERENCE
2025-06-10,39.2056,NORMAL,False,0.31023845835924374,0,LOCAL_RETURN_SHOCK,0.31023845835924374,0.21201032463111175,0.000500518875620002,0.0321606068865775,0.34439138093685123,0.17855670103092783,TRAINING_REFERENCE
2025-06-11,39.1681,NORMAL,False,0.574322493059132,0,VOLATILITY_ACCELERATION,0.23416908764658373,0.574322493059132,0.027238517949956,0.023912400269344998,0.34849444942920127,0.25608247422680414,TRAINING_REFERENCE
2025-06-12,39.3445,NORMAL,False,0.7226100511642921,0,VOLATILITY_ACCELERATION,0.6191650070381339,0.7226100511642921,0.0,0.11259162430651248,0.36663828511505686,0.5035051546391752,TRAINING_REFERENCE
2025-06-13,39.2169,NORMAL,False,0.8206673771281935,0,VOLATILITY_ACCELERATION,0.5714077611819944,0.8206673771281935,0.042412424225724,0.0810786768163225,0.3824600438943302,0.6503092783505154,TRAINING_REFERENCE
2025-06-16,39.3602,NORMAL,False,0.9553304899871685,0,VOLATILITY_ACCELERATION,0.42622145138366613,0.9553304899871685,0.015425185305854,0.09135092268894249,0.3778858597393464,0.614020618556701,TRAINING_REFERENCE
2025-06-17,39.4751,NORMAL,False,0.930448660947455,0,VOLATILITY_ACCELERATION,0.2825738054392347,0.930448660947455,0.041133827482283995,0.0729798120944475,0.3704906164847455,0.5430927835051547,TRAINING_REFERENCE
2025-06-18,39.516,NORMAL,False,0.8632830868744757,0,VOLATILITY_ACCELERATION,0.027590887443510164,0.8632830868744757,0.060224403355868,0.02590240430043,0.3597074205455683,0.4354639175257732,TRAINING_REFERENCE
2025-06-19,39.6085,NORMAL,False,0.7658950965967356,0,VOLATILITY_ACCELERATION,0.18813941167602702,0.7658950965967356,0.0,0.0585205992509375,0.35208944040661144,0.3117525773195876,TRAINING_REFERENCE
2025-06-20,39.6706,NORMAL,False,0.29143304330188036,0,VOLATILITY_ACCELERATION,0.08398685212058027,0.29143304330188036,0.06486294145305799,0.0391961321433525,0.3428306638079384,0.13731958762886598,TRAINING_REFERENCE
2025-06-23,39.6149,NORMAL,False,0.46467900540373946,0,VOLATILITY_ACCELERATION,0.2867532610934372,0.46467900540373946,0.028081249086224,0.035101561357779996,0.34672601390775604,0.22515463917525774,TRAINING_REFERENCE
2025-06-24,39.5944,NORMAL,False,0.42582596037224757,0,VOLATILITY_ACCELERATION,0.16049180136889757,0.42582596037224757,0.038416358714009995,0.0129370514629575,0.33904893820203197,0.05814432989690722,TRAINING_REFERENCE
2025-06-25,39.7576,NORMAL,False,0.5991998030132984,0,VOLATILITY_ACCELERATION,0.3922694293139007,0.5991998030132984,0.0,0.10304487503283,0.3516453092586997,0.30556701030927835,TRAINING_REFERENCE
2025-06-26,39.7712,NORMAL,False,0.5831952849126668,0,VOLATILITY_ACCELERATION,0.056382622214730053,0.5831952849126668,0.0,0.00855182405377,0.3401780320548362,0.08247422680412371,TRAINING_REFERENCE
2025-06-27,39.8993,NORMAL,False,0.6448452087609671,0,VOLATILITY_ACCELERATION,0.2688093318399184,0.6448452087609671,0.0,0.08052309208673,0.3500754161853843,0.2808247422680412,TRAINING_REFERENCE
2025-06-30,39.8102,NORMAL,False,0.6941967711944578,0,VOLATILITY_ACCELERATION,0.3485241121075439,0.6941967711944578,0.016581188600647997,0.05582804710859,0.36033064918573493,0.4404123711340206,TRAINING_REFERENCE
2025-07-01,39.8237,NORMAL,False,0.676964421306691,0,VOLATILITY_ACCELERATION,0.048177124457336185,0.676964421306691,0.0005209570402999993,0.0084777268137325,0.3462937515394622,0.2177319587628866,TRAINING_REFERENCE
2025-07-02,39.7761,NORMAL,False,0.5439164457909361,0,VOLATILITY_ACCELERATION,0.22864397320490903,0.5439164457909361,0.061755469394195996,0.029881703608654997,0.34984993017779864,0.2771134020618557,TRAINING_REFERENCE
2025-07-03,39.8232,NORMAL,False,0.5679557318824283,0,VOLATILITY_ACCELERATION,0.044369189088135745,0.5679557318824283,0.038146032637162,0.0296032039340175,0.3414775073026262,0.1088659793814433,TRAINING_REFERENCE
2025-07-04,39.862,NORMAL,False,0.400543543858022,0,VOLATILITY_ACCELERATION,0.032948556782775675,0.400543543858022,0.018697069873401997,0.024357660861005,0.3376958398170582,0.030515463917525774,TRAINING_REFERENCE
2025-07-07,39.9734,NORMAL,False,0.38890539614887554,0,VOLATILITY_ACCELERATION,0.22993114518517793,0.38890539614887554,0.044662437686871996,0.0698660378305125,0.3410659432670745,0.0977319587628866,TRAINING_REFERENCE
2025-07-08,40.0353,NORMAL,False,0.38886500744811625,0,VOLATILITY_ACCELERATION,0.07191231057136803,0.38886500744811625,0.03789540167371,0.0387132443074625,0.3368495975725612,0.020618556701030927,TRAINING_REFERENCE
2025-07-09,40.0431,NORMAL,False,0.2560779078154314,0,VOLATILITY_ACCELERATION,0.0985653943986079,0.2560779078154314,0.061755469394195996,0.004870701605835,0.3390778370280895,0.05938144329896907,TRAINING_REFERENCE
2025-07-10,40.0815,NORMAL,False,0.2774510051027084,0,VOLATILITY_ACCELERATION,0.01744699803909141,0.2774510051027084,0.038146032637162,0.023974167834155,0.3366983088263282,0.017731958762886597,TRAINING_REFERENCE
2025-07-11,40.1704,NORMAL,False,0.29732540170644894,0,VOLATILITY_ACCELERATION,0.16328202196306416,0.29732540170644894,0.018697069873401997,0.0554495215997425,0.3400386770947176,0.07876288659793815,TRAINING_REFERENCE
2025-07-14,40.1734,NORMAL,False,0.26655691216960653,0,VOLATILITY_ACCELERATION,0.16345110145419173,0.26655691216960653,0.0,0.0018670463824088657,0.33760905098302463,0.029690721649484535,TRAINING_REFERENCE
2025-07-15,40.2048,NORMAL,False,0.25120491027287106,0,VOLATILITY_ACCELERATION,0.03694492646037264,0.25120491027287106,0.0,0.0195402928305775,0.33560973300460895,0.00865979381443299,TRAINING_REFERENCE
2025-07-16,40.2497,NORMAL,False,0.22768874167980288,0,VOLATILITY_ACCELERATION,0.03152815635921622,0.22768874167980288,0.0,0.0279195518943,0.3371040465648845,0.02309278350515464,TRAINING_REFERENCE
2025-07-17,40.2957,NORMAL,False,0.2276891775248681,0,VOLATILITY_ACCELERATION,0.035005813507487035,0.2276891775248681,0.0,0.0285716415277625,0.33717106618970555,0.023917525773195877,TRAINING_REFERENCE
2025-07-18,40.3912,NORMAL,False,0.24378125967157646,0,VOLATILITY_ACCELERATION,0.24377109845761483,0.24378125967157646,0.0,0.05924949808540501,0.34358195502144945,0.15917525773195876,TRAINING_REFERENCE
2025-07-21,40.3844,NORMAL,False,0.2659903343843045,0,VOLATILITY_ACCELERATION,0.16969735464348942,0.2659903343843045,0.0033670700548619997,0.004208837568577499,0.3389268255203549,0.055257731958762886,TRAINING_REFERENCE
2025-07-22,40.4147,NORMAL,False,0.2669221524483841,0,VOLATILITY_ACCELERATION,0.035437297604843744,0.2669221524483841,0.0,0.018757242895772498,0.33623760627204236,0.014020618556701031,TRAINING_REFERENCE
2025-07-23,40.4534,NORMAL,False,0.26718119662484385,0,VOLATILITY_ACCELERATION,0.01182590213614656,0.26718119662484385,0.0,0.023939309211745,0.3369432296259953,0.021855670103092785,TRAINING_REFERENCE
2025-07-24,40.7511,ANOMALOUS,True,1.277278383664907,1,LOCAL_RETURN_SHOCK,1.277278383664907,0.795993875703286,0.0,0.18397711935214,0.4145167416369703,0.7934020618556701,TRAINING_REFERENCE
2025-07-25,40.5557,ANOMALOUS,True,1.0853830838896,1,VOLATILITY_ACCELERATION,0.7830844764517022,1.0853830838896,0.09589925179933799,0.11987406474917249,0.41931496041229066,0.8094845360824743,TRAINING_REFERENCE
2025-07-28,40.5562,ANOMALOUS,True,1.083579624015898,1,VOLATILITY_ACCELERATION,0.08831093919706463,1.083579624015898,0.09228678959555199,0.0003082180803137824,0.38722365419198,0.6870103092783505,TRAINING_REFERENCE
2025-07-29,40.5763,ANOMALOUS,True,1.0853064165968374,1,VOLATILITY_ACCELERATION,0.049982188625262665,1.0853064165968374,0.08578909526368399,0.012390214073315,0.3874322334653241,0.6894845360824742,TRAINING_REFERENCE
2025-07-30,40.5856,ANOMALOUS,True,1.0860110450729599,1,VOLATILITY_ACCELERATION,0.08154055646673788,1.0860110450729599,0.081224801293708,0.0057299458057975,0.38640249515004216,0.68,TRAINING_REFERENCE
2025-07-31,40.638,NORMAL,False,0.6100556422392647,0,VOLATILITY_ACCELERATION,0.03307415615871032,0.6100556422392647,0.055507704086516,0.03227745801466,0.3523326768508144,0.31587628865979384,TRAINING_REFERENCE
2025-08-01,40.647,NORMAL,False,0.12869403672378069,0,VOLATILITY_ACCELERATION,0.09338374148417428,0.12869403672378069,0.044808606393448,0.0055366897977225,0.3474284317863701,0.23876288659793815,TRAINING_REFERENCE
2025-08-04,40.6608,NORMAL,False,0.11508348837833092,0,VOLATILITY_ACCELERATION,0.07480979942217983,0.11508348837833092,0.051336037554816,0.008487711270205,0.3467264091745717,0.22556701030927834,TRAINING_REFERENCE
2025-08-05,40.6734,NORMAL,False,0.11755030572659732,0,VOLATILITY_ACCELERATION,0.06510820066973544,0.11755030572659732,0.047655155320957994,0.00774701924212,0.34652954164591576,0.2222680412371134,TRAINING_REFERENCE
2025-08-06,40.6454,NORMAL,False,0.18005054313924998,0,VOLATILITY_ACCELERATION,0.17723278942094378,0.18005054313924998,0.029348901011264004,0.017210265185597498,0.34635290777227157,0.21896907216494846,TRAINING_REFERENCE
2025-08-07,40.6128,NORMAL,False,0.18356768069064927,0,LOCAL_RETURN_SHOCK,0.18356768069064927,0.14722915916139054,0.012367764305748,0.0200514695389875,0.3521543824645815,0.31216494845360826,TRAINING_REFERENCE
2025-08-08,40.6825,NORMAL,False,0.26616193396468624,0,VOLATILITY_ACCELERATION,0.12332334051214289,0.26616193396468624,0.017422842573573998,0.042905192451634995,0.34227077459301525,0.12123711340206185,TRAINING_REFERENCE
2025-08-11,40.7088,NORMAL,False,0.27442324762159453,0,VOLATILITY_ACCELERATION,0.0012658730305381994,0.27442324762159453,0.023557646296661995,0.016161740306024998,0.3374951836891103,0.0288659793814433,TRAINING_REFERENCE
2025-08-12,40.7258,NORMAL,False,0.27513946149453006,0,VOLATILITY_ACCELERATION,0.02910600656723807,0.27513946149453006,0.025717097207191997,0.010440003144284999,0.3369220524917875,0.021443298969072166,TRAINING_REFERENCE
2025-08-13,40.7739,NORMAL,False,0.25030604208208534,0,VOLATILITY_ACCELERATION,0.06309842698279856,0.25030604208208534,0.051875900282443994,0.02952673735077,0.33789282878912363,0.03628865979381443,TRAINING_REFERENCE
2025-08-14,40.8279,NORMAL,False,0.13864317344331978,0,VOLATILITY_ACCELERATION,0.07959224957648652,0.13864317344331978,0.067875468392264,0.0331094155820275,0.3462713748995658,0.21731958762886597,TRAINING_REFERENCE
2025-08-15,40.8638,NORMAL,False,0.09865158545761843,0,VOLATILITY_ACCELERATION,0.026013518289344537,0.09865158545761843,0.033667802832316,0.0219825168573425,0.34855939026036686,0.25773195876288657,TRAINING_REFERENCE
2025-08-18,40.8789,NORMAL,False,0.1146937866087305,0,VOLATILITY_ACCELERATION,0.025693927997409473,0.1146937866087305,0.020760175798936,0.0092380052760625,0.3441417915567443,0.17484536082474228,TRAINING_REFERENCE
2025-08-19,40.8937,NORMAL,False,0.11831027896570508,0,VOLATILITY_ACCELERATION,0.02991067969954928,0.11831027896570508,0.012416842735534,0.009051124174084999,0.34306255203303493,0.1439175257731959,TRAINING_REFERENCE
2025-08-20,40.9321,NORMAL,False,0.10975063741044445,0,VOLATILITY_ACCELERATION,0.041803206088801274,0.10975063741044445,0.0,0.023475498670942497,0.3437595662515699,0.1645360824742268,TRAINING_REFERENCE
2025-08-21,40.9374,NORMAL,False,0.09479846703510472,0,VOLATILITY_ACCELERATION,0.05542569415722194,0.09479846703510472,0.0,0.0032370682178525004,0.3459599337383669,0.2111340206185567,TRAINING_REFERENCE
2025-08-22,40.988,NORMAL,False,0.188456144061582,0,LOCAL_RETURN_SHOCK,0.188456144061582,0.12488893714181634,0.0,0.030900838841745,0.3471536949426265,0.23216494845360824,TRAINING_REFERENCE
2025-08-25,40.9925,NORMAL,False,0.14964479434038708,0,LOCAL_RETURN_SHOCK,0.14964479434038708,0.13802145960084308,0.0,0.0027447057675425,0.3446723990910034,0.1847422680412371,TRAINING_REFERENCE
2025-08-26,41.0433,NORMAL,False,0.25037750927746083,0,LOCAL_RETURN_SHOCK,0.25037750927746083,0.15693117853273753,0.0,0.030981277062879998,0.34609576422888166,0.21484536082474226,TRAINING_REFERENCE
2025-08-27,41.0374,NORMAL,False,0.25478905879652003,0,LOCAL_RETURN_SHOCK,0.25478905879652003,0.18356985248815672,0.0028750124868119997,0.0035937656085149997,0.3459812492613131,0.2115463917525773,TRAINING_REFERENCE
2025-08-28,41.0458,NORMAL,False,0.18330354857252973,0,VOLATILITY_ACCELERATION,0.12421351165318624,0.18330354857252973,0.0,0.0051172832586875,0.3403554708160843,0.0865979381443299,TRAINING_REFERENCE
2025-08-29,41.1402,NORMAL,False,0.6403741196722633,0,LOCAL_RETURN_SHOCK,0.6403741196722633,0.2840419675297365,0.0,0.057496747535677496,0.35796721713018076,0.4057731958762887,TRAINING_REFERENCE
2025-09-01,41.1162,NORMAL,False,0.38823943184745013,0,LOCAL_RETURN_SHOCK,0.38823943184745013,0.322930848359312,0.011667420187552,0.01458427523444,0.34972913884253815,0.2754639175257732,TRAINING_REFERENCE
2025-09-02,41.1404,NORMAL,False,0.3114851288632954,0,VOLATILITY_ACCELERATION,0.009665182869388318,0.3114851288632954,0.0,0.014714394812747498,0.33543309154776463,0.007422680412371134,TRAINING_REFERENCE
2025-09-03,41.1597,NORMAL,False,0.29913384622607664,0,VOLATILITY_ACCELERATION,0.03170419325734798,0.29913384622607664,0.0028750124868119997,0.0117281309855975,0.33561175860305165,0.009072164948453608,TRAINING_REFERENCE
2025-09-04,41.1573,NORMAL,False,0.3193085992293563,0,VOLATILITY_ACCELERATION,0.2291663710603332,0.3193085992293563,0.0011661892579395428,0.0014577365724244284,0.33930673862701566,0.06350515463917526,TRAINING_REFERENCE
2025-09-05,41.2411,NORMAL,False,0.48722379641989383,0,LOCAL_RETURN_SHOCK,0.48722379641989383,0.3017186506764315,0.0,0.0509022700711675,0.3491393358956821,0.26804123711340205,TRAINING_REFERENCE
2025-09-08,41.2487,NORMAL,False,0.25787281887943553,0,VOLATILITY_ACCELERATION,0.17291627121904593,0.25787281887943553,0.011667420187552,0.0046070546129925,0.33797200542392275,0.04082474226804124,TRAINING_REFERENCE
2025-09-09,41.2581,NORMAL,False,0.26871440108307043,0,VOLATILITY_ACCELERATION,0.1479921463665521,0.26871440108307043,0.0,0.0056971492434875004,0.33705439868954873,0.02268041237113402,TRAINING_REFERENCE
2025-09-10,41.2704,NORMAL,False,0.2713980808790646,0,VOLATILITY_ACCELERATION,0.11989417063526782,0.2713980808790646,0.0,0.0074530819402725,0.33678036198745603,0.018969072164948454,TRAINING_REFERENCE
2025-09-11,41.3269,NORMAL,False,0.27009370510980873,0,VOLATILITY_ACCELERATION,0.26285916789336106,0.27009370510980873,0.0011661892579395428,0.034225498177870003,0.34090578877271177,0.09484536082474226,TRAINING_REFERENCE
2025-09-12,41.3597,NORMAL,False,0.1638771300203143,0,VOLATILITY_ACCELERATION,0.06377755042556693,0.1638771300203143,0.0,0.0198417979572575,0.34229959377704583,0.1220618556701031,TRAINING_REFERENCE
2025-09-15,41.2925,NORMAL,False,0.7662382374111706,0,LOCAL_RETURN_SHOCK,0.7662382374111706,0.36225558924024864,0.032495400111702,0.0406192501396275,0.37438966030915305,0.5810309278350515,TRAINING_REFERENCE
2025-09-16,41.2349,NORMAL,False,0.5386688231150324,0,LOCAL_RETURN_SHOCK,0.5386688231150324,0.42537849418419005,0.060348600207443995,0.034873160985644996,0.36949946233711356,0.5344329896907216,TRAINING_REFERENCE
2025-09-17,41.2799,NORMAL,False,0.47851424274391763,0,VOLATILITY_ACCELERATION,0.17256872462214873,0.47851424274391763,0.038588287632644,0.027282714399690003,0.34595911295258375,0.2107216494845361,TRAINING_REFERENCE
2025-09-18,41.2899,NORMAL,False,0.41774737940033096,0,VOLATILITY_ACCELERATION,0.04611347926983691,0.41774737940033096,0.033752662616022,0.006056216221455,0.3426626234650221,0.1336082474226804,TRAINING_REFERENCE
2025-09-19,41.3754,NORMAL,False,0.5380313343082437,0,VOLATILITY_ACCELERATION,0.4180006448955635,0.5380313343082437,0.0,0.051768107939225004,0.35084250051284915,0.2931958762886598,TRAINING_REFERENCE
2025-09-22,41.3658,NORMAL,False,0.4584580694052088,0,VOLATILITY_ACCELERATION,0.1699394718821171,0.4584580694052088,0.027854961590264002,0.0058005481517975,0.33984679382082295,0.0754639175257732,TRAINING_REFERENCE
2025-09-23,41.3941,NORMAL,False,0.30654830911241265,0,VOLATILITY_ACCELERATION,0.05517673990349901,0.30654830911241265,0.060348600207443995,0.01710350095973,0.3381250684637053,0.044948453608247424,TRAINING_REFERENCE
2025-09-24,41.4428,NORMAL,False,0.31370739768562084,0,VOLATILITY_ACCELERATION,0.1823855452492608,0.31370739768562084,0.038588287632644,0.029412404183202498,0.338605597126804,0.049484536082474224,TRAINING_REFERENCE
2025-09-25,41.4835,NORMAL,False,0.29487495580041306,0,VOLATILITY_ACCELERATION,0.11863918448985983,0.29487495580041306,0.033752662616022,0.024551912515562498,0.33791830901181824,0.03793814432989691,TRAINING_REFERENCE
2025-09-26,41.5663,NORMAL,False,0.3536369981962319,0,LOCAL_RETURN_SHOCK,0.3536369981962319,0.28401545188077876,0.0,0.049899357575905,0.3430264548419938,0.14185567010309277,TRAINING_REFERENCE
2025-09-29,41.5876,NORMAL,False,0.20710861280729223,0,VOLATILITY_ACCELERATION,0.0008371504197343552,0.20710861280729223,0.004640438521438,0.0128108587966675,0.33953624265938454,0.0688659793814433,TRAINING_REFERENCE
2025-09-30,41.5853,NORMAL,False,0.2747218264487554,0,VOLATILITY_ACCELERATION,0.1602201834806952,0.2747218264487554,0.001106098933338906,0.0013826236666736325,0.33825358367051234,0.04618556701030928,TRAINING_REFERENCE
2025-10-01,41.5626,NORMAL,False,0.34987088426740665,0,VOLATILITY_ACCELERATION,0.27475638099238897,0.34987088426740665,0.012022814492779999,0.013646649176505,0.3428886175159102,0.13938144329896907,TRAINING_REFERENCE
2025-10-02,41.6007,NORMAL,False,0.34765284924747597,0,VOLATILITY_ACCELERATION,0.10556720380985911,0.34765284924747597,0.0,0.02291723809386,0.33573990384946567,0.010309278350515464,TRAINING_REFERENCE
2025-10-03,41.6842,NORMAL,False,0.3633999390896342,0,LOCAL_RETURN_SHOCK,0.3633999390896342,0.35007750292891743,0.0,0.050179444095887496,0.3426877633221966,0.13484536082474227,TRAINING_REFERENCE
2025-10-06,41.6917,NORMAL,False,0.3559004580061489,0,VOLATILITY_ACCELERATION,0.08791952667253926,0.3559004580061489,0.0,0.0044981071964925,0.33546116740633153,0.007835051546391752,TRAINING_REFERENCE
2025-10-07,41.6921,NORMAL,False,0.3522745398991896,0,VOLATILITY_ACCELERATION,0.13003407837031997,0.3522745398991896,0.001106098933338906,0.0002398558945848617,0.33625874397639804,0.01443298969072165,TRAINING_REFERENCE
2025-10-08,41.6959,NORMAL,False,0.3022112785545499,0,VOLATILITY_ACCELERATION,0.10664652849017059,0.3022112785545499,0.012022814492779999,0.002278609136979748,0.3358772484788143,0.0111340206185567,TRAINING_REFERENCE
2025-10-09,41.7439,NORMAL,False,0.31123445729187027,0,VOLATILITY_ACCELERATION,0.15664038628897756,0.31123445729187027,0.0,0.028779808086642503,0.3367057404259635,0.018556701030927835,TRAINING_REFERENCE
2025-10-10,41.8312,NORMAL,False,0.3935304828312476,0,LOCAL_RETURN_SHOCK,0.3935304828312476,0.3240086640001567,0.0,0.052283088067960004,0.344205530185662,0.17649484536082474,TRAINING_REFERENCE
2025-10-13,41.8054,NORMAL,False,0.3836303312114962,0,VOLATILITY_ACCELERATION,0.27697069445925776,0.3836303312114962,0.012335290405247999,0.01541911300656,0.34442040662831513,0.17938144329896907,TRAINING_REFERENCE
2025-10-14,41.8173,NORMAL,False,0.37365528959724514,0,VOLATILITY_ACCELERATION,0.08498929940193489,0.37365528959724514,0.0066457572338339994,0.0071163055490475,0.33597067376189055,0.012371134020618556,TRAINING_REFERENCE
2025-10-15,41.8402,NORMAL,False,0.36091288733495486,0,VOLATILITY_ACCELERATION,0.044644122885664626,0.36091288733495486,0.0,0.013690506082407499,0.33480855826089845,0.00577319587628866,TRAINING_REFERENCE
2025-10-16,41.8426,NORMAL,False,0.46569821194034816,0,VOLATILITY_ACCELERATION,0.17958791478938502,0.46569821194034816,0.0,0.0014340275620083887,0.33962583597268103,0.07051546391752578,TRAINING_REFERENCE
2025-10-17,41.9043,NORMAL,False,0.4556466604999218,0,VOLATILITY_ACCELERATION,0.2337987408808775,0.4556466604999218,0.0,0.0368643439939175,0.34175277384188013,0.11381443298969073,TRAINING_REFERENCE
2025-10-20,41.9564,NORMAL,False,0.36513717194374445,0,VOLATILITY_ACCELERATION,0.18447936128142822,0.36513717194374445,0.012335290405247999,0.03108272898008,0.34013826808219044,0.08082474226804123,TRAINING_REFERENCE
2025-10-21,41.97,NORMAL,False,0.36084011015100936,0,VOLATILITY_ACCELERATION,0.11925035249794386,0.36084011015100936,0.0066457572338339994,0.008103650456185,0.33899186865963155,0.056082474226804124,TRAINING_REFERENCE
2025-10-22,41.9703,NORMAL,False,0.40934104762811796,0,VOLATILITY_ACCELERATION,0.21060725734172764,0.40934104762811796,0.0,0.00017869907076861757,0.34072607315569514,0.09319587628865979,TRAINING_REFERENCE
2025-10-23,42.0024,NORMAL,False,0.3661554329236105,0,VOLATILITY_ACCELERATION,0.04033660701822882,0.3661554329236105,0.0,0.01912066389804,0.3378836536911824,0.035876288659793816,TRAINING_REFERENCE
2025-10-24,41.9391,NORMAL,False,0.6538350897565469,0,LOCAL_RETURN_SHOCK,0.6538350897565469,0.5959391545359304,0.030141134792296,0.03767641849037,0.374149682168093,0.5781443298969072,TRAINING_REFERENCE
2025-10-27,41.877,NORMAL,False,0.5762672159021988,0,VOLATILITY_ACCELERATION,0.549296919544304,0.5762672159021988,0.059710873664361994,0.037017961758835,0.37884521180292613,0.6230927835051546,TRAINING_REFERENCE
2025-10-28,41.9357,NORMAL,False,0.7119686827487847,0,VOLATILITY_ACCELERATION,0.26981967038217364,0.7119686827487847,0.031760089899626,0.035043102418985,0.35905886862376096,0.4247422680412371,TRAINING_REFERENCE
2025-10-29,41.9493,NORMAL,False,0.7320921967962511,0,VOLATILITY_ACCELERATION,0.023960831571171362,0.7320921967962511,0.025284269470314,0.00810765052211,0.3541018126270655,0.34680412371134023,TRAINING_REFERENCE
2025-10-30,41.9615,NORMAL,False,0.7109519521084213,0,VOLATILITY_ACCELERATION,0.0443559783730136,0.7109519521084213,0.019475077614612,0.00727068151316,0.3545015942706846,0.3534020618556701,TRAINING_REFERENCE
2025-10-31,42.0611,NORMAL,False,0.7907710211187046,0,VOLATILITY_ACCELERATION,0.5010813813766825,0.7907710211187046,0.030141134792296,0.059340109385985,0.369002047335863,0.5274226804123712,TRAINING_REFERENCE
2025-11-03,42.049,NORMAL,False,0.5789322796746776,0,VOLATILITY_ACCELERATION,0.18406866805158412,0.5789322796746776,0.053957338925612,0.0071919184234375,0.34778046686065117,0.2441237113402062,TRAINING_REFERENCE
2025-11-04,42.0909,NORMAL,False,0.5556296879440219,0,VOLATILITY_ACCELERATION,0.140225649079547,0.5556296879440219,0.031760089899626,0.024911412875454998,0.3440073486984608,0.17154639175257733,TRAINING_REFERENCE
2025-11-05,42.0903,NORMAL,False,0.5805696576493216,0,VOLATILITY_ACCELERATION,0.12061449172696088,0.5805696576493216,0.024999172216513564,0.0003563715672505463,0.3434160198561673,0.15463917525773196,TRAINING_REFERENCE
2025-11-06,42.105,NORMAL,False,0.5814973983222697,0,VOLATILITY_ACCELERATION,0.029928350301988132,0.5814973983222697,0.019475077614612,0.008731227860097501,0.3422348560052708,0.12,TRAINING_REFERENCE
2025-11-07,42.2081,NORMAL,False,0.5773171230218003,0,VOLATILITY_ACCELERATION,0.5006831626164657,0.5773171230218003,0.0,0.06121600760005,0.35316551275220553,0.33154639175257733,TRAINING_REFERENCE
2025-11-10,42.2331,NORMAL,False,0.5051567913284707,0,VOLATILITY_ACCELERATION,0.03439350267883588,0.5051567913284707,0.00575353473875,0.01480758432623,0.3398806907025144,0.07628865979381444,TRAINING_REFERENCE
2025-11-11,42.2206,NORMAL,False,0.5680806017335486,0,VOLATILITY_ACCELERATION,0.1993031017991237,0.5680806017335486,0.005919527574343999,0.00739940946793,0.3451773843722195,0.19628865979381444,TRAINING_REFERENCE
2025-11-12,42.2306,NORMAL,False,0.5520657436399317,0,VOLATILITY_ACCELERATION,0.0594047535163533,0.5520657436399317,0.0008988082610672521,0.005921280133395,0.34057962256761987,0.09154639175257732,TRAINING_REFERENCE
2025-11-13,42.2506,NORMAL,False,0.5486648919849103,0,VOLATILITY_ACCELERATION,0.002095955967603523,0.5486648919849103,0.0,0.011839756006302498,0.34066693982230445,0.09237113402061856,TRAINING_REFERENCE
2025-11-14,42.2451,NORMAL,False,0.20143691755470866,0,VOLATILITY_ACCELERATION,0.15063945734072764,0.20143691755470866,0.0026035133228859996,0.0032543916536075,0.3462482786806904,0.21649484536082475,TRAINING_REFERENCE
2025-11-17,42.3089,NORMAL,False,0.3725188990298488,0,VOLATILITY_ACCELERATION,0.2752427242858202,0.3725188990298488,0.0,0.0377558580758475,0.34189294229980804,0.11505154639175258,TRAINING_REFERENCE
2025-11-18,42.3322,NORMAL,False,0.32093886030189905,0,VOLATILITY_ACCELERATION,0.032408382721333305,0.32093886030189905,0.005919527574343999,0.013767788810392501,0.3378689757058479,0.03463917525773196,TRAINING_REFERENCE
2025-11-19,42.3518,NORMAL,False,0.31226082348610407,0,VOLATILITY_ACCELERATION,0.008057021235418604,0.31226082348610407,0.0011839055148676891,0.0115751130345175,0.33794008225796474,0.03958762886597938,TRAINING_REFERENCE
2025-11-20,42.3676,NORMAL,False,0.31563697883784947,0,VOLATILITY_ACCELERATION,0.019751502263738667,0.31563697883784947,0.0,0.0093266401900325,0.3379308946482199,0.03876288659793815,TRAINING_REFERENCE
2025-11-21,42.4369,NORMAL,False,0.3305156485057457,0,VOLATILITY_ACCELERATION,0.2977383222392934,0.3305156485057457,0.0026035133228859996,0.040892096790945,0.34385795345622805,0.16824742268041237,TRAINING_REFERENCE
2025-11-24,42.4184,NORMAL,False,0.39950571780586575,0,VOLATILITY_ACCELERATION,0.27498363698280703,0.39950571780586575,0.008718827247042,0.0108985340588025,0.3464592216316883,0.2202061855670103,TRAINING_REFERENCE
2025-11-25,42.4144,NORMAL,False,0.4236467468474502,0,VOLATILITY_ACCELERATION,0.2206101698940596,0.4236467468474502,0.010603979084239998,0.002357467514096934,0.342720077976656,0.13567010309278352,TRAINING_REFERENCE
2025-11-26,42.4397,NORMAL,False,0.4265403376694738,0,VOLATILITY_ACCELERATION,0.008572237985223387,0.4265403376694738,0.0,0.014912388245502499,0.33807429199977623,0.04247422680412371,TRAINING_REFERENCE
2025-11-27,42.435,NORMAL,False,0.4452184451765177,0,VOLATILITY_ACCELERATION,0.20885383993607057,0.4452184451765177,0.0022149072684279998,0.002768634085535,0.3413529843268416,0.10391752577319588,TRAINING_REFERENCE
2025-11-28,42.5007,NORMAL,False,0.43194004371987926,0,VOLATILITY_ACCELERATION,0.2933288723076084,0.43194004371987926,0.0,0.038706256627785,0.34332404730739857,0.15216494845360826,TRAINING_REFERENCE
2025-12-01,42.4321,NORMAL,False,0.6983314852112958,0,LOCAL_RETURN_SHOCK,0.6983314852112958,0.605069436230883,0.02356299399355,0.04035227655074,0.37697859525768324,0.6065979381443299,TRAINING_REFERENCE
2025-12-02,42.4447,NORMAL,False,0.6051030051826388,0,VOLATILITY_ACCELERATION,0.044313085384604635,0.6051030051826388,0.015748528050937998,0.007423625038587499,0.3481605472834617,0.25072164948453607,TRAINING_REFERENCE
2025-12-03,42.4437,NORMAL,False,0.5893900558531108,0,VOLATILITY_ACCELERATION,0.12615021130426315,0.5893900558531108,0.026823087619731997,0.000589001689255131,0.348537794627072,0.25649484536082473,TRAINING_REFERENCE
2025-12-04,42.4994,NORMAL,False,0.6582381095308674,0,VOLATILITY_ACCELERATION,0.2547210492860445,0.6582381095308674,0.0016031526385035342,0.0328081670542375,0.35091573317485936,0.2948453608247423,TRAINING_REFERENCE
2025-12-05,42.5291,NORMAL,False,0.5733891215009782,0,VOLATILITY_ACCELERATION,0.06453407976281392,0.5733891215009782,0.0,0.017470834882369998,0.3447913585144594,0.18762886597938144,TRAINING_REFERENCE
2025-12-08,42.5687,NORMAL,False,0.28533014409160823,0,VOLATILITY_ACCELERATION,0.17859610918354482,0.28533014409160823,0.032281821240592,0.023278178941005,0.34343682528844727,0.15546391752577318,TRAINING_REFERENCE
2025-12-09,42.5875,NORMAL,False,0.2849997139888386,0,VOLATILITY_ACCELERATION,0.014567913384048212,0.2849997139888386,0.026352507135177998,0.011040976116255,0.34140087847975875,0.10597938144329896,TRAINING_REFERENCE
2025-12-10,42.5938,NORMAL,False,0.2534653491749383,0,VOLATILITY_ACCELERATION,0.0932759045714879,0.2534653491749383,0.026823087619731997,0.0036982682712049996,0.3431427317083747,0.1463917525773196,TRAINING_REFERENCE
2025-12-11,42.5971,NORMAL,False,0.20472242517135658,0,VOLATILITY_ACCELERATION,0.11465551069758555,0.20472242517135658,0.0006117546299244658,0.0019369016147852136,0.3447003686656848,0.18515463917525773,TRAINING_REFERENCE
2025-12-12,42.6945,NORMAL,False,0.6101587394616286,0,LOCAL_RETURN_SHOCK,0.6101587394616286,0.5102727096862633,0.0,0.057163515826195,0.3582809470176109,0.4131958762886598,TRAINING_REFERENCE
2025-12-15,42.6941,NORMAL,False,0.5432730137815507,0,VOLATILITY_ACCELERATION,0.15590545325551375,0.5432730137815507,0.00018737776528610084,0.00023422220660762605,0.34240058178331445,0.12536082474226803,TRAINING_REFERENCE
2025-12-16,42.6948,NORMAL,False,0.5612638660392005,0,VOLATILITY_ACCELERATION,0.13013147815892084,0.5612638660392005,0.0,0.0004098927018025833,0.3432704450047273,0.15051546391752577,TRAINING_REFERENCE
2025-12-17,42.7184,NORMAL,False,0.5527204409177449,0,VOLATILITY_ACCELERATION,0.037234088194108325,0.5527204409177449,0.0,0.013819013088245001,0.3416763437067219,0.11257731958762887,TRAINING_REFERENCE
2025-12-18,42.728,NORMAL,False,0.5440367321312987,0,VOLATILITY_ACCELERATION,0.061094383155066705,0.5440367321312987,0.0,0.005618187947115,0.34135220500790536,0.10350515463917526,TRAINING_REFERENCE
2025-12-19,42.8012,NORMAL,False,0.4078410090172211,0,VOLATILITY_ACCELERATION,0.3806163449106157,0.4078410090172211,0.0,0.0428290582287925,0.34498238266681047,0.19175257731958764,TRAINING_REFERENCE
2025-12-22,42.8122,NORMAL,False,0.38563928845272494,0,VOLATILITY_ACCELERATION,0.05007979485326319,0.38563928845272494,0.00018737776528610084,0.006425053503172499,0.33810770411415786,0.044123711340206186,TRAINING_REFERENCE
2025-12-23,42.8227,NORMAL,False,0.3644899765903994,0,VOLATILITY_ACCELERATION,0.06545929373463537,0.3644899765903994,0.0,0.0061314298260775,0.33788188274886627,0.03546391752577319,TRAINING_REFERENCE
2025-12-24,42.8411,NORMAL,False,0.37159290738171225,0,VOLATILITY_ACCELERATION,0.01515662456701269,0.37159290738171225,0.0,0.010741966293575,0.3381989164033435,0.04536082474226804,TRAINING_REFERENCE
2025-12-25,42.8461,NORMAL,False,0.3811493968038339,0,VOLATILITY_ACCELERATION,0.10796675885189068,0.3811493968038339,0.0,0.0029177588810749997,0.33928945606522815,0.06309278350515464,TRAINING_REFERENCE
2025-12-26,42.9027,NORMAL,False,0.2869215348983928,0,VOLATILITY_ACCELERATION,0.2576285124112557,0.2869215348983928,0.0,0.033025176153722496,0.3440824337820869,0.17278350515463917,TRAINING_REFERENCE
2025-12-29,42.9289,NORMAL,False,0.27896598776547626,0,VOLATILITY_ACCELERATION,0.043640158326502504,0.27896598776547626,0.0,0.015267104401349998,0.3401681788244517,0.08206185567010309,TRAINING_REFERENCE
2025-12-30,42.934,NORMAL,False,0.2927852552347309,0,VOLATILITY_ACCELERATION,0.16489158933150966,0.2927852552347309,0.0,0.0029700271844825,0.3415983094475751,0.11175257731958763,TRAINING_REFERENCE
2025-12-31,42.9256,NORMAL,False,0.34920720402220484,0,VOLATILITY_ACCELERATION,0.27357478868903445,0.34920720402220484,0.0039129827176559995,0.004891228397069999,0.3470075842008769,0.22969072164948454,TRAINING_REFERENCE
2026-01-01,42.9562,NORMAL,False,0.3449718501141161,0,VOLATILITY_ACCELERATION,0.05264762138660941,0.3449718501141161,0.0,0.01782153307117,0.3390154954633219,0.05690721649484536,TRAINING_REFERENCE
2026-01-02,43.0237,NORMAL,False,0.40531524823005904,0,VOLATILITY_ACCELERATION,0.3686844448329001,0.40531524823005904,0.0,0.039284201116485,0.34578577821985645,0.20742268041237114,TRAINING_REFERENCE
2026-01-05,43.0151,NORMAL,False,0.4568654012637323,0,VOLATILITY_ACCELERATION,0.27687918313461385,0.4568654012637323,0.003997796563289999,0.0049972457041125,0.3472238227890327,0.2334020618556701,TRAINING_REFERENCE
2026-01-06,43.0317,NORMAL,False,0.4474452358074849,0,VOLATILITY_ACCELERATION,0.04839144662731552,0.4474452358074849,0.0,0.009647774851155,0.33917392538254276,0.06103092783505155,TRAINING_REFERENCE
2026-01-07,43.0342,NORMAL,False,0.4168567925317558,0,VOLATILITY_ACCELERATION,0.16400550864880964,0.4168567925317558,0.0039129827176559995,0.0014524176362995522,0.34130549698802853,0.10185567010309278,TRAINING_REFERENCE
2026-01-08,43.0385,NORMAL,False,0.4221327820112224,0,VOLATILITY_ACCELERATION,0.14753084259616744,0.4221327820112224,0.0,0.002498013208102057,0.339668987953959,0.07175257731958763,TRAINING_REFERENCE
2026-01-09,43.1297,NORMAL,False,0.5702784746806409,0,LOCAL_RETURN_SHOCK,0.5702784746806409,0.5540064131027586,0.0,0.0529758239715625,0.35825960878996943,0.4111340206185567,TRAINING_REFERENCE
2026-01-12,43.1112,NORMAL,False,0.5805173187411137,0,VOLATILITY_ACCELERATION,0.33306877855930767,0.5805173187411137,0.004580978619472,0.0107234689784525,0.3545813340459707,0.3542268041237113,TRAINING_REFERENCE
2026-01-13,43.1528,NORMAL,False,0.5935959626261018,0,VOLATILITY_ACCELERATION,0.1702053973168778,0.5935959626261018,0.0,0.024123661600699998,0.34497116807079703,0.1909278350515464,TRAINING_REFERENCE
2026-01-14,43.1739,NORMAL,False,0.57359891535608,0,VOLATILITY_ACCELERATION,0.01597555190663901,0.57359891535608,0.0,0.0122240040043775,0.3424814226534447,0.1290721649484536,TRAINING_REFERENCE
2026-01-15,43.1825,NORMAL,False,0.5659288665514933,0,VOLATILITY_ACCELERATION,0.11791198455537477,0.5659288665514933,0.0,0.0049798605175775,0.3433145732597505,0.15175257731958763,TRAINING_REFERENCE
2026-01-16,43.2756,NORMAL,False,0.5828796433939778,0,VOLATILITY_ACCELERATION,0.5785756550755707,0.5828796433939778,0.0,0.053899148960805,0.35835674286530994,0.41360824742268043,TRAINING_REFERENCE
2026-01-19,43.2572,NORMAL,False,0.6059975024863485,0,VOLATILITY_ACCELERATION,0.33453475980178216,0.6059975024863485,7.513802926200036e-05,0.010629546441874999,0.3540098766373715,0.3443298969072165,TRAINING_REFERENCE
2026-01-20,43.2731,NORMAL,False,0.6071317691612733,0,VOLATILITY_ACCELERATION,0.04931593503392873,0.6071317691612733,0.0011553854828116883,0.009189221678705,0.3437052519727849,0.1624742268041237,TRAINING_REFERENCE
2026-01-21,43.2949,NORMAL,False,0.6073077994076177,0,VOLATILITY_ACCELERATION,0.006522882523397333,0.6073077994076177,0.0,0.012594429333695001,0.34408140723554603,0.17237113402061854,TRAINING_REFERENCE
2026-01-22,43.2557,NORMAL,False,0.7200641175997102,0,VOLATILITY_ACCELERATION,0.47275801282934504,0.7200641175997102,0.018108368422146,0.0226354605276825,0.36847783742627355,0.52,TRAINING_REFERENCE
2026-01-23,43.363,NORMAL,False,0.7948466705147286,0,VOLATILITY_ACCELERATION,0.6120269694254638,0.7948466705147286,0.0,0.06201494831895,0.37255056131053715,0.5628865979381443,TRAINING_REFERENCE
2026-01-26,43.3512,NORMAL,False,0.7810707718083237,0,VOLATILITY_ACCELERATION,0.2198253143699621,0.7810707718083237,0.0030612092772,0.0068030348453749995,0.3572746185784409,0.39505154639175255,TRAINING_REFERENCE
2026-01-27,43.4006,NORMAL,False,0.8015603808784589,0,VOLATILITY_ACCELERATION,0.17383525807466815,0.8015603808784589,0.0011553854828116883,0.028488254073704998,0.35492360771773507,0.3575257731958763,TRAINING_REFERENCE
2026-01-28,43.3978,NORMAL,False,0.8214833674837998,0,VOLATILITY_ACCELERATION,0.1609378729400434,0.8214833674837998,0.001290304742331827,0.0016128809279147838,0.3567333453144273,0.38969072164948454,TRAINING_REFERENCE
2026-01-29,43.4066,NORMAL,False,0.6926095104553429,0,VOLATILITY_ACCELERATION,0.09212726098189615,0.6926095104553429,0.018108368422146,0.005069381397215,0.34930895668118456,0.27175257731958763,TRAINING_REFERENCE
2026-01-30,43.4888,NORMAL,False,0.5703701256555465,0,VOLATILITY_ACCELERATION,0.3656187135051569,0.5703701256555465,0.0,0.047343030783335,0.34807876401959803,0.24824742268041236,TRAINING_REFERENCE
2026-02-02,43.4709,NORMAL,False,0.585497581452366,0,VOLATILITY_ACCELERATION,0.24749878112807822,0.585497581452366,0.0027895766857920007,0.010290005702615,0.3482567872604719,0.25278350515463915,TRAINING_REFERENCE
2026-02-03,43.4814,NORMAL,False,0.55489801790306,0,VOLATILITY_ACCELERATION,0.07379892027956138,0.55489801790306,0.0034031750703619997,0.006038522321825,0.34126906392963274,0.10144329896907217,TRAINING_REFERENCE
2026-02-04,43.5189,NORMAL,False,0.5435692508273178,0,VOLATILITY_ACCELERATION,0.08808927735198493,0.5435692508273178,0.001290304742331827,0.021560943299889997,0.34115170622628094,0.0997938144329897,TRAINING_REFERENCE
2026-02-05,43.5344,NORMAL,False,0.5353223205654866,0,VOLATILITY_ACCELERATION,0.052842355038568156,0.5353223205654866,0.0,0.008904177265505,0.3401083805005126,0.08,TRAINING_REFERENCE
2026-02-06,43.6024,NORMAL,False,0.455344792321006,0,VOLATILITY_ACCELERATION,0.25677159612996536,0.455344792321006,0.0,0.0390495791833575,0.3421439963975417,0.11917525773195876,TRAINING_REFERENCE
2026-02-09,43.5901,NORMAL,False,0.43281347230723255,0,VOLATILITY_ACCELERATION,0.22426394056714452,0.43281347230723255,0.002590113290052,0.007052364090050001,0.34200071914618313,0.11835051546391752,TRAINING_REFERENCE
2026-02-10,43.6254,NORMAL,False,0.42217998419240765,0,VOLATILITY_ACCELERATION,0.07018999141204027,0.42217998419240765,0.0034031750703619997,0.0202454226991875,0.33779947339896826,0.03216494845360825,TRAINING_REFERENCE
2026-02-11,43.6403,NORMAL,False,0.4229450170144628,0,VOLATILITY_ACCELERATION,0.05581378509186968,0.4229450170144628,0.0,0.008538603657502501,0.3373693385581912,0.027216494845360824,TRAINING_REFERENCE
2026-02-12,43.645,NORMAL,False,0.4387859314227234,0,VOLATILITY_ACCELERATION,0.11775637196639074,0.4387859314227234,0.0,0.00269246545051,0.3384289050150077,0.04824742268041237,TRAINING_REFERENCE
2026-02-13,43.7288,NORMAL,False,0.5190519256722051,0,VOLATILITY_ACCELERATION,0.37887443002427706,0.5190519256722051,0.0,0.0480009164852725,0.34788357569322176,0.24536082474226803,TRAINING_REFERENCE
2026-02-16,43.704,NORMAL,False,0.5652033203573313,0,VOLATILITY_ACCELERATION,0.30427958424545404,0.5652033203573313,0.005700747903969999,0.014178298970012498,0.35083337128493264,0.2927835051546392,TRAINING_REFERENCE
2026-02-17,43.7239,NORMAL,False,0.5591337110285383,0,VOLATILITY_ACCELERATION,0.016332584364515634,0.5591337110285383,0.002241085966228,0.0113833974006925,0.34140016559874437,0.10556701030927836,TRAINING_REFERENCE
2026-02-18,43.7597,NORMAL,False,0.5649573673512707,0,VOLATILITY_ACCELERATION,0.08314441200758466,0.5649573673512707,0.0,0.020469354289075,0.34180397891349745,0.11422680412371133,TRAINING_REFERENCE
2026-02-19,43.7574,NORMAL,False,0.5787073009388376,0,VOLATILITY_ACCELERATION,0.16220732300450358,0.5787073009388376,0.0010511955063696732,0.0013139943829620915,0.34355535493822853,0.1583505154639175,TRAINING_REFERENCE
2026-02-20,43.829,NORMAL,False,0.5145136564663952,0,VOLATILITY_ACCELERATION,0.3108548252835409,0.5145136564663952,0.0,0.040907366525432504,0.3458710141314572,0.20948453608247422,TRAINING_REFERENCE
2026-02-23,43.835,NORMAL,False,0.4334995146205054,0,VOLATILITY_ACCELERATION,0.1293027572676032,0.4334995146205054,0.011342639176009998,0.003422391567225,0.34014068556191074,0.08123711340206186,TRAINING_REFERENCE
2026-02-24,43.8432,NORMAL,False,0.4491454841299734,0,VOLATILITY_ACCELERATION,0.12240524149121322,0.4491454841299734,0.002241085966228,0.0046766282650875,0.3404885978223172,0.08989690721649485,TRAINING_REFERENCE
2026-02-25,43.865,NORMAL,False,0.4401199340533569,0,VOLATILITY_ACCELERATION,0.0035256982066843886,0.4401199340533569,0.0,0.012430661995469999,0.33902064542414606,0.05731958762886598,TRAINING_REFERENCE
2026-02-26,43.8838,NORMAL,False,0.40194223021674585,0,VOLATILITY_ACCELERATION,0.036661795349985316,0.40194223021674585,0.0010511955063696732,0.0107146928074775,0.3390784907179994,0.05979381443298969,TRAINING_REFERENCE
2026-02-27,43.9347,NORMAL,False,0.2672987719088412,0,VOLATILITY_ACCELERATION,0.21061532503368866,0.2672987719088412,0.0,0.0289970330737075,0.3451290483725371,0.19463917525773197,TRAINING_REFERENCE
2026-03-02,43.9517,NORMAL,False,0.24203388243348267,0,VOLATILITY_ACCELERATION,0.043914314135348534,0.24203388243348267,0.0,0.009673447184115,0.3429105468403564,0.1397938144329897,TRAINING_REFERENCE
2026-03-03,43.9584,NORMAL,False,0.2469916576431142,0,VOLATILITY_ACCELERATION,0.14152857713349246,0.2469916576431142,0.0,0.0038110016222325004,0.344280626834595,0.17690721649484537,TRAINING_REFERENCE
2026-03-04,43.9555,NORMAL,False,0.30151648818664234,0,VOLATILITY_ACCELERATION,0.21763398121430028,0.30151648818664234,0.0013194292785900785,0.0016492865982375982,0.3437999495461849,0.16494845360824742,TRAINING_REFERENCE
2026-03-05,43.9944,NORMAL,False,0.3323246189159728,0,VOLATILITY_ACCELERATION,0.13713837061320902,0.3323246189159728,0.0,0.022124648792525,0.3411594829295619,0.1002061855670103,TRAINING_REFERENCE
2026-03-06,44.068,NORMAL,False,0.4643077282814386,0,VOLATILITY_ACCELERATION,0.4080124998729635,0.4643077282814386,0.0,0.0418235048097,0.34904104721195744,0.26639175257731956,TRAINING_REFERENCE
2026-03-09,44.0366,NORMAL,False,0.6036755809398615,0,VOLATILITY_ACCELERATION,0.44248654438195417,0.6036755809398615,0.01425070345829,0.0178133793228625,0.36238151877419467,0.462680412371134,TRAINING_REFERENCE
2026-03-10,44.0652,NORMAL,False,0.6026562533475662,0,VOLATILITY_ACCELERATION,0.049637435571527604,0.6026562533475662,0.001270763365708305,0.016236494188920002,0.34487065085203816,0.18804123711340207,TRAINING_REFERENCE
2026-03-11,44.0828,NORMAL,False,0.5709641544911742,0,VOLATILITY_ACCELERATION,0.03645519657350402,0.5709641544911742,0.0013194292785900785,0.009985203743545,0.3433007741987814,0.1509278350515464,TRAINING_REFERENCE
2026-03-12,44.1219,NORMAL,False,0.5707910786736459,0,VOLATILITY_ACCELERATION,0.135942914873937,0.5707910786736459,0.0,0.0221741813133425,0.3441369133277786,0.17443298969072166,TRAINING_REFERENCE
2026-03-13,44.2207,NORMAL,False,0.6837644215210993,0,VOLATILITY_ACCELERATION,0.6030975196313348,0.6837644215210993,0.0,0.055981270072234995,0.3675914320837339,0.514639175257732,TRAINING_REFERENCE
2026-03-16,44.1694,NORMAL,False,0.7551325459163709,0,VOLATILITY_ACCELERATION,0.5899028382667051,0.7551325459163709,0.008951100221883997,0.029002254600217495,0.37450947708613147,0.582680412371134,TRAINING_REFERENCE
2026-03-17,44.1903,NORMAL,False,0.756411026442362,0,VOLATILITY_ACCELERATION,0.01807406442053873,0.756411026442362,0.012478453629949694,0.011829456592115,0.35437233751125513,0.3529896907216495,TRAINING_REFERENCE
2026-03-18,44.2112,NORMAL,False,0.7551670842714631,0,VOLATILITY_ACCELERATION,0.018430465484657748,0.7551670842714631,0.0042966303111439995,0.01182386179772,0.3531460567700253,0.3307216494845361,TRAINING_REFERENCE
2026-03-19,44.2949,NORMAL,False,0.8236830749992273,0,VOLATILITY_ACCELERATION,0.4399485749803068,0.8236830749992273,0.0,0.047329635929355,0.36582392146578374,0.4948453608247423,TRAINING_REFERENCE
2026-03-20,44.2976,NORMAL,False,0.6683751481317836,0,VOLATILITY_ACCELERATION,0.16578980232497836,0.6683751481317836,0.0,0.0015238774667081234,0.34841774900697137,0.2552577319587629,TRAINING_REFERENCE
2026-03-23,44.3048,NORMAL,False,0.45143473424307135,0,VOLATILITY_ACCELERATION,0.11534462088526738,0.45143473424307135,0.023201803680173997,0.0040634255580425,0.34005853944309855,0.07958762886597938,TRAINING_REFERENCE
2026-03-24,44.3373,NORMAL,False,0.4502729407209224,0,VOLATILITY_ACCELERATION,0.06248500508853795,0.4502729407209224,0.013749216995657999,0.0183388707318375,0.33905406990202014,0.058969072164948455,TRAINING_REFERENCE
2026-03-25,44.3411,NORMAL,False,0.47937842785716467,0,VOLATILITY_ACCELERATION,0.1489460417316036,0.47937842785716467,0.0042966303111439995,0.0021426654306877513,0.3413554344523209,0.1043298969072165,TRAINING_REFERENCE
2026-03-26,44.333,NORMAL,False,0.224662837657816,0,LOCAL_RETURN_SHOCK,0.224662837657816,0.20727882954313132,0.00365349528992,0.0045668691124,0.3491286919600448,0.2672164948453608,TRAINING_REFERENCE
2026-03-27,44.42,NORMAL,False,0.5163814610068846,0,VOLATILITY_ACCELERATION,0.44273472131266195,0.5163814610068846,0.0,0.049060519252025,0.3504231845163032,0.28701030927835053,TRAINING_REFERENCE
2026-03-30,44.4456,NORMAL,False,0.5031601707971466,0,VOLATILITY_ACCELERATION,0.0076094082978309645,0.5031601707971466,0.0,0.0144079243583925,0.33908436012136095,0.06020618556701031,TRAINING_REFERENCE
2026-03-31,44.4499,NORMAL,False,0.5199403111060982,0,VOLATILITY_ACCELERATION,0.13275094176696173,0.5199403111060982,0.0,0.0024186871141362865,0.34107593060765024,0.09855670103092784,TRAINING_REFERENCE
2026-04-01,44.4705,NORMAL,False,0.5029867991382078,0,VOLATILITY_ACCELERATION,0.026655248376430716,0.5029867991382078,0.0,0.01158607780895,0.3390354426302838,0.0577319587628866,TRAINING_REFERENCE
2026-04-02,44.461,NORMAL,False,0.5050087678864555,0,VOLATILITY_ACCELERATION,0.23141741014668982,0.5050087678864555,0.000618999959742,0.0053406190620775,0.3440358874009216,0.17195876288659795,TRAINING_REFERENCE
2026-04-03,44.5811,NORMAL,False,0.6764702242494197,0,VOLATILITY_ACCELERATION,0.6208066993893371,0.6764702242494197,0.0,0.0675310946672375,0.36521793067993197,0.4890721649484536,TRAINING_REFERENCE
2026-04-06,44.5698,NORMAL,False,0.7285218618064937,0,VOLATILITY_ACCELERATION,0.21445543407097636,0.7285218618064937,0.005069412822922,0.0063367660286525,0.3527992264634306,0.325360824742268,TRAINING_REFERENCE
2026-04-07,44.6045,NORMAL,False,0.7138573941947796,0,VOLATILITY_ACCELERATION,0.04666614251595319,0.7138573941947796,0.0,0.0194638522048525,0.34765019632531446,0.24164948453608248,TRAINING_REFERENCE
2026-04-08,44.5158,NORMAL,False,0.9464933225982252,0,VOLATILITY_ACCELERATION,0.6874270814469879,0.9464933225982252,0.039771771906422,0.0497147148830275,0.40040450799634186,0.7492783505154639,TRAINING_REFERENCE
2026-04-09,44.5674,NORMAL,False,0.957779486036249,0,VOLATILITY_ACCELERATION,0.15096037919150265,0.957779486036249,0.012362597622134,0.0289784750582925,0.3701679474814961,0.5414432989690722,TRAINING_REFERENCE
2026-04-10,44.6144,NORMAL,False,0.744891918781577,0,VOLATILITY_ACCELERATION,0.12356882745257569,0.744891918781577,0.0,0.026364562438017502,0.3529472546860853,0.32824742268041235,TRAINING_REFERENCE
2026-04-13,44.6864,NORMAL,False,0.8080955248216424,0,VOLATILITY_ACCELERATION,0.2790432521997839,0.8080955248216424,0.005069412822922,0.040345717974465,0.3575637450906429,0.39958762886597937,TRAINING_REFERENCE
2026-04-14,44.7241,NORMAL,False,0.8093951666137351,0,VOLATILITY_ACCELERATION,0.06479783908043472,0.8093951666137351,0.0,0.021091428264529997,0.35279145094426384,0.3249484536082474,TRAINING_REFERENCE
2026-04-15,44.745,NORMAL,False,0.2368092843328187,0,VOLATILITY_ACCELERATION,0.03313437933249962,0.2368092843328187,0.039771771906422,0.01168273928374,0.34342571152064033,0.1550515463917526,TRAINING_REFERENCE
2026-04-16,44.7541,NORMAL,False,0.31342131120716155,0,VOLATILITY_ACCELERATION,0.09846392331923357,0.31342131120716155,0.016635092871796,0.0050843669683775005,0.33886205171027356,0.05402061855670103,TRAINING_REFERENCE
2026-04-17,44.8573,NORMAL,False,0.5003906054647458,0,VOLATILITY_ACCELERATION,0.4637576069502297,0.5003906054647458,0.0,0.057648349536692504,0.35258967163240007,0.31917525773195876,TRAINING_REFERENCE
2026-04-20,44.8643,NORMAL,False,0.5170712856596029,0,VOLATILITY_ACCELERATION,0.11390748970526123,0.5170712856596029,0.0,0.0039012602185125,0.34017918887980175,0.08288659793814433,TRAINING_REFERENCE
2026-04-21,44.879,NORMAL,False,0.5319546242031603,0,VOLATILITY_ACCELERATION,0.07244470521310518,0.5319546242031603,0.0,0.0081913681925275,0.33959383419736455,0.07010309278350516,TRAINING_REFERENCE
2026-04-22,44.9199,NORMAL,False,0.5303064154533611,0,VOLATILITY_ACCELERATION,0.07302640090135616,0.5303064154533611,0.0,0.0227834844804925,0.3400557550561846,0.07917525773195876,TRAINING_REFERENCE
2026-04-23,44.9251,NORMAL,False,0.5384807289955851,0,VOLATILITY_ACCELERATION,0.12903813116941465,0.5384807289955851,0.0,0.0028940402805875,0.3408214242136623,0.09402061855670103,TRAINING_REFERENCE
2026-04-24,45.0098,NORMAL,False,0.4368873887387388,0,VOLATILITY_ACCELERATION,0.29849160476078485,0.4368873887387388,0.0,0.04713400749247,0.34386846973506996,0.168659793814433,TRAINING_REFERENCE
2026-04-27,45.0347,NORMAL,False,0.41222163901994746,0,VOLATILITY_ACCELERATION,0.026285048518499686,0.41222163901994746,0.0,0.0138303213966725,0.33780450543310486,0.03257731958762886,TRAINING_REFERENCE
2026-04-28,45.049,NORMAL,False,0.4133917290784705,0,VOLATILITY_ACCELERATION,0.08387820730280247,0.4133917290784705,0.0,0.007938323115285001,0.3372372223970325,0.02556701030927835,TRAINING_REFERENCE
2026-04-29,45.1137,NORMAL,False,0.44889664282890596,0,VOLATILITY_ACCELERATION,0.1891161581394854,0.44889664282890596,0.0,0.0359053475104875,0.3410733360705383,0.09814432989690722,TRAINING_REFERENCE
2026-04-30,45.1863,NORMAL,False,0.39948937455958694,0,VOLATILITY_ACCELERATION,0.21707858596690155,0.39948937455958694,0.0,0.040231681285285,0.3430688577425798,0.1447422680412371,TRAINING_REFERENCE
2026-05-01,45.1846,NORMAL,False,0.41950654211335386,0,VOLATILITY_ACCELERATION,0.20786284151841034,0.41950654211335386,0.000752440452083114,0.0009405505651038926,0.3408398862316882,0.09443298969072166,TRAINING_REFERENCE
2026-05-04,45.1901,NORMAL,False,0.45593389686675856,0,VOLATILITY_ACCELERATION,0.14784620859858236,0.45593389686675856,0.0,0.0030430721971599997,0.3396328652921183,0.07092783505154639,TRAINING_REFERENCE
2026-05-05,45.2168,NORMAL,False,0.4422800218555363,0,VOLATILITY_ACCELERATION,0.02752844794918158,0.4422800218555363,0.0,0.014770934341809998,0.33792699442283247,0.038350515463917524,TRAINING_REFERENCE
2026-05-06,45.2134,NORMAL,False,0.4135742685144044,0,VOLATILITY_ACCELERATION,0.20671559271831147,0.4135742685144044,0.0015038658197830124,0.0018798322747287655,0.34099045569573555,0.09649484536082474,TRAINING_REFERENCE
2026-05-07,45.2441,NORMAL,False,0.2091755505493486,0,VOLATILITY_ACCELERATION,0.03521336042121052,0.2091755505493486,0.0,0.016975056067452497,0.34383971730681984,0.1670103092783505,TRAINING_REFERENCE
2026-05-08,45.3532,NORMAL,False,0.5895358745456453,0,LOCAL_RETURN_SHOCK,0.5895358745456453,0.5686156682882291,0.000752440452083114,0.060284103341650006,0.35823789612816526,0.40989690721649485,TRAINING_REFERENCE
2026-05-11,45.3541,NORMAL,False,0.5854421537282939,0,VOLATILITY_ACCELERATION,0.25636228885501045,0.5854421537282939,0.0,0.0004961061182029436,0.3478046950578244,0.2445360824742268,TRAINING_REFERENCE
2026-05-12,45.382,NORMAL,False,0.5851817845547331,0,VOLATILITY_ACCELERATION,0.04078316246359677,0.5851817845547331,0.0,0.0153789844799,0.34256460244852777,0.13030927835051545,TRAINING_REFERENCE
2026-05-13,45.4209,NORMAL,False,0.5227276664896425,0,VOLATILITY_ACCELERATION,0.04061366022290901,0.5227276664896425,0.0015038658197830124,0.0214292010048075,0.341961465331696,0.11711340206185566,TRAINING_REFERENCE
2026-05-14,45.4325,NORMAL,False,0.552326536290396,0,VOLATILITY_ACCELERATION,0.1593327188047197,0.552326536290396,0.0,0.00638472597416,0.34348371793916016,0.15628865979381443,TRAINING_REFERENCE
2026-05-15,45.5176,NORMAL,False,0.41963290198645375,0,VOLATILITY_ACCELERATION,0.36160651172269354,0.41963290198645375,0.0,0.04682771144005,0.3459338507635607,0.21030927835051547,TRAINING_REFERENCE
2026-05-18,45.578,NORMAL,False,0.3673871191288362,0,VOLATILITY_ACCELERATION,0.20297556958727467,0.3673871191288362,0.0,0.033173981053485,0.3422189064427071,0.11958762886597939,TRAINING_REFERENCE
2026-05-19,45.5808,NORMAL,False,0.43589077826918726,0,VOLATILITY_ACCELERATION,0.24864434071945063,0.43589077826918726,0.0,0.001535828689280816,0.3450824429894156,0.19298969072164948,TRAINING_REFERENCE
2026-05-20,45.5888,NORMAL,False,0.4716535490976387,0,VOLATILITY_ACCELERATION,0.20206696913731567,0.4716535490976387,0.0,0.0043878124122425,0.3409631302649652,0.09567010309278351,TRAINING_REFERENCE
2026-05-21,45.5904,NORMAL,False,0.4918045980400219,0,VOLATILITY_ACCELERATION,0.23343058097558872,0.4918045980400219,0.0,0.0008774084862994691,0.34383176676940014,0.1665979381443299,TRAINING_REFERENCE
2026-05-22,45.7362,NORMAL,False,0.8119156124657688,0,LOCAL_RETURN_SHOCK,0.8119156124657688,0.7373290211458017,0.0,0.07995104232469251,0.3778022852881199,0.6123711340206186,TRAINING_REFERENCE
2026-05-25,45.6907,NORMAL,False,0.8352593169818829,0,VOLATILITY_ACCELERATION,0.4958652299158183,0.8352593169818829,0.019896712013675998,0.024870890017095,0.3751777324787128,0.589278350515464,TRAINING_REFERENCE
2026-05-26,45.8839,ANOMALOUS,True,1.0707768394705366,1,VOLATILITY_ACCELERATION,0.8849734235032923,1.0707768394705366,0.0,0.105710790160795,0.4118178916678165,0.7868041237113402,TRAINING_REFERENCE
2026-05-27,45.9088,ANOMALOUS,True,1.0558709546339244,1,VOLATILITY_ACCELERATION,0.07497082270288091,1.0558709546339244,0.0,0.013566850245947499,0.37835346491868715,0.6169072164948454,TRAINING_REFERENCE
2026-05-28,45.8729,ANOMALOUS,True,1.1093750090908288,1,VOLATILITY_ACCELERATION,0.33064476070549,1.1093750090908288,0.015639703063461997,0.0195496288293275,0.39216875330389994,0.7134020618556701,TRAINING_REFERENCE
2026-05-29,45.8248,ANOMALOUS,True,1.0376954354639851,1,VOLATILITY_ACCELERATION,0.34892885397340845,1.0376954354639851,0.036594291290556,0.026213734034689996,0.38807467051753397,0.694020618556701,TRAINING_REFERENCE
2026-06-01,45.9011,NORMAL,False,0.9995964808297939,0,VOLATILITY_ACCELERATION,0.17870458805382716,0.9995964808297939,0.016542235312043997,0.041625931809845,0.375405145559981,0.5909278350515464,TRAINING_REFERENCE
2026-06-02,45.9392,NORMAL,False,0.5298486896224224,0,VOLATILITY_ACCELERATION,0.008930290331273617,0.5298486896224224,0.0,0.020751136683,0.3413188300937047,0.10268041237113402,TRAINING_REFERENCE
2026-06-03,45.9653,NORMAL,False,0.5309403029700224,0,VOLATILITY_ACCELERATION,0.04170542544777716,0.5309403029700224,0.0,0.014203556004455,0.3409780529745046,0.09608247422680412,TRAINING_REFERENCE
2026-06-04,46.0303,NORMAL,False,0.49436756845124075,0,VOLATILITY_ACCELERATION,0.10992865406974194,0.49436756845124075,0.015639703063461997,0.03535275523057,0.34190108476321796,0.1154639175257732,TRAINING_REFERENCE
2026-06-05,46.0408,NORMAL,False,0.2800327814561091,0,VOLATILITY_ACCELERATION,0.11805408469804182,0.2800327814561091,0.036594291290556,0.0057027653523875,0.34040460409742584,0.08783505154639175,TRAINING_REFERENCE
2026-06-08,46.1073,NORMAL,False,0.2562100748519757,0,VOLATILITY_ACCELERATION,0.13295647005967637,0.2562100748519757,0.003354476701632,0.03610927698911,0.34140335103426306,0.10639175257731959,TRAINING_REFERENCE
2026-06-09,46.1238,NORMAL,False,0.2821799212561307,0,VOLATILITY_ACCELERATION,0.09005739997165631,0.2821799212561307,0.0,0.008946522568007499,0.3392326333328885,0.0622680412371134,TRAINING_REFERENCE
2026-06-10,46.127,NORMAL,False,0.3228346503723512,0,VOLATILITY_ACCELERATION,0.1428481295515919,0.3228346503723512,0.0,0.0017344624684001442,0.33878598357090917,0.052371134020618555,TRAINING_REFERENCE
2026-06-11,46.2025,NORMAL,False,0.3548504331277557,0,VOLATILITY_ACCELERATION,0.16498336898944996,0.3548504331277557,0.0,0.040919634920975,0.3401883289134386,0.08329896907216496,TRAINING_REFERENCE
2026-06-12,46.269,NORMAL,False,0.3476023988230954,0,VOLATILITY_ACCELERATION,0.11344167366217314,0.3476023988230954,0.0,0.03598290135815,0.3390528856113604,0.05855670103092783,TRAINING_REFERENCE
2026-06-15,46.2985,NORMAL,False,0.33007212048398654,0,VOLATILITY_ACCELERATION,0.034959190331460804,0.33007212048398654,0.0,0.01593939786898,0.33771535206365766,0.030927835051546393,TRAINING_REFERENCE
2026-06-16,46.2902,NORMAL,False,0.38741485259325203,0,VOLATILITY_ACCELERATION,0.1857736501190172,0.38741485259325203,0.003585429333562,0.0044817866669525,0.33979720713517153,0.07422680412371134,TRAINING_REFERENCE
2026-06-17,46.3601,NORMAL,False,0.3703665643263786,0,VOLATILITY_ACCELERATION,0.14100529434690887,0.3703665643263786,0.0,0.037750971047865005,0.3393846621499572,0.0663917525773196,TRAINING_REFERENCE
2026-06-18,46.4529,NORMAL,False,0.40990142126123524,0,VOLATILITY_ACCELERATION,0.22200744819659082,0.40990142126123524,0.0,0.0500430326940575,0.34317139701013455,0.14680412371134022,TRAINING_REFERENCE
2026-06-19,46.4438,NORMAL,False,0.474553101001569,0,VOLATILITY_ACCELERATION,0.21508603750235228,0.474553101001569,0.003917946995772,0.004897433744714999,0.34338514604148734,0.15381443298969072,TRAINING_REFERENCE
2026-06-22,46.4656,NORMAL,False,0.47812507560703665,0,VOLATILITY_ACCELERATION,0.06095122040410237,0.47812507560703665,0.0,0.011734612585532501,0.3402410078002042,0.08494845360824742,TRAINING_REFERENCE
2026-06-23,46.4739,NORMAL,False,0.44469306733699493,0,VOLATILITY_ACCELERATION,0.14312374245094014,0.44469306733699493,0.003585429333562,0.004465669226265,0.3397928372785449,0.07340206185567011,TRAINING_REFERENCE
2026-06-24,46.5056,NORMAL,False,0.4014207917356641,0,VOLATILITY_ACCELERATION,0.01260245182564788,0.4014207917356641,0.0,0.0170525822020525,0.3379011022692387,0.03711340206185567,TRAINING_REFERENCE
2026-06-25,46.5673,NORMAL,False,0.2755767719598912,0,VOLATILITY_ACCELERATION,0.2007298026499932,0.2755767719598912,0.0,0.033168048579095,0.3437363505845582,0.16329896907216496,TRAINING_REFERENCE
2026-06-26,46.6255,NORMAL,False,0.24668341487728018,0,VOLATILITY_ACCELERATION,0.15769868790917543,0.24668341487728018,0.003917946995772,0.031245101176145,0.34495278074271374,0.19010309278350515,TRAINING_REFERENCE
2026-06-29,46.6471,NORMAL,False,0.24910837602551414,0,VOLATILITY_ACCELERATION,0.14350296785922007,0.24910837602551414,0.0,0.011581645237045,0.3437467837063374,0.16371134020618558,TRAINING_REFERENCE
2026-06-30,46.6592,NORMAL,False,0.23678009467050926,0,VOLATILITY_ACCELERATION,0.19464722297125395,0.23678009467050926,0.0,0.0064848618670775,0.34508604465842624,0.1934020618556701,TRAINING_REFERENCE
2026-07-01,46.6625,NORMAL,False,0.3079234882619115,0,VOLATILITY_ACCELERATION,0.2516085226038237,0.3079234882619115,0.0,0.0017681400452662643,0.3447526043016993,0.18639175257731957,TRAINING_REFERENCE
2026-07-02,46.7081,NORMAL,False,0.263712521744033,0,VOLATILITY_ACCELERATION,0.07968639372150631,0.263712521744033,0.0,0.024430752745777502,0.3423444374216563,0.12371134020618557,TRAINING_REFERENCE
2026-07-03,46.8088,NORMAL,False,0.5067305404579882,0,LOCAL_RETURN_SHOCK,0.5067305404579882,0.43891472270114185,0.0,0.0538985743372125,0.35369516166752313,0.3393814432989691,TRAINING_REFERENCE
2026-07-06,46.8181,NORMAL,False,0.4576905809605112,0,VOLATILITY_ACCELERATION,0.2172138593221697,0.4576905809605112,0.0,0.0049670147493625,0.3425689263555457,0.13072164948453607,TRAINING_REFERENCE
2026-07-07,46.8496,NORMAL,False,0.43805212164187973,0,VOLATILITY_ACCELERATION,0.032092372218446595,0.43805212164187973,0.0,0.0168204177444175,0.33919805256465674,0.061855670103092786,TRAINING_REFERENCE
2026-07-08,46.8294,NORMAL,False,0.5010787960852876,0,VOLATILITY_ACCELERATION,0.42342748622569315,0.5010787960852876,0.008623339366825999,0.010779174208532501,0.3577003737763709,0.40164948453608246,TRAINING_REFERENCE
2026-07-09,46.9009,NORMAL,False,0.5343156348680582,0,VOLATILITY_ACCELERATION,0.2568932508773227,0.5343156348680582,0.0,0.03817046556223,0.34626414789056237,0.21690721649484537,TRAINING_REFERENCE
2026-07-10,46.9929,NORMAL,False,0.5071294680604719,0,VOLATILITY_ACCELERATION,0.4071427132149355,0.5071294680604719,0.0,0.0490395706692175,0.351116727011812,0.29690721649484536,TRAINING_REFERENCE
2026-07-13,46.9933,NORMAL,False,0.5228310466373934,0,VOLATILITY_ACCELERATION,0.24707508456946267,0.5228310466373934,0.0,0.0002127981035437987,0.3467323337393639,0.22597938144329896,TRAINING_REFERENCE
2026-07-14,47.0327,NORMAL,False,0.5236051263967438,0,VOLATILITY_ACCELERATION,0.029235584000096685,0.5236051263967438,0.0,0.0209604347853825,0.3426154362768833,0.1327835051546392,TRAINING_REFERENCE
2026-07-15,47.0397,NORMAL,False,0.44189267035324736,0,VOLATILITY_ACCELERATION,0.21141685700807086,0.44189267035324736,0.008623339366825999,0.003720815517715,0.3424376669520175,0.12742268041237115,TRAINING_REFERENCE
2026-07-16,47.1003,NORMAL,False,0.4225935573817375,0,VOLATILITY_ACCELERATION,0.18442810537787171,0.4225935573817375,0.0,0.03220683805381,0.34135671338883533,0.10474226804123711,TRAINING_REFERENCE
2026-07-17,47.1623,NORMAL,False,0.32474094810017384,0,VOLATILITY_ACCELERATION,0.2191945299459893,0.32474094810017384,0.0,0.03290849527498,0.34225620469207135,0.12041237113402062,TRAINING_REFERENCE
2026-07-20,47.1697,NORMAL,False,0.30248794953185704,0,VOLATILITY_ACCELERATION,0.21741060853140498,0.30248794953185704,0.0,0.003922624638745,0.34268247266707413,0.13402061855670103,TRAINING_REFERENCE
2026-07-21,47.1865,NORMAL,False,0.3137992493756085,0,VOLATILITY_ACCELERATION,0.14097676651326507,0.3137992493756085,0.0,0.008904021013487499,0.34016330521497634,0.08164948453608248,TRAINING_REFERENCE
2026-07-22,47.2159,NORMAL,False,0.28029813085327654,0,VOLATILITY_ACCELERATION,0.04919703067168124,0.28029813085327654,0.0,0.015576489038174999,0.339833892268038,0.07505154639175257,TRAINING_REFERENCE
2026-07-23,47.2676,NORMAL,False,0.25872140896503154,0,VOLATILITY_ACCELERATION,0.11971405033022539,0.25872140896503154,0.0,0.0273742531647175,0.34334157500370427,0.15257731958762888,TRAINING_REFERENCE
2026-07-24,47.3323,NORMAL,False,0.26819958690149426,0,VOLATILITY_ACCELERATION,0.22123930625222235,0.26819958690149426,0.0,0.03422005771395,0.3453379969080331,0.2,TRAINING_REFERENCE
2026-07-27,47.3448,NORMAL,False,0.2535229677655087,0,VOLATILITY_ACCELERATION,0.17382876325825442,0.2535229677655087,0.0,0.0066022568098325,0.3433605426817711,0.15298969072164947,TRAINING_REFERENCE
2026-07-28,47.3771,NORMAL,False,0.22923327010654937,0,VOLATILITY_ACCELERATION,0.02155228361337869,0.22923327010654937,0.0,0.01705572734492,0.34321758406044395,0.1488659793814433,TRAINING_REFERENCE
2026-07-29,47.3904,NORMAL,False,0.26212724284351546,0,VOLATILITY_ACCELERATION,0.17188906234017567,0.26212724284351546,0.0,0.007018158561837499,0.34233758508199674,0.12329896907216495,TRAINING_REFERENCE
2026-07-30,47.4289,NORMAL,False,0.24266055554741658,0,VOLATILITY_ACCELERATION,0.013495321922046633,0.24266055554741658,0.0,0.020310020594887502,0.34141947281989793,0.10721649484536082,TRAINING_REFERENCE
2026-07-31,47.5127,NORMAL,False,0.3559311091529456,0,LOCAL_RETURN_SHOCK,0.3559311091529456,0.3326043988428213,0.0,0.0441713807404375,0.34593261144295295,0.20989690721649484,TRAINING_REFERENCE
2026-08-03,47.5316,NORMAL,False,0.3205498160802321,0,VOLATILITY_ACCELERATION,0.12413286546099492,0.3205498160802321,0.0,0.009944709519765,0.3404408051437636,0.0890721649484536,TRAINING_REFERENCE
2026-08-04,47.528,NORMAL,False,0.3832116470467572,0,VOLATILITY_ACCELERATION,0.29611016181170297,0.3832116470467572,0.0015147817451954815,0.0018934771814943518,0.34657577746155144,0.22309278350515463,TRAINING_REFERENCE
2026-08-05,47.5669,NORMAL,False,0.3684573236574266,0,VOLATILITY_ACCELERATION,0.035275972254497204,0.3684573236574266,0.0,0.020461622622452498,0.3386836437669259,0.0511340206185567,TRAINING_REFERENCE
2026-08-06,47.6245,NORMAL,False,0.38646622910124884,0,VOLATILITY_ACCELERATION,0.15265137918494,0.38646622910124884,0.0,0.030273152128894996,0.3409507680448447,0.09525773195876289,TRAINING_REFERENCE
2026-08-07,47.7111,NORMAL,False,0.396268979573304,0,VOLATILITY_ACCELERATION,0.37434823109862764,0.396268979573304,0.0,0.04545979485349,0.34723045447070594,0.23381443298969073,TRAINING_REFERENCE
