Date,USDTRY,Baseline_Anomaly,IF_Anomaly,OCSVM_Anomaly,Baseline_Anomaly_Score,IF_Anomaly_Score,OCSVM_Anomaly_Score,Models_Flagging,Consensus_Class
2017-04-24,3.573,False,False,False,0.588893549648663,0.4415031585941437,-1.94356608083495,0,NONE
2017-04-25,3.5797,False,False,False,0.5241594478821543,0.3885046001180773,-2.466375883935809,0,NONE
2017-04-26,3.5783,False,False,False,0.4855439540683588,0.386074185577999,-3.026131727208309,0,NONE
2017-04-27,3.5612,False,False,False,0.4758120227242198,0.3882956533210616,-2.7107701459319635,0,NONE
2017-04-28,3.5516,False,False,False,0.4679124612020388,0.4014738677555661,-2.3499113810395347,0,NONE
2017-05-01,3.5545,False,False,False,0.1583993878412125,0.3833173890377415,-1.5274205745186666,0,NONE
2017-05-02,3.5273,False,False,False,0.2776379579834159,0.4074743476256077,-1.012236679794336,0,NONE
2017-05-03,3.5349,False,False,False,0.2440415716889604,0.3915537834842656,-1.1859930250132997,0,NONE
2017-05-04,3.554,False,False,False,0.3048200363827033,0.372370359657223,-2.384117526772126,0,NONE
2017-05-05,3.5441,False,False,False,0.3058762455930517,0.3664550456326346,-3.269482386386054,0,NONE
2017-05-08,3.5851,False,False,False,0.4463368609995353,0.3837548212776396,-2.7162111692973205,0,NONE
2017-05-09,3.6239,False,False,False,0.5118287546030139,0.3998412135785453,-2.2677768680328203,0,NONE
2017-05-10,3.5874,False,False,False,0.548099467232532,0.3866917577500656,-2.45534309143067,0,NONE
2017-05-11,3.5758,False,False,False,0.5619250239595105,0.3697391712515736,-4.07495096360271,0,NONE
2017-05-12,3.5731,False,False,False,0.5582097433836414,0.3675658033811302,-3.8885144000663843,0,NONE
2017-05-15,3.5483,False,False,False,0.4761886847069073,0.3796214536821235,-3.1426240681388773,0,NONE
2017-05-16,3.5392,False,False,False,0.448777386282352,0.3977888711304881,-0.55625895997877,0,NONE
2017-05-17,3.5681,False,False,False,0.3527950279317547,0.3767730084935498,-1.669728719709008,0,NONE
2017-05-18,3.6251,False,False,False,0.6018025684884698,0.407149956094583,-2.54027124478851,0,NONE
2017-05-19,3.5753,False,False,False,0.6838686385226426,0.4097031131341451,-2.5333831875831603,0,NONE
2017-05-22,3.5593,False,False,False,0.6639265662315534,0.3820652855517005,-3.3662577180200834,0,NONE
2017-05-23,3.5704,False,False,False,0.6658733987588104,0.3843601841487771,-3.3118458673125186,0,NONE
2017-05-24,3.5604,False,False,False,0.6377834323755389,0.3791090446681133,-3.634847444051813,0,NONE
2017-05-25,3.5667,False,False,False,0.4078005927238368,0.3759237175186769,-2.0241127007497486,0,NONE
2017-05-26,3.5777,False,False,False,0.217435073508067,0.361171240667817,-2.880618658688382,0,NONE
2017-05-29,3.5772,False,False,False,0.1542659870903232,0.3603268035839907,-2.500359156935227,0,NONE
2017-05-30,3.5491,False,False,False,0.2723265247408659,0.3738962082428924,-2.554091682790542,0,NONE
2017-05-31,3.527,False,False,False,0.3144052952046082,0.3758303540805132,-2.6640892072473417,0,NONE
2017-06-01,3.5246,False,False,False,0.2951708238739798,0.3634756414989726,-3.0964011855322724,0,NONE
2017-06-02,3.5098,False,False,False,0.2228901154864483,0.3856237623107814,-1.588671568601919,0,NONE
2017-06-05,3.5237,False,False,False,0.3114325047036433,0.371772484507727,-2.0303379862807898,0,NONE
2017-06-06,3.5151,False,False,False,0.255599587324188,0.3643505435938516,-2.9498256906645004,0,NONE
2017-06-07,3.5503,False,False,False,0.4374146140382289,0.3815949482003506,-2.316027990406809,0,NONE
2017-06-08,3.5244,False,False,False,0.4795177568074862,0.3674236618901779,-3.805260847147615,0,NONE
2017-06-09,3.5373,False,False,False,0.457625620831879,0.364075573160088,-3.8283142756663775,0,NONE
2017-06-12,3.5164,False,False,False,0.4955120544846427,0.366139608965064,-4.120289684104764,0,NONE
2017-06-13,3.5198,False,False,False,0.4918377218577238,0.3572431242728441,-4.374013873207934,0,NONE
2017-06-14,3.4878,False,False,False,0.3792483642753381,0.3962119479967592,-2.1632235342811246,0,NONE
2017-06-15,3.513,False,False,False,0.4595403710037534,0.3703467675411468,-2.6766107998003754,0,NONE
2017-06-16,3.5027,False,False,False,0.433305261550848,0.3685803213355625,-3.1180800954408294,0,NONE
2017-06-19,3.5228,False,False,False,0.4523157480612301,0.3639868364454866,-3.3972546493601286,0,NONE
2017-06-20,3.5444,False,False,False,0.493915291360548,0.365091940156023,-3.7797264289925963,0,NONE
2017-06-21,3.531,False,False,False,0.3706295472569684,0.3642458113798437,-2.8888539978787424,0,NONE
2017-06-22,3.5077,False,False,False,0.4019104356697344,0.3670098011526049,-3.721672457216922,0,NONE
2017-06-23,3.5088,False,False,False,0.3897908935480614,0.3540544630362448,-4.111559956698146,0,NONE
2017-06-26,3.5008,False,False,False,0.3329346183459145,0.360332261935382,-3.1706169947022573,0,NONE
2017-06-27,3.5263,False,False,False,0.3721818225123981,0.3693966214037871,-1.8339981772193283,0,NONE
2017-06-28,3.5128,False,False,False,0.3682440569467272,0.3608774047454577,-3.4866686335829087,0,NONE
2017-06-29,3.5265,False,False,False,0.3165237033302608,0.3571923560608027,-3.4974700157581626,0,NONE
2017-06-30,3.5212,False,False,False,0.3286590182248351,0.3511776312385836,-3.8953279842830444,0,NONE
2017-07-03,3.5571,False,False,False,0.4509789329294605,0.3813209932237464,-2.8859934114356083,0,NONE
2017-07-04,3.5594,False,False,False,0.3784343393384215,0.3531217314258689,-4.125112859717882,0,NONE
2017-07-05,3.6062,False,False,False,0.5299923978212084,0.4058451263856903,-2.3419762234998025,0,NONE
2017-07-06,3.6212,False,False,False,0.507407506630592,0.3809664541858609,-2.803384708273624,0,NONE
2017-07-07,3.6182,False,False,False,0.685253031941116,0.3864794844275229,-1.5535430590010684,0,NONE
2017-07-10,3.6083,False,False,False,0.588573326510868,0.3739184274347163,-1.971734112808024,0,NONE
2017-07-11,3.6139,False,False,False,0.606742592531662,0.371749108191173,-2.6329296797543638,0,NONE
2017-07-12,3.5672,False,False,False,0.6181773419201942,0.3967489394118177,-0.994560167730624,0,NONE
2017-07-13,3.5657,False,False,False,0.4283329761369653,0.3585558122185899,-2.757680327189137,0,NONE
2017-07-14,3.5381,False,False,False,0.4355514747385691,0.3777191783326278,-2.9940446629478856,0,NONE
2017-07-17,3.5284,False,False,False,0.4643452001869144,0.3680090768949535,-3.0036788862068864,0,NONE
2017-07-18,3.5231,False,False,False,0.412404474441747,0.3719964475678855,-2.376536659814704,0,NONE
2017-07-19,3.522,False,False,False,0.2427647963325785,0.3605300727737256,-2.1861078553276574,0,NONE
2017-07-20,3.5264,False,False,False,0.2722730312661165,0.3555424744448319,-2.441702624325316,0,NONE
2017-07-21,3.5364,False,False,False,0.1750997084418557,0.3517092857933502,-2.6043473560931574,0,NONE
2017-07-24,3.5567,False,False,False,0.2299270284859256,0.3552133308000676,-2.6255536367753454,0,NONE
2017-07-25,3.5724,False,False,False,0.2719924967587099,0.3583753774328601,-2.135101428790641,0,NONE
2017-07-26,3.5385,False,False,False,0.4746624652617176,0.3714429225194964,-3.001279539369028,0,NONE
2017-07-27,3.5363,False,False,False,0.4802462515848134,0.3473967072058054,-4.492533866212481,0,NONE
2017-07-28,3.5279,False,False,False,0.4775017120597775,0.3514402248649395,-4.36870099746886,0,NONE
2017-07-31,3.5193,False,False,False,0.4035046646200996,0.3590434075636269,-3.1159226218335334,0,NONE
2017-08-01,3.5271,False,False,False,0.3591949891821655,0.3642341473310688,-1.9351265473653232,0,NONE
2017-08-02,3.5305,False,False,False,0.174238399532526,0.350732292780298,-2.394103618177393,0,NONE
2017-08-03,3.5396,False,False,False,0.2078815804154075,0.3498535804678876,-2.674896942850941,0,NONE
2017-08-04,3.528,False,False,False,0.229168772853345,0.3505482233834424,-3.0029119203958157,0,NONE
2017-08-07,3.5291,False,False,False,0.2002225400708612,0.3485906527312044,-2.7994541342301673,0,NONE
2017-08-08,3.5338,False,False,False,0.1895251443176713,0.3509544330674032,-2.6679647596365683,0,NONE
2017-08-09,3.5376,False,False,False,0.1934509997310814,0.3497207297977978,-2.5861345482398157,0,NONE
2017-08-10,3.5418,False,False,False,0.1826031663833204,0.350403108264679,-2.3705057099120825,0,NONE
2017-08-11,3.5369,False,False,False,0.1121209289406598,0.3575548402008675,-1.6066476242575831,0,NONE
2017-08-14,3.5257,False,False,False,0.240989164312968,0.3608474157829314,-2.1094236725682887,0,NONE
2017-08-15,3.5352,False,False,False,0.2329161276152643,0.3513140978760702,-2.237234956984267,0,NONE
2017-08-16,3.5156,False,False,False,0.4298007004987842,0.3789379304386768,-2.2941846653276095,0,NONE
2017-08-17,3.5254,False,False,False,0.3619908073894539,0.356282955016114,-2.2502044982867417,0,NONE
2017-08-18,3.5185,False,False,False,0.3656293973124677,0.3554979912438599,-2.938458087825845,0,NONE
2017-08-21,3.497,False,False,False,0.4215249935050959,0.386966325824199,-2.31471143845679,0,NONE
2017-08-22,3.4944,False,False,False,0.3658424691662413,0.3732930791876159,-1.4998380313359299,0,NONE
2017-08-23,3.4787,False,False,False,0.3471378806282227,0.3842700746095365,-1.5103592274104702,0,NONE
2017-08-24,3.4838,False,False,False,0.3018806763313738,0.3814681503960754,-0.22507084080346473,0,NONE
2017-08-25,3.4389,True,False,True,1.0807355747277947,0.465572964403111,0.13599907056335603,2,TWO_MODELS
2017-08-28,3.4441,False,False,False,0.5812711688354946,0.3975494065360071,-0.547271397848391,0,NONE
2017-08-29,3.4465,False,False,False,0.5981511847013196,0.3934031885576166,-0.9361915262693046,0,NONE
2017-08-30,3.4517,False,False,False,0.634433356468073,0.3866082129857857,-1.3740165413366334,0,NONE
2017-08-31,3.4527,False,False,False,0.6327678132527893,0.3879360989266378,-1.517069756642755,0,NONE
2017-09-01,3.4284,False,False,False,0.3794816916817555,0.3922033332935116,-1.713503313878352,0,NONE
2017-09-04,3.4348,False,False,False,0.3740712926164525,0.3723370021941983,-1.5649477230140239,0,NONE
2017-09-05,3.4375,False,False,False,0.374907275679972,0.3691546488542654,-1.9482339918358136,0,NONE
2017-09-06,3.4257,False,False,False,0.3822735899002463,0.3793868875763082,-1.7531538423878654,0,NONE
2017-09-07,3.4045,False,False,False,0.4208872177967703,0.4029281477397559,-1.011391507896418,0,NONE
2017-09-08,3.4117,False,False,False,0.3848803635110729,0.3765974376646654,-0.9262779652248696,0,NONE
2017-09-11,3.406,False,False,False,0.3520626995548704,0.3785476866320491,-1.061755986616415,0,NONE
2017-09-12,3.4331,False,False,False,0.5776165349826756,0.3919358300960995,-0.8390065592532832,0,NONE
2017-09-13,3.4579,False,False,False,0.618571430855847,0.3857472022643372,-1.871154671766762,0,NONE
2017-09-14,3.4331,False,False,False,0.6517811999780307,0.3911093916865479,-1.4752230022399875,0,NONE
2017-09-15,3.4376,False,False,False,0.6509066480013675,0.3766035714536295,-2.258051667907635,0,NONE
2017-09-18,3.4895,False,False,False,0.8042861222326095,0.4383212079132596,-0.8995631933338792,0,NONE
2017-09-19,3.4887,False,False,False,0.813205203760816,0.3877337176829935,-1.7354440358294365,0,NONE
2017-09-20,3.503,False,False,False,0.7871844578871692,0.3835952911642096,-2.2753193347832728,0,NONE
2017-09-21,3.5023,False,False,False,0.6276985448529014,0.3789441521083121,-1.8456171399288088,0,NONE
2017-09-22,3.4962,False,False,False,0.6713478124416451,0.3786207768409784,-1.8404296590966407,0,NONE
2017-09-25,3.5494,False,False,False,0.6880143036133031,0.4112851616281847,-1.7598477448976926,0,NONE
2017-09-26,3.5424,False,False,False,0.6744382525995692,0.3765103973929571,-1.8491782167815884,0,NONE
2017-09-27,3.5774,False,False,False,0.7513793061815696,0.3958379949650593,-1.8245857212655778,0,NONE
2017-09-28,3.5603,False,False,False,0.8338214796502338,0.3955753269812396,-1.046887886560926,0,NONE
2017-09-29,3.5637,False,False,False,0.8035141984412462,0.3851814444343408,-1.7536067078053375,0,NONE
2017-10-02,3.5635,False,False,False,0.5293108877124492,0.3559206633376083,-3.2660818066496766,0,NONE
2017-10-03,3.5718,False,False,False,0.5086841682202018,0.3646793718325718,-2.0899782833311864,0,NONE
2017-10-04,3.5723,False,False,False,0.2712031718876856,0.3503778008838902,-1.4824744701442825,0,NONE
2017-10-05,3.5836,False,False,False,0.320048642971644,0.3644811065309192,-0.7318758620640011,0,NONE
2017-10-06,3.6149,False,False,False,0.3578377434427715,0.3648733857224825,-1.9060051021612683,0,NONE
2017-10-09,3.7011,False,False,False,0.863352766783929,0.4479093580899134,-1.3207948049402525,0,NONE
2017-10-10,3.7114,False,False,False,0.8208395045289106,0.3897726237757806,-1.9565141768622372,0,NONE
2017-10-11,3.6484,True,False,False,1.1719847831983845,0.4599703441816024,-0.5052499853961763,1,ONE_MODEL
2017-10-12,3.654,True,False,False,1.175864220073857,0.4259939391499638,-0.9491214863021682,1,ONE_MODEL
2017-10-13,3.6349,True,False,False,1.184435038723207,0.4326456177786631,-1.7601343144780905,1,ONE_MODEL
2017-10-16,3.6463,False,False,False,0.682479680782849,0.3813727117242839,-1.6892266399293412,0,NONE
2017-10-17,3.6663,False,False,False,0.7227373652335477,0.3798739570777855,-1.438273253290017,0,NONE
2017-10-18,3.6768,False,False,False,0.3298644378296906,0.3511015408537672,-3.633825162346872,0,NONE
2017-10-19,3.6456,False,False,False,0.483947542250561,0.3717397493512714,-3.385293815790572,0,NONE
2017-10-20,3.6714,False,False,False,0.4861420825658792,0.3615372474308744,-3.574314472735667,0,NONE
2017-10-23,3.7163,False,False,False,0.595465586886877,0.3823499025632876,-2.323643189756636,0,NONE
2017-10-24,3.7414,False,False,False,0.5984513578829722,0.3719849849625304,-2.9538205869687246,0,NONE
2017-10-25,3.7668,False,False,False,0.5978676442607738,0.3700322296655151,-2.988633493619817,0,NONE
2017-10-26,3.8203,False,False,False,0.3550759265158725,0.4223027143511834,-0.05897595381840226,0,NONE
2017-10-27,3.7885,False,False,False,0.6452981295909781,0.391943681755561,-1.6130825634026085,0,NONE
2017-10-30,3.7798,False,False,False,0.6413014815831457,0.3737352538568259,-2.3391299384901156,0,NONE
2017-10-31,3.792,False,False,False,0.6266506654710877,0.3688236611115819,-2.756976484793924,0,NONE
2017-11-01,3.813,False,False,False,0.6150786395386348,0.3642257522568652,-3.1464335027310835,0,NONE
2017-11-02,3.7975,False,False,False,0.4042557205382404,0.3695649960063899,-2.3457905931843666,0,NONE
2017-11-03,3.8864,False,False,False,0.7304240687978008,0.4238433130954415,-1.974820436978506,0,NONE
2017-11-06,3.828,False,False,False,0.9096519028515484,0.420810015753285,-2.16833973053002,0,NONE
2017-11-07,3.8844,False,False,False,0.952690866277568,0.4260730363086101,-2.37373471811544,0,NONE
2017-11-08,3.8665,False,False,False,0.9899287234936396,0.4113919219611927,-2.3610909912354803,0,NONE
2017-11-09,3.8647,False,False,False,0.9694521987002744,0.3995796298064852,-2.8502619917403216,0,NONE
2017-11-10,3.8636,False,False,False,0.6749408862896291,0.3761950979806156,-2.7502505457876314,0,NONE
2017-11-13,3.8706,False,False,False,0.4682474261051113,0.3620184601130851,-3.8263059461007902,0,NONE
2017-11-14,3.886,False,False,False,0.202661838458904,0.3572280950332657,-2.390048298573271,0,NONE
2017-11-15,3.8811,False,False,False,0.1360334464852643,0.3606164209341928,-2.0748460674772495,0,NONE
2017-11-16,3.8629,False,False,False,0.2075686069824805,0.3628577762246793,-2.3080822457952035,0,NONE
2017-11-17,3.8773,False,False,False,0.2406041675153709,0.3509486429278111,-2.9917957824378227,0,NONE
2017-11-20,3.9285,False,False,False,0.4349827930144068,0.3747729020304322,-2.7908335449478177,0,NONE
2017-11-21,3.9566,False,False,False,0.4503516411354307,0.3628153924837592,-3.25997022297428,0,NONE
2017-11-22,3.9184,False,False,False,0.5762842204769284,0.3836840288675483,-2.6659966153474297,0,NONE
2017-11-23,3.9201,False,False,False,0.534439791839977,0.3571853972909821,-3.9115494841759535,0,NONE
2017-11-24,3.9437,False,False,False,0.5468172203772692,0.3631890961754828,-3.597205423051326,0,NONE
2017-11-27,3.9062,False,False,False,0.5076336502055075,0.3816862118900638,-2.840551285111866,0,NONE
2017-11-28,3.9645,False,False,False,0.6422372373113059,0.3900657755889987,-2.040723442525273,0,NONE
2017-11-29,3.9613,False,False,False,0.5531512586328134,0.3619452192115891,-3.627245077310535,0,NONE
2017-11-30,3.919,False,False,False,0.6521716729316724,0.3839403370780733,-3.259240440684964,0,NONE
2017-12-01,3.9131,False,False,False,0.6182753478482594,0.3673308461686768,-3.54918749524718,0,NONE
2017-12-04,3.8742,False,False,False,0.6134245447431874,0.3854123966270745,-3.1916721303216296,0,NONE
2017-12-05,3.8444,False,False,False,0.6058771597931659,0.4180485853750715,-0.40161111821061013,0,NONE
2017-12-06,3.8506,False,False,False,0.558456299659478,0.3987365455231157,-0.6577556884697735,0,NONE
2017-12-07,3.8631,False,False,False,0.3444144709461509,0.3705762480404798,-1.9893671696140895,0,NONE
2017-12-08,3.8388,False,False,False,0.37482658595031,0.3818631568928514,-2.206987942120259,0,NONE
2017-12-11,3.8367,False,False,False,0.2929270097549132,0.362905531406321,-2.785072998235135,0,NONE
2017-12-12,3.8479,False,False,False,0.2373758709410177,0.355860219751927,-3.2183413018300957,0,NONE
2017-12-13,3.8119,False,False,False,0.3359712758952912,0.3816163786516302,-2.753105367443087,0,NONE
2017-12-14,3.8869,False,False,False,0.6711185085405791,0.4038602637339483,-1.968543835726587,0,NONE
2017-12-15,3.8617,False,False,False,0.6509439228614035,0.3735677676882509,-3.5301298646549064,0,NONE
2017-12-18,3.83,False,False,False,0.7034885590759052,0.3862637866036285,-3.628822131899584,0,NONE
2017-12-19,3.8336,False,False,False,0.6986311406480321,0.3765469882492168,-3.8197523873402464,0,NONE
2017-12-20,3.8203,False,False,False,0.6564554895599215,0.3759494306798076,-3.7834515549628183,0,NONE
2017-12-21,3.8175,False,False,False,0.350107201412536,0.3778306793411562,-1.506186183470561,0,NONE
2017-12-22,3.8157,False,False,False,0.232059528313782,0.3705019139673176,-2.0111037557149523,0,NONE
2017-12-25,3.8074,False,False,False,0.1140118552150319,0.3762639200322432,-1.4341487888676845,0,NONE
2017-12-26,3.812,False,False,False,0.108967082860386,0.3708030798876769,-1.361821884286611,0,NONE
2017-12-27,3.8156,False,False,False,0.1067731458796492,0.3661006243747725,-1.56888738314065,0,NONE
2017-12-28,3.7749,False,False,False,0.3253216373806644,0.3913385650796447,-2.004051173315853,0,NONE
2017-12-29,3.79,False,False,False,0.3271487143370785,0.3671627889324817,-2.414920428415723,0,NONE
2018-01-01,3.7875,False,False,False,0.3481845008396169,0.3578736413156872,-3.325416604000349,0,NONE
2018-01-02,3.7667,False,False,False,0.3548196384985297,0.3757069374649344,-2.586961093204268,0,NONE
2018-01-03,3.7812,False,False,False,0.4033963231329777,0.3688169568821223,-2.265632474658384,0,NONE
2018-01-04,3.748,False,False,False,0.3582513725878023,0.3842164487438866,-2.595259376354779,0,NONE
2018-01-05,3.7367,False,False,False,0.3037503963417495,0.3786547600262878,-1.7890070960649744,0,NONE
2018-01-08,3.7443,False,False,False,0.3315425312053688,0.3749392230386775,-1.7600543850227055,0,NONE
2018-01-09,3.7679,False,False,False,0.3812080918375949,0.3660788489469689,-2.81451112205189,0,NONE
2018-01-10,3.7994,False,False,False,0.4391530219027725,0.369694758327124,-3.2239940787111205,0,NONE
2018-01-11,3.7741,False,False,False,0.3959024948272703,0.3693585356062431,-2.7005904936109157,0,NONE
2018-01-12,3.7483,False,False,False,0.4488466160137435,0.3753993174374773,-2.977054277998823,0,NONE
2018-01-15,3.8007,False,False,False,0.745258027154645,0.4172601438946117,-1.7491151192702183,0,NONE
2018-01-16,3.798,False,False,False,0.5839734120994575,0.3679402476571093,-3.661044360525084,0,NONE
2018-01-17,3.8182,False,False,False,0.5560039679710644,0.3668864148859233,-3.6473456479555804,0,NONE
2018-01-18,3.7701,False,False,False,0.6580247297597615,0.4041153898330408,-2.6809627205283952,0,NONE
2018-01-19,3.8065,False,False,False,0.6539760625545084,0.3917520218178095,-2.8083120684084424,0,NONE
2018-01-22,3.775,False,False,False,0.5788221419839344,0.3804770207496805,-3.359591711582521,0,NONE
2018-01-23,3.7673,False,False,False,0.5791531504827798,0.3686172808686472,-3.5218956589086154,0,NONE
2018-01-24,3.7384,False,False,False,0.53834180505888,0.3943648922444526,-2.384433512833077,0,NONE
2018-01-25,3.7525,False,False,False,0.4795188647196634,0.3657036447550363,-3.4827281145911115,0,NONE
2018-01-26,3.7548,False,False,False,0.3544930666969718,0.3649864057842014,-2.367548090337168,0,NONE
2018-01-29,3.7934,False,False,False,0.4607895831002939,0.3712789516563148,-3.3903066335072047,0,NONE
2018-01-30,3.781,False,False,False,0.4892284475568865,0.3576871608329067,-4.4329029046424875,0,NONE
2018-01-31,3.7555,False,False,False,0.4675053097178314,0.3647063707373404,-3.7132653037015206,0,NONE
2018-02-01,3.7315,False,False,False,0.4971883904324067,0.3724543740868933,-3.6950231994593405,0,NONE
2018-02-02,3.7734,False,False,False,0.622875682038547,0.3793941093905723,-3.1082896976874093,0,NONE
2018-02-05,3.79,False,False,False,0.5374830709278109,0.3592613395256964,-4.281054436551045,0,NONE
2018-02-06,3.7695,False,False,False,0.5554818400971644,0.3646497703301858,-4.443803906816116,0,NONE
2018-02-07,3.8047,False,False,False,0.5563999266291606,0.3731772814226994,-3.883644036965304,0,NONE
2018-02-08,3.8216,False,False,False,0.4545339891537379,0.373095441175418,-3.599307047001286,0,NONE
2018-02-09,3.8226,False,False,False,0.3755857508338098,0.3540616812436813,-4.30584382362394,0,NONE
2018-02-12,3.7997,False,False,False,0.4560687719848379,0.359319464859269,-4.581357308089256,0,NONE
2018-02-13,3.8106,False,False,False,0.396888345258627,0.3555247588699562,-4.595981508547904,0,NONE
2018-02-14,3.7824,False,False,False,0.3744284990047264,0.3653611083487203,-3.752895752557876,0,NONE
2018-02-15,3.7644,False,False,False,0.3086897142087875,0.3694869428740827,-2.4702829841714014,0,NONE
2018-02-16,3.7474,False,False,False,0.37936688106949,0.3823960549427607,-1.7244075330330997,0,NONE
2018-02-19,3.7573,False,False,False,0.3368606158415064,0.3646323801547505,-2.3238967763467837,0,NONE
2018-02-20,3.7984,False,False,False,0.5458433267344422,0.3752991722301222,-2.661596302227414,0,NONE
2018-02-21,3.7891,False,False,False,0.4837635826399447,0.3564486887728775,-4.0816299218056304,0,NONE
2018-02-22,3.7843,False,False,False,0.4546187597826376,0.357887883695838,-3.764449894930257,0,NONE
2018-02-23,3.7905,False,False,False,0.599194968209152,0.3665592710343366,-2.8759253754630123,0,NONE
2018-02-26,3.7864,False,False,False,0.52815521825771,0.3641676990356255,-2.9016685931978223,0,NONE
2018-02-27,3.8155,False,False,False,0.4550693814620739,0.3663041138418418,-2.2029785653767906,0,NONE
2018-02-28,3.7988,False,False,False,0.3422194033684766,0.3542562319958969,-3.397205783341164,0,NONE
2018-03-01,3.8056,False,False,False,0.335495575708088,0.34773737683104,-3.937710036811504,0,NONE
2018-03-02,3.8071,False,False,False,0.3378788870403847,0.3393272357288165,-4.506508695088588,0,NONE
2018-03-05,3.8084,False,False,False,0.329264833404203,0.3402245832907632,-4.316069823993358,0,NONE
2018-03-06,3.7942,False,False,False,0.209331776010114,0.358083156578628,-2.6792267683367967,0,NONE
2018-03-07,3.8027,False,False,False,0.1819517856944304,0.3460990058311268,-3.0980820428127434,0,NONE
2018-03-08,3.8236,False,False,False,0.3001895048397299,0.3548697690482921,-2.4815282637308673,0,NONE
2018-03-09,3.8111,False,False,False,0.3253227736957462,0.3539470807250524,-2.022277678671978,0,NONE
2018-03-12,3.8438,False,False,False,0.4630619254501229,0.3704761963066459,-1.9246996043391125,0,NONE
2018-03-13,3.8733,False,False,False,0.4769868018214999,0.3741421085095378,-1.7395319096710242,0,NONE
2018-03-14,3.8796,False,False,False,0.4332501479327959,0.3635182117082627,-1.8887899061058118,0,NONE
2018-03-15,3.8956,False,False,False,0.3989821180576491,0.3550275810146846,-2.7307115049937796,0,NONE
2018-03-16,3.9196,False,False,False,0.2439648682509356,0.3669659371597346,-1.206012492199413,0,NONE
2018-03-19,3.9362,False,False,False,0.1880563345943482,0.3576809710035771,-0.9279548768920218,0,NONE
2018-03-20,3.9339,False,False,False,0.2151887397892616,0.3501572657720773,-1.2332407676904786,0,NONE
2018-03-21,3.9085,False,False,False,0.5176474338687393,0.374528567646147,-1.8522397976267442,0,NONE
2018-03-22,3.9343,False,False,False,0.4574314504081578,0.3519926845365695,-3.0683953400337334,0,NONE
2018-03-23,3.9824,False,False,False,0.5877688413355253,0.3781926363213989,-2.29388290993289,0,NONE
2018-03-26,3.9657,False,False,False,0.6234192805406502,0.3698561642077859,-2.759744295890787,0,NONE
2018-03-27,3.9819,False,False,False,0.6246910558938225,0.3551460308797084,-3.3768359222755606,0,NONE
2018-03-28,4.0103,False,False,False,0.482698373245893,0.3651941076697101,-2.822817998349146,0,NONE
2018-03-29,3.9422,True,False,False,1.0199907453456727,0.4408351483005126,-1.6096614486491863,1,ONE_MODEL
2018-03-30,3.9552,False,False,False,0.743601869202241,0.3741744937802362,-2.396171776888469,0,NONE
2018-04-02,3.9735,False,False,False,0.7533321012553043,0.3666767227799178,-3.267834718744801,0,NONE
2018-04-03,3.9887,False,False,False,0.7545693092289998,0.3658478017110537,-3.0379088449133818,0,NONE
2018-04-04,3.9991,False,False,False,0.7170162027807111,0.3617464297251315,-2.9492803436832418,0,NONE
2018-04-05,4.0515,False,False,False,0.4115550326961292,0.3839690915944606,-1.405053296793314,0,NONE
2018-04-06,4.0449,False,False,False,0.4152369056819544,0.3641333236794738,-2.165172834656488,0,NONE
2018-04-09,4.0737,False,False,False,0.4365557248710527,0.3637678967393373,-2.7968368922052598,0,NONE
2018-04-10,4.1121,False,False,False,0.4514445743620392,0.3718531539799824,-2.5073219704983796,0,NONE
2018-04-11,4.136,False,False,False,0.4260725735771251,0.3686330477681019,-2.368800367857668,0,NONE
2018-04-12,4.1102,False,False,False,0.529454633136748,0.3762170325392605,-1.879666387843523,0,NONE
2018-04-13,4.0969,False,False,False,0.560240265227868,0.3659859856563558,-2.645668350414004,0,NONE
2018-04-16,4.0963,False,False,False,0.534802593216003,0.3568700007666232,-3.0409944226543146,0,NONE
2018-04-17,4.0976,False,False,False,0.3744704715180542,0.3560027648430314,-2.5467845424694335,0,NONE
2018-04-18,4.0086,False,False,False,0.830567224733666,0.4699709866062314,-0.834140367249212,0,NONE
2018-04-19,4.0403,False,False,False,0.8296793397268752,0.4020942416168684,-1.3940054778299338,0,NONE
2018-04-20,4.0766,False,False,False,0.9181313153338256,0.399399139888544,-1.9765981189448194,0,NONE
2018-04-23,4.1079,False,False,False,0.970288061343468,0.3916852765890597,-2.1919327241262057,0,NONE
2018-04-24,4.086,False,False,False,0.9867245801238002,0.3990443831645165,-2.613151644779462,0,NONE
2018-04-25,4.0809,False,False,False,0.4876443833406245,0.365339929606055,-2.7917611966441243,0,NONE
2018-04-26,4.0664,False,False,False,0.5002399399384112,0.355296698731928,-3.5876904042593143,0,NONE
2018-04-27,4.0422,False,False,False,0.4244161957315097,0.3674919266252546,-3.0501823779165864,0,NONE
2018-04-30,4.0617,False,False,False,0.3335001071028715,0.3640918513812589,-1.5693406919546753,0,NONE
2018-05-01,4.103,False,False,False,0.4995815282789111,0.3594633683981417,-3.168922362797897,0,NONE
2018-05-02,4.1771,False,False,False,0.7213203377748763,0.4027956621412819,-2.3387363081278885,0,NONE
2018-05-03,4.2131,False,False,False,0.6356601623675026,0.380849695031432,-2.7190680511910106,0,NONE
2018-05-04,4.226,False,False,False,0.453578336557058,0.388434603675834,-1.8540428662431658,0,NONE
2018-05-07,4.2669,False,False,False,0.3889813998521221,0.396138135143058,-1.6686648790423764,0,NONE
2018-05-08,4.3327,False,False,False,0.4157314961555839,0.4147218989526459,-1.4824387562142487,0,NONE
2018-05-09,4.2876,False,False,False,0.6817739473728821,0.3986308822692273,-1.1933345580903758,0,NONE
2018-05-10,4.2352,False,False,False,0.825363217295957,0.4111833369643285,-2.141431331047391,0,NONE
2018-05-11,4.3136,False,False,False,0.9526533847078874,0.4287745090411901,-1.6164297129551866,0,NONE
2018-05-14,4.3674,False,False,False,0.9593256713403586,0.4195407534197873,-2.329464702368176,0,NONE
2018-05-15,4.445,False,False,False,0.9667972221499116,0.4396945302862229,-1.9428326156996292,0,NONE
2018-05-16,4.4139,False,False,False,0.9069072662644844,0.4170063399843014,-1.9706060784897623,0,NONE
2018-05-17,4.4606,False,False,False,0.64346976223248,0.4209022734708479,-2.0522171482592118,0,NONE
2018-05-18,4.4917,False,False,False,0.5795933290343895,0.3959231209378378,-2.8085945021626433,0,NONE
2018-05-21,4.5749,False,False,False,0.6258714120373501,0.4296313366904525,-1.7727602444343962,0,NONE
2018-05-22,4.6691,False,False,False,0.6420669050620752,0.4472871768789959,-1.5028949972769876,0,NONE
2018-05-23,4.5762,False,False,True,0.8994319124870696,0.4734507825124161,0.00022841580654642257,1,ONE_MODEL
2018-05-24,4.7073,False,False,False,0.98513651032572,0.495955844474088,-1.5472816629476522,0,NONE
2018-05-25,4.7081,True,False,False,1.0159646563295168,0.4578678512875797,-1.6804064481494283,1,ONE_MODEL
2018-05-28,4.5822,True,False,True,1.170558002100823,0.51790214346601,0.037306337617449614,2,TWO_MODELS
2018-05-29,4.5488,True,False,False,1.0351259077932369,0.4832870165881605,-0.3538499865339695,1,ONE_MODEL
2018-05-30,4.465,False,False,False,0.988799644851814,0.4989791697975544,-1.614020500210506,0,NONE
2018-05-31,4.5245,False,False,False,0.779932456829718,0.4805132154408401,-0.045979330956834374,0,NONE
2018-06-01,4.6508,False,False,True,0.9994244456337176,0.502186573618945,1.336171760842424,1,ONE_MODEL
2018-06-04,4.5921,False,False,False,0.8467488506636761,0.4470495108144766,-1.6789551709426025,0,NONE
2018-06-05,4.5985,False,False,False,0.8260555768021655,0.4324433289624518,-2.6980354067781445,0,NONE
2018-06-06,4.5554,False,False,False,0.7242542627958874,0.4437297667884928,-0.8661038768211462,0,NONE
2018-06-07,4.4844,False,False,False,0.751730925020255,0.4592603849390919,-1.8002947549205146,0,NONE
2018-06-08,4.474,False,False,False,0.75104606953973,0.4632786003559561,-0.2614096768184826,0,NONE
2018-06-11,4.524,False,False,False,0.4321386452588908,0.4317406741833444,-1.1505885076848514,0,NONE
2018-06-12,4.5976,False,False,False,0.562194400345385,0.4261820471317208,-2.03657277710629,0,NONE
2018-06-13,4.6452,False,False,False,0.5394619008614424,0.4188596209487145,-3.014339592026083,0,NONE
2018-06-14,4.7259,False,False,False,0.95027718187804,0.4708041989395992,-0.5709653028777772,0,NONE
2018-06-15,4.7301,False,False,False,0.9944563624392,0.4521976503476291,-0.42203526760752297,0,NONE
2018-06-18,4.7042,False,False,False,0.67254502907543,0.4348555893278405,-1.193051559096686,0,NONE
2018-06-19,4.7402,False,False,False,0.4694037934623299,0.4089075396885023,-2.818372363056575,0,NONE
2018-06-20,4.7327,False,False,False,0.3720201407464003,0.388807928194215,-3.4911090381614365,0,NONE
2018-06-21,4.7225,False,False,False,0.2079197623218334,0.3790883340591897,-2.768984630354753,0,NONE
2018-06-22,4.6773,False,False,False,0.2674292305226706,0.3948959646669528,-1.756993816815303,0,NONE
2018-06-25,4.681,False,False,False,0.2596433461858702,0.3691174165526727,-3.540388192680197,0,NONE
2018-06-26,4.6155,False,False,False,0.526138137631322,0.4281898908716798,-1.0201803110778673,0,NONE
2018-06-27,4.6225,False,False,False,0.46495928441838,0.3934284955773172,-2.0128943617050385,0,NONE
2018-06-28,4.5853,False,False,False,0.5788785283321379,0.4169853691330005,-1.7042897471184872,0,NONE
2018-06-29,4.5872,False,False,False,0.38015273617147,0.3839431907637145,-2.7490910744978674,0,NONE
2018-07-02,4.6161,False,False,False,0.3362447372082268,0.3790913959229272,-2.5618546869190126,0,NONE
2018-07-03,4.6705,False,False,False,0.3103093819300339,0.380419368244057,-3.6531226952475713,0,NONE
2018-07-04,4.6667,False,False,False,0.3098532343219792,0.35906623864436,-4.923839617932604,0,NONE
2018-07-05,4.5925,False,False,False,0.4605156310181418,0.4011594942037574,-2.954597611303159,0,NONE
2018-07-06,4.5704,False,False,False,0.4322802008874121,0.3815984364752146,-4.4486884215901465,0,NONE
2018-07-09,4.7338,False,False,False,0.9207876049246032,0.4911959005209572,-0.3095890711885758,0,NONE
2018-07-10,4.7077,False,False,False,0.7565455208611,0.4111352309046271,-2.3356058741665926,0,NONE
2018-07-11,4.8762,False,False,False,0.9244163517252594,0.5049626013233282,-1.0338670737046343,0,NONE
2018-07-12,4.8552,False,False,False,0.8295645639510812,0.4719937574109832,-1.0556229497102816,0,NONE
2018-07-13,4.8552,False,False,False,0.8012885842744705,0.4712124283279951,-1.5042344984754177,0,NONE
2018-07-16,4.8463,False,False,False,0.6505217967636697,0.4094513777321835,-2.460149666493807,0,NONE
2018-07-17,4.8065,False,False,False,0.6650647978455256,0.4161626661133751,-2.3182369844507242,0,NONE
2018-07-18,4.7953,False,False,False,0.3318157581723459,0.3989850596643933,-0.19981420762851698,0,NONE
2018-07-19,4.8066,False,False,False,0.199335548172756,0.3868451684026642,-1.179287047158267,0,NONE
2018-07-20,4.7927,False,False,False,0.25634715557196,0.3927191312508564,-1.1941272697169687,0,NONE
2018-07-23,4.7395,False,False,False,0.43804601944137,0.4156336763757186,-1.1267861882226224,0,NONE
2018-07-24,4.8861,False,False,False,0.773288321552905,0.455552918900276,-1.556556834370932,0,NONE
2018-07-25,4.7728,False,False,False,0.7092087739307583,0.4565538373754788,-2.285472428733101,0,NONE
2018-07-26,4.8649,False,False,False,0.7709807329019508,0.450606496694818,-1.8438052367526137,0,NONE
2018-07-27,4.8529,False,False,False,0.7693377719522202,0.4300967532586968,-2.573053458404928,0,NONE
2018-07-30,4.8823,False,False,False,0.7223163187021991,0.4431312576631767,-2.2287691881595855,0,NONE
2018-07-31,4.9142,False,False,False,0.5505823970833643,0.4002621916686919,-3.0096698143044716,0,NONE
2018-08-01,4.995,False,False,False,0.4637645565993299,0.4395144635941114,-1.9067955067112514,0,NONE
2018-08-02,5.066,False,False,False,0.35535535535535,0.4238734867122027,-1.9147933031208506,0,NONE
2018-08-03,5.0815,False,False,False,0.2041080441678649,0.4117450198301808,-1.8439674588971933,0,NONE
2018-08-06,5.3301,True,True,False,1.223064055889005,0.54927753730526,-0.8635497535937233,2,TWO_MODELS
2018-08-07,5.2443,False,False,True,0.7731260272418231,0.5038371766161575,0.26307789593929876,1,ONE_MODEL
2018-08-08,5.28,False,False,False,0.7778981619688894,0.4772706536735775,-1.2142181091653494,0,NONE
2018-08-09,5.5457,True,True,False,1.25804924242424,0.5862099595652526,-1.2503811942926326,2,TWO_MODELS
2018-08-10,6.4275,True,True,True,3.975151919505202,0.745587473696885,2.8050018731956365,3,ALL_THREE
2018-08-13,6.8834,True,True,True,1.7732399844418476,0.7247216367840893,1.3252442762966945,3,ALL_THREE
2018-08-14,6.3544,True,True,True,1.9212888979283496,0.7451159753449618,4.1079305536665505,3,ALL_THREE
2018-08-15,5.9905,True,True,True,2.40636847132535,0.7409783539471488,4.002843589520496,3,ALL_THREE
2018-08-16,5.827,True,True,True,3.069413371299068,0.720613211378653,4.180207962092725,3,ALL_THREE
2018-08-17,6.014,True,True,True,2.526077229276228,0.6873085273057633,4.78287771455425,3,ALL_THREE
2018-08-20,6.0808,True,True,True,2.331987099398552,0.6694702953301414,4.11423934284648,3,ALL_THREE
2018-08-21,6.0758,False,True,True,0.809483685388034,0.6174314527820935,2.3821947595353565,2,TWO_MODELS
2018-08-22,6.0512,False,True,False,0.3618837561945867,0.5784169774390705,-0.0001301394105759357,1,ONE_MODEL
2018-08-23,6.1247,False,True,False,0.8649795159368919,0.592746403170219,-0.2010813837491643,1,ONE_MODEL
2018-08-24,6.0068,False,True,True,0.4812480611295225,0.5730344366276081,1.151717463902827,2,TWO_MODELS
2018-08-27,6.1217,False,True,True,0.4782080308983125,0.5707679997069475,0.4678614580394047,2,TWO_MODELS
2018-08-28,6.273,False,True,False,0.6178839211330149,0.5977649900379002,-0.42507211843346404,1,ONE_MODEL
2018-08-29,6.4752,True,True,True,1.23194932736729,0.6301041646371024,0.0003930876734994371,3,ALL_THREE
2018-08-30,6.6519,True,True,True,1.531801144783102,0.6399506659875721,0.028768852964105918,3,ALL_THREE
2018-08-31,6.538,True,True,True,1.5434233082488318,0.6363966060215498,2.449419796551342,3,ALL_THREE
2018-09-03,6.634,True,True,False,1.488508585873264,0.6277997925393993,-0.40195147344850746,2,TWO_MODELS
2018-09-04,6.6711,True,True,False,1.1566958189266918,0.6106951906289406,-0.8389258815580387,2,TWO_MODELS
2018-09-05,6.6011,False,True,True,0.365807595083824,0.5874828217874991,0.18948265931866537,2,TWO_MODELS
2018-09-06,6.5827,False,True,False,0.2074796957157603,0.5720524270638243,-0.023549224732667184,1,ONE_MODEL
2018-09-07,6.397,False,True,True,0.7052577209959424,0.578313661449453,0.6559298928560189,2,TWO_MODELS
2018-09-10,6.4616,False,True,True,0.500915245372928,0.5433994584781227,0.7443611343140395,2,TWO_MODELS
2018-09-11,6.4302,False,True,False,0.699944794723536,0.5343046356164646,-3.505095589950713e-05,1,ONE_MODEL
2018-09-12,6.342,False,True,True,0.752825638492606,0.5408560025024098,0.006696537523847468,2,TWO_MODELS
2018-09-13,6.0812,True,True,True,1.457128744515792,0.6266211234971171,2.199559338797461,3,ALL_THREE
2018-09-14,6.1703,False,True,True,0.658686114420202,0.5585991685606901,1.1273478248268631,2,TWO_MODELS
2018-09-17,6.3144,False,True,True,0.5838451939127725,0.5574497818224872,0.8390951611210182,2,TWO_MODELS
2018-09-18,6.3846,False,True,False,0.4187469543323434,0.5239005885742694,-0.7859733241798335,1,ONE_MODEL
2018-09-19,6.2493,False,True,False,0.5297904332299574,0.5483812432213353,-0.022138547191937974,1,ONE_MODEL
2018-09-20,6.196,False,True,True,0.333556091466428,0.5275822004593129,1.759147006396379,2,TWO_MODELS
2018-09-21,6.2937,False,True,True,0.3942059393156874,0.5290701065610802,0.49711088116363733,2,TWO_MODELS
2018-09-24,6.1524,False,True,True,0.56127556127556,0.5470384322293206,0.1826839967796392,2,TWO_MODELS
2018-09-25,6.1618,False,True,False,0.6473545050411119,0.5236261294962453,-0.34713969025175473,1,ONE_MODEL
2018-09-26,6.107,False,False,False,0.4134584652933139,0.5165406235719541,-0.5962715977765978,0,NONE
2018-09-27,6.008,False,True,False,0.54624168288927,0.537826452901535,-0.25570742010060954,1,ONE_MODEL
2018-09-28,6.056,False,True,True,0.690647063950956,0.5258713058437247,0.11204963559113068,2,TWO_MODELS
2018-10-01,5.936,False,True,False,0.6287590434959479,0.5429559863959141,-0.3654159094068259,1,ONE_MODEL
2018-10-02,5.9846,False,False,False,0.514861841531802,0.5171099433796781,-0.6669657406728593,0,NONE
2018-10-03,6.0458,False,False,False,0.2556561842061249,0.5012458385762715,-1.5450722538048627,0,NONE
2018-10-04,6.1627,False,False,True,0.4833934301498575,0.5191415674511595,4.136338694493702e-05,1,ONE_MODEL
2018-10-05,6.1333,False,False,False,0.2418105845050737,0.4833278732455585,-1.8226646502004762,0,NONE
2018-10-08,6.1106,False,False,False,0.507307435279076,0.4910703040234409,-0.6093041216788464,0,NONE
2018-10-09,6.1011,False,False,False,0.338495510939362,0.4786496382062046,-1.6542314300305243,0,NONE
2018-10-10,6.076,False,False,False,0.1637569007445698,0.4702789946946297,-2.400871402220682,0,NONE
2018-10-11,5.9258,False,True,False,0.68832263125781,0.5489206394955116,-0.11305812621961842,1,ONE_MODEL
2018-10-12,5.8721,False,True,False,0.7589272743121159,0.5355974183772431,-0.8224997548977449,1,ONE_MODEL
2018-10-15,5.7867,False,True,False,0.941104686637416,0.5650920480418847,3.6781142888742124e-05,1,ONE_MODEL
2018-10-16,5.6856,True,True,True,1.2072522300026138,0.5938774904918812,0.8930045678651553,3,ALL_THREE
2018-10-17,5.5835,True,True,True,1.430978876717898,0.6134653315364696,1.726912192205301,3,ALL_THREE
2018-10-18,5.6425,False,True,True,0.823139727460264,0.5790102035840329,1.667213928454415,2,TWO_MODELS
2018-10-19,5.6425,False,True,False,0.6671121829328499,0.5463800049822541,-0.0002282420602863766,1,ONE_MODEL
2018-10-22,5.6689,False,True,False,0.342272714065722,0.5283563214355974,-0.23192514921691298,1,ONE_MODEL
2018-10-23,5.737,False,True,True,0.333337027575082,0.5302959404549631,0.36403296877002056,2,TWO_MODELS
2018-10-24,5.7023,False,True,True,0.345178254932154,0.5254846674628393,1.4611181335781867,2,TWO_MODELS
2018-10-25,5.6345,False,True,False,0.2972484786840375,0.5229846805901399,9.851179530784293e-06,1,ONE_MODEL
2018-10-26,5.5929,False,True,False,0.184577158576625,0.5224228846577517,-0.6923658221897604,1,ONE_MODEL
2018-10-29,5.5611,False,True,False,0.3132173054013999,0.5305724039056546,-0.6846369149733214,1,ONE_MODEL
2018-10-30,5.4746,False,True,True,0.762413923351834,0.596336395745693,1.3234977927520442,2,TWO_MODELS
2018-10-31,5.5835,False,True,True,0.5325295431267424,0.562497502948214,1.408404966624845,2,TWO_MODELS
2018-11-01,5.5118,False,True,False,0.35650986431124,0.5418627724584278,-0.27728005768377884,1,ONE_MODEL
2018-11-02,5.4296,False,True,False,0.47447482348839,0.5580712591877347,-0.08052688281361142,1,ONE_MODEL
2018-11-05,5.3134,False,True,True,0.5350302048032974,0.5861542584386843,0.6752207366834533,2,TWO_MODELS
2018-11-06,5.356,False,True,True,0.4897307355353358,0.5584641643715035,0.8085330746500992,2,TWO_MODELS
2018-11-07,5.3612,False,True,False,0.3720688355547559,0.5324300719750634,-0.6934097987776582,1,ONE_MODEL
2018-11-08,5.4583,False,True,True,0.5036116306859972,0.5515276173097732,1.1892059648920519,2,TWO_MODELS
2018-11-09,5.4606,False,False,False,0.59498865424641,0.5105675177484987,-0.6872744998781677,0,NONE
2018-11-12,5.4685,False,False,True,0.464990781130548,0.5013429656058142,0.00420318641102746,1,ONE_MODEL
2018-11-13,5.4776,False,False,False,0.364557569216468,0.4866663807063806,-0.703940817853681,0,NONE
2018-11-14,5.4624,False,False,False,0.303398240170286,0.4793217539063108,-0.8083060467869174,0,NONE
2018-11-15,5.3481,False,True,False,0.523121704745165,0.5326848406854824,-0.15013316219318362,1,ONE_MODEL
2018-11-16,5.3318,False,False,False,0.3861432147621819,0.4953708680488553,-1.2172211896508252,0,NONE
2018-11-19,5.3075,False,False,False,0.482679018452728,0.5046775078517272,-0.8689755432963562,0,NONE
2018-11-20,5.3776,False,True,True,0.4064596598406586,0.5195845242482817,8.167214070731177e-05,2,TWO_MODELS
2018-11-21,5.308,False,False,False,0.4628921767024919,0.5155674599597818,-0.4788215720084903,0,NONE
2018-11-22,5.296,False,False,False,0.3471341031018315,0.4831016436306861,-1.704149747774263,0,NONE
2018-11-23,5.2875,False,False,False,0.3492367348514627,0.480552215849409,-1.8222046146458162,0,NONE
2018-11-26,5.2477,False,False,False,0.3664586712925008,0.4900395260613934,-1.3130252645700988,0,NONE
2018-11-27,5.2716,False,False,False,0.2479358215579073,0.4863042305354777,-0.7248722744025873,0,NONE
2018-11-28,5.2219,False,False,False,0.235696942104865,0.4952943342747515,-0.7519281931742423,0,NONE
2018-11-29,5.1631,False,False,False,0.2815067312663949,0.5002783769643494,-0.0004454944617133805,0,NONE
2018-11-30,5.2128,False,False,False,0.3561223976251059,0.4985871123525424,-0.00047700069898759523,0,NONE
2018-12-03,5.2501,False,False,False,0.596869839977614,0.4798599666405696,-0.8156498150017804,0,NONE
2018-12-04,5.3875,False,True,True,0.904663216507492,0.5444533443086201,0.7586176160757923,2,TWO_MODELS
2018-12-05,5.3262,False,False,True,0.8189958275823159,0.5099166566200319,0.02334700941539758,1,ONE_MODEL
2018-12-06,5.3386,False,False,False,0.742493987724756,0.4851460716313188,-0.9272719647964447,0,NONE
2018-12-07,5.3029,False,False,False,0.5892006148079338,0.4784029316863657,-1.0493706998724956,0,NONE
2018-12-10,5.3248,False,False,False,0.6054679104666655,0.4714861425939394,-1.845446857105026,0,NONE
2018-12-11,5.3653,False,False,False,0.3330256282386025,0.4321854005872529,-1.8410638373665957,0,NONE
2018-12-12,5.3482,False,False,False,0.310885975140588,0.4276628209064881,-1.9117059503939053,0,NONE
2018-12-13,5.3392,False,False,False,0.2475898474577548,0.4197250103298788,-2.2914050678023195,0,NONE
2018-12-14,5.3635,False,False,False,0.7947976366560459,0.4398541058289933,-1.1611126950320205,0,NONE
2018-12-17,5.3686,False,False,False,0.742746248689818,0.4303510573550183,-1.2713245513960523,0,NONE
2018-12-18,5.345,False,False,False,0.2965448600568839,0.4212546086367734,-0.9274972724581563,0,NONE
2018-12-19,5.2861,False,False,False,0.2926398546772443,0.4295582583471635,-1.603538790553495,0,NONE
2018-12-20,5.2649,False,False,False,0.2687267794763064,0.4155007283830134,-2.637015435903015,0,NONE
2018-12-21,5.3181,False,False,False,0.3553262958162713,0.4230905781626304,-1.6760341885984236,0,NONE
2018-12-24,5.289,False,False,False,0.3626127553588906,0.4164946727929381,-2.9517636979023134,0,NONE
2018-12-25,5.3101,False,False,False,0.3875538005269263,0.4062304540989983,-3.3137671886788027,0,NONE
2018-12-26,5.2766,False,False,False,0.3351309340081662,0.4112409945472424,-3.669710802407355,0,NONE
2018-12-27,5.285,False,False,False,0.3332092532644694,0.3994800805544463,-4.002637215665411,0,NONE
2018-12-28,5.2725,False,False,False,0.2166827833312224,0.4033046622177484,-3.12132011768794,0,NONE
2018-12-31,5.2887,False,False,False,0.2080702809228565,0.3980293320502835,-2.771891453245468,0,NONE
2019-01-01,5.2933,False,False,False,0.1906029930346219,0.3972992413703831,-2.229436849858324,0,NONE
2019-01-02,5.4003,True,False,False,1.102087415455068,0.4894778364651169,-0.799901974279539,1,ONE_MODEL
2019-01-03,5.4664,True,False,False,1.3844222286465997,0.4616351171499733,-1.9673105054942859,1,ONE_MODEL
2019-01-04,5.3311,True,False,True,1.168456843018966,0.5158710740606417,1.0748758256420716,2,TWO_MODELS
2019-01-07,5.3848,True,False,False,1.43530690366882,0.4716183938961101,-1.1034532703158995,1,ONE_MODEL
2019-01-08,5.4811,True,False,False,1.6842621432340958,0.5043756290203969,-0.6346118664558134,1,ONE_MODEL
2019-01-09,5.4768,False,False,False,0.86650588884714,0.4357899572317069,-2.303513146045537,0,NONE
2019-01-10,5.4168,False,False,False,0.7980172067017397,0.426431947737384,-1.2468593645948793,0,NONE
2019-01-11,5.455,False,False,False,0.591553098871374,0.3999309021614088,-4.479460785659494,0,NONE
2019-01-14,5.4447,False,False,False,0.5101779462092298,0.3776175254677749,-5.424970195420174,0,NONE
2019-01-15,5.4466,False,False,False,0.3078142033330421,0.3608583935876038,-4.805804110846408,0,NONE
2019-01-16,5.3363,False,False,False,0.5063897552230305,0.4279595360254992,-3.1739363112496957,0,NONE
2019-01-17,5.348,False,False,False,0.4900178819531234,0.385996524869008,-3.36342312415165,0,NONE
2019-01-18,5.3283,False,False,False,0.4229601273147526,0.3822135739331145,-3.808085159823385,0,NONE
2019-01-21,5.3247,False,False,False,0.428878368180518,0.3785013196038209,-3.750286652626821,0,NONE
2019-01-22,5.3435,False,False,False,0.4603604711808584,0.3769749060489303,-3.9291024649635062,0,NONE
2019-01-23,5.286,False,False,False,0.2792190274827511,0.3909726160770858,-1.6922979871351504,0,NONE
2019-01-24,5.265,False,False,False,0.2598607809166644,0.3785011581890007,-2.5914280568019805,0,NONE
2019-01-25,5.2688,False,False,False,0.2767606412982729,0.3725940260695653,-2.775111161758643,0,NONE
2019-01-28,5.3279,False,False,False,0.4271363801340578,0.3859328738750917,-2.1253550244030244,0,NONE
2019-01-29,5.3098,False,False,False,0.4224261950977136,0.3755722228799702,-3.2545001318380944,0,NONE
2019-01-30,5.2252,False,False,False,0.4989073530279627,0.4111266175740897,-3.1676246708451856,0,NONE
2019-01-31,5.1645,False,False,False,0.5558154410560555,0.4178952511796592,-2.733148736606596,0,NONE
2019-02-01,5.2084,False,False,False,0.6193989739048186,0.4119029679984125,-2.1370099523243127,0,NONE
2019-02-04,5.2182,False,False,False,0.5118383352244074,0.3985798024552471,-2.7571618383512533,0,NONE
2019-02-05,5.1985,False,False,False,0.5114201737655407,0.3981554867649241,-2.887642442778576,0,NONE
2019-02-06,5.2168,False,False,False,0.3975341656200063,0.3683993467479133,-3.8777407476556416,0,NONE
2019-02-07,5.2668,False,False,False,0.37328273521738,0.3893276416892656,-1.8885845910131316,0,NONE
2019-02-08,5.2474,False,False,False,0.2964350578300985,0.3608643661809987,-3.6220000265384034,0,NONE
2019-02-11,5.2779,False,False,False,0.3136963514253872,0.3692949599575644,-3.6205600521508714,0,NONE
2019-02-12,5.2516,False,False,False,0.3360761061131,0.3668036007045354,-3.359250081887069,0,NONE
2019-02-13,5.285,False,False,False,0.3559360957278291,0.3692506207600288,-3.635526226732777,0,NONE
2019-02-14,5.2729,False,False,False,0.2958157436905813,0.3529026606069418,-4.181544257757432,0,NONE
2019-02-15,5.2714,False,False,False,0.2730487123744822,0.3518612998204415,-4.083891120755155,0,NONE
2019-02-18,5.3083,False,False,False,0.2902218732886976,0.3607021589284025,-3.3517960680604837,0,NONE
2019-02-19,5.2828,False,False,False,0.2872578088117049,0.3592473919270543,-3.3828001285440035,0,NONE
2019-02-20,5.3244,False,False,False,0.3101887559067195,0.3645474177009663,-3.240257514034644,0,NONE
2019-02-21,5.3214,False,False,False,0.3011679918395076,0.3536955624051534,-3.6443200431942113,0,NONE
2019-02-22,5.3186,False,False,False,0.3052101065704451,0.3525467687161397,-3.741802974014279,0,NONE
2019-02-25,5.3026,False,False,False,0.273587404350899,0.354205625168856,-3.450753775011492,0,NONE
2019-02-26,5.3066,False,False,False,0.2514778646369699,0.3491388984689936,-3.5556619537850676,0,NONE
2019-02-27,5.3136,False,False,False,0.1033063765426589,0.3589310881123758,-1.6070566811982605,0,NONE
2019-02-28,5.3371,False,False,False,0.1676840048820835,0.3582719286904562,-2.331826125783845,0,NONE
2019-03-01,5.3742,False,False,False,0.2805786330003108,0.3652793079974576,-2.3232948236648046,0,NONE
2019-03-04,5.3769,False,False,False,0.2711134626261139,0.363207139110726,-1.7941061716650957,0,NONE
2019-03-05,5.387,False,False,False,0.293371768440638,0.363959339535908,-1.9001384151293852,0,NONE
2019-03-06,5.4288,False,False,False,0.420353578661218,0.3849184862009372,-1.1797851353031987,0,NONE
2019-03-07,5.4712,False,False,False,0.489317837660322,0.3901097421055036,-0.7284172388928614,0,NONE
2019-03-08,5.4303,False,False,False,0.522545772072387,0.3806876079755576,-1.67280333148139,0,NONE
2019-03-11,5.4455,False,False,False,0.3819201965066409,0.3527073600059248,-3.7220786368465717,0,NONE
2019-03-12,5.4572,False,False,False,0.3824652694487735,0.3537820322401053,-3.5570705593238934,0,NONE
2019-03-13,5.4564,False,False,False,0.3475030486473477,0.3435295930072298,-3.8187541795880957,0,NONE
2019-03-14,5.4671,False,False,False,0.265580686576136,0.3420103320118657,-3.1779331794424035,0,NONE
2019-03-15,5.4467,False,False,False,0.3255950521422606,0.3613193532240157,-2.122092994689723,0,NONE
2019-03-18,5.4683,False,False,False,0.1864178368281302,0.3466626550282842,-2.859951217349156,0,NONE
2019-03-19,5.4764,False,False,False,0.1829048074259838,0.3424160779470384,-2.9306872209141215,0,NONE
2019-03-20,5.4208,False,False,False,0.745827862710492,0.3889874488980966,-2.010639994744823,0,NONE
2019-03-21,5.4652,False,False,False,0.4435361965024912,0.3591376032545517,-2.797666527831627,0,NONE
2019-03-22,5.7627,True,True,True,2.750186108907983,0.5927110296676101,0.7929345887725061,3,ALL_THREE
2019-03-25,5.5503,True,True,True,1.4238060700610546,0.568044031286616,0.7479612320161664,3,ALL_THREE
2019-03-26,5.3279,True,True,True,1.50619721855356,0.6131419884403608,0.4560520187156136,3,ALL_THREE
2019-03-27,5.3278,True,True,True,1.5356779210897462,0.5728974272132709,0.1215920546562348,3,ALL_THREE
2019-03-28,5.561,True,True,True,1.6071903525155484,0.6047042338305799,2.7338322493942284,3,ALL_THREE
2019-03-29,5.5555,True,True,True,1.281921299582808,0.5271179870592014,6.0418992831046126e-05,3,ALL_THREE
2019-04-01,5.4863,True,False,False,1.1330373819391188,0.4950697950077855,-1.545219982509055,1,ONE_MODEL
2019-04-02,5.605,False,False,False,0.961701979974668,0.5073395205560749,-1.343024048988605,0,NONE
2019-04-03,5.626,True,False,False,1.03493154250612,0.4917071577596147,-1.91154650390785,1,ONE_MODEL
2019-04-04,5.5925,False,False,False,0.4821751482269813,0.4113298439834076,-4.256151029363208,0,NONE
2019-04-05,5.6262,False,False,False,0.4855926201156963,0.4126673647457154,-4.5659612121433,0,NONE
2019-04-08,5.6903,False,False,False,0.708001457650056,0.4370109445272186,-2.777752860123675,0,NONE
2019-04-09,5.6943,False,False,False,0.309924167490932,0.4033122909826966,-3.202168597879698,0,NONE
2019-04-10,5.6818,False,False,False,0.2596668890122025,0.3955138927941594,-3.3880607695898153,0,NONE
2019-04-11,5.7388,False,False,False,0.5077481041872759,0.4254093702984105,-1.484600857026967,0,NONE
2019-04-12,5.7693,False,False,False,0.4737362694570239,0.4186737845052137,-1.5685875658052062,0,NONE
2019-04-15,5.8041,False,False,False,0.251271105558158,0.4155356002423865,-1.5063982707520065,0,NONE
2019-04-16,5.7703,False,False,False,0.244769381733574,0.4019086831493139,-2.062709015555047,0,NONE
2019-04-17,5.7387,False,False,False,0.2740028958346178,0.400275829807218,-2.989708478476633,0,NONE
2019-04-18,5.8018,False,False,False,0.2836263445678275,0.4025296821218856,-2.246909894737417,0,NONE
2019-04-19,5.8112,False,False,False,0.2759529884264217,0.3830387116688619,-3.2890390285143436,0,NONE
2019-04-22,5.8272,False,False,False,0.2629351267338402,0.3759704162929962,-3.296891249810024,0,NONE
2019-04-23,5.8287,False,False,False,0.2254042835237538,0.3681920388133689,-3.804903766980388,0,NONE
2019-04-24,5.8753,False,False,False,0.225357936631002,0.3907782165646457,-2.408564542121793,0,NONE
2019-04-25,5.9268,False,False,False,0.2191377461576425,0.3833117194011577,-1.5365893324387443,0,NONE
2019-04-26,5.9382,False,False,False,0.1481626842461456,0.3742187651189464,-1.9490595186292357,0,NONE
2019-04-29,5.9483,False,False,False,0.1534641614438767,0.3719443469120817,-1.9095086188904702,0,NONE
2019-04-30,5.9656,False,False,False,0.1340750129351122,0.3768719701668436,-1.2028159028323415,0,NONE
2019-05-01,5.9665,False,False,False,0.1399278968206591,0.3715150638840423,-1.432726385555684,0,NONE
2019-05-02,5.9645,False,False,False,0.1531711552334541,0.3793450513618165,-0.9283365364139904,0,NONE
2019-05-03,5.9648,False,False,False,0.1588123435113366,0.3796856528317405,-1.0312312971283166,0,NONE
2019-05-06,6.0803,False,False,False,0.8180539183261872,0.4250662045365366,-0.031422532859759045,0,NONE
2019-05-07,6.1511,False,False,False,0.3487328413263262,0.4016199773997161,-1.3399388225467082,0,NONE
2019-05-08,6.186,False,False,False,0.3213187970254008,0.3930716975049035,-1.6278368556308198,0,NONE
2019-05-09,6.1926,False,False,False,0.3100235333091128,0.3936633909503023,-1.2357760734875054,0,NONE
2019-05-10,5.9851,True,True,True,1.576247125878589,0.5315740412969179,0.028249012197381518,3,ALL_THREE
2019-05-13,6.0594,False,False,False,0.6873948505374463,0.4421731142191568,-1.2298506009933519,0,NONE
2019-05-14,6.0306,False,False,False,0.6420026877072104,0.4295288761301828,-2.5843716027651684,0,NONE
2019-05-15,6.0007,False,False,False,0.619771985918674,0.4422717833304041,-2.599891520178648,0,NONE
2019-05-16,6.0457,False,False,False,0.6438754914703624,0.4321872416078039,-1.647248006192811,0,NONE
2019-05-17,6.055,False,False,False,0.2752936860289585,0.3745970558407975,-4.631588020010581,0,NONE
2019-05-20,6.0272,False,False,False,0.1987641281593908,0.3820163611861568,-3.2240802964169752,0,NONE
2019-05-21,6.0525,False,False,False,0.1969872498415102,0.3700398306675156,-4.018246114171314,0,NONE
2019-05-22,6.1002,False,False,False,0.32135129024965,0.3879470159296035,-3.050093148642576,0,NONE
2019-05-23,6.0964,False,False,False,0.1704029827173634,0.3693918547493322,-3.8324644171992297,0,NONE
2019-05-24,6.0825,False,False,False,0.1821585737011919,0.3693205108337244,-3.8627633027450763,0,NONE
2019-05-27,6.0629,False,False,False,0.1694295803956887,0.3719458491594015,-3.2873776230261953,0,NONE
2019-05-28,6.0319,False,False,False,0.1813445104340742,0.3809504741657002,-3.0564032392400406,0,NONE
2019-05-29,6.0121,False,False,False,0.284533152472304,0.4068898776719506,-0.3959353902224674,0,NONE
2019-05-30,5.8772,False,False,False,0.707941736911798,0.4811552023562631,-0.6500404557500801,0,NONE
2019-05-31,5.8382,False,False,False,0.789006233246132,0.4573781056222696,-1.3451071031456205,0,NONE
2019-06-03,5.8339,False,False,False,0.7395924167554819,0.4452541520681324,-1.6189263453233842,0,NONE
2019-06-04,5.7824,False,False,False,0.8058004715305379,0.4637942298986855,-1.5180114292274602,0,NONE
2019-06-05,5.731,False,False,False,0.907857765720376,0.4804059944836097,-1.1728689484268493,0,NONE
2019-06-06,5.7801,False,False,False,0.313600103349156,0.4275886370342843,-1.2147599831021019,0,NONE
2019-06-07,5.831,False,False,False,0.3047538032295305,0.3980607591924844,-2.924986728100661,0,NONE
2019-06-10,5.7747,False,False,False,0.3374066151746591,0.4132912350414965,-3.308698617870741,0,NONE
2019-06-11,5.7976,False,False,False,0.3173328187994366,0.3949095142529438,-3.659283460028213,0,NONE
2019-06-12,5.808,False,False,False,0.2615373554207693,0.3980491731376497,-2.9394957190948894,0,NONE
2019-06-13,5.8682,False,False,False,0.3881094788081408,0.4034912100360254,-2.3853055719123013,0,NONE
2019-06-14,5.9015,False,False,False,0.2950642751521403,0.3783096897268391,-3.906675873590885,0,NONE
2019-06-17,5.8733,False,False,False,0.318444595161968,0.3817819924057074,-2.1768373252369084,0,NONE
2019-06-18,5.8284,False,False,False,0.354569351706876,0.3765059377837744,-3.46381595471105,0,NONE
2019-06-19,5.7914,False,False,False,0.3849906743943911,0.3821750256601739,-3.782584793323304,0,NONE
2019-06-20,5.7644,False,False,False,0.3352388334463719,0.3911940266923999,-1.6912071521236811,0,NONE
2019-06-21,5.8214,False,False,False,0.4065961318213239,0.4038741943598431,-0.6736100731237755,0,NONE
2019-06-24,5.809,False,False,False,0.4003237724822132,0.378396974892959,-2.721209962718488,0,NONE
2019-06-25,5.7949,False,False,False,0.3812277696128637,0.3745359179172979,-3.0320616683553503,0,NONE
2019-06-26,5.7749,False,False,False,0.3526052182294085,0.3767705209355431,-3.0817665390158755,0,NONE
2019-06-27,5.7725,False,False,False,0.3275246943565456,0.3686742049441603,-3.1759728178159623,0,NONE
2019-06-28,5.7921,False,False,False,0.1614884075241523,0.3847796372532589,-0.7785754196903003,0,NONE
2019-07-01,5.6507,False,False,True,0.9078066739346928,0.5010423226478595,0.15958773263641923,1,ONE_MODEL
2019-07-02,5.6528,False,False,False,0.63420399007807,0.4372361973924318,-1.016960934242423,0,NONE
2019-07-03,5.6249,False,False,False,0.631280889819204,0.4402045767172758,-1.181900536857297,0,NONE
2019-07-04,5.5953,False,False,False,0.618977938551212,0.4540663661882689,-0.9034363643881473,0,NONE
2019-07-05,5.6288,False,False,False,0.653616856388341,0.4505853532258845,-0.00024872583317403496,0,NONE
2019-07-08,5.7367,False,False,False,0.6714795366248382,0.4381619240083578,-1.097525433927613,0,NONE
2019-07-09,5.7322,False,False,False,0.5633029101250397,0.3908409256792461,-3.1390369884578924,0,NONE
2019-07-10,5.6741,False,False,False,0.6242651541004879,0.4135627729466311,-2.019789697985445,0,NONE
2019-07-11,5.6734,False,False,False,0.6002720478882034,0.4012171493031997,-2.4926092707380647,0,NONE
2019-07-12,5.72,False,False,False,0.6074325478656832,0.4093677288971813,-2.402797142847753,0,NONE
2019-07-15,5.7148,False,False,False,0.3587766863593173,0.3716364705721242,-3.6890253458603794,0,NONE
2019-07-16,5.7118,False,False,False,0.3588227919737781,0.370359104208479,-3.7489204305482033,0,NONE
2019-07-17,5.6842,False,False,False,0.2651714912864939,0.3736397066004897,-3.1044072408454184,0,NONE
2019-07-18,5.6181,False,False,False,0.3994236985182161,0.4070615081551609,-2.6027217872601494,0,NONE
2019-07-19,5.6551,False,False,False,0.3668024343960143,0.3923110996995259,-1.8073650292324768,0,NONE
2019-07-22,5.677,False,False,False,0.3971393217977139,0.3786999000320286,-3.1110678438536077,0,NONE
2019-07-23,5.7178,False,False,False,0.448050239748631,0.3817057120342879,-3.639991026357974,0,NONE
2019-07-24,5.7085,False,False,False,0.427290795380216,0.3701566873917085,-4.586687342192992,0,NONE
2019-07-25,5.7027,False,False,False,0.2732293382424179,0.3798462796429104,-2.5032956861557594,0,NONE
2019-07-26,5.6718,False,False,False,0.2700415122429647,0.3757048026090718,-3.2968783609350076,0,NONE
2019-07-29,5.6148,False,False,False,0.3595939039844548,0.3951482680007102,-2.5889769736103787,0,NONE
2019-07-30,5.5597,False,False,False,0.510609437070052,0.4359552544570474,-0.5381038949072536,0,NONE
2019-07-31,5.5864,False,False,False,0.394341633562636,0.4082412599848194,-0.9235711263077082,0,NONE
2019-08-01,5.6039,False,False,False,0.4034667722658601,0.3816485242389317,-3.07040272873423,0,NONE
2019-08-02,5.5597,False,False,False,0.4728043011275259,0.4005330987314575,-2.883914624029364,0,NONE
2019-08-05,5.5715,False,False,False,0.4501873309118938,0.3793220209647054,-2.666215810996592,0,NONE
2019-08-06,5.5209,False,False,False,0.4325987542770967,0.4066075136140766,-1.96952219865093,0,NONE
2019-08-07,5.4938,False,False,False,0.3724119469602266,0.3979270312595325,-2.2948349045399485,0,NONE
2019-08-08,5.4782,False,False,False,0.4121176354873619,0.4139339429842769,-0.5279295286669168,0,NONE
2019-08-09,5.4917,False,False,False,0.3249459683159147,0.4001375950121291,-0.8082615034005052,0,NONE
2019-08-12,5.564,False,False,False,0.6546290117706522,0.4175237616508382,-0.9944853510789944,0,NONE
2019-08-13,5.5629,False,False,False,0.4587702035913616,0.3728179612089197,-3.4303575618932065,0,NONE
2019-08-14,5.6128,False,False,False,0.4280367856643422,0.4000484234898037,-2.1503002367116704,0,NONE
2019-08-15,5.568,False,False,False,0.5282245792686034,0.40072413401634,-1.644250808966488,0,NONE
2019-08-16,5.5785,False,False,False,0.5286436481736895,0.3903799952919639,-2.7364438107130713,0,NONE
2019-08-19,5.6609,False,False,False,0.5838357090057523,0.4214492517818874,-2.281558214628779,0,NONE
2019-08-20,5.729,False,False,False,0.8198141518175379,0.4236843811211344,-2.2470439233673343,0,NONE
2019-08-21,5.7162,False,False,False,0.958534133196848,0.4062222581472171,-1.7546599168998753,0,NONE
2019-08-22,5.7688,True,False,False,1.242022420473882,0.4356717742286302,-1.3570991212226602,1,ONE_MODEL
2019-08-23,5.7599,True,False,False,1.118037191981548,0.4198618136676411,-0.9286802322270358,1,ONE_MODEL
2019-08-26,5.8252,False,False,False,0.971548166595646,0.4184788269275112,-1.3513843777358954,0,NONE
2019-08-27,5.8275,False,False,False,0.6909837366118319,0.3835596492014734,-1.5543137238912497,0,NONE
2019-08-28,5.8134,False,False,False,0.4140761059080146,0.3697016096614434,-2.112580638344701,0,NONE
2019-08-29,5.84,False,False,False,0.3675808715443073,0.3621571229825234,-2.8629632633743487,0,NONE
2019-08-30,5.8306,False,False,False,0.3722654653550371,0.3610539843492547,-2.674070611866048,0,NONE
2019-09-02,5.8068,False,False,False,0.2301242283288786,0.3628899179426402,-1.7898000777389065,0,NONE
2019-09-03,5.7293,False,False,False,0.536498640198184,0.3976108528369754,-1.9507279319370685,0,NONE
2019-09-04,5.667,False,False,False,0.496145047869184,0.4033368762954248,-2.4653895513667123,0,NONE
2019-09-05,5.6917,False,False,False,0.5025840887909859,0.3876047395454383,-1.82303968717342,0,NONE
2019-09-06,5.7155,False,False,False,0.5358013847620351,0.3710885813966639,-2.7932530785739242,0,NONE
2019-09-09,5.75,False,False,False,0.6070900447630816,0.3607083333343364,-3.3764139561764583,0,NONE
2019-09-10,5.7683,False,False,False,0.4517740434950504,0.3534830934644848,-4.049115243582005,0,NONE
2019-09-11,5.7515,False,False,False,0.491631016725492,0.3688757045874641,-1.4495103995234881,0,NONE
2019-09-12,5.6566,False,False,False,0.5957963332815602,0.4011833005060476,-1.878375476116826,0,NONE
2019-09-13,5.6861,False,False,False,0.597783919422114,0.366298760645369,-3.2977404398778507,0,NONE
2019-09-16,5.729,False,False,False,0.6122791554790349,0.366948573062332,-3.236930592111749,0,NONE
2019-09-17,5.7016,False,False,False,0.6018649025392225,0.3724617767038931,-3.630337985841358,0,NONE
2019-09-18,5.6768,False,False,False,0.6041910153567859,0.3771234031813205,-3.4408485504141932,0,NONE
2019-09-19,5.7187,False,False,False,0.3921427855221061,0.36390630212115,-3.112482668916524,0,NONE
2019-09-20,5.7439,False,False,False,0.3862233981077955,0.3531870023136052,-4.009143007182901,0,NONE
2019-09-23,5.7174,False,False,False,0.3976908940481592,0.3505404732887498,-4.409947866298346,0,NONE
2019-09-24,5.6973,False,False,False,0.3822282942480279,0.3485684635119491,-4.4932554497934,0,NONE
2019-09-25,5.6706,False,False,False,0.3867804428637587,0.3511771789584513,-4.287454061906681,0,NONE
2019-09-26,5.6655,False,False,False,0.2613565081130944,0.3563300757670233,-2.7436342012377573,0,NONE
2019-09-27,5.6708,False,False,False,0.2503424657534239,0.368891454701832,-1.1995598923640127,0,NONE
2019-09-30,5.6489,False,False,False,0.234589041095888,0.3748606356157783,-1.402005167763818,0,NONE
2019-10-01,5.7231,False,False,False,0.5276856478548201,0.3738676819973062,-3.129060210937082,0,NONE
2019-10-02,5.702,False,False,False,0.5035534857186694,0.3516720683914714,-4.375447220617421,0,NONE
2019-10-03,5.6947,False,False,False,0.5055108741805705,0.3485461006050667,-4.5856134504168935,0,NONE
2019-10-04,5.6962,False,False,False,0.512211679908193,0.3489258345328254,-4.6170090633982195,0,NONE
2019-10-07,5.8328,False,False,False,0.9375057607385822,0.4591513245577845,-0.6925951586602004,0,NONE
2019-10-08,5.8311,False,False,False,0.7546106655421154,0.3830515484490354,-1.8959820458283616,0,NONE
2019-10-09,5.8712,False,False,False,0.7013682511938996,0.3925118418970684,-1.9224671443023755,0,NONE
2019-10-10,5.8365,False,False,False,0.7763628829425657,0.3966623963182725,-1.1818773238830893,0,NONE
2019-10-11,5.8853,False,False,False,0.755906988916847,0.3991554142391486,-1.686656917897018,0,NONE
2019-10-14,5.9271,False,False,False,0.409105794311471,0.3590119300868061,-2.4021286356725398,0,NONE
2019-10-15,5.9165,False,False,False,0.4278792146804283,0.3527638444475824,-2.51489734705871,0,NONE
2019-10-16,5.887,False,False,False,0.450239152263288,0.3601848202785172,-2.5662993394262354,0,NONE
2019-10-17,5.8299,False,False,False,0.5119972067569704,0.3742276645073734,-3.0778641665127413,0,NONE
2019-10-18,5.7919,False,False,False,0.45620961347033,0.3785394078175044,-2.3367172184115343,0,NONE
2019-10-21,5.8582,False,False,False,0.5379030708407906,0.3777866250718468,-0.9644187713195489,0,NONE
2019-10-22,5.8084,False,False,False,0.5683695524605331,0.3860459274540843,-2.7088231547304833,0,NONE
2019-10-23,5.7351,False,False,False,0.6149333289445766,0.4149597804898047,-2.4524870432781576,0,NONE
2019-10-24,5.7647,False,False,False,0.6482294402944146,0.3773509681713873,-3.128398429476798,0,NONE
2019-10-25,5.7748,False,False,False,0.6412204580129337,0.3619890668040719,-4.493996183542457,0,NONE
2019-10-28,5.7312,False,False,False,0.4806643367549892,0.3910459221825526,-2.831357410983456,0,NONE
2019-10-29,5.7373,False,False,False,0.4802839868434614,0.3661478842247462,-3.545259636813819,0,NONE
2019-10-30,5.702,False,False,False,0.3547924339167964,0.367676992649608,-3.46642104643162,0,NONE
2019-10-31,5.713,False,False,False,0.3031935016519025,0.3644007742579758,-2.6865460738589952,0,NONE
2019-11-01,5.7124,False,False,False,0.284531915983925,0.3650660120626965,-2.6042184133995754,0,NONE
2019-11-04,5.7387,False,False,False,0.2650871802601567,0.3525218041387798,-3.2385565479327063,0,NONE
2019-11-05,5.7533,False,False,False,0.2733848115696071,0.3482089492554099,-3.8566499264536347,0,NONE
2019-11-06,5.7508,False,False,False,0.1646673752762699,0.3552005050497212,-2.253504623366924,0,NONE
2019-11-07,5.7522,False,False,False,0.146250255920687,0.3516820342040621,-2.608504053818624,0,NONE
2019-11-08,5.7668,False,False,False,0.183563631455518,0.359316730126669,-2.3384652724359167,0,NONE
2019-11-11,5.7733,False,False,False,0.116751868536046,0.3559287535179992,-2.3192235269035297,0,NONE
2019-11-12,5.7776,False,False,False,0.0867101018590485,0.3550111920300371,-2.241449284480348,0,NONE
2019-11-13,5.7403,False,False,False,0.2508005276956507,0.3588925979743535,-3.1284051267565793,0,NONE
2019-11-14,5.7477,False,False,False,0.2599096381023075,0.3476876068813203,-3.580886427269075,0,NONE
2019-11-15,5.7453,False,False,False,0.2364471123499001,0.3478992083424101,-3.1735848617770763,0,NONE
2019-11-18,5.7369,False,False,False,0.2294948688756972,0.3531064016085933,-2.584276706951613,0,NONE
2019-11-19,5.699,False,False,False,0.2957635907723802,0.3832499406899701,-1.6038244837160462,0,NONE
2019-11-20,5.6997,False,False,False,0.226081029941823,0.3605047025819136,-1.843064363601112,0,NONE
2019-11-21,5.6966,False,False,False,0.2041313251624323,0.3671124868981978,-1.4967063804759757,0,NONE
2019-11-22,5.7132,False,False,False,0.2570482543067044,0.3621782167432679,-1.5070416079601028,0,NONE
2019-11-25,5.7416,False,False,False,0.3966876965819532,0.3588199073232765,-2.384267446386218,0,NONE
2019-11-26,5.7597,False,False,False,0.2346391634911032,0.3673168922770211,-1.582192783943615,0,NONE
2019-11-27,5.7779,False,False,False,0.2638727202173059,0.3715259175467931,-1.118389110999324,0,NONE
2019-11-28,5.7585,False,False,False,0.3325809826711217,0.3720359604130863,-1.2021610688832691,0,NONE
2019-11-29,5.747,False,False,False,0.2841174439955742,0.3533775173274379,-2.6821647063091074,0,NONE
2019-12-02,5.7415,False,False,False,0.2364931983587674,0.350035525714252,-2.8849269178480377,0,NONE
2019-12-03,5.7431,False,False,False,0.1956004448107936,0.3526304319246298,-2.225930226548977,0,NONE
2019-12-04,5.7508,False,False,False,0.1459331853525466,0.3620089238570105,-1.3003834673767862,0,NONE
2019-12-05,5.7485,False,False,False,0.1058335736332448,0.3575366010898904,-1.6288397018302572,0,NONE
2019-12-06,5.7766,False,False,False,0.4118570871337738,0.3619983720761698,-1.6186325414216842,0,NONE
2019-12-09,5.8113,False,False,False,0.4721762967782964,0.3737412473481478,-1.5749019915636548,0,NONE
2019-12-10,5.8057,False,False,False,0.2663246966611708,0.3559858089372159,-2.293099758018883,0,NONE
2019-12-11,5.8074,False,False,False,0.2766015850474677,0.3504883172242359,-2.7192814312974214,0,NONE
2019-12-12,5.7914,False,False,False,0.3273235727774881,0.3563427424934857,-2.636194707470901,0,NONE
2019-12-13,5.8082,False,False,False,0.2971981701457367,0.3466662925598018,-3.217740363180841,0,NONE
2019-12-16,5.8498,False,False,False,0.5250269644016256,0.3606064885033344,-2.3544416962288626,0,NONE
2019-12-17,5.886,False,False,False,0.3788716019148112,0.3654176202738654,-2.1897460190378926,0,NONE
2019-12-18,5.9261,False,False,False,0.415191173507946,0.3785101525700868,-1.2868306479259655,0,NONE
2019-12-19,5.9417,False,False,False,0.45789677920062,0.3806081110292683,7.554487776673113e-06,0,NONE
2019-12-20,5.94,False,False,False,0.395485742625118,0.3737214496058911,-0.2525462122070934,0,NONE
2019-12-23,5.9486,False,False,False,0.2629177600444946,0.3594227715187467,-1.439124268782919,0,NONE
2019-12-24,5.9468,False,False,False,0.2622444730660503,0.3473073323018845,-1.8528635836127645,0,NONE
2019-12-25,5.935,False,False,False,0.2773026186794075,0.351354643227356,-1.3334452962957855,0,NONE
2019-12-26,5.9335,False,False,False,0.1208937421928473,0.3473229614921035,-1.3371279521566546,0,NONE
2019-12-27,5.9502,False,False,False,0.164922116021485,0.3436899377070747,-1.8657396163284616,0,NONE
2019-12-30,5.9479,False,False,False,0.1868921890431473,0.3431784221838012,-1.789230171499371,0,NONE
2019-12-31,5.9489,False,False,False,0.1862523937016794,0.3403921527080066,-1.9599869720584095,0,NONE
2020-01-01,5.9466,False,False,False,0.1779189979921585,0.3427547426254403,-1.6649949777004664,0,NONE
2020-01-02,5.9566,False,False,False,0.1570004783434704,0.3402726701093864,-1.8934737028884854,0,NONE
2020-01-03,5.9723,False,False,False,0.1538410141989714,0.3443938467707486,-1.69900294322324,0,NONE
2020-01-06,5.969,False,False,False,0.1889679167180993,0.3423187154194861,-1.5687101661966505,0,NONE
2020-01-07,5.9727,False,False,False,0.1581305114021741,0.3402376231758827,-1.7458984864534575,0,NONE
2020-01-08,5.9091,True,False,False,1.097925955545607,0.426878045093184,-1.1933118620057765,1,ONE_MODEL
2020-01-09,5.8739,False,False,False,0.6217262647424145,0.3938880162074022,-1.5918011471177334,0,NONE
2020-01-10,5.8777,False,False,False,0.5829411660983508,0.3792216963900445,-1.2020271317469078,0,NONE
2020-01-13,5.8671,False,False,False,0.602820044088018,0.3860225009011619,-1.2177349562288846,0,NONE
2020-01-14,5.8819,False,False,False,0.683831595797329,0.3911530648092545,-0.5644571069468967,0,NONE
2020-01-15,5.8758,False,False,False,0.4536489023257682,0.3607339618138587,-2.2562303089686306,0,NONE
2020-01-16,5.8597,False,False,False,0.3015805534702839,0.3634467538799362,-1.9924118516447837,0,NONE
2020-01-17,5.8908,False,False,False,0.4831843166812053,0.3650046421372017,-1.7722363473450926,0,NONE
2020-01-20,5.9132,False,False,False,0.4959120237144396,0.3561618698084035,-2.2087481746972166,0,NONE
2020-01-21,5.9376,False,False,False,0.5184131049379712,0.3582543073352945,-2.2936338228798796,0,NONE
2020-01-22,5.9222,False,False,False,0.5878003413086867,0.3525641680522912,-2.16850547393941,0,NONE
2020-01-23,5.9344,False,False,False,0.464444947858131,0.3565128468792122,-2.012485145446904,0,NONE
2020-01-24,5.9391,False,False,False,0.4087198753140161,0.3430236179857529,-2.5301176811755415,0,NONE
2020-01-27,5.944,False,False,False,0.3711125570235326,0.3399610130832267,-2.743467838320612,0,NONE
2020-01-28,5.9403,False,False,False,0.2703713328944124,0.3403621395162501,-2.49769301073907,0,NONE
2020-01-29,5.9567,False,False,False,0.1978069729780899,0.3489590254606647,-1.4859309892816253,0,NONE
2020-01-30,5.9725,False,False,False,0.2157975041630815,0.3486328152101514,-1.4667119711372756,0,NONE
2020-01-31,5.9822,False,False,False,0.2127522915211736,0.3457495394300561,-1.5308157668024993,0,NONE
2020-02-03,5.9844,False,False,False,0.2225151393540456,0.3436447247769709,-1.6105989164264756,0,NONE
2020-02-04,5.9801,False,False,False,0.2271646554038085,0.3436246035431797,-1.534635894927792,0,NONE
2020-02-05,5.9827,False,False,False,0.2042497787497395,0.3413086202936836,-1.5014557111455513,0,NONE
2020-02-06,5.9874,False,False,False,0.1331840452557278,0.3439246316921029,-0.9837854551775447,0,NONE
2020-02-07,6.0153,False,False,False,0.4220484069069426,0.3500072744781221,-1.262549032739015,0,NONE
2020-02-10,6.0108,False,False,False,0.3467147379969597,0.3428476606959987,-1.965025292094932,0,NONE
2020-02-11,6.0163,False,False,False,0.3340145780695308,0.336849209582319,-2.1257910589761018,0,NONE
2020-02-12,6.042,False,False,False,0.384649569202608,0.3469405871000335,-1.7780039173044404,0,NONE
2020-02-13,6.0405,False,False,False,0.4124125870453212,0.3411495080472501,-2.0578977595975925,0,NONE
2020-02-14,6.0505,False,False,False,0.3220491351750009,0.3359957077948322,-2.1274018200048026,0,NONE
2020-02-17,6.0449,False,False,False,0.3332017347772569,0.3419614331532876,-1.7735548307524862,0,NONE
2020-02-18,6.0642,False,False,False,0.3639230991054694,0.3414064336509749,-1.9593628006779493,0,NONE
2020-02-19,6.0823,False,False,False,0.3076117133053004,0.3411516225466623,-1.6875052856020822,0,NONE
2020-02-20,6.1004,False,False,False,0.2898952075883198,0.3433058293596497,-1.5223374697048424,0,NONE
2020-02-21,6.0964,False,False,False,0.3546426633329903,0.3447710145569456,-1.5940673168161918,0,NONE
2020-02-24,6.1177,False,False,False,0.3100790228612693,0.3466396928779455,-1.378143022860952,0,NONE
2020-02-25,6.1441,False,False,False,0.3940061702344625,0.3517790442889489,-1.1848343112319775,0,NONE
2020-02-26,6.159,False,False,False,0.3159362101470445,0.3447092326254598,-1.6190127219532187,0,NONE
2020-02-27,6.2078,False,False,False,0.843060443660788,0.3874950180516004,-0.8095900660593482,0,NONE
2020-02-28,6.2427,False,False,False,0.3976744029594324,0.3693654873878547,-0.5926162818235596,0,NONE
2020-03-02,6.1743,True,False,True,1.3323490152138238,0.4598131932744504,0.11399357980915248,2,TWO_MODELS
2020-03-03,6.107,True,False,False,1.205796048511531,0.4582824557008902,-0.6752666703066819,1,ONE_MODEL
2020-03-04,6.0773,True,False,False,1.1656237864916963,0.4361199762301571,-0.7577827999876057,1,ONE_MODEL
2020-03-05,6.1105,True,False,True,1.0718006893218623,0.4223446597433299,0.00014508962724413266,2,TWO_MODELS
2020-03-06,6.0919,False,False,False,0.87004496475618,0.4134764633300932,-0.975111642271715,0,NONE
2020-03-09,6.1442,True,False,False,1.0057700082896246,0.4011776305062592,-1.2421100027267755,1,ONE_MODEL
2020-03-10,6.1575,False,False,False,0.7277069261614314,0.3591152764363136,-3.039720428592375,0,NONE
2020-03-11,6.2091,False,False,False,0.6205855263675155,0.3827333899402466,-1.8100266695538565,0,NONE
2020-03-12,6.3159,False,False,False,0.855100430780975,0.4285742205820668,-1.0300466219318984,0,NONE
2020-03-13,6.3321,False,False,False,0.6837338923151648,0.3928609998824796,-0.9718365504652517,0,NONE
2020-03-16,6.4315,False,False,False,0.7314148145775654,0.4213345534355985,-1.3013492319830178,0,NONE
2020-03-17,6.3974,False,False,False,0.952756245420448,0.4075507135544101,-0.7009817507266725,0,NONE
2020-03-18,6.4752,False,False,False,0.940605162835415,0.4099580729033395,-1.8590063623241715,0,NONE
2020-03-19,6.5439,False,False,False,0.8104798210135324,0.3964986269609514,-1.813973675933978,0,NONE
2020-03-20,6.5525,False,False,False,0.8286149544849742,0.3905265157561025,-1.766991752999557,0,NONE
2020-03-23,6.5617,False,False,False,0.6966474441091587,0.3762816013614358,-2.3450328457898593,0,NONE
2020-03-24,6.4203,True,False,False,1.120751022794922,0.4642559791937735,-1.083502474325421,1,ONE_MODEL
2020-03-25,6.417,False,False,False,0.9895485685766766,0.4131486220758964,-1.579206873424111,0,NONE
2020-03-26,6.3979,False,False,False,0.8051148384841768,0.4067374360882501,-1.5318782929686154,0,NONE
2020-03-27,6.455,False,False,False,0.9252707492850686,0.4110630864572126,-0.4322240569319984,0,NONE
2020-03-30,6.5773,True,False,False,1.157577964144785,0.4424122884620972,-0.35803503335584175,1,ONE_MODEL
2020-03-31,6.6143,False,False,False,0.6617978495730052,0.3872512316876539,-2.235207154483975,0,NONE
2020-04-01,6.703,False,False,False,0.63531740421717,0.4168574838960577,-1.6463308584510639,0,NONE
2020-04-02,6.6153,False,False,False,0.9064378518261412,0.4283202011268192,-0.36100219718825954,0,NONE
2020-04-03,6.731,False,False,False,0.93668681108081,0.4393971632588527,-1.5993242162618841,0,NONE
2020-04-06,6.7815,False,False,False,0.838611820605954,0.3964388085159564,-2.319609895858914,0,NONE
2020-04-07,6.754,False,False,False,0.8949698678431648,0.4025143201133542,-2.0835552672789106,0,NONE
2020-04-08,6.7737,False,False,False,0.820430215959969,0.3848315032298882,-2.6030377614977045,0,NONE
2020-04-09,6.6746,False,False,False,0.8213905935041546,0.4115796875560678,-2.2597034811748404,0,NONE
2020-04-10,6.7001,False,False,False,0.5950776172719396,0.3770119022288155,-2.2926590392938078,0,NONE
2020-04-13,6.7721,False,False,False,0.6462903383930712,0.3811256215201326,-1.679768604740234,0,NONE
2020-04-14,6.8155,False,False,False,0.651703622883044,0.3750858756605463,-2.994549712828597,0,NONE
2020-04-15,6.9118,False,False,False,0.7393477070111228,0.4011621748726593,-2.461306256706985,0,NONE
2020-04-16,6.9397,False,False,False,0.315269483152694,0.3961706020733443,-1.378379926756482,0,NONE
2020-04-17,6.9317,False,False,False,0.3905669914493255,0.3824678893322994,-1.8130126804571205,0,NONE
2020-04-20,6.9402,False,False,False,0.3878597274227185,0.3688771503316307,-2.8274780536968276,0,NONE
2020-04-21,6.9812,False,False,False,0.3860786614327682,0.3692557649606046,-2.5139604837321787,0,NONE
2020-04-22,6.9787,False,False,False,0.1962038618440981,0.3646554667730967,-1.8811388384176002,0,NONE
2020-04-23,6.9462,False,False,False,0.2517919510053525,0.3751108986399838,-1.6219297119063132,0,NONE
2020-04-24,6.9742,False,False,False,0.2672623041876131,0.3578708140167873,-2.671548502514682,0,NONE
2020-04-27,6.9861,False,False,False,0.2677854768896167,0.3557119572163931,-2.769839215733228,0,NONE
2020-04-28,6.9868,False,False,False,0.209110958097932,0.3584065614096284,-2.29106124947692,0,NONE
2020-04-29,6.952,False,False,False,0.2572708685362639,0.3709750478171538,-1.7928677633136925,0,NONE
2020-04-30,6.9864,False,False,False,0.25501227177579,0.3573193781569955,-2.5190630434360823,0,NONE
2020-05-01,7.012,False,False,False,0.250964087914918,0.352226362238026,-2.6966870662674047,0,NONE
2020-05-04,7.043,False,False,False,0.270024724876543,0.3532592039388809,-2.702611161241233,0,NONE
2020-05-05,7.0746,False,False,False,0.2738487901560782,0.3547672486847269,-2.6224851296866465,0,NONE
2020-05-06,7.1968,False,False,False,0.623470914395404,0.4092448516320768,-0.9623419521761409,0,NONE
2020-05-07,7.1195,False,False,False,0.6125674792283563,0.4031952959854938,-1.130737964184112,0,NONE
2020-05-08,7.084,False,False,False,0.6545311122107683,0.3896470649809595,-2.263381264394747,0,NONE
2020-05-11,7.0762,False,False,False,0.653461305203602,0.3781234417734777,-2.6358723928052186,0,NONE
2020-05-12,6.9971,False,False,False,0.6965128022991388,0.4261339373842857,-2.185663939744863,0,NONE
2020-05-13,6.9748,False,False,False,0.6169408626056,0.4095693622370219,-0.297811473327835,0,NONE
2020-05-14,6.922,False,False,True,0.5488550466874179,0.4201953307593623,0.00010666960350569354,1,ONE_MODEL
2020-05-15,6.9012,False,False,False,0.508003557136504,0.4007770214757043,-0.42257754377311585,0,NONE
2020-05-18,6.8851,False,False,False,0.531069364161848,0.4053157015342355,-0.19580150379836958,0,NONE
2020-05-19,6.7775,False,False,False,0.6102712316585139,0.4552743793430842,-8.317005748459394e-05,0,NONE
2020-05-20,6.7912,False,False,False,0.5102267674522,0.4075309195465513,-0.9474353287507782,0,NONE
2020-05-21,6.7916,False,False,False,0.3943298275715696,0.3870372304294828,-2.109153951390363,0,NONE
2020-05-22,6.8147,False,False,False,0.4367533303410417,0.3828073423203444,-2.569750213364207,0,NONE
2020-05-25,6.81,False,False,False,0.4468318240322256,0.3749837042439204,-3.49082038552144,0,NONE
2020-05-26,6.7275,False,False,False,0.3785079314587729,0.4053541139520207,-2.4997479163699268,0,NONE
2020-05-27,6.7739,False,False,False,0.4151595517673884,0.3793697540082079,-2.671909459532749,0,NONE
2020-05-28,6.8138,False,False,False,0.4476959057174774,0.3685136598897405,-3.6497091249787434,0,NONE
2020-05-29,6.8202,False,False,False,0.4407688341025521,0.3591984796417454,-4.689324336922377,0,NONE
2020-06-01,6.8142,False,False,False,0.4430488386293054,0.3582758481701932,-4.751060236476535,0,NONE
2020-06-02,6.7145,False,False,False,0.4884740827715076,0.4135023203008727,-2.8981143061905446,0,NONE
2020-06-03,6.744,False,False,False,0.4640362139223783,0.3763427780811292,-3.0935380271460726,0,NONE
2020-06-04,6.7558,False,False,False,0.4380160071114383,0.3726509735196767,-2.8526666179664897,0,NONE
2020-06-05,6.77,False,False,False,0.4450455313663404,0.370092962644332,-2.99492310329234,0,NONE
2020-06-08,6.7876,False,False,False,0.469768117040263,0.3663567264307704,-3.345527091966609,0,NONE
2020-06-09,6.7973,False,False,False,0.23010226767452,0.3910775298010351,-0.5393770635246291,0,NONE
2020-06-10,6.7768,False,False,False,0.1390099151534826,0.3733465505445101,-1.5987938035388591,0,NONE
2020-06-11,6.8414,False,False,False,0.4269667817810228,0.3874659332730544,-1.9400317606966109,0,NONE
2020-06-12,6.8126,False,False,False,0.3328268060989737,0.3630551981967151,-3.171713908226133,0,NONE
2020-06-15,6.8363,False,False,False,0.3366528125737942,0.3616154760468368,-3.52496144647327,0,NONE
2020-06-16,6.8439,False,False,False,0.3605696029120938,0.3564201244497396,-3.5541590030896337,0,NONE
2020-06-17,6.8448,False,False,False,0.3300582439930318,0.3601799738176107,-3.1779210569042444,0,NONE
2020-06-18,6.8562,False,False,False,0.1881295323956028,0.3589891012921019,-2.4150339084872936,0,NONE
2020-06-19,6.8531,False,False,False,0.1125500222321059,0.3668390130655436,-1.442882881931336,0,NONE
2020-06-22,6.8483,False,False,False,0.0705127249944432,0.3698489950626119,-1.24278185554296,0,NONE
2020-06-23,6.8511,False,False,False,0.0647292972859368,0.3667082934360333,-1.2375730454091052,0,NONE
2020-06-24,6.8558,False,False,False,0.0681087303334164,0.3667705301938832,-1.303407652151872,0,NONE
2020-06-25,6.8549,False,False,False,0.0430721219780566,0.3713635846439636,-0.9748687892694186,0,NONE
2020-06-26,6.8546,False,False,False,0.0419901959921586,0.3717360837794929,-0.9757628728968513,0,NONE
2020-06-29,6.8548,False,False,False,0.0275101593804598,0.3756129490090373,-0.9234571815804671,0,NONE
2020-06-30,6.8525,False,False,False,0.035762589607828,0.3756900526615776,-0.8093653313597216,0,NONE
2020-07-01,6.8479,False,False,False,0.1506159406642926,0.3819404549721412,-0.7026954442303701,0,NONE
2020-07-02,6.851,False,False,False,0.0353900629080488,0.3740232296433362,-0.9589790972026417,0,NONE
2020-07-03,6.8623,False,False,False,0.0873579523266755,0.3679797439713531,-1.3706083808553853,0,NONE
2020-07-06,6.8609,False,False,False,0.0820177057911441,0.3654536317677777,-1.5466953340097618,0,NONE
2020-07-07,6.8595,False,False,False,0.0789601479655922,0.3647687644007586,-1.5610308842043814,0,NONE
2020-07-08,6.8605,False,False,False,0.0709661701525302,0.3675019504068764,-1.412064341778576,0,NONE
2020-07-09,6.8619,False,False,False,0.0714368227730621,0.3690120580609102,-1.1708793176127053,0,NONE
2020-07-10,6.8658,False,False,False,0.0734834641833018,0.3821348209218877,-0.6082488531504229,0,NONE
2020-07-13,6.8602,False,False,False,0.3060971271102695,0.3875590457634561,-0.3924655868412419,0,NONE
2020-07-14,6.8642,False,False,False,0.1451908746112109,0.3788364002387151,-0.5326691264635723,0,NONE
2020-07-15,6.8558,False,False,False,0.4880471957860437,0.3936437606696372,-0.15439232803649894,0,NONE
2020-07-16,6.8572,False,False,False,0.0787796679068403,0.3731271233930966,-0.841131628589169,0,NONE
2020-07-17,6.8587,False,False,False,0.0751461425460181,0.3754860882412051,-0.6960120237144558,0,NONE
2020-07-20,6.8578,False,False,False,0.0659793732598306,0.3748824371122439,-0.830449316658914,0,NONE
2020-07-21,6.8254,True,False,True,1.705264271987599,0.4481671690535306,1.2798633367307604,2,TWO_MODELS
2020-07-22,6.8506,False,False,False,0.789382401152386,0.3844356054601437,-0.20306117884843644,0,NONE
2020-07-23,6.8439,False,False,False,0.2878490275893239,0.3602998457012065,-2.5649902583318873,0,NONE
2020-07-24,6.8484,False,False,False,0.2919236950290156,0.3587782521305822,-2.2799476124421147,0,NONE
2020-07-27,6.8625,False,False,False,0.345996697422075,0.3612067043674125,-1.9468553647598998,0,NONE
2020-07-28,6.9355,True,False,False,1.6627132159745457,0.4387338579654669,-0.00045828264502567606,1,ONE_MODEL
2020-07-29,6.983,False,False,False,0.578640369883236,0.393902431458252,-1.6183066035558245,0,NONE
2020-07-30,6.9955,False,False,False,0.7308548136959799,0.3869786009928711,-1.0323742272858087,0,NONE
2020-07-31,6.972,False,False,False,0.673699740545244,0.3944462315397308,-0.2101746372525124,0,NONE
2020-08-03,6.9578,False,False,False,0.816691758738466,0.393623316469266,-0.15493153925229208,0,NONE
2020-08-04,6.9008,False,False,False,0.6639519691879073,0.4038492383281493,-0.0002541521686527659,0,NONE
2020-08-05,7.0476,True,False,False,1.345083749577556,0.4797645701448367,-3.696651817897134e-05,1,ONE_MODEL
2020-08-06,7.2389,True,False,False,1.273990665925702,0.5065366555912331,-0.2936654644503136,1,ONE_MODEL
2020-08-07,7.2941,True,False,False,1.182817405023685,0.4480842480201725,-0.7411866962367615,1,ONE_MODEL
2020-08-10,7.3329,True,False,False,1.0982764424044444,0.4317989953998425,-1.132530437963526,1,ONE_MODEL
2020-08-11,7.2025,True,False,True,1.3497909959973524,0.4886538635793856,0.19643165682193064,2,TWO_MODELS
2020-08-12,7.3282,True,False,False,1.237025902000484,0.4560148026852596,-1.0446583726934584,1,ONE_MODEL
2020-08-13,7.3354,False,False,False,0.954548230920946,0.3934948586913764,-2.40360733718612,0,NONE
2020-08-14,7.3664,False,False,False,0.9365374123466256,0.3903163784113363,-2.3005440364931964,0,NONE
2020-08-17,7.3787,False,False,False,0.9275589127830222,0.3869308548240774,-2.270051768260986,0,NONE
2020-08-18,7.3696,False,False,False,0.5664694224638722,0.3775383124592302,-2.298685395129775,0,NONE
2020-08-19,7.2905,False,False,False,0.4299165218913892,0.3868987104958643,-1.6191604239672852,0,NONE
2020-08-20,7.2938,False,False,False,0.4285772459588607,0.3641592181259627,-2.647444934363838,0,NONE
2020-08-21,7.3365,False,False,False,0.4575001920775099,0.3671947570734727,-2.3072082761121013,0,NONE
2020-08-24,7.3768,False,False,False,0.5005074793777059,0.3598464175782488,-2.8523679102309973,0,NONE
2020-08-25,7.3893,False,False,False,0.5265237645318435,0.358532441591961,-3.405199336371913,0,NONE
2020-08-26,7.3662,False,False,False,0.2913336144597372,0.3636810566658808,-2.0637695396796385,0,NONE
2020-08-27,7.3587,False,False,False,0.30744680140367,0.3572699623128333,-2.7797255779789207,0,NONE
2020-08-28,7.3329,False,False,False,0.2903682311708519,0.3587200058496568,-2.5879434658377285,0,NONE
2020-08-31,7.3466,False,False,False,0.1981844654241442,0.364587484176026,-1.490524036172447,0,NONE
2020-09-01,7.3652,False,False,False,0.2154505464007439,0.3628650875209886,-1.6271327118525267,0,NONE
2020-09-02,7.3822,False,False,False,0.2044482865483803,0.3542698717511627,-1.9852977783118249,0,NONE
2020-09-03,7.4335,False,False,False,0.2912337498543448,0.3558914144294116,-2.269298665446348,0,NONE
2020-09-04,7.4331,False,False,False,0.2030839538569612,0.3548652783438288,-1.691658100176964,0,NONE
2020-09-07,7.4542,False,False,False,0.1996941009923975,0.355860373196359,-2.0345730111835465,0,NONE
2020-09-08,7.4817,False,False,False,0.2002149365195152,0.3566361333557235,-1.899962670148584,0,NONE
2020-09-09,7.4848,False,False,False,0.2224699303269472,0.3491786733182267,-1.8498593774688228,0,NONE
2020-09-10,7.4481,False,False,False,0.3808476644142382,0.3692785044795234,-1.5264810601196874,0,NONE
2020-09-11,7.4724,False,False,False,0.2789530253464651,0.3463411546326571,-2.5653447175170516,0,NONE
2020-09-14,7.484,False,False,False,0.2701641915114489,0.3414578467607735,-2.8992818551244337,0,NONE
2020-09-15,7.4854,False,False,False,0.2388341110055218,0.3410657400486968,-2.7208993719179198,0,NONE
2020-09-16,7.5054,False,False,False,0.2557781060550778,0.3426874075348483,-2.552110730685321,0,NONE
2020-09-17,7.5464,False,False,False,0.3273373997045141,0.3626912415086191,-1.2055952427670444,0,NONE
2020-09-18,7.5555,False,False,False,0.1577819775899969,0.3460566631776802,-1.8525255016070048,0,NONE
2020-09-21,7.6321,False,False,False,0.7166381539996733,0.3840109328558795,-0.8029357677072451,0,NONE
2020-09-22,7.6622,False,False,False,0.2641894212587437,0.3574925289103648,-1.6788927132687252,0,NONE
2020-09-23,7.7009,False,False,False,0.2494650525656995,0.3656885162702636,-1.2161913579796853,0,NONE
2020-09-24,7.6254,False,False,False,0.8867816630077103,0.4041445005443172,-1.1659822309046568,0,NONE
2020-09-25,7.6582,False,False,False,0.5570962190537422,0.3579018047388379,-2.7683421224724896,0,NONE
2020-09-28,7.8006,False,False,False,0.993253933960141,0.4223740225277359,-1.4866554158745373,0,NONE
2020-09-29,7.8168,False,False,False,0.721398654423898,0.371040868999955,-2.7689278769998857,0,NONE
2020-09-30,7.7213,False,False,False,0.854024259286365,0.410366107633509,-2.03992362874415,0,NONE
2020-10-01,7.746,False,False,False,0.7541988226525296,0.3657181323399626,-3.867640821902956,0,NONE
2020-10-02,7.758,False,False,False,0.7543952946025962,0.3649579001995633,-3.67036266212453,0,NONE
2020-10-05,7.7646,False,False,False,0.4411758269328266,0.3534978367900461,-3.2676528687724034,0,NONE
2020-10-06,7.7978,False,False,False,0.4634638450261311,0.3508725178896628,-3.1839791932286907,0,NONE
2020-10-07,7.8818,False,False,False,0.3392308569616361,0.3738696502042866,-1.8383127635948178,0,NONE
2020-10-08,7.9435,False,False,False,0.2872144712424864,0.3657816705127037,-2.219833918566877,0,NONE
2020-10-09,7.8564,False,False,False,0.5595039875215597,0.3838436785634974,-2.479649317056401,0,NONE
2020-10-12,7.8888,False,False,False,0.5572039151137296,0.354826545111007,-4.14280131476824,0,NONE
2020-10-13,7.9191,False,False,False,0.5605826726664761,0.3556866150550786,-3.850912236528128,0,NONE
2020-10-14,7.9106,False,False,False,0.4859599739189446,0.3536935822241465,-3.832244664227664,0,NONE
2020-10-15,7.9324,False,False,False,0.4238378998639489,0.3491430765298882,-3.4927061616635378,0,NONE
2020-10-16,7.9333,False,False,False,0.1936174230502939,0.3590827221912073,-2.0720059443879393,0,NONE
2020-10-19,7.8766,False,False,False,0.3303864695074334,0.3659028454531863,-2.5673939666786705,0,NONE
2020-10-20,7.8627,False,False,False,0.241832446366074,0.3540810008718079,-2.517995480456479,0,NONE
2020-10-21,7.8122,False,False,False,0.2802817043506399,0.3740903295126608,-1.7760708459815238,0,NONE
2020-10-22,7.9378,False,False,False,0.6039932555632762,0.3849182364844717,-1.7389513783395625,0,NONE
2020-10-23,7.9671,False,False,False,0.6147900870397573,0.3550377782790202,-3.704573990261757,0,NONE
2020-10-26,8.0834,False,False,False,0.627402924448554,0.388163346283905,-2.8559992630244952,0,NONE
2020-10-27,8.1848,False,False,False,0.5992763665583175,0.3940979600239766,-2.727667075003815,0,NONE
2020-10-28,8.2566,False,False,False,0.3308356891119021,0.4090089708000095,-1.1381499894854752,0,NONE
2020-10-29,8.2883,False,False,False,0.3635461026501326,0.3778380278616191,-1.542306010869634,0,NONE
2020-10-30,8.3456,False,False,False,0.3166750689724922,0.3899981862233685,-0.9278503077555698,0,NONE
2020-11-02,8.44,False,False,False,0.2827837423312875,0.4051001190636619,-0.058846648610680674,0,NONE
2020-11-03,8.4112,False,False,False,0.4418114277148268,0.3848968110696711,-0.886678175937794,0,NONE
2020-11-04,8.4215,False,False,False,0.4562095290841539,0.3692540622964912,-2.167871387395344,0,NONE
2020-11-05,8.416,False,False,False,0.486185686197644,0.3660904833725228,-2.355904273222002,0,NONE
2020-11-06,8.5193,False,False,False,0.573668545327943,0.3894364814730133,-1.887839032864271,0,NONE
2020-11-09,8.0525,True,True,True,2.166143520178692,0.6108016195186617,1.5766999002716213,3,ALL_THREE
2020-11-10,8.156,True,True,True,1.43401689396904,0.5365931694833123,0.3168987722096963,3,ALL_THREE
2020-11-11,7.793,True,True,True,1.66123080278885,0.6295757713073497,0.986394919192394,3,ALL_THREE
2020-11-12,7.6888,True,True,True,1.892818664373054,0.602050009783452,0.56087592857918,3,ALL_THREE
2020-11-13,7.6804,True,True,True,1.9694106323289455,0.5910217225550316,0.8806429616251492,3,ALL_THREE
2020-11-16,7.7068,False,True,False,0.9667791738843894,0.5264841907756128,-0.44346052666020164,1,ONE_MODEL
2020-11-17,7.6995,True,True,False,1.071684293310484,0.5306597067200187,-0.9025207534587896,2,TWO_MODELS
2020-11-18,7.716,False,False,False,0.2905198068094497,0.4415779175508034,-1.0559851343256401,0,NONE
2020-11-19,7.5499,False,False,False,0.538167444271645,0.4976203141569217,-0.754326884078294,0,NONE
2020-11-20,7.619,False,False,False,0.4948168182689444,0.4688359064916124,-0.9742132535270596,0,NONE
2020-11-23,7.8873,False,True,True,0.88036487728048,0.5214070671852263,1.4940459969949194,2,TWO_MODELS
2020-11-24,8.0054,False,False,False,0.804153999937426,0.4922793512125188,-0.1375578229127008,0,NONE
2020-11-25,7.9522,False,False,False,0.8394882415876282,0.4824890192268069,-0.23473740736912063,0,NONE
2020-11-26,7.8717,False,False,True,0.7554611294355159,0.4884041845624445,0.5038695559715922,1,ONE_MODEL
2020-11-27,7.8137,False,False,False,0.7546911441631096,0.4807764997860532,-0.00024328993019118172,0,NONE
2020-11-30,7.8256,False,False,False,0.3935527518952356,0.4221668342928757,-3.5939413980251995,0,NONE
2020-12-01,7.8314,False,False,False,0.408484265139156,0.4377016634100982,-1.0778463751502834,0,NONE
2020-12-02,7.8616,False,False,False,0.2353057364970953,0.421442101219894,-1.6934455295458566,0,NONE
2020-12-03,7.7718,False,False,False,0.2855652793324525,0.4395956721912987,-1.4639194978504637,0,NONE
2020-12-04,7.813,False,False,False,0.2545874771733819,0.4199711143242088,-2.3133558685216435,0,NONE
2020-12-07,7.8097,False,False,False,0.2524738450753874,0.4024189979998359,-3.1975072458453297,0,NONE
2020-12-08,7.8191,False,False,False,0.253360736360335,0.404209336852295,-3.079689408221302,0,NONE
2020-12-09,7.8244,False,False,False,0.2397465315937397,0.3968732590321974,-2.992305738810522,0,NONE
2020-12-10,7.8903,False,False,False,0.27819187022408,0.4171400113759658,-1.4202779961689558,0,NONE
2020-12-11,7.8421,False,False,False,0.1979882728471433,0.3983477028256149,-2.6093075084906943,0,NONE
2020-12-14,7.8508,False,False,False,0.1972714591812145,0.388089120707315,-3.466692367767772,0,NONE
2020-12-15,7.8362,False,False,False,0.2034259462007243,0.3869319035372519,-3.5611074998843293,0,NONE
2020-12-16,7.8026,False,False,False,0.2186441095431957,0.3932902239247055,-3.385822846411509,0,NONE
2020-12-17,7.7027,False,False,False,0.4404117709201459,0.4407396250678619,-1.2877692831913983,0,NONE
2020-12-18,7.6433,False,False,False,0.4667050109750799,0.4377083114795028,-1.6064382211028825,0,NONE
2020-12-21,7.6412,False,False,False,0.4920592067423339,0.4276455911857093,-0.9465899275909759,0,NONE
2020-12-22,7.6593,False,False,False,0.415292336224806,0.4225400707736554,-0.8160499345057879,0,NONE
2020-12-23,7.6405,False,False,False,0.380547697580786,0.4177346722066459,-1.5235007667910718,0,NONE
2020-12-24,7.5623,False,False,False,0.3603100196158253,0.4431142983860855,-0.9206789782413658,0,NONE
2020-12-25,7.5863,False,False,False,0.2249758834741296,0.4117393329459715,-1.4071288299684088,0,NONE
2020-12-28,7.4382,False,False,False,0.7923706104996823,0.4966974171492065,-0.3178749362131743,0,NONE
2020-12-29,7.3954,False,False,False,0.6195344687943819,0.4697039258927892,-1.2267080621112108,0,NONE
2020-12-30,7.3832,False,False,False,0.604040238047724,0.4626386146160666,-0.9772941410631688,0,NONE
2020-12-31,7.4349,False,False,False,0.394461144538139,0.447575208465424,-0.8957329481021166,0,NONE
2021-01-01,7.4299,False,False,False,0.3779344099057578,0.4286135907412626,-2.0975382811735166,0,NONE
2021-01-04,7.4222,False,False,False,0.1791250102572743,0.4124425852675978,-2.0502043295952994,0,NONE
2021-01-05,7.3866,False,False,False,0.1689824283389988,0.4216229602443477,-1.7064878322548136,0,NONE
2021-01-06,7.3059,False,False,False,0.3097225243684319,0.450522729688024,-1.5014102126049451,0,NONE
2021-01-07,7.3481,False,False,False,0.3410427629767791,0.4372341260492564,-0.4855188026438988,0,NONE
2021-01-08,7.3732,False,False,False,0.2670744941253262,0.424459983846279,-1.5885247067284762,0,NONE
2021-01-11,7.4836,False,False,False,0.6774996622601467,0.4535082503502667,-1.374844087117534,0,NONE
2021-01-12,7.4544,False,False,False,0.3739431761096597,0.4144319820289821,-3.1029437688118904,0,NONE
2021-01-13,7.4028,False,False,False,0.3276331808023275,0.4301636522487055,-1.8604744109453666,0,NONE
2021-01-14,7.3609,False,False,False,0.3503161037314719,0.4235016887029636,-2.8834065228353154,0,NONE
2021-01-15,7.4586,False,False,False,0.5192603739952973,0.4519513424454378,-1.7518683451317827,0,NONE
2021-01-18,7.4731,False,False,False,0.3204016741141975,0.4062228929163658,-3.2803054871192643,0,NONE
2021-01-19,7.4647,False,False,False,0.31516667843935,0.4031055958490252,-3.510899894907256,0,NONE
2021-01-20,7.4186,False,False,False,0.3102351905777667,0.4147325771796747,-3.0142499426644047,0,NONE
2021-01-21,7.3679,False,False,False,0.3197708882559243,0.4186656953282177,-2.944397523719239,0,NONE
2021-01-22,7.4103,False,False,False,0.2193576398932553,0.4178007625406642,-1.3346855930762427,0,NONE
2021-01-25,7.4046,False,False,False,0.2011792606401867,0.4102835649702129,-1.757093576805966,0,NONE
2021-01-26,7.3439,False,False,False,0.2916414273124043,0.4359595269005793,-1.3712908418362257,0,NONE
2021-01-27,7.4139,False,False,False,0.3532335591866532,0.420982225092288,-2.064302746409478,0,NONE
2021-01-28,7.3342,False,False,False,0.3758371952826206,0.4388124417924955,-2.428975642161234,0,NONE
2021-01-29,7.3193,False,False,False,0.5517592380482259,0.4190684019478117,-1.677584312217789,0,NONE
2021-02-01,7.1865,False,False,True,0.5790358476983155,0.4817732119181994,0.3000058059209856,1,ONE_MODEL
2021-02-02,7.2023,False,False,False,0.75298595642253,0.4532402656553082,-0.02220628984485451,0,NONE
2021-02-03,7.1645,False,False,True,0.49421695055167,0.4436380662654181,0.00029480253011904267,1,ONE_MODEL
2021-02-04,7.1358,False,False,True,0.609619923452116,0.4400682795588562,0.047071027555793066,1,ONE_MODEL
2021-02-05,7.0564,False,False,False,0.4258401348564909,0.459488077859008,-1.2765060781445712,0,NONE
2021-02-08,7.0732,False,False,False,0.3128648078837907,0.4139828881503891,-1.4989336941372837,0,NONE
2021-02-09,7.0686,False,False,False,0.3340245334399279,0.4199452953225396,-0.7777761881625906,0,NONE
2021-02-10,7.0578,False,False,False,0.2820044327093087,0.4116933355953142,-1.1473176929797209,0,NONE
2021-02-11,7.0258,False,False,False,0.2963125425588117,0.4218721226245516,-1.1432556774171232,0,NONE
2021-02-12,7.0357,False,False,False,0.1582391414912303,0.4148981750826506,-0.30535992346703544,0,NONE
2021-02-15,6.9642,False,False,False,0.3139392879873263,0.4438357463377512,-0.16547964394313297,0,NONE
2021-02-16,6.993,False,False,False,0.4039234533635064,0.4182691814775164,-0.43987818972966863,0,NONE
2021-02-17,6.966,False,False,False,0.4076709605690333,0.415031429800654,-1.4389613832042034,0,NONE
2021-02-18,6.9644,False,False,False,0.4092473928011588,0.4089182823341984,-1.2513540618214591,0,NONE
2021-02-19,6.9814,False,False,False,0.4222020314272458,0.4111123579916328,-1.1114390674849286,0,NONE
2021-02-22,7.021,False,False,True,0.397779146187334,0.4233461165618129,9.124965660056716e-05,1,ONE_MODEL
2021-02-23,7.1052,False,False,False,0.5484373859663245,0.4310405349800206,-0.6654635452211171,0,NONE
2021-02-24,7.1692,False,False,False,0.51506279862616,0.4289447642677621,-0.655225013823463,0,NONE
2021-02-25,7.3527,False,True,True,0.98424647985501,0.5228821724281176,0.6712109654492613,2,TWO_MODELS
2021-02-26,7.4249,True,False,True,1.124165114127474,0.4837357424678087,0.03656392171856204,2,TWO_MODELS
2021-03-01,7.296,False,False,True,0.953469830857917,0.5037555223606446,1.6169833272275858,1,ONE_MODEL
2021-03-02,7.3601,False,False,False,0.9335566785002708,0.4693000738482435,-0.06109695047296171,0,NONE
2021-03-03,7.4455,False,False,False,0.9234452068264604,0.4761418740795491,-0.0001034241367996458,0,NONE
2021-03-04,7.5113,False,False,False,0.7220701723410532,0.427321161595742,-1.1925077276144087,0,NONE
2021-03-05,7.532,False,False,False,0.700299088154056,0.4098872410803433,-1.4056350719948636,0,NONE
2021-03-08,7.7454,True,True,True,1.274661622076062,0.5355897004365321,0.7873273642931755,3,ALL_THREE
2021-03-09,7.6072,False,False,True,0.8797111439845746,0.4932905125577435,1.304347931587909,1,ONE_MODEL
2021-03-10,7.5045,False,False,False,0.9630187872596356,0.4571692753268564,-0.0010760177533821746,0,NONE
2021-03-11,7.4759,False,False,False,0.9568979757323182,0.4291418991479401,-0.7926626541372475,0,NONE
2021-03-12,7.5668,False,False,False,0.996251916350003,0.4455692176856215,-0.7933181239007254,0,NONE
2021-03-15,7.5327,False,False,False,0.6003487977892852,0.4052567820417164,-1.2850413251708535,0,NONE
2021-03-16,7.4852,False,False,False,0.488192615568358,0.3858245628007122,-3.4130055722025823,0,NONE
2021-03-17,7.4954,False,False,False,0.3886038493776206,0.3608877016868134,-5.435582063664649,0,NONE
2021-03-18,7.3226,False,False,False,0.6421760985332683,0.4471642160574647,-2.8851942091290486,0,NONE
2021-03-19,7.2131,False,False,False,0.913316290959796,0.4782045269959887,-1.4694433859647056,0,NONE
2021-03-22,7.7886,True,True,True,1.9946347617529223,0.6322948075661815,1.8709439994608816,3,ALL_THREE
2021-03-23,7.94,True,True,False,1.4164435282695345,0.5733741236569955,-0.09104520232438418,2,TWO_MODELS
2021-03-24,7.921,True,True,True,1.426147149975668,0.5597724335440499,0.4807205129395289,3,ALL_THREE
2021-03-25,7.9417,True,True,True,1.2891161757148994,0.5712603296371903,0.18921619058018813,3,ALL_THREE
2021-03-26,8.0803,True,True,False,1.37449324760503,0.5828488780948633,-4.01145702859651e-05,2,TWO_MODELS
2021-03-29,8.1995,False,False,False,0.3687981881860849,0.4608205351947862,-1.4688438057417503,0,NONE
2021-03-30,8.3233,False,False,False,0.3774620403683125,0.4630056959013472,-1.1682385925633163,0,NONE
2021-03-31,8.2399,False,False,False,0.3933818468562138,0.4612067105377731,-0.17560381953766857,0,NONE
2021-04-01,8.1056,False,False,False,0.5366912040862846,0.4720574820282982,-0.4209787571137671,0,NONE
2021-04-02,8.1525,False,False,False,0.481309104133199,0.4465930569099792,-1.6154054137359868,0,NONE
2021-04-05,8.1021,False,False,False,0.531519950019822,0.4499003455306919,-1.6696290172494983,0,NONE
2021-04-06,8.1282,False,False,False,0.4688044405464159,0.4428975618079333,-0.6409382089651299,0,NONE
2021-04-07,8.1464,False,False,False,0.3052669580710343,0.4244275726077722,-2.238498194751342,0,NONE
2021-04-08,8.1325,False,False,False,0.1582730583002667,0.4163300759294714,-3.065165034800156,0,NONE
2021-04-09,8.1546,False,False,False,0.1357571918645472,0.4158496641780774,-2.5889879166491436,0,NONE
2021-04-12,8.1432,False,False,False,0.0987589057224899,0.4207772008772379,-1.839029942753447,0,NONE
2021-04-13,8.1047,False,False,False,0.1181967776795374,0.4247112565944901,-1.4951067936735623,0,NONE
2021-04-14,8.0651,False,False,False,0.195355207670036,0.4334544772746689,-0.6118435406117104,0,NONE
2021-04-15,8.0123,False,False,False,0.288827748609326,0.4411978693928863,-0.02176478972551621,0,NONE
2021-04-16,8.0605,False,False,False,0.226112239135922,0.429763028365172,-0.25369890482637203,0,NONE
2021-04-19,8.0896,False,False,False,0.1933350709138562,0.3930972373010617,-2.0444086685826335,0,NONE
2021-04-20,8.1068,False,False,False,0.1869794566660725,0.3794243927868663,-2.997329054456509,0,NONE
2021-04-21,8.1807,False,False,False,0.2777744404262739,0.39878112456584,-2.1552656000062775,0,NONE
2021-04-22,8.3095,False,False,True,0.714139824348514,0.4524243156934781,0.0002452224863151997,1,ONE_MODEL
2021-04-23,8.3682,False,False,False,0.63148030228395,0.422700594775224,-1.093529209038273,0,NONE
2021-04-26,8.2709,False,False,False,0.3947876490998588,0.4169582691051546,-0.9427608767970845,0,NONE
2021-04-27,8.2069,False,False,False,0.3990265511346926,0.3913260648199308,-2.8431535735831286,0,NONE
2021-04-28,8.188,False,False,False,0.3821451991572464,0.3782133370024373,-4.0943588305464065,0,NONE
2021-04-29,8.1953,False,False,False,0.380071116773946,0.3861592900789694,-1.8433670132417141,0,NONE
2021-04-30,8.2822,False,False,False,0.3823311446568869,0.3963089546287299,-0.31582000048321035,0,NONE
2021-05-03,8.2474,False,False,False,0.2399774424167516,0.3714538575733685,-3.4408363830956947,0,NONE
2021-05-04,8.3244,False,False,False,0.3119952303790195,0.383678430940355,-2.7301714881903045,0,NONE
2021-05-05,8.3127,False,False,False,0.2980330298033,0.3725417943991077,-3.192566306642309,0,NONE
2021-05-06,8.2727,False,False,False,0.2572843187887692,0.373346780675985,-3.274490583209932,0,NONE
2021-05-07,8.2343,False,False,False,0.2064019238037257,0.3743269762079106,-3.0992820379355734,0,NONE
2021-05-10,8.2744,False,False,False,0.2150829994051309,0.3640476751990465,-3.9657684388410477,0,NONE
2021-05-11,8.277,False,False,False,0.1380880070358355,0.3678315328402824,-2.6468850669448436,0,NONE
2021-05-12,8.4186,False,False,False,0.5617521376134639,0.403194664233121,-1.8648693662835836,0,NONE
2021-05-13,8.502,False,False,False,0.288856441619271,0.385429451380649,-2.7569903519783754,0,NONE
2021-05-14,8.4554,False,False,False,0.2967534251327097,0.3873019952179517,-2.0702148454566487,0,NONE
2021-05-17,8.3117,False,False,False,0.6132600112478912,0.4234975145044282,-2.2385474967687156,0,NONE
2021-05-18,8.3548,False,False,False,0.4518516460154916,0.3865859776770712,-3.373224630071924,0,NONE
2021-05-19,8.4125,False,False,False,0.3742694646248108,0.3841917399738904,-2.4851457366080574,0,NONE
2021-05-20,8.3805,False,False,False,0.330021332398496,0.3835186714718628,-2.7225175478830064,0,NONE
2021-05-21,8.4154,False,False,False,0.3411140943912972,0.3721685830033868,-3.2831280639992855,0,NONE
2021-05-24,8.389,False,False,False,0.181839567160666,0.3667805540182209,-3.4043961377529204,0,NONE
2021-05-25,8.4618,False,False,False,0.2530812934039603,0.377723306673998,-2.924394554923424,0,NONE
2021-05-26,8.4559,False,False,False,0.1858628295955874,0.3594291152763056,-3.799104377422246,0,NONE
2021-05-27,8.4982,False,False,False,0.2768760291696059,0.3724695686400335,-2.7690210262824753,0,NONE
2021-05-28,8.5647,False,False,False,0.2037167725241139,0.3787057872937964,-2.64060871476852,0,NONE
2021-05-31,8.4919,False,False,False,0.3345636801664986,0.3811819028907193,-2.5047665008479694,0,NONE
2021-06-01,8.519,False,False,False,0.2316944042225405,0.356121933584112,-3.9514172939217964,0,NONE
2021-06-02,8.5927,False,False,False,0.2557862060822954,0.3701618322080706,-3.1560560368298933,0,NONE
2021-06-03,8.7025,False,False,False,0.3553588844070823,0.3846102463012432,-2.062246745122371,0,NONE
2021-06-04,8.6668,False,False,False,0.3246303699052345,0.3717272440033911,-2.7243287721240534,0,NONE
2021-06-07,8.6126,False,False,False,0.2996765559402599,0.3739717222176161,-2.9835196577348206,0,NONE
2021-06-08,8.6052,False,False,False,0.3064425957781683,0.3609531314144766,-3.7496032696423427,0,NONE
2021-06-09,8.5899,False,False,False,0.2763478245214226,0.3658743660495755,-3.1339888932954345,0,NONE
2021-06-10,8.4279,False,False,False,0.667637174246722,0.4556226106982239,-0.5335056288188493,0,NONE
2021-06-11,8.3942,False,False,False,0.626486641769608,0.414217425645121,-1.945027249441047,0,NONE
2021-06-14,8.4692,False,False,False,0.5850439402735444,0.3872105488474771,-1.954985025383868,0,NONE
2021-06-15,8.5574,False,False,False,0.710690976503283,0.3829214889223476,-2.6994530155803087,0,NONE
2021-06-16,8.6159,False,False,False,0.7385677512720588,0.3686245410232167,-3.6957031319834357,0,NONE
2021-06-17,8.7193,False,False,False,0.6310830221200819,0.3978935621617945,-1.876786303761211,0,NONE
2021-06-18,8.7373,False,False,False,0.7085320310255699,0.3950315188933961,-0.7942968725609241,0,NONE
2021-06-21,8.77,False,False,False,0.53616776788279,0.382203325647266,-1.6279527153727624,0,NONE
2021-06-22,8.6499,False,False,False,0.6032237707873674,0.3857382053330775,-2.930530719043558,0,NONE
2021-06-23,8.64,False,False,False,0.5930253905065958,0.3540785987130718,-4.765609081135938,0,NONE
2021-06-24,8.7087,False,False,False,0.5403462924449358,0.3610505237156095,-2.9592782963520996,0,NONE
2021-06-25,8.7643,False,False,False,0.5734560781935246,0.3532279502228427,-3.717894908213914,0,NONE
2021-06-28,8.6845,False,False,False,0.6162683445340242,0.3789462064478466,-3.13342425104746,0,NONE
2021-06-29,8.7318,False,False,False,0.4598085893161673,0.3545746841534365,-4.241018664373135,0,NONE
2021-06-30,8.7026,False,False,False,0.4779810146896538,0.3526765181563916,-4.184783431451905,0,NONE
2021-07-01,8.6551,False,False,False,0.4414259814354175,0.356447873128475,-4.021700869064187,0,NONE
2021-07-02,8.6796,False,False,False,0.3860883605422908,0.3560071550070129,-2.9421073078480546,0,NONE
2021-07-05,8.6658,False,False,False,0.2892441413186909,0.3425194196433891,-4.152945804280646,0,NONE
2021-07-06,8.6893,False,False,False,0.2386536321741274,0.3492587425635159,-2.905147643748915,0,NONE
2021-07-07,8.6814,False,False,False,0.2241769267013635,0.3437340650862028,-3.5396148927098743,0,NONE
2021-07-08,8.6943,False,False,False,0.1348486991340445,0.3452091018006371,-2.987321180828369,0,NONE
2021-07-09,8.6581,False,False,False,0.2170719327076542,0.3559964603722488,-2.662701400367748,0,NONE
2021-07-12,8.6353,False,False,False,0.1860936898102204,0.354635949463855,-2.801755226069595,0,NONE
2021-07-13,8.621,False,False,False,0.1557582668186959,0.3641947378048268,-1.7673021783757008,0,NONE
2021-07-14,8.5851,False,False,False,0.2196123147092339,0.3767970941145424,-1.2960132713028027,0,NONE
2021-07-15,8.5629,False,False,False,0.299657924743442,0.3905327020527012,-0.036128082859780974,0,NONE
2021-07-16,8.5178,False,False,True,0.319954389965792,0.398344364852751,0.0001176123552522057,1,ONE_MODEL
2021-07-19,8.5854,False,False,False,0.4358589389292138,0.3654061528886816,-1.6105665392846866,0,NONE
2021-07-20,8.5646,False,False,False,0.3704670200238651,0.3524241044497742,-3.438305195803858,0,NONE
2021-07-21,8.5578,False,False,False,0.3536017880975666,0.3470123255326256,-3.7832597668324865,0,NONE
2021-07-22,8.5648,False,False,False,0.346474194961349,0.3439932765271734,-3.8460174301234282,0,NONE
2021-07-23,8.5504,False,False,False,0.297680274159479,0.3486050386720498,-3.3504672668762456,0,NONE
2021-07-26,8.5497,False,False,False,0.0913260059740368,0.3637528518151719,-1.178371851621863,0,NONE
2021-07-27,8.5594,False,False,False,0.1369046722678575,0.3610121553353591,-1.3281696998278782,0,NONE
2021-07-28,8.5488,False,False,False,0.0894409606822763,0.3601718541284852,-1.5577278737164306,0,NONE
2021-07-29,8.4521,False,False,False,0.8250565941382333,0.419081160553251,-1.0700083261779696,0,NONE
2021-07-30,8.4457,False,False,False,0.3589531461573887,0.3697436172984918,-1.8645733421825597,0,NONE
2021-08-02,8.3466,False,False,False,0.7023710295553548,0.4339796990323102,-0.7383965352719049,0,NONE
2021-08-03,8.4026,False,False,True,0.5434429267009416,0.4008690161793151,0.049881028687170925,1,ONE_MODEL
2021-08-04,8.4732,False,False,False,0.6891386972211851,0.3949999976530313,-0.8169328306794341,0,NONE
2021-08-05,8.5199,False,False,False,0.5995269714813916,0.3668694631619257,-3.0173264878355734,0,NONE
2021-08-06,8.615,False,False,False,0.6492068247075491,0.396915416440334,-2.1358607642166607,0,NONE
2021-08-09,8.6303,False,False,False,0.6469783352337479,0.3933907901588541,-0.38279968460733294,0,NONE
2021-08-10,8.592,False,False,False,0.4609002723793831,0.3766072114339825,-1.2926362272511955,0,NONE
2021-08-11,8.625,False,False,False,0.4326452840144068,0.3652228543419397,-2.7421630951680758,0,NONE
2021-08-12,8.5436,False,False,False,0.593027227402442,0.3767748563738587,-3.0148258493417757,0,NONE
2021-08-13,8.5124,False,False,False,0.3965898556676676,0.3633752794443111,-2.548450843201284,0,NONE
2021-08-16,8.4553,False,False,False,0.39908779931585,0.388213801372147,-1.5229979627013943,0,NONE
2021-08-17,8.4291,False,False,False,0.3757391643649618,0.377015457942172,-1.6553367148526839,0,NONE
2021-08-18,8.4512,False,False,False,0.3963511972633979,0.3816848607331714,-0.614015881016396,0,NONE
2021-08-19,8.5025,False,False,False,0.3891925512392439,0.3584672698908931,-2.3019833284140816,0,NONE
2021-08-20,8.4813,False,False,False,0.3838235573804854,0.3514659583705366,-3.69235273265976,0,NONE
2021-08-23,8.4198,False,False,False,0.3978244959989354,0.3685767392083178,-3.206150602269375,0,NONE
2021-08-24,8.3956,False,False,False,0.396343731865617,0.3590594171942075,-3.4492922209555186,0,NONE
2021-08-25,8.3731,False,False,False,0.3759989877815813,0.3662611540768969,-2.66368902988134,0,NONE
2021-08-26,8.388,False,False,False,0.261117445838082,0.3738794794911688,-0.8521889350127054,0,NONE
2021-08-27,8.3468,False,False,False,0.30672748004561,0.38191005923566,-1.1982116655532025,0,NONE
2021-08-30,8.3709,False,False,False,0.2685585602780549,0.3659786279878654,-1.7417464223711683,0,NONE
2021-08-31,8.3069,False,False,False,0.3543167695095635,0.3876294991433999,-2.0449425760591087,0,NONE
2021-09-01,8.2837,False,False,False,0.3543613565643573,0.3747221115647008,-2.087257087409867,0,NONE
2021-09-02,8.2742,False,False,False,0.342266468598562,0.3800611138782458,-1.2901215268939659,0,NONE
2021-09-03,8.3145,False,False,False,0.4228493435296989,0.372718394210935,-1.6431571765294066,0,NONE
2021-09-06,8.2763,False,False,False,0.4074308329688939,0.3787217088510406,-1.91183973205567,0,NONE
2021-09-07,8.3478,False,False,False,0.6068499915373,0.3844194341104625,-1.655266450203026,0,NONE
2021-09-08,8.4597,False,False,False,0.744388698286053,0.4183758582832704,-1.6425108265983361,0,NONE
2021-09-09,8.4375,False,False,False,0.6690825276050077,0.3831177784096223,-1.817307530690405,0,NONE
2021-09-10,8.456,False,False,False,0.6700566477693122,0.3790238742133265,-2.6056450010833725,0,NONE
2021-09-13,8.4255,False,False,False,0.6494086078802362,0.3792596302681137,-1.8026663798915923,0,NONE
2021-09-14,8.4336,False,False,False,0.6314114403250699,0.3672563466876803,-3.1094906344955238,0,NONE
2021-09-15,8.4278,False,False,False,0.2245662624169748,0.3567931648926065,-2.220399042148294,0,NONE
2021-09-16,8.5237,False,False,False,0.5398682023946513,0.3843331628475893,-2.539626785927627,0,NONE
2021-09-17,8.6468,False,False,False,0.6907531607209472,0.4194726855540026,-1.4716062744012781,0,NONE
2021-09-20,8.6661,False,False,False,0.622652037906458,0.3927418275456889,-1.0637113568757677,0,NONE
2021-09-21,8.6273,False,False,False,0.717172808367836,0.398287358101931,-0.33829382095959737,0,NONE
2021-09-22,8.6503,False,False,False,0.6801753087153932,0.3965864620038,-1.1727819001704045,0,NONE
2021-09-23,8.7616,False,False,False,0.6846492933213676,0.4079418993424453,-1.2815283578833672,0,NONE
2021-09-24,8.8718,False,False,False,0.6199917793131609,0.392907844361278,-1.928358747994821,0,NONE
2021-09-27,8.8202,False,False,False,0.7397456434372406,0.3872712128609994,-1.652812198181298,0,NONE
2021-09-28,8.869,False,False,False,0.6368356402753084,0.3742832974949545,-2.44428709284041,0,NONE
2021-09-29,8.9093,False,False,False,0.6238642768071712,0.3707038513119552,-2.4811013151934507,0,NONE
2021-09-30,8.8805,False,False,False,0.6008395289405392,0.3646514858880548,-2.423376432278735,0,NONE
2021-10-01,8.8493,False,False,False,0.4220126592915743,0.3623380093475626,-2.377683051741842,0,NONE
2021-10-04,8.8495,False,False,False,0.3469952799299339,0.3447328465697133,-3.679688663117476,0,NONE
2021-10-05,8.8668,False,False,False,0.2816325620128959,0.3490529714824398,-2.65178571790117,0,NONE
2021-10-06,8.8701,False,False,False,0.1969974594177664,0.3542699186817098,-1.9080815391629322,0,NONE
2021-10-07,8.8715,False,False,False,0.1657350070733504,0.3476760020204205,-2.303072403128116,0,NONE
2021-10-08,8.9521,False,False,False,0.3162782880203543,0.3596725250578443,-2.36510452057842,0,NONE
2021-10-11,9.0012,False,False,False,0.3151179795959835,0.3575241871440027,-2.559390842058404,0,NONE
2021-10-12,9.0376,False,False,False,0.3080947860750885,0.3555464084554426,-2.4417394354052693,0,NONE
2021-10-13,9.0824,False,False,False,0.2630961687912236,0.3640438308582108,-1.801446809102874,0,NONE
2021-10-14,9.1834,False,False,False,0.3083262187999062,0.3893822446845716,-0.46871190815756947,0,NONE
2021-10-15,9.2566,False,False,False,0.2281110589542658,0.3879918436542691,-0.2548664331818884,0,NONE
2021-10-18,9.3302,False,False,False,0.2219418944328541,0.3969681453914768,-0.0001343245224223466,0,NONE
2021-10-19,9.2911,False,False,False,0.4611377969563768,0.389169066736718,-0.3291702356300661,0,NONE
2021-10-20,9.2051,False,False,False,0.6839502259669605,0.4055401433062529,-1.0168726939534647,0,NONE
2021-10-21,9.5061,True,False,False,1.179145797885392,0.5055078217410058,-0.221103937284159,1,ONE_MODEL
2021-10-22,9.6026,True,False,False,1.0796695976782529,0.4415536513345625,-1.3807228496925177,1,ONE_MODEL
2021-10-25,9.5845,True,False,False,1.144638690176028,0.4378706271590793,-1.12649730520463,1,ONE_MODEL
2021-10-26,9.5312,True,False,False,1.151444046134647,0.4411244339716567,-1.1706105937520448,1,ONE_MODEL
2021-10-27,9.4835,True,False,False,1.094495426329604,0.430739726322023,-1.601326126887761,1,ONE_MODEL
2021-10-28,9.527,False,False,False,0.4574558137297112,0.3732303453173429,-2.128289895955186,0,NONE
2021-10-29,9.5896,False,False,False,0.379922935180172,0.3690945361095252,-1.7415312867050439,0,NONE
2021-11-01,9.5363,False,False,False,0.4099895878959438,0.3797417960756739,-1.8840700414674885,0,NONE
2021-11-02,9.6024,False,False,False,0.4255780023732277,0.3660384860224854,-2.6808629645005073,0,NONE
2021-11-03,9.6391,False,False,False,0.3469819280847017,0.3668022171818381,-2.4368189348137683,0,NONE
2021-11-04,9.6919,False,False,False,0.3586429240046777,0.3662563024470112,-2.5507880293275313,0,NONE
2021-11-05,9.6745,False,False,False,0.3659436588245341,0.3618994747301113,-2.717797232115979,0,NONE
2021-11-08,9.6775,False,False,False,0.254820471902637,0.3621427494611733,-2.2004648252362067,0,NONE
2021-11-09,9.7322,False,False,False,0.2330061576398614,0.3634383832709644,-1.8781191126492445,0,NONE
2021-11-10,9.8378,False,False,False,0.3469952370590025,0.3767375260510017,-1.708499975049719,0,NONE
2021-11-11,9.9049,False,False,False,0.3555578257697716,0.3694162703733331,-2.1094015068569476,0,NONE
2021-11-12,9.9909,False,False,False,0.2757184256147876,0.3859412110480546,-1.177267295846054,0,NONE
2021-11-15,10.0604,False,False,True,0.1739082565134275,0.4044890834310455,0.14068923919957044,1,ONE_MODEL
2021-11-16,10.3168,False,False,False,0.63715160430997,0.4607648218405015,-0.18639563999601094,0,NONE
2021-11-17,10.6327,False,False,False,0.76549899193548,0.4984912828471411,-0.37042699310738136,0,NONE
2021-11-18,11.036,False,True,False,0.948253971239665,0.5546336469455937,-0.00012003636899393655,1,ONE_MODEL
2021-11-19,11.2495,False,True,False,0.6175796897069548,0.529685460122813,-0.3708415223678099,1,ONE_MODEL
2021-11-22,11.4062,False,True,True,0.4900825651118943,0.5249281565941941,0.20723566657250103,2,TWO_MODELS
2021-11-23,12.8129,True,True,True,3.0831915975522075,0.7250755677186674,2.1690641164714233,3,ALL_THREE
2021-11-24,11.8876,True,True,True,1.8054070507067077,0.7183157376215026,3.6587772160212353,3,ALL_THREE
2021-11-25,11.9998,True,True,True,1.6875418700946414,0.6767684856606127,3.571549181388151,3,ALL_THREE
2021-11-26,12.369,True,True,True,1.6734054485840528,0.6825725100217062,2.6591184260797265,3,ALL_THREE
2021-11-29,12.817,True,True,True,1.654255963627442,0.686529461744229,0.46638789494402744,3,ALL_THREE
2021-11-30,13.6848,True,True,True,1.6926737926191748,0.6792290912771398,0.0003952963757871686,3,ALL_THREE
2021-12-01,13.3044,False,True,True,0.8883803582083,0.6617906272989924,3.5456764735696984,2,TWO_MODELS
2021-12-02,13.6765,True,True,True,1.257059398114022,0.658329129009777,0.30526266180699047,3,ALL_THREE
2021-12-03,13.7212,False,True,True,0.7781635135000002,0.6396201175460972,0.24484648372548534,2,TWO_MODELS
2021-12-06,13.7985,False,True,False,0.7681590422444174,0.6191471855068601,-0.38323215881082184,1,ONE_MODEL
2021-12-07,13.4845,False,True,True,0.568902416929375,0.6040954885119963,2.521834517341115,2,TWO_MODELS
2021-12-08,13.6624,False,True,False,0.3962198271923259,0.5919550649027697,-1.3754323524262553,1,ONE_MODEL
2021-12-09,13.7773,False,True,True,0.3017846826944319,0.5715744552950958,0.029556247921510348,2,TWO_MODELS
2021-12-10,13.8803,False,True,False,0.3073648489653256,0.5721346348071094,-0.27831221957526964,1,ONE_MODEL
2021-12-13,13.8319,False,True,True,0.3082655319910256,0.5745346006381045,0.1074725658601654,2,TWO_MODELS
2021-12-14,14.3961,True,True,False,1.0197442144607751,0.6328731932671642,-0.0002685985200692187,2,TWO_MODELS
2021-12-15,14.8062,False,True,False,0.7121720465959525,0.6247450391845278,-0.565180972435595,1,ONE_MODEL
2021-12-16,15.6828,True,True,True,1.4801231916359323,0.6790087205400683,0.14345326967091943,3,ALL_THREE
2021-12-17,16.5047,True,True,True,1.310193332823215,0.6902712690860817,0.7470423652091842,3,ALL_THREE
2021-12-20,13.437,True,True,True,4.646706695668505,0.7687667257240295,5.1419468268385256,3,ALL_THREE
2021-12-21,12.557,True,True,True,4.78372827134089,0.7772766254909154,3.4341036010969495,3,ALL_THREE
2021-12-22,12.19,True,True,True,5.22845007785661,0.7725692790018654,3.5000796273494865,3,ALL_THREE
2021-12-23,11.2898,True,True,True,6.319290868661652,0.789681149879476,3.7938369242689287,3,ALL_THREE
2021-12-24,10.9914,True,True,True,6.680884838864079,0.7716645805205665,3.96917268513147,3,ALL_THREE
2021-12-27,11.567,True,True,True,2.2660211939629296,0.7426815926504539,5.464677449918595,3,ALL_THREE
2021-12-28,11.828,False,True,True,0.8833847328336759,0.7081817856006104,4.580171211972031,2,TWO_MODELS
2021-12-29,12.668,True,True,True,1.7754480892796725,0.7145359139642089,5.168232103775685,3,ALL_THREE
2021-12-30,13.1706,True,True,True,2.279108375190096,0.7084160437555698,3.3563670694036007,3,ALL_THREE
2021-12-31,13.2844,True,True,True,2.778602458693582,0.6850510307535512,2.4879392244550305,3,ALL_THREE
2022-01-03,13.0819,True,True,True,1.835719522317882,0.6844993023675789,4.665740890846504,3,ALL_THREE
2022-01-04,13.4246,True,True,True,1.934721624749312,0.6822936047064809,1.5914271358244312,3,ALL_THREE
2022-01-05,13.643,True,True,True,1.1814816385635618,0.6401518067320423,0.23644077681801967,3,ALL_THREE
2022-01-06,13.8301,False,True,False,0.799166298084788,0.6201324123624331,1.2481522855267713e-06,1,ONE_MODEL
2022-01-07,13.8328,False,True,False,0.6645379800905179,0.6077239661999022,-0.37228656264922577,1,ONE_MODEL
2022-01-10,13.8227,False,True,True,0.897683690100396,0.6188944213651576,0.4303862139025201,2,TWO_MODELS
2022-01-11,13.8005,False,True,True,0.455506613267736,0.5959006443741929,0.4597948845166462,2,TWO_MODELS
2022-01-12,13.2242,True,True,True,1.043983913626315,0.6502588070691481,2.2570997740513574,3,ALL_THREE
2022-01-13,13.5696,False,True,True,0.65296955581434,0.6351058373571367,3.146428762239629,2,TWO_MODELS
2022-01-14,13.5384,False,True,True,0.356746866044218,0.622105567921433,2.152855629620201,2,TWO_MODELS
2022-01-17,13.4402,False,True,True,0.463504335128776,0.6042018263024834,2.1012871990366637,2,TWO_MODELS
2022-01-18,13.528,False,True,True,0.33020897077802,0.5991494328072993,1.837588736776727,2,TWO_MODELS
2022-01-19,13.4321,False,True,True,0.2519282386229379,0.5753991752660834,1.4831781004052784,2,TWO_MODELS
2022-01-20,13.3634,False,True,True,0.249868219355696,0.5640149773606425,0.5923038301505112,2,TWO_MODELS
2022-01-21,13.4644,False,True,False,0.1889489201849825,0.5443758266425487,-7.944932818482187e-05,1,ONE_MODEL
2022-01-24,13.5109,False,True,False,0.0863387896972749,0.5278210650816029,-1.1025428492001836,1,ONE_MODEL
2022-01-25,13.4821,False,True,False,0.111116782391666,0.5313812647096627,-1.672281473229818,1,ONE_MODEL
2022-01-26,13.5904,False,False,False,0.20082183042701,0.5177529488758313,-1.1790858048859327,0,NONE
2022-01-27,13.6469,False,True,False,0.343538507213094,0.52394494572902,-0.8590557652348494,1,ONE_MODEL
2022-01-28,13.5203,False,True,False,0.2319208025265799,0.5224045442462611,-1.1444599592260527,1,ONE_MODEL
2022-01-31,13.3266,False,True,False,0.35816512947198,0.5454614170985983,-0.9895655653968554,1,ONE_MODEL
2022-02-01,13.3612,False,True,False,0.1465037231818819,0.5194969553349393,-2.094631948096252,1,ONE_MODEL
2022-02-02,13.4673,False,True,False,0.198522587791515,0.5205473127877739,-1.5096096663242218,1,ONE_MODEL
2022-02-03,13.5672,False,False,False,0.1854491991713275,0.515514071933974,-1.9167853318190353,0,NONE
2022-02-04,13.5595,False,False,False,0.1098742699499434,0.4978050814169377,-3.00033687818876,0,NONE
2022-02-07,13.59,False,True,False,0.319181808818096,0.520658361859675,-0.9038745285907357,1,ONE_MODEL
2022-02-08,13.5614,False,False,False,0.2425975631183839,0.5146191492621505,-1.1404450066009506,0,NONE
2022-02-09,13.5412,False,False,False,0.08955024932292,0.5044686011529838,-1.2380234616086572,0,NONE
2022-02-10,13.5115,False,True,True,0.0989591945272417,0.5251904853133246,0.17827466550417626,2,TWO_MODELS
2022-02-11,13.501,False,True,True,0.070888898313814,0.5222293235963475,0.34389232222156174,2,TWO_MODELS
2022-02-14,13.5948,False,False,True,0.2792698711986073,0.5164099448325197,0.364588154443938,1,ONE_MODEL
2022-02-15,13.6078,False,False,False,0.056226408235228,0.4891419263021701,-0.8091490947026667,0,NONE
2022-02-16,13.6015,False,False,False,0.073070095185006,0.4870634253297285,-0.7585394714384162,0,NONE
2022-02-17,13.5839,False,False,False,0.0877325852635879,0.4908637585824906,-0.5981360565912937,0,NONE
2022-02-18,13.6522,False,False,False,0.1832205371803179,0.4939752671341169,-0.6043230430171054,0,NONE
2022-02-21,13.6754,False,False,False,0.097669148787922,0.488643870704275,-0.6382636513808908,0,NONE
2022-02-22,13.8129,False,False,False,0.4227283668355977,0.5069883303302436,-0.1359241459154763,0,NONE
2022-02-23,13.8286,False,False,False,0.275194338582344,0.4859918688932702,-0.6259228495909586,0,NONE
2022-02-24,14.0966,False,True,True,0.8115159764956958,0.549735007790374,1.1896290609167597,2,TWO_MODELS
2022-02-25,13.8788,False,True,True,0.6087439949539472,0.5260723669949244,1.2300146784557144,2,TWO_MODELS
2022-02-28,13.8723,False,False,False,0.238598702187858,0.4895558309756269,-1.6004809995406184,0,NONE
2022-03-01,13.9088,False,False,False,0.1794451627249818,0.4798541481800414,-2.0415095880077327,0,NONE
2022-03-02,14.0869,False,False,False,0.4012450091497717,0.5077161512480619,-0.5605816854775725,0,NONE
2022-03-03,14.1434,False,False,False,0.1492821335859544,0.4724394332324897,-1.5156132284560275,0,NONE
2022-03-04,14.2244,False,False,False,0.418789799269296,0.4889749236763979,-0.9813512628048837,0,NONE
2022-03-07,14.3929,False,True,False,0.6308506061909639,0.524638578581655,-0.01909452920957655,1,ONE_MODEL
2022-03-08,14.5004,False,True,True,0.7168867049991839,0.5209560023267975,0.00016478156318555648,2,TWO_MODELS
2022-03-09,14.6594,False,True,True,0.69374178264373,0.5333437310543779,0.3215677278151654,2,TWO_MODELS
2022-03-10,14.8751,False,True,True,0.8866565281404679,0.5505136801872142,0.8938286997277238,2,TWO_MODELS
2022-03-11,14.7786,True,True,True,2.633465876080528,0.542767998843766,2.370415443829292,3,ALL_THREE
2022-03-14,14.7808,True,False,False,2.432239576723758,0.4934092210280424,1.5668777276545143e-05,1,ONE_MODEL
2022-03-15,14.7037,True,False,True,2.198310483820912,0.4826082895379187,6.173116645058485e-05,2,TWO_MODELS
2022-03-16,14.6193,True,False,True,1.8921598648143,0.4738540986874718,0.5500286691724243,2,TWO_MODELS
2022-03-17,14.7144,True,False,True,1.7586444597068078,0.4619478954395151,1.3763966296087817,2,TWO_MODELS
2022-03-18,14.7905,False,False,False,0.1800625641143574,0.38359835218839,-2.7191567583959007,0,NONE
2022-03-21,14.8331,False,False,False,0.2002288768335376,0.3732635423326634,-3.299568166689429,0,NONE
2022-03-22,14.8285,False,False,False,0.1710759373073551,0.3750546818958932,-2.9430335667388654,0,NONE
2022-03-23,14.8296,False,False,False,0.2827544016510759,0.3785708637954296,-1.9318866943735582,0,NONE
2022-03-24,14.8366,False,False,False,0.1643014164610679,0.3700258776880289,-2.0487960482277625,0,NONE
2022-03-25,14.8317,False,False,False,0.0987028637278055,0.373250520626976,-1.568046164706665,0,NONE
2022-03-28,14.829,False,False,False,0.144245969422934,0.3860491825827195,-0.8330293688103065,0,NONE
2022-03-29,14.5738,False,False,False,0.8427758800033422,0.4387989223267543,-0.5064205682318619,0,NONE
2022-03-30,14.6667,False,False,False,0.4646399271130696,0.3778966683745999,-1.6220477024403106,0,NONE
2022-03-31,14.6724,False,False,False,0.4713007048743566,0.372333149808777,-2.47210545451164,0,NONE
2022-04-01,14.6857,False,False,False,0.475698647299679,0.370866050927004,-2.47785146155306,0,NONE
2022-04-04,14.6795,False,False,False,0.47514701438547,0.3717605279077645,-2.4851874147983946,0,NONE
2022-04-05,14.722,False,False,False,0.199259164644268,0.3695231523194792,-1.3987252157548227,0,NONE
2022-04-06,14.7139,False,False,False,0.0927629240293595,0.3620704324008232,-1.2641492763177542,0,NONE
2022-04-07,14.7429,False,False,False,0.1100822832652371,0.3565999026851067,-1.4189635075925402,0,NONE
2022-04-08,14.7443,False,False,False,0.1140433492272996,0.3529769406473247,-1.6787663919017142,0,NONE
2022-04-11,14.6631,False,False,False,0.2664559457457122,0.3611679130548313,-2.0676614381119833,0,NONE
2022-04-12,14.6013,False,False,False,0.2305939221785688,0.3686127990644415,-1.6426852749175094,0,NONE
2022-04-13,14.6003,False,False,False,0.2373109630953055,0.3582367248776926,-1.862277216658633,0,NONE
2022-04-14,14.6048,False,False,False,0.2090125881532969,0.3615790164905204,-1.5074781110434934,0,NONE
2022-04-15,14.6352,False,False,False,0.2454639447990964,0.3585624632134935,-1.8697785123818687,0,NONE
2022-04-18,14.64,False,False,False,0.1779181564649004,0.3476545575688117,-2.685491179269988,0,NONE
2022-04-19,14.6554,False,False,False,0.0930056989600282,0.3567354279605658,-1.7882914263766416,0,NONE
2022-04-20,14.6728,False,False,False,0.097478336280094,0.3584149533214688,-1.6849792273568287,0,NONE
2022-04-21,14.7041,False,False,False,0.1445207413729158,0.3607371083161114,-1.523413946238195,0,NONE
2022-04-22,14.7517,False,False,False,0.198642540138358,0.3582614387122656,-1.5261496074845926,0,NONE
2022-04-25,14.7686,False,False,False,0.172906400629238,0.3558246334591211,-1.3788504168040134,0,NONE
2022-04-26,14.8077,False,False,False,0.204771732627006,0.3671402110477514,-0.7037438961954301,0,NONE
2022-04-27,14.8168,False,False,False,0.1936121437839079,0.3575773005408611,-0.7399642523409948,0,NONE
2022-04-28,14.7915,False,False,False,0.2586813235475199,0.3531579673003744,-1.2025992331239657,0,NONE
2022-04-29,14.8562,False,False,False,0.4505962571389434,0.3563662349495218,-0.9827136533958765,0,NONE
2022-05-02,14.8784,False,False,False,0.192508718112608,0.3453996553577325,-1.5961094952420076,0,NONE
2022-05-03,14.7987,False,False,False,0.6366985132919135,0.3743334439603123,-1.5385481311690494,0,NONE
2022-05-04,14.7399,False,False,False,0.3978329798515694,0.3681750623621928,-2.254721134103841,0,NONE
2022-05-05,14.8667,False,False,False,0.7537966152158793,0.3757108385909146,-1.8753747156780936,0,NONE
2022-05-06,14.953,False,False,False,0.4992312999963529,0.3574141221752402,-2.784155552471354,0,NONE
2022-05-09,15.0973,False,False,False,0.6221175015613369,0.3759317377828968,-2.0921918596153546,0,NONE
2022-05-10,15.2561,False,False,False,0.594689866283827,0.3858203570751057,-1.7151822069280556,0,NONE
2022-05-11,15.3022,False,False,False,0.2484877364975229,0.3741247287750854,-0.4803646936837769,0,NONE
2022-05-12,15.3562,False,False,False,0.2787541517988294,0.3629621287169951,-0.8918654211206114,0,NONE
2022-05-13,15.4792,False,False,False,0.3422787361973571,0.3771700527389258,-0.40681520443660624,0,NONE
2022-05-16,15.56,False,False,False,0.2539244098052933,0.3710739713262514,-0.6850381582210883,0,NONE
2022-05-17,15.9107,True,False,False,1.1646442653686664,0.4531927971061883,-0.27569577710576,1,ONE_MODEL
2022-05-18,15.95,False,False,False,0.613328299058208,0.3878356623201711,-1.4328457199039413,0,NONE
2022-05-19,15.8538,False,False,False,0.8153593994785538,0.4117796266709267,-0.727814184542428,0,NONE
2022-05-20,15.9051,False,False,False,0.8763466426712735,0.3932748755489842,-1.7405062209890367,0,NONE
2022-05-23,15.9263,False,False,False,0.8918440825260904,0.3895540822483588,-1.932540875958237,0,NONE
2022-05-24,16.064,False,False,False,0.4376403445421142,0.3739269969801442,-2.020132455292922,0,NONE
2022-05-25,16.3832,False,False,False,0.7671411166033278,0.4322644665616221,-1.2196037422661394,0,NONE
2022-05-26,16.3659,False,False,False,0.6615909808577148,0.3921739590779168,-1.427074358207019,0,NONE
2022-05-27,16.1993,False,False,False,0.8672340517245531,0.4183475102427325,-1.0560736178156027,0,NONE
2022-05-30,16.38,False,False,False,0.8950451438692839,0.4033900199858621,-1.9457405250706916,0,NONE
2022-05-31,16.4148,False,False,False,0.8964053117309502,0.3923015838456145,-1.8591991669673789,0,NONE
2022-06-01,16.4018,False,False,False,0.6032919717496015,0.3714570660946939,-1.9607153968799391,0,NONE
2022-06-02,16.4566,False,False,False,0.6306643292389558,0.368974195636066,-2.07360564952803,0,NONE
2022-06-03,16.4174,False,False,False,0.4342677326828784,0.3739215807429514,-1.4189727171758442,0,NONE
2022-06-06,16.5859,False,False,False,0.3985816326927563,0.3746531445643157,-1.5222053820194734,0,NONE
2022-06-07,16.7654,False,False,False,0.4954912033043786,0.3858435584384707,-1.4741321622482584,0,NONE
2022-06-08,17.1627,False,False,False,0.7320928253024694,0.4543704292748462,-0.5252980814935881,0,NONE
2022-06-09,17.2662,False,False,False,0.7077673127370626,0.4175346294125381,-1.0897635601837106,0,NONE
2022-06-10,17.125,False,False,False,0.8400565919054769,0.4336254619475805,9.825977945965292e-06,0,NONE
2022-06-13,17.271,False,False,False,0.8316981993876135,0.412368660231899,-1.3258672691257676,0,NONE
2022-06-14,17.2711,False,False,False,0.860598037951061,0.4061987406874286,-1.2516549588050516,0,NONE
2022-06-15,17.2215,False,False,False,0.489704663380666,0.3838119732580416,-1.7779470303261427,0,NONE
2022-06-16,17.3002,False,False,False,0.4706824883269537,0.3771495307359926,-1.7655698956709767,0,NONE
2022-06-17,17.3156,False,False,False,0.3209358664326878,0.3758796632643302,-1.6714206149967374,0,NONE
2022-06-20,17.3282,False,False,False,0.1934282932846448,0.3733859196339505,-1.2942720840225057,0,NONE
2022-06-21,17.3358,False,False,False,0.2071939832073117,0.3719887867057,-1.2927754986237474,0,NONE
2022-06-22,17.3456,False,False,False,0.1383679850388557,0.3729615697445072,-0.8751462480509318,0,NONE
2022-06-23,17.3501,False,False,False,0.0872354394955581,0.3910367530290515,-0.04130315730727041,0,NONE
2022-06-24,16.8875,False,False,True,0.9879636681591876,0.4967533456421808,4.1365370604395935e-05,1,ONE_MODEL
2022-06-27,16.5309,False,False,True,0.94431732381946,0.5103694038737956,0.00021307046639940097,1,ONE_MODEL
2022-06-28,16.6728,False,False,True,0.9514197471071536,0.481573306371643,0.41552571675225014,1,ONE_MODEL
2022-06-29,16.6478,False,False,False,0.9350114247795271,0.4758566722386086,-0.662898054435578,0,NONE
2022-06-30,16.6919,False,False,False,0.957645861179304,0.4705905674439173,-0.5042184031583776,0,NONE
2022-07-01,16.7427,False,False,False,0.7115744310131763,0.4022291928147838,-1.9057590008835117,0,NONE
2022-07-04,16.8367,False,False,True,0.352505172880848,0.3947408878445304,0.00023220105640753275,1,ONE_MODEL
2022-07-05,16.9942,False,False,False,0.3704877781684239,0.3960918748386455,-0.5172508280423092,0,NONE
2022-07-06,17.232,False,False,False,0.6734255133976159,0.4205479424269565,-0.4538498959712527,0,NONE
2022-07-07,17.2726,False,False,False,0.669390954518996,0.3942602168762412,-1.4206639193222141,0,NONE
2022-07-08,17.289,False,False,False,0.6297370043976699,0.3887030214208749,-1.7029808775201545,0,NONE
2022-07-11,17.3744,False,False,False,0.591812150938612,0.387338513996419,-2.022601631544873,0,NONE
2022-07-12,17.2915,False,False,False,0.4198073282098347,0.3682491868111716,-2.706444938669531,0,NONE
2022-07-13,17.4303,False,False,False,0.2918283203480415,0.3579455391646634,-3.2538463076221458,0,NONE
2022-07-14,17.4493,False,False,False,0.2935403922236349,0.3472818767547964,-3.9428389921696514,0,NONE
2022-07-15,17.405,False,False,False,0.318727570093769,0.3499091637188545,-3.8698380588783046,0,NONE
2022-07-18,17.4615,False,False,False,0.3042155526433862,0.3464848788044496,-3.615253232560626,0,NONE
2022-07-19,17.5517,False,False,False,0.2435490143076107,0.352619208624205,-2.8941379925279413,0,NONE
2022-07-20,17.6228,False,False,False,0.1847783530014544,0.3538402016779727,-2.049906737814183,0,NONE
2022-07-21,17.7149,False,False,False,0.1960647368005104,0.357388166977869,-1.645319908358923,0,NONE
2022-07-22,17.7289,False,False,False,0.1108581858580119,0.3583791595714081,-1.1485627825892823,0,NONE
2022-07-25,17.8005,False,False,False,0.1099932768415781,0.362470730413509,-0.7355592184549842,0,NONE
2022-07-26,17.8623,False,False,False,0.1014615274563136,0.3628993490282076,-0.7136297756045362,0,NONE
2022-07-27,17.89,False,False,False,0.1145950748457784,0.355145603967447,-0.9272514062548503,0,NONE
2022-07-28,17.9301,False,False,False,0.0850993046842864,0.3579089688805545,-0.984133311509531,0,NONE
2022-07-29,17.8963,False,False,False,0.3394812038109831,0.3652740562222314,-1.0125202204587396,0,NONE
2022-08-01,17.8957,False,False,False,0.2004121382690847,0.3522714431441429,-1.7926988804515407,0,NONE
2022-08-02,17.9369,False,False,False,0.1120997357698075,0.3481555559470952,-1.955716751599633,0,NONE
2022-08-03,17.924,False,False,False,0.2155060276872992,0.3527363464899908,-1.526961059795486,0,NONE
2022-08-04,17.9173,False,False,False,0.1938016831189895,0.3543575582601565,-1.4155828409978835,0,NONE
2022-08-05,17.9111,False,False,False,0.1777192666873376,0.3561528751642703,-1.4383920560623906,0,NONE
2022-08-08,17.9482,False,False,False,0.0922542336439826,0.3517625381752362,-1.773149103835495,0,NONE
2022-08-09,17.9694,False,False,False,0.0801181185119771,0.351482319822872,-1.4521878598685642,0,NONE
2022-08-10,17.8566,False,False,False,0.7829700540396133,0.3986983892095053,-0.35843870426779034,0,NONE
2022-08-11,17.9495,False,False,False,0.3546416913351709,0.3559395700265171,-1.966314746713694,0,NONE
2022-08-12,17.9542,False,False,False,0.2796211114464294,0.3439974358477531,-2.824561447241548,0,NONE
2022-08-15,17.9724,False,False,False,0.2747248346942705,0.3432056099626397,-2.6960162700957397,0,NONE
2022-08-16,17.9548,False,False,False,0.2758583700347307,0.3486880620368929,-2.306058398184927,0,NONE
2022-08-17,17.9614,False,False,False,0.1661901324179668,0.3486581220925083,-1.5617768274471242,0,NONE
2022-08-18,18.0848,False,False,False,0.5665096162373997,0.368955196039067,-0.8720822859997508,0,NONE
2022-08-19,18.0917,False,False,False,0.2203750706956222,0.3425944511769184,-2.3547182894358745,0,NONE
2022-08-22,18.0851,False,False,False,0.2322184497742258,0.3422694146581597,-2.3674721491851507,0,NONE
2022-08-23,18.1129,False,False,False,0.2138712141740652,0.3424058355864462,-2.4153204508841295,0,NONE
2022-08-24,18.1457,False,False,False,0.2066967086812113,0.3437535852688912,-2.3329105579663256,0,NONE
2022-08-25,18.1663,False,False,False,0.0648048798817067,0.3492650746721618,-1.455250424617624,0,NONE
2022-08-26,18.1894,False,False,False,0.061952597560485,0.3482490541643139,-1.4217008328636958,0,NONE
2022-08-29,18.1993,False,False,False,0.0353191240627759,0.3555687173141091,-1.1891188276306615,0,NONE
2022-08-30,18.2148,False,False,False,0.0358184193322626,0.3549657222649208,-1.2112938746156594,0,NONE
2022-08-31,18.2064,False,False,False,0.122545423337229,0.3506405981816152,-1.2282428735716664,0,NONE
2022-09-01,18.2107,False,False,False,0.0552584930624643,0.3489646275875572,-1.3194816315471645,0,NONE
2022-09-02,18.2191,False,False,False,0.0424377658255214,0.3539664354111511,-1.2005118674145745,0,NONE
2022-09-05,18.2251,False,False,False,0.0529862766514538,0.3537021312617929,-1.1699796195614294,0,NONE
2022-09-06,18.2302,False,False,False,0.0494872034888904,0.3563627915641671,-1.076597607549095,0,NONE
2022-09-07,18.2348,False,False,False,0.0477035838936005,0.3598683390690202,-0.7912343153826829,0,NONE
2022-09-08,18.2354,False,False,False,0.137505904342308,0.3620821823356506,-0.6599828012570335,0,NONE
2022-09-09,18.24,False,False,False,0.0853356647682163,0.3604741480678574,-0.6986818366475784,0,NONE
2022-09-12,18.2352,False,False,False,0.1667885647098881,0.3620988518069579,-0.6387887186936752,0,NONE
2022-09-13,18.255,False,False,False,0.0561396097548988,0.3531747774644856,-0.9444756166841408,0,NONE
2022-09-14,18.2448,False,False,False,0.2246108549985672,0.3557270763003574,-0.7723953192658222,0,NONE
2022-09-15,18.2711,False,False,False,0.1043583228430353,0.3493480530106759,-0.9403999638925153,0,NONE
2022-09-16,18.2628,False,False,False,0.3439897620782144,0.3530614889849621,-0.5103604014133971,0,NONE
2022-09-19,18.2802,False,False,False,0.1667915890442301,0.3433786361522354,-0.8427653846087519,0,NONE
2022-09-20,18.3132,False,False,False,0.451158023511492,0.3520106218907686,-0.2614861062069149,0,NONE
2022-09-21,18.3347,False,False,False,0.2153913023508426,0.3448938775581867,-0.7137581787356755,0,NONE
2022-09-22,18.3371,False,False,False,0.1430716301178825,0.3419323845071018,-0.9691444251951911,0,NONE
2022-09-23,18.418,True,False,True,1.402756683249338,0.3953936918563531,0.9478451995941279,2,TWO_MODELS
2022-09-26,18.4774,False,False,False,0.5924210293369406,0.3562327252593544,-0.6260199814281666,0,NONE
2022-09-27,18.4431,False,False,False,0.5268927143370136,0.3597246517025012,-1.3289762983537212,0,NONE
2022-09-28,18.5488,False,False,False,0.93108211780343,0.3800566244207493,-1.0636495451511774,0,NONE
2022-09-29,18.5075,False,False,False,0.7231834902172698,0.3670877832975519,-1.4411750829548513,0,NONE
2022-09-30,18.502,False,False,False,0.6776144987242566,0.3483743750172003,-2.237692494787261,0,NONE
2022-10-03,18.5568,False,False,False,0.679334902248056,0.3510755020952185,-2.0618395857020495,0,NONE
2022-10-04,18.5681,False,False,False,0.644530725367868,0.3456107995047763,-2.1899825337386627,0,NONE
2022-10-05,18.594,False,False,False,0.4370061473631929,0.3357106822426789,-2.22406037316987,0,NONE
2022-10-06,18.584,False,False,False,0.3194170333941064,0.3368626014088532,-1.7440941161584842,0,NONE
2022-10-07,18.616,False,False,False,0.2996910733157958,0.3380394516641921,-1.8033859926457048,0,NONE
2022-10-10,18.5806,False,False,False,0.3703304829560396,0.3490278792508344,-1.5571651471626033,0,NONE
2022-10-11,18.5902,False,False,False,0.3496096494116749,0.3345888787479791,-2.1066522838363486,0,NONE
2022-10-12,18.5589,False,False,False,0.360827186154312,0.3514042699853684,-1.7448519382779768,0,NONE
2022-10-13,18.553,False,False,False,0.3733351092077746,0.3419914412068152,-2.036721704062785,0,NONE
2022-10-14,18.5606,False,False,False,0.2805363556101853,0.3435347293276826,-1.5986929873953635,0,NONE
2022-10-17,18.5815,False,False,False,0.2705840479958711,0.337582576709041,-1.720447362570722,0,NONE
2022-10-18,18.5829,False,False,False,0.2661791798318818,0.3382738936733315,-1.7000452625032363,0,NONE
2022-10-19,18.5791,False,False,False,0.1482218636284872,0.3458162473083174,-1.032144841212352,0,NONE
2022-10-20,18.5913,False,False,False,0.1324371168932927,0.3453659814299969,-0.9280861357028574,0,NONE
2022-10-21,18.5868,False,False,False,0.1542671015221298,0.3457877404062541,-0.9860453335293453,0,NONE
2022-10-24,18.603,False,False,False,0.1320709774373334,0.3450213749342447,-0.8163646508529165,0,NONE
2022-10-25,18.5947,False,False,False,0.1551555846988164,0.3451924401610073,-0.9527650650086237,0,NONE
2022-10-26,18.6016,False,False,False,0.1491873025580213,0.3448757681269874,-0.8575318172467661,0,NONE
2022-10-27,18.5956,False,False,False,0.1466281044776501,0.3481448542064204,-0.7997973625927326,0,NONE
2022-10-28,18.589,False,False,False,0.1509799799692062,0.3495973126042779,-0.7837950727685037,0,NONE
2022-10-31,18.6139,False,False,False,0.2490134468261379,0.3452364284770156,-0.54840245697957,0,NONE
2022-11-01,18.5776,False,False,False,0.5559952816298365,0.3689128581458714,-0.7273710132974678,0,NONE
2022-11-02,18.6281,False,False,False,0.6417053554191027,0.3614207568648638,-0.6343135669881779,0,NONE
2022-11-03,18.6173,False,False,False,0.5578813464692399,0.3432596559506489,-1.725453724108597,0,NONE
2022-11-04,18.5622,False,False,False,0.6886142958322776,0.3864224234458589,-0.9345648960150967,0,NONE
2022-11-07,18.4998,False,False,False,0.6956992573075711,0.3965883265135049,-0.7883983935393903,0,NONE
2022-11-08,18.5269,False,False,False,0.7591152669446999,0.373437324282174,-0.5818283280982559,0,NONE
2022-11-09,18.588,False,False,False,0.7950779884758112,0.3803389948705354,-0.21917631314312835,0,NONE
2022-11-10,18.4871,True,False,True,1.0300637723850234,0.4355712216530363,0.09790659355733311,2,TWO_MODELS
2022-11-11,18.5474,True,False,False,1.1122833372327234,0.4079095311532522,-6.817526478819502e-05,1,ONE_MODEL
2022-11-14,18.6007,True,False,False,1.018499614338358,0.3887427418610816,-0.4005330335880508,1,ONE_MODEL
2022-11-15,18.603,True,False,False,1.0253158385856886,0.3800694998703131,-0.4996027760523578,1,ONE_MODEL
2022-11-16,18.5863,False,False,False,0.9626504297973086,0.3789999169531905,-0.9066863678345118,0,NONE
2022-11-17,18.5928,False,False,False,0.5016194417585793,0.3492072702384366,-1.5423335067843524,0,NONE
2022-11-18,18.6178,False,False,False,0.3918183517990438,0.3441906838478412,-1.555306903956744,0,NONE
2022-11-21,18.6223,False,False,False,0.2189892566114012,0.3430653143168718,-1.1472020719384997,0,NONE
2022-11-22,18.6108,False,False,False,0.2430462469038835,0.3449204464704019,-1.280648635232243,0,NONE
2022-11-23,18.6169,False,False,False,0.1911340849671184,0.3446327479459846,-0.9704212057887549,0,NONE
2022-11-24,18.6289,False,False,False,0.1950967915584522,0.3441198394601253,-0.9348369248782742,0,NONE
2022-11-25,18.6289,False,False,False,0.1296601000256512,0.3499760767786078,-0.6226394118623837,0,NONE
2022-11-28,18.627,False,False,False,0.1303381677318732,0.3498533827954192,-0.6204055468053937,0,NONE
2022-11-29,18.6364,False,False,False,0.0878615683390318,0.3543434457739944,-0.33075920278362503,0,NONE
2022-11-30,18.6335,False,False,False,0.1013209478029077,0.3526578479201732,-0.4540807957175481,0,NONE
2022-12-01,18.633,False,False,False,0.0726045820343063,0.3581015674840569,-0.24945139269672545,0,NONE
2022-12-02,18.6307,False,False,False,0.0754898759244677,0.3571569316678132,-0.2640191204489746,0,NONE
2022-12-05,18.6391,False,False,False,0.088242534788181,0.3533504043455955,-0.3060714545450711,0,NONE
2022-12-06,18.6346,False,False,False,0.0850230944256172,0.3589216942017915,-0.25341070296870427,0,NONE
2022-12-07,18.6361,False,False,False,0.0727814639702778,0.3574814536709234,-0.2330697460379163,0,NONE
2022-12-08,18.6428,False,False,False,0.0824433924591995,0.3569261064672193,-0.17091873883503794,0,NONE
2022-12-09,18.6433,False,False,False,0.0963012141701778,0.3592507882045697,-0.13095640953097565,0,NONE
2022-12-12,18.6364,False,False,True,0.20329068497188,0.3632297764039283,0.042580170662207095,1,ONE_MODEL
2022-12-13,18.6424,False,False,False,0.0812309938214229,0.3604535392690389,-0.00025263952250931254,0,NONE
2022-12-14,18.6223,False,False,True,0.4211861959273094,0.3705314143296629,0.004089483624275303,1,ONE_MODEL
2022-12-15,18.6423,False,False,False,0.3475609671367272,0.3537472970256248,-0.05798507093143179,0,NONE
2022-12-16,18.6564,False,False,False,0.2521396233299603,0.3483004767852653,-0.5773613814242857,0,NONE
2022-12-19,18.65,False,False,False,0.2576625941126371,0.3469294238510112,-0.9867502361725293,0,NONE
2022-12-20,18.6575,False,False,False,0.2623140313562719,0.3453680023209388,-0.8610378157813194,0,NONE
2022-12-21,18.6662,False,False,False,0.1765263629375834,0.3516565333373936,-0.43074706698086196,0,NONE
2022-12-22,18.655,False,False,False,0.2605059888037433,0.3537749876216071,-0.4590410901118265,0,NONE
2022-12-23,18.6755,False,False,False,0.3659424142515635,0.3529531449609963,-0.04628969702277885,0,NONE
2022-12-26,18.6626,False,False,False,0.290187826110019,0.3535306527568791,-0.7526759360116433,0,NONE
2022-12-27,18.6813,False,False,False,0.3224025073256931,0.347494604597846,-0.47379004791752877,0,NONE
2022-12-28,18.7117,False,False,False,0.5359762618085705,0.3564714692129402,-0.2935942219209089,0,NONE
2022-12-29,18.7069,False,False,False,0.3429111444018169,0.3432286605672526,-1.2806659797337652,0,NONE
2022-12-30,18.7058,False,False,False,0.3382963258588489,0.3424371097746468,-1.350361700148568,0,NONE
2023-01-02,18.7127,False,False,False,0.2792149459564667,0.3413972232287892,-1.0727666115729075,0,NONE
2023-01-03,18.7198,False,False,False,0.2633016622425707,0.3419380483822489,-0.990628029655312,0,NONE
2023-01-04,18.7381,False,False,False,0.2665096941363526,0.3526074535987584,-0.09194719913445226,0,NONE
2023-01-05,18.7635,False,False,True,0.3849945041941068,0.3516495928840112,0.0001671446053066461,1,ONE_MODEL
2023-01-06,18.7134,True,False,False,1.0124064422088652,0.4035321932683052,-0.10488831795269071,1,ONE_MODEL
2023-01-09,18.7673,False,False,False,0.6946496661593853,0.3716649047477334,-0.439332117785181,0,NONE
2023-01-10,18.7747,False,False,False,0.6944124520596623,0.3505878544018029,-1.3560664042841477,0,NONE
2023-01-11,18.769,False,False,False,0.7006918756679349,0.3522747351325253,-1.31303673656058,0,NONE
2023-01-12,18.7824,False,False,False,0.6798858362820761,0.3507198077051662,-1.3050509692442063,0,NONE
2023-01-13,18.7813,False,False,False,0.4314093438557174,0.3432387414301464,-1.5295224470359567,0,NONE
2023-01-16,18.7874,False,False,False,0.136062778323736,0.3473035472886834,-0.5461433638391,0,NONE
2023-01-17,18.7695,False,False,False,0.3012986344348936,0.3535426490446646,-0.6423209750254824,0,NONE
2023-01-18,18.7984,False,False,False,0.3113271185347103,0.3412632347490675,-0.909925903054269,0,NONE
2023-01-19,18.7901,False,False,False,0.3176113899723148,0.3416528120911823,-1.3583461547252007,0,NONE
2023-01-20,18.8066,False,False,False,0.3363953341791719,0.3388408991404504,-1.3594350115838019,0,NONE
2023-01-23,18.8103,False,False,False,0.3380903488028332,0.3379358795867383,-1.5129367566527048,0,NONE
2023-01-24,18.7967,False,False,False,0.3205142541301595,0.3457621573238239,-1.2350312257641516,0,NONE
2023-01-25,18.7886,False,False,False,0.2270161535936834,0.3471077479391346,-0.943239665372273,0,NONE
2023-01-26,18.8031,False,False,False,0.2505393194308066,0.3425379091592203,-0.9350981055657783,0,NONE
2023-01-27,18.8052,False,False,False,0.2144115603747372,0.3436927582028182,-0.9302743659768495,0,NONE
2023-01-30,18.7917,False,False,False,0.2499864987211641,0.3497314534807074,-0.9071147894565268,0,NONE
2023-01-31,18.8105,False,False,False,0.2913468036072588,0.342940379154176,-0.9400663701434748,0,NONE
2023-02-01,18.8056,False,False,False,0.2941357548009734,0.3423470589075615,-1.2021664955760567,0,NONE
2023-02-02,18.8004,False,False,False,0.3357076026914181,0.3444515711814622,-1.2435851942943774,0,NONE
2023-02-03,18.8189,False,False,False,0.4490418526933508,0.3459929099343974,-1.0093520722635976,0,NONE
2023-02-06,18.8264,False,False,False,0.387192132205546,0.3434863143403671,-1.2004238053971097,0,NONE
2023-02-07,18.8275,False,False,False,0.3235789457823322,0.3440942808090744,-1.1010006680518387,0,NONE
2023-02-08,18.8293,False,False,False,0.2955591082707465,0.344462727490753,-1.0006018090102078,0,NONE
2023-02-09,18.8276,False,False,False,0.2660419394632778,0.3475078856056232,-0.8829863415436776,0,NONE
2023-02-10,18.8332,False,False,False,0.123802791710204,0.3543133873656288,-0.11810903250069238,0,NONE
2023-02-13,18.8403,False,False,False,0.1195194674057771,0.3554697106204679,-0.05962017687484966,0,NONE
2023-02-14,18.8367,False,False,False,0.1552059812813974,0.3561100013269135,-0.3293498249936242,0,NONE
2023-02-15,18.8497,False,False,False,0.2286891958891421,0.3517240969290028,-0.36466876974681917,0,NONE
2023-02-16,18.8468,False,False,False,0.2380849606901193,0.3504531848655826,-0.7226939390153895,0,NONE
2023-02-17,18.8618,False,False,False,0.2924847356708434,0.3498427586294474,-0.5076893950335464,0,NONE
2023-02-20,18.8651,False,False,False,0.2933847923018151,0.3460993022358342,-0.9286016031239335,0,NONE
2023-02-21,18.8662,False,False,False,0.2614883527686834,0.3490194004489363,-0.8264234925730349,0,NONE
2023-02-22,18.8725,False,False,False,0.2273123204536148,0.3503581445565485,-0.6067920505058577,0,NONE
2023-02-23,18.8721,False,False,False,0.2060759882502452,0.3524386121333447,-0.568527200483091,0,NONE
2023-02-24,18.8764,False,False,True,0.0890904255028655,0.3599482398405413,0.05068085681654111,1,ONE_MODEL
2023-02-27,18.884,False,False,False,0.1144175181645057,0.3592091260796996,-0.001086281536343492,0,NONE
2023-02-28,18.8832,False,False,False,0.1299585518918799,0.3591357302507905,-0.15886403281524686,0,NONE
2023-03-01,18.8828,False,False,False,0.126580523146973,0.359616682450621,-0.14882539967740094,0,NONE
2023-03-02,18.8908,False,False,False,0.1425787399204537,0.3587803130458285,-0.1293152197852887,0,NONE
2023-03-03,18.8944,False,False,False,0.142256255551119,0.3573216549422341,-0.22456552918834127,0,NONE
2023-03-06,18.8961,False,False,False,0.121790531603065,0.358797403305765,-0.11856135676638324,0,NONE
2023-03-07,18.9194,False,False,False,0.372863532221006,0.354309177878183,-0.22866351305689392,0,NONE
2023-03-08,18.9381,False,False,False,0.3237035153538461,0.3504141073202881,-0.56215174004444,0,NONE
2023-03-09,18.9556,False,False,False,0.3308605179488574,0.3493970936968839,-0.7008496809623903,0,NONE
2023-03-10,18.9658,False,False,False,0.289890522026495,0.3470980869724435,-0.8797982394944537,0,NONE
2023-03-13,18.9668,False,False,False,0.3003468571617483,0.3468486722576857,-0.9439919517072877,0,NONE
2023-03-14,18.9746,False,False,False,0.2507117965750298,0.3494893743539016,-0.7861169235403516,0,NONE
2023-03-15,18.9918,False,False,False,0.2362628930723891,0.35218467142573,-0.4511305228401703,0,NONE
2023-03-16,18.9957,False,False,False,0.2151859549846121,0.3492988585829737,-0.6674514999704169,0,NONE
2023-03-17,19.0086,False,False,False,0.2285916108219026,0.3504985173986044,-0.6070863018756736,0,NONE
2023-03-20,19.0005,False,False,False,0.339531204621026,0.3529092499303689,-0.816627698301069,0,NONE
2023-03-21,19.0196,False,False,False,0.3921057477949546,0.3469557630649618,-0.8645395883551767,0,NONE
2023-03-22,19.038,False,False,False,0.4080265791313576,0.3462031562908005,-0.9682743973270238,0,NONE
2023-03-23,19.0283,False,False,False,0.5068109508162273,0.3573558795303109,-0.9220607394218217,0,NONE
2023-03-24,19.0612,False,False,False,0.6425485553283498,0.3617025530715487,-0.4174199904443494,0,NONE
2023-03-27,19.0895,False,False,False,0.558959713063932,0.3523721656776812,-0.8122051909312482,0,NONE
2023-03-28,19.1156,False,False,False,0.5648773024034297,0.3513030149666695,-0.9330357764124333,0,NONE
2023-03-29,19.1247,False,False,False,0.588259106435744,0.3466121267761675,-1.2183251781967517,0,NONE
2023-03-30,19.1607,False,False,False,0.4430466044647443,0.3556430445384338,-0.45553568195047234,0,NONE
2023-03-31,19.1707,False,False,False,0.4473264104394157,0.3449820547939201,-1.2786739215844207,0,NONE
2023-04-03,19.1802,False,False,False,0.5243691720484516,0.3472731894109047,-1.2252478569551517,0,NONE
2023-04-04,19.2195,False,False,False,0.6189649426547168,0.36096796150051,-0.6099179430829942,0,NONE
2023-04-05,19.2396,False,False,False,0.5658710641435972,0.34821618237799,-1.1944471526039209,0,NONE
2023-04-06,19.2476,False,False,False,0.5284499170309639,0.3460616601362444,-1.1970030152924167,0,NONE
2023-04-07,19.2376,False,False,False,0.7164968459005284,0.3678453020323283,-0.3685432243070057,0,NONE
2023-04-10,19.2663,False,False,False,0.738380900350236,0.3563533209655085,-0.7065131266752456,0,NONE
2023-04-11,19.2875,False,False,False,0.6021858013767416,0.3467468332394179,-1.1640035631228578,0,NONE
2023-04-12,19.312,False,False,False,0.6316420776495734,0.3487451378207321,-1.06306858937681,0,NONE
2023-04-13,19.3199,False,False,False,0.642756487841406,0.3487337985821141,-1.0188619202222853,0,NONE
2023-04-14,19.3477,False,False,False,0.338695025820916,0.3476869136058469,-1.0067306130083047,0,NONE
2023-04-17,19.388,False,False,False,0.4457353166583421,0.3541954481598527,-0.8262516614342825,0,NONE
2023-04-18,19.3882,False,False,False,0.6277959780539887,0.3576437963111815,-0.671162458292681,0,NONE
2023-04-19,19.3938,False,False,False,0.6748203633076376,0.3526124843874157,-0.8382296916699019,0,NONE
2023-04-20,19.3861,False,False,False,0.7855866624392587,0.3700437270906888,-0.2918617978627349,0,NONE
2023-04-21,19.401,False,False,False,0.7250901174049019,0.350698546134736,-0.9025658600032962,0,NONE
2023-04-24,19.4009,False,False,False,0.3354243556789462,0.3519249135255889,-0.8407044765676055,0,NONE
2023-04-25,19.4265,False,False,False,0.5167357308777837,0.3472767716101451,-1.1796912671180504,0,NONE
2023-04-26,19.4147,False,False,False,0.6170159067353967,0.3654646886118102,-0.6301174941760888,0,NONE
2023-04-27,19.4342,False,False,False,0.6050509668003808,0.3476363514541957,-1.1628552243488421,0,NONE
2023-04-28,19.4482,False,False,False,0.6039883208112256,0.3464404969803726,-1.2055050277547696,0,NONE
2023-05-01,19.4379,False,False,False,0.6734441870278856,0.3639862030544157,-0.6431885896959564,0,NONE
2023-05-02,19.4624,False,False,False,0.6584009405727538,0.3501697172694251,-0.9036501852522463,0,NONE
2023-05-03,19.4734,False,False,False,0.5178180535105299,0.3441183208723062,-1.354454121708665,0,NONE
2023-05-04,19.4899,False,False,False,0.5065843743447888,0.344603505277505,-1.3159821633213635,0,NONE
2023-05-05,19.5138,False,False,False,0.5510240201040127,0.3465218319414268,-1.1158643606707734,0,NONE
2023-05-08,19.5018,False,False,False,0.5626870056319938,0.3604549222217258,-0.6875042707957579,0,NONE
2023-05-09,19.5096,False,False,False,0.5117369658450962,0.3445320232404799,-1.3615486007667652,0,NONE
2023-05-10,19.5385,False,False,False,0.603218905226256,0.3493156059571405,-0.867611405271477,0,NONE
2023-05-11,19.537,False,False,False,0.6422752079374997,0.3497700242663257,-0.9918345844210403,0,NONE
2023-05-12,19.564,False,False,False,0.6611666328404159,0.3508590958350427,-0.8116636865850833,0,NONE
2023-05-15,19.6553,True,False,True,1.310801018272307,0.4344594514609692,0.7727027979938308,2,TWO_MODELS
2023-05-16,19.7211,True,False,False,1.0024098048121572,0.3921442507703191,-0.1669755161474331,1,ONE_MODEL
2023-05-17,19.755,False,False,False,0.9848386494995064,0.377822323294172,-0.38685451737411647,0,NONE
2023-05-18,19.7917,False,False,False,0.737529011184299,0.3593986564021141,-0.8748416011199147,0,NONE
2023-05-19,19.8124,False,False,False,0.7820306324294227,0.3618038339557925,-0.7198687146428053,0,NONE
2023-05-22,19.8246,False,False,False,0.5581075748581416,0.3490144630063573,-1.2665914442687356,0,NONE
2023-05-23,19.8489,False,False,False,0.272663234092194,0.3456858902527404,-1.0484016417712088,0,NONE
2023-05-24,19.8912,False,False,False,0.3283579347656671,0.3487659046547918,-1.0269892635872715,0,NONE
2023-05-25,19.9279,False,False,False,0.3247709572422599,0.3469815320102731,-1.1134101510309673,0,NONE
2023-05-26,19.9662,False,False,False,0.3275960192243108,0.3484423092853227,-1.0745528296325197,0,NONE
2023-05-29,20.0926,True,False,False,1.0248321660743738,0.4139047678824128,-0.023956951545091698,1,ONE_MODEL
2023-05-30,20.4955,True,True,True,2.8983855414582056,0.5376979311119083,1.5143281902515966,3,ALL_THREE
2023-05-31,20.7815,True,False,False,1.2588793749799865,0.4629979014909347,-0.0003197726496981801,1,ONE_MODEL
2023-06-01,20.8023,True,False,True,1.289101380588883,0.4406353467615876,0.33380291198586143,2,TWO_MODELS
2023-06-02,20.9567,True,False,False,1.1320580462892509,0.4340764747249012,-0.12347402069280555,1,ONE_MODEL
2023-06-05,21.2569,True,False,True,1.0056656596525395,0.4546218503767778,0.0004205707565549943,2,TWO_MODELS
2023-06-06,21.5686,False,False,False,0.751105977660897,0.4369561986623428,-0.09353768852825795,0,NONE
2023-06-07,23.2553,True,True,True,3.098041520080465,0.6822822333184482,1.9284362435070745,3,ALL_THREE
2023-06-08,23.1098,True,True,True,1.5347541541227745,0.5920080392821984,1.0295379706684846,3,ALL_THREE
2023-06-09,23.3834,True,True,False,1.5077516451000312,0.5880922847812594,-0.3552292566229216,2,TWO_MODELS
2023-06-12,23.6125,True,True,False,1.5215927420599784,0.5875395355652561,-0.33394245430492653,2,TWO_MODELS
2023-06-13,23.6313,True,True,True,1.5822814829678482,0.5794204631484821,0.034894998624864115,3,ALL_THREE
2023-06-14,23.5614,False,False,False,0.3672960768393974,0.4470176301750586,-1.2445897097618026,0,NONE
2023-06-15,23.6458,False,False,False,0.2869522243300551,0.4457927171080481,-1.5540085194379287,0,NONE
2023-06-16,23.6143,False,False,False,0.2328584130352977,0.4410480015492984,-1.0754515138515348,0,NONE
2023-06-19,23.5748,False,False,True,0.1503506691772141,0.4473110424662034,0.09878921862342338,1,ONE_MODEL
2023-06-20,23.5601,False,False,False,0.1334097336658819,0.444684662149563,-0.01530478553909731,0,NONE
2023-06-21,23.5664,False,False,False,0.1192385404667887,0.4419686263868601,-0.37124738762630116,0,NONE
2023-06-22,24.8748,True,True,False,1.3879930748862774,0.5719418562889121,-0.9035303852111731,2,TWO_MODELS
2023-06-23,25.2305,False,True,False,0.9544632112522824,0.528446084877482,-1.9469145237699585,1,ONE_MODEL
2023-06-26,25.9038,False,True,False,0.8881454866069192,0.5583364764047464,-1.9481287223504875,1,ONE_MODEL
2023-06-27,25.9814,False,True,False,0.8604049249618237,0.5422026671202844,-1.1772041370025956,1,ONE_MODEL
2023-06-28,26.0387,False,True,False,0.8449705016896001,0.5418260137285836,-1.0755688355115307,1,ONE_MODEL
2023-06-29,26.0194,False,False,False,0.4358785810768266,0.4942202156196942,-0.8850212518001666,0,NONE
2023-06-30,25.8881,False,False,False,0.4735804747609442,0.4918772933156577,-0.6028051807227826,0,NONE
2023-07-03,25.9212,False,False,False,0.1227747820532923,0.4881022594014647,-0.0004559601204867647,0,NONE
2023-07-04,25.9613,False,False,True,0.1125805158502476,0.4837573178703935,0.04099934444372444,1,ONE_MODEL
2023-07-05,26.067,False,False,False,0.1300605449716994,0.4654499030432452,-0.2548137542425071,0,NONE
2023-07-06,26.0728,False,False,False,0.1284784302044122,0.4556349836525082,-0.6397559513725923,0,NONE
2023-07-07,26.0375,False,False,False,0.1366199848587624,0.4544718265372303,-0.007093109838914202,0,NONE
2023-07-10,26.0886,False,False,False,0.090250281312046,0.4491864168786333,-0.3187416532478178,0,NONE
2023-07-11,26.0934,False,False,False,0.0893255970896028,0.4443583511767454,-0.44632572471500076,0,NONE
2023-07-12,26.1246,False,False,False,0.0702743815780545,0.4469213564875576,-0.1265082863660023,0,NONE
2023-07-13,26.0296,False,False,True,0.1631989560236837,0.4431402430698776,0.0002515743499955647,1,ONE_MODEL
2023-07-14,26.1253,False,False,False,0.103946686289982,0.428868211651183,-0.7066469917010618,0,NONE
2023-07-17,26.3211,False,False,False,0.187366269478245,0.4270836624668949,-0.8595212236599199,0,NONE
2023-07-18,26.9155,False,False,False,0.5645660705669575,0.4634858572204512,-0.7286449267255346,0,NONE
2023-07-19,26.7849,False,False,False,0.4145243585992762,0.4412661642035554,-1.1105376125231015,0,NONE
2023-07-20,26.747,False,False,False,0.39903765815098,0.4170458318208717,-1.0616660772891215,0,NONE
2023-07-21,26.9681,False,False,False,0.3993829473466166,0.4188984309033478,-1.1659663957141202,0,NONE
2023-07-24,26.9499,False,False,False,0.4147692013880579,0.4117703154932992,-0.8633124170509685,0,NONE
2023-07-25,26.9079,False,False,False,0.1840253399366306,0.3959161580722097,-1.079033575567177,0,NONE
2023-07-26,26.907,False,False,False,0.1553797793556521,0.386032301706469,-1.6367159876311153,0,NONE
2023-07-27,26.9021,False,False,False,0.1501139906603265,0.3812695342275209,-1.7685101620931896,0,NONE
2023-07-28,26.8765,False,False,False,0.1097537526106835,0.4036337600907371,-0.00034158521843963285,0,NONE
2023-07-31,26.9113,False,False,False,0.0402422987127199,0.3884734923740632,-0.6419046277651503,0,NONE
2023-08-01,26.9178,False,False,False,0.0707177271277031,0.385888011542961,-0.809380012063313,0,NONE
2023-08-02,26.9181,False,False,False,0.0776413446009026,0.3855628936051276,-0.8560411326901178,0,NONE
2023-08-03,26.9555,False,False,False,0.0396023449927879,0.3835512452410452,-1.069878965237839,0,NONE
2023-08-04,26.914,False,False,False,0.1382535892926846,0.3829490731464368,-0.9363427728268494,0,NONE
2023-08-07,26.9624,False,False,False,0.0488849913522377,0.3764962717619953,-1.2488535543067592,0,NONE
2023-08-08,26.982,False,False,False,0.0490363206692182,0.3750509759080879,-1.2879834627987474,0,NONE
2023-08-09,26.9901,False,False,False,0.0597266947335419,0.3734557351676541,-1.2706702409418948,0,NONE
2023-08-10,26.9981,False,False,False,0.0578936923248974,0.3739988070204312,-1.1619031787426817,0,NONE
2023-08-11,26.9654,False,False,False,0.1337592069486362,0.3804888496107676,-0.9038484939360334,0,NONE
2023-08-14,27.0119,False,False,False,0.0431108012490075,0.3746352160939389,-1.0840662181942182,0,NONE
2023-08-15,27.0472,False,False,False,0.0422446108939657,0.3744888308790931,-0.7038819180181441,0,NONE
2023-08-16,27.043,False,False,False,0.0435463809613504,0.3714103855349966,-0.686894870258298,0,NONE
2023-08-17,27.0793,False,False,False,0.1013201833133962,0.3709136170672281,-0.7347490070651705,0,NONE
2023-08-18,27.0689,False,False,False,0.1204664178560879,0.3759199625859037,-0.3226573593758868,0,NONE
2023-08-21,27.1392,False,False,True,0.5700843793474948,0.387275980633028,0.6574938549204168,1,ONE_MODEL
2023-08-22,27.1721,False,False,False,0.1850167767519971,0.3724668271330466,-0.43895013345941436,0,NONE
2023-08-23,27.1893,False,False,False,0.0409107203027387,0.3706558054782428,-0.6148212176835184,0,NONE
2023-08-24,25.7736,True,True,True,12.16580386969299,0.6180983461146577,5.0601323791825505,3,ALL_THREE
2023-08-25,26.5335,False,True,True,0.955987446367446,0.5258445635850602,1.5456709985331232,2,TWO_MODELS
2023-08-28,26.4642,False,False,False,0.952320499185998,0.4827462051418679,-1.0713489403742873,0,NONE
2023-08-29,26.5177,False,False,False,0.957701668413174,0.4828296345275501,-0.9158752322508192,0,NONE
2023-08-30,26.6899,True,False,True,1.2544716094077724,0.4970630991923442,0.0001291789266488763,2,TWO_MODELS
2023-08-31,26.6899,False,False,False,0.67401514566392,0.4222410590409495,-1.3215980022953264,0,NONE
2023-09-01,26.6917,False,False,False,0.1434890637580418,0.3759433378762212,-2.165935586323222,0,NONE
2023-09-04,26.7578,False,False,False,0.215967310670004,0.3850141454197128,-1.3470929649797334,0,NONE
2023-09-05,26.7615,False,False,False,0.1793352532062239,0.3793117468944834,-1.5666711119941255,0,NONE
2023-09-06,26.8114,False,False,False,0.089373393209826,0.3850817641372782,-0.8663197908564229,0,NONE
2023-09-07,26.8106,False,False,False,0.0887849264232619,0.384772317072475,-0.8188198146486663,0,NONE
2023-09-08,26.8365,False,False,False,0.106512488368584,0.3862331467487915,-0.6819819212157903,0,NONE
2023-09-11,26.8663,False,False,False,0.079810807928116,0.3883598597522868,-0.47478319816329595,0,NONE
2023-09-12,26.8363,False,False,False,0.0550216445439899,0.3865995484625694,-0.6386422063010091,0,NONE
2023-09-13,26.9321,False,False,False,0.089244791569625,0.3846916084186375,-0.7370483107315167,0,NONE
2023-09-14,26.945,False,False,False,0.098862420143218,0.3756723913041616,-0.8292596491197273,0,NONE
2023-09-15,26.982,False,False,False,0.1070273968068279,0.376878486908119,-0.7480665038120602,0,NONE
2023-09-18,27.0089,False,False,False,0.1048942047055279,0.3744141300172642,-0.6560308727527548,0,NONE
2023-09-19,27.0115,False,False,False,0.128874226258126,0.3782729074385367,-0.3239042362268201,0,NONE
2023-09-20,26.9957,False,False,False,0.04678310953206,0.3841048321490956,-0.00021850196574746406,0,NONE
2023-09-21,27.1371,False,False,False,0.141305587124344,0.3564411788052989,-1.5375016556311305,0,NONE
2023-09-22,27.1418,False,False,False,0.1352615459944635,0.3527592095101017,-1.3347452615555984,0,NONE
2023-09-25,27.1993,False,False,False,0.137047696439526,0.352281930502104,-1.3519713766286756,0,NONE
2023-09-26,27.2436,False,False,False,0.130786743314462,0.3501298240304057,-1.3642883996799977,0,NONE
2023-09-27,26.9039,True,False,True,1.8078152477509295,0.4381714749201569,0.0004752223240220843,2,TWO_MODELS
2023-09-28,27.3141,True,False,False,1.100343561689166,0.4167347140003408,-1.178221245899861,1,ONE_MODEL
2023-09-29,27.3824,False,False,False,0.5457176246512068,0.3569717308300097,-3.4365648081636238,0,NONE
2023-10-02,27.4301,False,False,False,0.5456553464328338,0.3567027240318761,-3.3975272538644603,0,NONE
2023-10-03,27.4357,False,False,False,0.547010149498998,0.3561045922531239,-3.46984505527395,0,NONE
2023-10-04,27.5287,False,False,False,0.3366642537182576,0.3593666342697056,-2.8048468653624585,0,NONE
2023-10-05,27.5588,False,False,False,0.0686088810403341,0.3533063386064237,-1.5887307494821457,0,NONE
2023-10-06,27.5771,False,False,False,0.0690763589511188,0.3515545349564186,-1.7173297478264562,0,NONE
2023-10-09,27.6736,False,False,False,0.1122774128174876,0.3534917371816319,-1.7274973812537429,0,NONE
2023-10-10,27.721,False,False,False,0.0772279533306514,0.3511906252466339,-1.6980624403138762,0,NONE
2023-10-11,27.6717,False,False,False,0.1807823824704474,0.3511923137674794,-1.8854364999890905,0,NONE
2023-10-12,27.7247,False,False,False,0.1155348283491076,0.344354362324861,-2.381757771643729,0,NONE
2023-10-13,27.7642,False,False,False,0.1149752339768921,0.3438064393735648,-2.3814511561523375,0,NONE
2023-10-16,27.8561,False,False,False,0.1118232780627677,0.3479242552021871,-2.185598994903854,0,NONE
2023-10-17,27.9446,False,False,False,0.1226828712990044,0.348056412514693,-2.257735423223245,0,NONE
2023-10-18,27.9745,False,False,False,0.0606527394790931,0.3550879352576749,-1.6741519393920292,0,NONE
2023-10-19,27.981,False,False,False,0.0823093288563598,0.3515101361718797,-1.7936279215492803,0,NONE
2023-10-20,27.9433,False,False,False,0.1543657166323596,0.3491984783909687,-2.0711786769233083,0,NONE
2023-10-23,28.0652,False,False,False,0.1534944244299763,0.3502160871709913,-2.2459317315307192,0,NONE
2023-10-24,28.0921,False,False,False,0.1240715155684003,0.3439513363263232,-2.4946711755898843,0,NONE
2023-10-25,28.1237,False,False,False,0.1240921622751953,0.3452034994973003,-2.2660112307862885,0,NONE
2023-10-26,28.1377,False,False,False,0.1254253965512778,0.3492525388199674,-1.6095654209071935,0,NONE
2023-10-27,28.1667,False,False,False,0.0932234438431784,0.3512199692063947,-1.4257802126153631,0,NONE
2023-10-30,28.245,False,False,False,0.2174676154468568,0.3645456651247719,-0.8377920219469459,0,NONE
2023-10-31,28.2995,False,False,False,0.0724957070164135,0.3594643270015839,-1.0779343162669637,0,NONE
2023-11-01,28.3294,False,False,False,0.0787945524289211,0.3582317747656993,-0.98533520237355,0,NONE
2023-11-02,28.3246,False,False,False,0.2648688806330683,0.362140569989315,-0.6260752703476999,0,NONE
2023-11-03,28.3801,False,False,False,0.0943096217465604,0.3559589810502378,-1.1915456936727704,0,NONE
2023-11-06,28.4367,False,False,False,0.0897501687834013,0.3579606769349987,-1.0923096524960556,0,NONE
2023-11-07,28.4916,False,False,False,0.0959530826868253,0.358380763348855,-1.0823402969644764,0,NONE
2023-11-08,28.4479,False,False,False,0.4893993893014966,0.3722075070627249,-0.23400051465358018,0,NONE
2023-11-09,28.4655,False,False,False,0.1314038237569316,0.3526343573535113,-1.3324011996604348,0,NONE
2023-11-10,28.5481,False,False,False,0.2703662840963429,0.3551910283240821,-1.1511131130065806,0,NONE
2023-11-13,28.5929,False,False,False,0.1000872419661868,0.3490382290519835,-1.5741861287731602,0,NONE
2023-11-14,28.6318,False,False,False,0.0969883722053236,0.3485467955840289,-1.544122572786014,0,NONE
2023-11-15,28.6809,False,False,False,0.0911071430236259,0.3602157987834956,-1.0659320255354263,0,NONE
2023-11-16,28.6547,False,False,False,0.3939646930849765,0.3578972782717733,-0.5342140609808776,0,NONE
2023-11-17,28.6774,False,False,False,0.1776168605224219,0.341838861437427,-1.2273771450288393,0,NONE
2023-11-20,28.7431,False,False,False,0.2051381901965272,0.3456139998441978,-1.1356926500163258,0,NONE
2023-11-21,28.7802,False,False,False,0.204540702639987,0.3413234841820536,-1.3627579300823438,0,NONE
2023-11-22,28.852,False,False,False,0.2845652990386391,0.3471181500258417,-1.080388682999864,0,NONE
2023-11-23,28.8257,False,False,False,0.4710155235086012,0.3587809495774762,-0.4805434861245317,0,NONE
2023-11-24,28.8595,False,False,False,0.231790292571542,0.3390103689568077,-1.5392031422433838,0,NONE
2023-11-27,28.9042,False,False,False,0.2142959805900844,0.3401214733488243,-1.4219104271928042,0,NONE
2023-11-28,28.9046,False,False,False,0.2377460416716842,0.3428788131536731,-1.187597158726314,0,NONE
2023-11-29,28.9259,False,False,False,0.1680867285453968,0.3405617693890833,-1.202549339734654,0,NONE
2023-11-30,28.8699,False,False,False,0.61383827810654,0.3617594751144125,-0.4212968917058859,0,NONE
2023-12-01,28.896,False,False,False,0.2280971861624354,0.3378656303356189,-1.6309168773642178,0,NONE
2023-12-04,28.9143,False,False,False,0.1992074705888243,0.3378615931008334,-1.4465127400973739,0,NONE
2023-12-05,28.884,False,False,False,0.3572978160647294,0.3541519050396708,-1.0095564002561535,0,NONE
2023-12-06,28.9123,False,False,False,0.2260389119804011,0.3378294680945544,-1.4961917783343104,0,NONE
2023-12-07,28.9199,False,False,False,0.1417070361249161,0.3432107163300781,-1.0214173140993204,0,NONE
2023-12-08,28.9846,False,False,False,0.2876263903416915,0.343407132208507,-0.9788188359683438,0,NONE
2023-12-11,29.0011,False,False,False,0.2030864304059448,0.3374619056572324,-1.5106222776622538,0,NONE
2023-12-12,28.9958,False,False,False,0.1875428205059583,0.3426395159278439,-0.9873532042691338,0,NONE
2023-12-13,28.9699,False,False,False,0.3191295270598933,0.3502324993765752,-1.0059795362815684,0,NONE
2023-12-14,28.9604,False,False,False,0.2096675462147746,0.3441847632505508,-1.3868133606319049,0,NONE
2023-12-15,28.9791,False,False,False,0.1119523329740107,0.3456852276596288,-0.8267422561274884,0,NONE
2023-12-18,29.0582,False,False,False,0.4662363723269192,0.3487941659680788,-0.6655471270654587,0,NONE
2023-12-19,29.0934,False,False,False,0.2441160435466222,0.3356541285425154,-1.593387528864211,0,NONE
2023-12-20,29.1302,False,False,False,0.2438938936112444,0.3382776414544434,-1.3754654144681524,0,NONE
2023-12-21,29.1522,False,False,False,0.3059072893416357,0.3379772634118978,-1.402317360040545,0,NONE
2023-12-22,29.2107,False,False,False,0.329101032794585,0.3453494308171514,-0.8398808104362949,0,NONE
2023-12-25,29.152,False,False,False,0.5757262404170884,0.3651424025998694,-1.0323230942702413,0,NONE
2023-12-26,29.2725,False,False,False,0.7607543495639076,0.3758830563641027,-0.7244378574898462,0,NONE
2023-12-27,29.3874,False,False,False,0.8567220705916262,0.3732934760296604,-0.9258961235391148,0,NONE
2023-12-28,29.435,False,False,False,0.836480725486809,0.359567918033121,-1.1928460798686231,0,NONE
2023-12-29,29.5711,False,False,False,0.8907738892277582,0.3837950838184313,-0.8271504668921796,0,NONE
2024-01-01,29.5134,False,False,False,0.8715365338402548,0.3797159423080389,-0.4092065928624784,0,NONE
2024-01-02,29.7309,False,False,False,0.9921341566875056,0.4091421378459683,-0.5585895223450095,0,NONE
2024-01-03,29.7691,True,False,False,1.0304604741288204,0.3772901640580808,-0.7159934869295235,1,ONE_MODEL
2024-01-04,29.7529,True,False,False,1.1009684499192312,0.3881724428089818,-0.47890280301235855,1,ONE_MODEL
2024-01-05,29.8403,True,False,False,1.0335021106599829,0.3788091311803086,-0.9958788023970175,1,ONE_MODEL
2024-01-08,29.8705,False,False,False,0.8795209406607899,0.367005423278269,-1.0600955417805284,0,NONE
2024-01-09,29.9245,False,False,False,0.3712415486587095,0.3435166170682004,-1.6840450111363925,0,NONE
2024-01-10,29.9598,False,False,False,0.3715915835068372,0.34307548491711,-1.6577534785061872,0,NONE
2024-01-11,29.9971,False,False,False,0.2309583122408589,0.3443096476626947,-1.044176841578171,0,NONE
2024-01-12,30.098,False,False,False,0.2850370564072455,0.3498583173165923,-1.1070127284488862,0,NONE
2024-01-15,30.0779,False,False,False,0.4355686808313002,0.3527816659187054,-1.3039318035796157,0,NONE
2024-01-16,30.1,False,False,False,0.4357788619940644,0.3430480559390376,-1.763175526249622,0,NONE
2024-01-17,30.129,False,False,False,0.4366066716659073,0.3428412581491219,-1.821351484299326,0,NONE
2024-01-18,30.1332,False,False,False,0.454036137979489,0.3436564615215958,-1.757990073628287,0,NONE
2024-01-19,30.2005,False,False,False,0.3212097917310463,0.3423092159232312,-1.5787743378508292,0,NONE
2024-01-22,30.2562,False,False,False,0.255652415249976,0.3436629724126581,-1.2847850631415803,0,NONE
2024-01-23,30.2164,False,False,False,0.4214837605780652,0.3561335869718139,-1.2863250320854327,0,NONE
2024-01-24,30.2349,False,False,False,0.4202827017711205,0.3429241078115879,-1.7947479909607171,0,NONE
2024-01-25,30.2424,False,False,False,0.4184155686412726,0.3430462740569331,-1.758587289864339,0,NONE
2024-01-26,30.0999,False,False,False,0.7200451160517906,0.3981147986801368,-0.8809986289073173,0,NONE
2024-01-29,30.3456,True,False,False,1.148964385108278,0.4181137192007639,-0.10225142715633773,1,ONE_MODEL
2024-01-30,30.3488,True,False,False,1.1236270160968274,0.3852488369219919,-0.6778185878499947,1,ONE_MODEL
2024-01-31,30.3454,True,False,False,1.1413241498965636,0.3866201923817982,-0.6727182467699571,1,ONE_MODEL
2024-02-01,30.3329,True,False,False,1.1432390113980064,0.3871881775545854,-0.6958161420879403,1,ONE_MODEL
2024-02-02,30.4907,False,False,False,0.9258895947424954,0.3854921585716396,-1.035100095414517,0,NONE
2024-02-05,30.5514,False,False,False,0.5588636000607186,0.3470796137921589,-2.165499994555816,0,NONE
2024-02-06,30.5517,False,False,False,0.5607836079993399,0.3459990440162733,-2.105582438344209,0,NONE
2024-02-07,30.5837,False,False,False,0.5317120053009335,0.3445538502206355,-2.199544102333302,0,NONE
2024-02-08,30.5893,False,False,False,0.5065076190558632,0.3437017354675988,-2.1149590128643663,0,NONE
2024-02-09,30.6745,False,False,False,0.2818738555596816,0.34519268817736,-1.5642230084655182,0,NONE
2024-02-12,30.7137,False,False,False,0.2639616807229057,0.3393754165952182,-1.6879261042840312,0,NONE
2024-02-13,30.7063,False,False,False,0.2781548168608637,0.3396781352801208,-1.6757808863401848,0,NONE
2024-02-14,30.7433,False,False,False,0.2800328752567066,0.3381208802381799,-1.811622412032662,0,NONE
2024-02-15,30.7253,False,False,False,0.3231667434614167,0.3393731519895984,-1.8809638964363007,0,NONE
2024-02-16,30.839,False,False,False,0.3993689609338155,0.3447619651824614,-1.8813118185837592,0,NONE
2024-02-19,30.8376,False,False,False,0.4131580280767676,0.3387018112206424,-2.2448010402647185,0,NONE
2024-02-20,30.9105,False,False,False,0.4123402494735975,0.342298887335308,-2.1876520943577678,0,NONE
2024-02-21,31.0042,False,False,False,0.445259986859938,0.3452037597176225,-2.110050467073485,0,NONE
2024-02-22,30.9876,False,False,False,0.4474024711413484,0.342601728077133,-2.000340131315289,0,NONE
2024-02-23,31.0391,False,False,False,0.3639218794346963,0.3388960054702741,-2.050781585706023,0,NONE
2024-02-26,31.0937,False,False,False,0.3179748162892319,0.3386828754836162,-1.6819316611966446,0,NONE
2024-02-27,31.1427,False,False,False,0.3070097552556251,0.3379033849992165,-1.6538728075995817,0,NONE
2024-02-28,31.2017,False,False,False,0.2431248221820723,0.3402046936551448,-1.324681431099684,0,NONE
2024-02-29,31.2335,False,False,False,0.0805436991651189,0.3536373335454335,-0.3153078639762228,0,NONE
2024-03-01,31.3634,False,False,False,0.4518970722120651,0.355534874126721,-0.6327991107808728,0,NONE
2024-03-04,31.5712,False,False,False,0.9542041078299572,0.3897953382228307,-0.46874881803753077,0,NONE
2024-03-05,31.5876,False,False,False,0.5716771401311165,0.3529336150812046,-1.2728052338703453,0,NONE
2024-03-06,31.7653,False,False,False,0.6033285320812497,0.3752099187110891,-1.0606989400983053,0,NONE
2024-03-07,31.8177,False,False,False,0.5762856897322536,0.3584133000256496,-1.1639995773690437,0,NONE
2024-03-08,31.9088,False,False,False,0.5776710501653002,0.3597077636830608,-1.3614835569584613,0,NONE
2024-03-11,32.022,False,False,False,0.4297520354007329,0.3559236801429946,-1.2507198505095118,0,NONE
2024-03-12,32.0589,False,False,False,0.3905879269084561,0.3528908459951124,-0.8705850278721172,0,NONE
2024-03-13,32.0416,False,False,False,0.3561206687135145,0.3607181727245064,-0.5833859235124788,0,NONE
2024-03-14,32.1327,False,False,False,0.3642953815090829,0.3520887272616134,-1.3602566685414637,0,NONE
2024-03-15,32.1271,False,False,False,0.3936730926449949,0.3567297754798026,-0.9395558677270657,0,NONE
2024-03-18,32.2803,False,False,False,0.4853032748290692,0.3621251081954423,-1.2686128204702634,0,NONE
2024-03-19,32.3476,False,False,False,0.4880157487143172,0.353747072702788,-1.4706617140912925,0,NONE
2024-03-20,32.3779,False,False,False,0.4213294078681603,0.3535929152356715,-1.0853412575356476,0,NONE
2024-03-21,32.0211,True,False,True,1.679865315483454,0.4768962353955281,0.5732873377995178,2,TWO_MODELS
2024-03-22,31.9679,True,False,False,1.0983889729979237,0.4092780996486889,-0.8689109100885588,1,ONE_MODEL
2024-03-25,32.1128,True,False,False,1.089454693299536,0.4046378421161524,-0.3372318351765049,1,ONE_MODEL
2024-03-26,32.1354,True,False,False,1.1074526470161885,0.3996152327715328,-0.6706449697257497,1,ONE_MODEL
2024-03-27,32.256,True,False,False,1.172886525832452,0.406102779482121,-0.4616935823052124,1,ONE_MODEL
2024-03-28,32.3174,False,False,False,0.4654430702996177,0.3558029363287177,-1.7687655220060048,0,NONE
2024-03-29,32.3984,False,False,False,0.2846100599207101,0.3638938442291146,-0.8075503449818076,0,NONE
2024-04-01,32.1785,False,False,False,0.7311223869086171,0.3902217419205506,-1.3467654353307505,0,NONE
2024-04-02,32.0214,False,False,False,0.8073822561410201,0.386182398590449,-1.8473156880539197,0,NONE
2024-04-03,31.9543,False,False,False,0.6828385952169894,0.3793331164864091,-1.5894373112871651,0,NONE
2024-04-04,31.8958,False,False,False,0.5846499246380713,0.379273456546819,-1.211588722069047,0,NONE
2024-04-05,32.0158,False,False,False,0.6613914998829968,0.3818037329130367,-0.49980131324078414,0,NONE
2024-04-08,32.0122,False,False,False,0.5272573368360424,0.3582433628429426,-2.320111367185701,0,NONE
2024-04-09,32.2378,False,False,False,0.6345721533832248,0.3660030110982015,-1.8790317175226896,0,NONE
2024-04-10,32.2842,False,False,False,0.5565888637447632,0.3543274901508897,-2.172826703861297,0,NONE
2024-04-11,32.2783,False,False,False,0.4906376937514902,0.3559205193850028,-1.831376493739377,0,NONE
2024-04-12,32.3565,False,False,False,0.4755237474343418,0.3550998693039711,-2.2057065023013465,0,NONE
2024-04-15,32.4045,False,False,False,0.4398066207422081,0.3528523437729839,-1.950472439605253,0,NONE
2024-04-16,32.4515,False,False,False,0.1516640546985149,0.3430114080825411,-1.4429085607597028,0,NONE
2024-04-17,32.3808,False,False,False,0.2899613157359693,0.3399068887658916,-2.366655238730873,0,NONE
2024-04-18,32.4747,False,False,False,0.3185539675555415,0.3402491632944064,-2.297748704029699,0,NONE
2024-04-19,32.5004,False,False,False,0.3094825845056074,0.3344141080322942,-2.487319099070799,0,NONE
2024-04-22,32.5131,False,False,False,0.3199949354163011,0.3339971387184677,-2.4471222210406154,0,NONE
2024-04-23,32.5468,False,False,False,0.314389668005288,0.3341459158013769,-2.3906579810692374,0,NONE
2024-04-24,32.54,False,False,False,0.2020008175678617,0.3379654944212473,-1.6937507625132167,0,NONE
2024-04-25,32.5105,False,False,False,0.1354533745858638,0.3451202592216321,-1.218845819652687,0,NONE
2024-04-26,32.4375,False,False,False,0.2188188524184604,0.3516145904276939,-1.4531863625919854,0,NONE
2024-04-29,32.4363,False,False,False,0.2097068714269458,0.3450159209910625,-1.4469209474534015,0,NONE
2024-04-30,32.3795,False,False,False,0.2095684193308995,0.361968677230785,-0.8318976089330423,0,NONE
2024-05-01,32.4788,False,False,False,0.3595969053738604,0.3446662654801664,-1.580765962204957,0,NONE
2024-05-02,32.3591,False,False,False,0.4918459069760247,0.3713075126542708,-1.8283995826456358,0,NONE
2024-05-03,32.3374,False,False,False,0.4165715615245431,0.3480986108185362,-2.4189423755400288,0,NONE
2024-05-06,32.2398,False,False,False,0.4403051557636683,0.368721934044069,-1.9423007232318952,0,NONE
2024-05-07,32.257,False,False,False,0.4538729377223415,0.3500454933100949,-2.133790050002407,0,NONE
2024-05-08,32.2468,False,False,False,0.3017704215452809,0.3582252524567658,-1.2838236322573326,0,NONE
2024-05-09,32.2398,False,False,False,0.2234406720623229,0.3542601666808709,-1.3465728562158024,0,NONE
2024-05-10,32.2081,False,False,False,0.2251605517845686,0.358036892579077,-1.3454491700716993,0,NONE
2024-05-13,32.2788,False,False,False,0.3375933652586322,0.3541299100965216,-0.7511597993696935,0,NONE
2024-05-14,32.2618,False,False,False,0.2074180393691775,0.3480071457794962,-1.6014708110119251,0,NONE
2024-05-15,32.1624,False,False,False,0.3881682828916415,0.3669931318001677,-1.6168674121450621,0,NONE
2024-05-16,32.2745,False,False,False,0.5146176949716073,0.3564858737098264,-1.3346378015037939,0,NONE
2024-05-17,32.202,False,False,False,0.4597744053369024,0.3533267157523097,-2.4400993614082385,0,NONE
2024-05-20,32.184,False,False,False,0.4123782635684627,0.3522450110040423,-2.2179620121783437,0,NONE
2024-05-21,32.1427,False,False,False,0.4144693760336835,0.3548844401020541,-2.1991617472991383,0,NONE
2024-05-22,32.1662,False,False,False,0.3617106349433993,0.3514725914760701,-1.9108360550572456,0,NONE
2024-05-23,32.1791,False,False,False,0.1989510256438736,0.3577072803283962,-0.9503427508167075,0,NONE
2024-05-24,32.2247,False,False,False,0.2487756609950466,0.3565955462446969,-0.8406533145392583,0,NONE
2024-05-27,32.1324,False,False,False,0.3273721398457458,0.3646458448352822,-1.6543116014739567,0,NONE
2024-05-28,32.2213,False,False,False,0.401077019924614,0.354735165285749,-1.402985106659509,0,NONE
2024-05-29,32.2181,False,False,False,0.3626608827444083,0.3458102426568984,-2.214705823302003,0,NONE
2024-05-30,32.1822,False,False,False,0.3790164309956784,0.3505798389139591,-2.242362599957035,0,NONE
2024-05-31,32.2329,False,False,False,0.3856363294026093,0.3512622978179163,-1.7086219283809765,0,NONE
2024-06-03,32.149,False,False,False,0.3725367452428313,0.3637173806525067,-1.8542731407230573,0,NONE
2024-06-04,32.529,True,False,True,1.6313158784209267,0.4563712664041924,0.07633744979398216,2,TWO_MODELS
2024-06-05,32.2163,True,False,False,1.1214544000404971,0.4379332761008654,-0.44848335346963353,1,ONE_MODEL
2024-06-06,32.2076,True,False,False,1.1243681280705458,0.4006397545570186,-1.1260214609434698,1,ONE_MODEL
2024-06-07,32.3,True,False,False,1.129606271620251,0.4020397903830706,-1.0510828520695235,1,ONE_MODEL
2024-06-10,32.3566,True,False,False,1.1185265439412853,0.3988144298615483,-0.9122693417085816,1,ONE_MODEL
2024-06-11,32.3413,False,False,False,0.7224623724499376,0.3682116549658546,-1.9223983314240716,0,NONE
2024-06-12,32.3088,False,False,False,0.2422566062114825,0.3469837283784698,-1.9988831330870376,0,NONE
2024-06-13,32.2852,False,False,False,0.2783967526520165,0.345649016421735,-2.1663557960061546,0,NONE
2024-06-14,32.7682,False,False,False,0.9704424006863174,0.4293922456514233,-1.1166069758585468,0,NONE
2024-06-17,32.793,False,False,False,0.958615322946772,0.3773326473095008,-1.5739733652439742,0,NONE
2024-06-18,32.5128,True,False,False,1.1350464192838452,0.4178615003957329,-1.342109804096113,1,ONE_MODEL
2024-06-19,32.5026,True,False,False,1.1387753737018167,0.3940952829874863,-1.787438270011723,1,ONE_MODEL
2024-06-20,32.8109,True,False,False,1.1637919636587006,0.4136000410298002,-1.280734817115011,1,ONE_MODEL
2024-06-21,32.8221,False,False,False,0.815694102559347,0.358886500325305,-2.5564183411761157,0,NONE
2024-06-24,32.8946,False,False,False,0.8449099495840658,0.3611171124136434,-2.533183508226145,0,NONE
2024-06-25,32.9356,False,False,False,0.5289017413374715,0.3503387742074623,-2.601846816044578,0,NONE
2024-06-26,32.8128,False,False,False,0.6356041589524605,0.3565392191884448,-2.565439625911244,0,NONE
2024-06-27,32.8278,False,False,False,0.301469530711331,0.3386545356675977,-2.610193267549562,0,NONE
2024-06-28,32.7525,False,False,False,0.3322195076405665,0.3472177653181487,-2.4996629065391485,0,NONE
2024-07-01,32.6446,False,False,False,0.2967114400328017,0.3594327750355577,-1.8089416103410496,0,NONE
2024-07-02,32.517,False,False,False,0.254193031248858,0.3744020965466443,-0.8687837336627329,0,NONE
2024-07-03,32.5192,False,False,False,0.2649173218288861,0.358912110638306,-1.501347842343879,0,NONE
2024-07-04,32.5584,False,False,False,0.29554832590496,0.3543103888893177,-1.6743321692591735,0,NONE
2024-07-05,32.661,False,False,False,0.4023102029759179,0.3462996918883541,-2.7108826681522924,0,NONE
2024-07-08,32.6925,False,False,False,0.3497886994274222,0.3374449486384453,-3.246228687982253,0,NONE
2024-07-09,32.8481,False,False,False,0.2515130489460399,0.3537488025151704,-1.6234916446214243,0,NONE
2024-07-10,32.8188,False,False,False,0.2890059493726654,0.3439313968355282,-1.965858465843434,0,NONE
2024-07-11,32.8078,False,False,False,0.3184278691551172,0.3398500562584475,-2.392303227391885,0,NONE
2024-07-12,33.0372,False,False,False,0.4457873699247645,0.3549314683088326,-2.3065714974665905,0,NONE
2024-07-15,32.9742,False,False,False,0.5075721453553504,0.3438253758361042,-2.7423091350290747,0,NONE
2024-07-16,33.0252,False,False,False,0.4583033696204698,0.3382257803887025,-3.2320316909086664,0,NONE
2024-07-17,33.0562,False,False,False,0.4369229982619348,0.3377498658790887,-3.0858786221613457,0,NONE
2024-07-18,33.0595,False,False,False,0.4304803697909588,0.3378732174019686,-2.8205182079238007,0,NONE
2024-07-19,33.0413,False,False,False,0.1748618509943589,0.3380043865605996,-1.7857688741561653,0,NONE
2024-07-22,32.8963,False,False,False,0.4325853872883349,0.3628029450621062,-1.8412576869070367,0,NONE
2024-07-23,32.8492,False,False,False,0.2637840764729065,0.3528194121219973,-1.877201684892274,0,NONE
2024-07-24,32.8069,False,False,False,0.222201697991434,0.3582693609358277,-1.3138463072219562,0,NONE
2024-07-25,32.9827,False,False,False,0.4828283333314984,0.3564709309995975,-1.6036395220649258,0,NONE
2024-07-26,32.9449,False,False,False,0.4593015900890626,0.3465682925564095,-2.934806633414805,0,NONE
2024-07-29,33.0711,False,False,False,0.4190674796293443,0.3445510558081675,-2.4720663817878883,0,NONE
2024-07-30,33.0577,False,False,False,0.3973689023197739,0.3394419794767511,-2.4902420381170334,0,NONE
2024-07-31,33.1513,False,False,False,0.3555223772464145,0.3439745865461435,-2.201943178252078,0,NONE
2024-08-01,33.0852,False,False,False,0.3260516946457494,0.3424194203057502,-2.442225912682776,0,NONE
2024-08-02,33.2012,False,False,False,0.3300249189017876,0.3415447916901331,-2.3764070572030374,0,NONE
2024-08-05,33.3451,False,False,False,0.342732565418336,0.3414850456675627,-2.2619460431664358,0,NONE
2024-08-06,33.5981,False,False,False,0.549756058454344,0.3628798055145746,-1.772562257472167,0,NONE
2024-08-07,33.4399,False,False,False,0.6090771127438112,0.3698128157148682,-2.243397946650271,0,NONE
2024-08-08,33.4842,False,False,False,0.5601414426048856,0.346525888494291,-3.0842283015821295,0,NONE
2024-08-09,33.491,False,False,False,0.5674357940012242,0.3458472463519426,-2.9811862252489405,0,NONE
2024-08-12,33.5916,False,False,False,0.547838779093381,0.345130954525561,-3.0972311488811872,0,NONE
2024-08-13,33.5335,False,False,False,0.3642768687791656,0.3419707551477906,-2.6506980181499866,0,NONE
2024-08-14,33.5803,False,False,False,0.2145415988619747,0.3372432876834211,-2.1349347898112327,0,NONE
2024-08-15,33.6102,False,False,False,0.2121645858329982,0.3368183802197972,-2.1474424413617914,0,NONE
2024-08-16,33.6825,False,False,False,0.2197831697358568,0.339504701898681,-2.139397140695438,0,NONE
2024-08-19,33.7433,False,False,False,0.1905561623976975,0.3371955734222501,-1.9321961553435738,0,NONE
2024-08-20,33.8598,False,False,False,0.1856316021741835,0.3523976054330809,-1.0826941670271122,0,NONE
2024-08-21,33.8521,False,False,False,0.1699592646249114,0.3415681620323355,-1.4877224071955375,0,NONE
2024-08-22,33.8864,False,False,False,0.1684326160007287,0.3395638488048323,-1.6460008271148396,0,NONE
2024-08-23,33.9767,False,False,False,0.1763200458480044,0.344956332030885,-1.6039964093499428,0,NONE
2024-08-26,33.9757,False,False,False,0.2022522623234375,0.3396518047430023,-1.7485493693939986,0,NONE
2024-08-27,33.9985,False,False,False,0.1523088523088851,0.3397171154957895,-1.5857497077570244,0,NONE
2024-08-28,34.0385,False,False,False,0.1406969491683356,0.3410079370210495,-1.4455290026015142,0,NONE
2024-08-29,34.0697,False,False,False,0.1412684853573621,0.3405552701581825,-1.422409370196931,0,NONE
2024-08-30,34.0669,False,False,False,0.1578678311508415,0.3473900721936496,-0.8714125781456463,0,NONE
2024-09-02,33.878,False,False,False,0.7025217031445977,0.3825025187500231,-1.42537720386024,0,NONE
2024-09-03,33.982,False,False,False,0.4505091889755292,0.345229381240632,-2.3592873615594048,0,NONE
2024-09-04,34.0158,False,False,False,0.4491854617145598,0.3394846711556913,-2.6953049269815406,0,NONE
2024-09-05,33.9376,False,False,False,0.4551929046227089,0.3630799334770961,-2.2634824450820545,0,NONE
2024-09-06,33.9762,False,False,False,0.5470181224688045,0.3473419784857113,-2.368818550975803,0,NONE
2024-09-09,34.0428,False,False,False,0.3219633140561568,0.3394044295538951,-2.005337103600935,0,NONE
2024-09-10,34.0306,False,False,False,0.2897893846470901,0.3372335237922324,-2.01132686410196,0,NONE
2024-09-11,33.9557,False,False,False,0.3717150997335062,0.3558331003594512,-1.746667487650008,0,NONE
2024-09-12,33.8832,False,False,False,0.3502563164832722,0.3563342029533585,-1.8880475439049818,0,NONE
2024-09-13,33.8935,False,False,False,0.3262663697210892,0.346002624283004,-1.959122805994543,0,NONE
2024-09-16,33.9773,False,False,False,0.3601333815617812,0.3481629389775851,-1.5043729257985294,0,NONE
2024-09-17,34.0729,False,False,False,0.4455592289263886,0.3424719505763008,-1.939853521434598,0,NONE
2024-09-18,34.0617,False,False,False,0.3875658745722443,0.3370436441139816,-2.204904578957308,0,NONE
2024-09-19,34.0168,False,False,False,0.3372099642943146,0.3404507799565241,-1.7822284040443215,0,NONE
2024-09-20,34.0973,False,False,False,0.3575448713616737,0.3417285270515556,-1.6880193491851099,0,NONE
2024-09-23,34.1205,False,False,False,0.3383498467417177,0.3335936135905097,-2.097161405898637,0,NONE
2024-09-24,34.1089,False,False,False,0.2770497315570208,0.3344936903920455,-1.8974480951000885,0,NONE
2024-09-25,34.1316,False,False,False,0.2721424841790823,0.3341539530072576,-1.8214570972576638,0,NONE
2024-09-26,34.1374,False,False,False,0.2019444646979957,0.3368036703157613,-1.452726501006003,0,NONE
2024-09-27,34.1623,False,False,False,0.0925362123686816,0.3465143044935586,-0.6891042633948388,0,NONE
2024-09-30,34.1833,False,False,False,0.0905804145334552,0.3460038251990597,-0.6333736067616993,0,NONE
2024-10-01,34.2059,False,False,False,0.0463041381698344,0.3571259206784153,-0.35883870586241073,0,NONE
2024-10-02,34.1633,False,False,False,0.2625231112328122,0.3481558783963945,-0.8418448066373365,0,NONE
2024-10-03,34.1435,False,False,False,0.1833177304934225,0.3444256838208821,-1.1167843518109155,0,NONE
2024-10-04,34.2398,False,False,False,0.4410301222285872,0.345995838437331,-0.9952368643042462,0,NONE
2024-10-07,34.2276,False,False,False,0.3443498399948463,0.3365172174354365,-1.8944314970584752,0,NONE
2024-10-08,34.2617,False,False,False,0.350832151584704,0.3367040334541433,-1.7814761873038982,0,NONE
2024-10-09,34.2158,False,False,False,0.3538532581016607,0.3430423397313411,-1.6736141730332168,0,NONE
2024-10-10,34.1664,False,False,False,0.3850962543275593,0.3503762157691206,-1.7308812883957891,0,NONE
2024-10-11,34.2714,False,False,False,0.486976715221059,0.3506733208578912,-1.0278443718757675,0,NONE
2024-10-14,34.2605,False,False,False,0.4179972994928966,0.3389115131958176,-1.996128922408639,0,NONE
2024-10-15,34.1951,False,False,False,0.4459577539380118,0.3587837293036273,-1.6081453439496283,0,NONE
2024-10-16,34.1617,False,False,False,0.4386949109586101,0.3483491951449967,-1.9509865533540545,0,NONE
2024-10-17,34.1203,False,False,False,0.4462878068075084,0.352196564919466,-1.9142455615697873,0,NONE
2024-10-18,34.2271,False,False,False,0.5264236456493595,0.356125125189922,-0.7400934376119821,0,NONE
2024-10-21,34.218,False,False,False,0.4569402793311902,0.3423561177720157,-1.9887473510809102,0,NONE
2024-10-22,34.258,False,False,False,0.4168289229560229,0.3415332349009408,-1.7159439406409955,0,NONE
2024-10-23,34.2763,False,False,False,0.3826931418809853,0.3393606665524243,-1.7623436814115756,0,NONE
2024-10-24,34.2255,False,False,False,0.4031701616924218,0.3487762819973737,-1.4990781778508016,0,NONE
2024-10-25,34.2863,False,False,False,0.3026017167132767,0.3408054360278796,-1.1581310195201038,0,NONE
2024-10-28,34.2911,False,False,False,0.3025019451545995,0.3373877134865519,-1.613156435850117,0,NONE
2024-10-29,34.2741,False,False,False,0.3325192177153685,0.3400209314970533,-1.6422528502754279,0,NONE
2024-10-30,34.253,False,False,False,0.3572895464748315,0.3424589828965286,-1.6328758857994004,0,NONE
2024-10-31,34.2451,False,False,False,0.286552501778171,0.3405529454528276,-1.4413619101217225,0,NONE
2024-11-01,34.3061,False,False,False,0.2855654747715724,0.3426137966206471,-0.8645529506756979,0,NONE
2024-11-04,34.3406,False,False,False,0.3146787799172286,0.3391794038667778,-1.2890500164247172,0,NONE
2024-11-05,34.2819,False,False,False,0.4096255363574472,0.3515597422973176,-1.5006305383506149,0,NONE
2024-11-06,34.1941,False,False,False,0.5294968650186789,0.3718788651473494,-1.4289364737338612,0,NONE
2024-11-07,34.2225,False,False,False,0.5520911725963575,0.3534183323497827,-1.4564559270983288,0,NONE
2024-11-08,34.3826,False,False,False,0.7924536922408753,0.379338700705419,-0.48250851578368525,0,NONE
2024-11-11,34.3262,False,False,False,0.821103218682642,0.3678072640844723,-1.2264179651330043,0,NONE
2024-11-12,34.3604,False,False,False,0.8060192871721611,0.3590397741863194,-1.1853031239335046,0,NONE
2024-11-13,34.356,False,False,False,0.6677865824230848,0.3519800483873522,-1.4241123318952429,0,NONE
2024-11-14,34.3324,False,False,False,0.7001751020667246,0.3564312837399569,-1.435116656984258,0,NONE
2024-11-15,34.4347,False,False,False,0.5049542131212088,0.3495800742497861,-1.235024041480612,0,NONE
2024-11-18,34.5492,False,False,False,0.5004873217814506,0.3537667785271268,-1.4012495130591915,0,NONE
2024-11-19,34.4818,False,False,False,0.6391163018263989,0.3581162218702687,-1.6066013667550898,0,NONE
2024-11-20,34.4605,False,False,False,0.654153845750915,0.3507020867229544,-1.8310014596481547,0,NONE
2024-11-21,34.4788,False,False,False,0.6257782752695077,0.3456521163877966,-1.8808934671869082,0,NONE
2024-11-22,34.5424,False,False,False,0.5620160343973243,0.3445860674638584,-1.7663434705115932,0,NONE
2024-11-25,34.5573,False,False,False,0.4251812973641375,0.3380948359515898,-1.8448121533574433,0,NONE
2024-11-26,34.6445,False,False,False,0.3756474555673577,0.3431076062119423,-1.438419107196891,0,NONE
2024-11-27,34.6373,False,False,False,0.3392675830840723,0.3380771228458793,-1.5998611214744134,0,NONE
2024-11-28,34.6011,False,False,False,0.449863423928263,0.3417142466264204,-1.7990386682206925,0,NONE
2024-11-29,34.6904,False,False,False,0.4951376768555088,0.3448777944410739,-1.691724652257335,0,NONE
2024-12-02,34.7145,False,False,False,0.4950931870771302,0.3395426301331764,-1.9834028149428242,0,NONE
2024-12-03,34.7341,False,False,False,0.4119523207268337,0.3361269625860927,-1.9349502983110085,0,NONE
2024-12-04,34.7258,False,False,False,0.4216162957602274,0.3373354949074525,-1.892696684290371,0,NONE
2024-12-05,34.6852,False,False,False,0.4386906212279003,0.3446392897720952,-1.720239056097622,0,NONE
2024-12-06,34.7784,False,False,False,0.4437253623139101,0.3424694206356526,-1.5315493010381687,0,NONE
2024-12-09,34.8218,False,False,False,0.4612002264581566,0.3376526184979939,-1.868110185279729,0,NONE
2024-12-10,34.8404,False,False,False,0.4706175864401456,0.3364251574782381,-1.943643753911756,0,NONE
2024-12-11,34.8654,False,False,False,0.4460647434888856,0.3353239535593652,-1.9342729506269993,0,NONE
2024-12-12,34.8925,False,False,False,0.2841051194841164,0.3360277520468155,-1.4721376482808743,0,NONE
2024-12-13,34.9466,False,False,False,0.1374181970638503,0.3455164928772281,-0.5944154872838752,0,NONE
2024-12-16,34.9405,False,False,False,0.2016082145277453,0.3399337006119838,-0.9471252455277774,0,NONE
2024-12-17,34.9865,False,False,False,0.2179625510132155,0.3393815348990944,-0.9728661859168444,0,NONE
2024-12-18,35.0379,False,False,False,0.233143993373137,0.3393440131564663,-1.0169529018303738,0,NONE
2024-12-19,35.0923,False,False,False,0.2407800069424085,0.3399543758839098,-1.049944090901569,0,NONE
2024-12-20,35.1981,False,False,False,0.481243721665301,0.3515834318146446,-0.8824504814422003,0,NONE
2024-12-23,35.1932,False,False,False,0.3541691253197866,0.3415806134270858,-1.2860901342711397,0,NONE
2024-12-24,35.17,False,False,False,0.4630495741578034,0.347868787573946,-1.4351787682641017,0,NONE
2024-12-25,35.2215,False,False,False,0.4661688306865008,0.3386046630852578,-1.7936836205508904,0,NONE
2024-12-26,35.1498,False,False,False,0.6099807977486486,0.3662861162844898,-1.0793875540633948,0,NONE
2024-12-27,35.1564,False,False,False,0.4050334098952862,0.340642330528058,-1.7747897182969652,0,NONE
2024-12-30,35.3234,False,False,False,0.8394095870318676,0.3800044150143623,-0.6086963218031389,0,NONE
2024-12-31,35.3711,False,False,False,0.7372476594774888,0.3472152405407448,-1.6408933432920847,0,NONE
2025-01-01,35.3659,False,False,False,0.760123674088735,0.3522232525392056,-1.4702283860250382,0,NONE
2025-01-02,35.326,False,False,False,0.6910360510988298,0.3580229809059428,-1.3698476190774933,0,NONE
2025-01-03,35.3743,False,False,False,0.68984945088108,0.3496960741344539,-1.6585103870275848,0,NONE
2025-01-06,35.304,False,False,False,0.485154717716008,0.3595613283086439,-1.367409198942502,0,NONE
2025-01-07,35.3377,False,False,False,0.4336433934857656,0.3379569344712551,-1.8554453496322392,0,NONE
2025-01-08,35.3389,False,False,False,0.4377457528764006,0.3388392307601837,-1.9209067163836764,0,NONE
2025-01-09,35.3286,False,False,False,0.4101776454725634,0.3384394405084578,-1.8773000501600592,0,NONE
2025-01-10,35.4226,False,False,False,0.5402576923032303,0.3456907840732313,-1.4780109681601026,0,NONE
2025-01-13,35.4877,False,False,False,0.3884144625887281,0.3394663464112645,-1.7358962525515622,0,NONE
2025-01-14,35.4793,False,False,False,0.4286175355454941,0.3365942369333314,-1.8710442718925933,0,NONE
2025-01-15,35.4613,False,False,False,0.4566435743601368,0.3377314476683546,-1.8949714729934577,0,NONE
2025-01-16,35.4275,False,False,False,0.502461304358046,0.3425808229868606,-1.8679530245423273,0,NONE
2025-01-17,35.4856,False,False,False,0.4080971104794608,0.3373086965330064,-1.6823461219327847,0,NONE
2025-01-20,35.5675,False,False,False,0.4495351478845435,0.3412193881378028,-1.549141475338562,0,NONE
2025-01-21,35.62,False,False,False,0.4501816531576733,0.3365404017583287,-1.8939839737854438,0,NONE
2025-01-22,35.6452,False,False,False,0.394417769317665,0.3352490976452797,-1.9195269839969278,0,NONE
2025-01-23,35.6339,False,False,False,0.3169436248070446,0.3366022775260272,-1.5203699037928118,0,NONE
2025-01-24,35.6798,False,False,False,0.3084058239023545,0.3350753307168174,-1.5682921279902917,0,NONE
2025-01-27,35.7431,False,False,False,0.2603973164217051,0.3386925709909641,-1.2046610006705514,0,NONE
2025-01-28,35.7352,False,False,False,0.2942285921593695,0.3363675686151541,-1.4266149055239072,0,NONE
2025-01-29,35.7944,False,False,False,0.3408000354435998,0.3386249266880855,-1.3778650696299728,0,NONE
2025-01-30,35.7721,False,False,False,0.3684998733967487,0.3414412503989721,-1.5044208586877161,0,NONE
2025-01-31,35.844,False,False,False,0.4320339705715576,0.3414605808131358,-1.4754961602030878,0,NONE
2025-02-03,35.9745,False,False,False,0.600109598115158,0.359093527484795,-1.055321669085389,0,NONE
2025-02-04,35.9325,False,False,False,0.6731368105621692,0.3608985909562546,-1.1287409921221787,0,NONE
2025-02-05,35.9044,False,False,False,0.7115681756487265,0.3558067986488207,-1.3920315021249525,0,NONE
2025-02-06,35.8882,False,False,False,0.7051517773653861,0.351545085203055,-1.5242723665117524,0,NONE
2025-02-07,35.9677,False,False,False,0.7251441267360302,0.35038276285858,-1.3422042489698907,0,NONE
2025-02-10,35.9951,False,False,False,0.4851827210829078,0.3388302231692924,-1.8220137562379701,0,NONE
2025-02-11,36.0423,False,False,False,0.4495575657277439,0.3381035675661658,-1.766894417341513,0,NONE
2025-02-12,36.1027,False,False,False,0.370442899595267,0.3407085254709291,-1.5614955579962242,0,NONE
2025-02-13,36.0963,False,False,False,0.3319200801039831,0.3404189342646044,-1.251158610940406,0,NONE
2025-02-14,36.2225,False,False,False,0.502886473284464,0.3551120375674702,-1.1560240631763001,0,NONE
2025-02-17,36.2417,False,False,False,0.4904866983372455,0.340411807565395,-1.7338746962047153,0,NONE
2025-02-18,36.2722,False,False,False,0.5042205001037448,0.33981688946529,-1.8068772483881563,0,NONE
2025-02-19,36.2922,False,False,False,0.5096009401838975,0.3391537228304497,-1.8057943160920367,0,NONE
2025-02-20,36.2991,False,False,False,0.490360307562674,0.3397957515006701,-1.7186941134755376,0,NONE
2025-02-21,36.4339,False,False,False,0.5216471216657754,0.3560483644583755,-1.1496930089860022,0,NONE
2025-02-24,36.434,False,False,False,0.5385026839982271,0.3434778832397107,-1.6513821257866628,0,NONE
2025-02-25,36.4455,False,False,False,0.551083608081144,0.3414897969664224,-1.7660060684608858,0,NONE
2025-02-26,36.4511,False,False,False,0.5652890197509494,0.3427031398049996,-1.7216787772619622,0,NONE
2025-02-27,36.4292,False,False,False,0.6130104498315573,0.3480878076048465,-1.5391134804027882,0,NONE
2025-02-28,36.4935,False,False,False,0.3172725055772004,0.3383449660959287,-1.4036549558333107,0,NONE
2025-03-03,36.438,False,False,False,0.4309856925563727,0.3582351995496197,-1.3194579162365443,0,NONE
2025-03-04,36.4371,False,False,False,0.4260629122442463,0.3427668726439228,-1.7912261156396223,0,NONE
2025-03-05,36.4178,False,False,False,0.4268697005252288,0.3474062302248505,-1.6520654470927152,0,NONE
2025-03-06,36.4023,False,False,False,0.4201483079294505,0.3475148783100753,-1.6816708884631097,0,NONE
2025-03-07,36.475,False,False,False,0.450926673256078,0.345177128351537,-1.3540360990409646,0,NONE
2025-03-10,36.5508,False,False,False,0.4537870316397146,0.3432141215696431,-1.514565240646748,0,NONE
2025-03-11,36.5873,False,False,False,0.4380777816140332,0.3371723429185725,-1.8296026306216007,0,NONE
2025-03-12,36.5878,False,False,False,0.3933998436157531,0.339238326930295,-1.6158948409225573,0,NONE
2025-03-13,36.607,False,False,False,0.3151674592262709,0.3383307911754862,-1.4844875364344663,0,NONE
2025-03-14,36.6383,False,False,False,0.2714622252950054,0.337113222160801,-1.3619732115837078,0,NONE
2025-03-17,36.6454,False,False,False,0.1496315477545745,0.34429843742607,-0.7438789359481675,0,NONE
2025-03-18,36.6908,False,False,False,0.1778518969562899,0.3431312979809181,-0.7236360522107752,0,NONE
2025-03-19,37.808,True,True,True,6.410805166710201,0.5811876091698724,2.9492598468955746,3,ALL_THREE
2025-03-20,37.8242,True,False,True,1.6386510938862815,0.4632137138706312,0.00048686797048169694,2,TWO_MODELS
2025-03-21,37.839,True,False,False,1.6453487279650083,0.4624167263235061,-0.024200421637043945,1,ONE_MODEL
2025-03-24,37.9769,True,False,False,1.6108840307667356,0.4597922301458805,-0.10199990024123728,1,ONE_MODEL
2025-03-25,37.979,True,False,False,1.6277926156712643,0.4614695126417631,-0.035938268129019235,1,ONE_MODEL
2025-03-26,37.9973,False,False,False,0.1836601520451654,0.3485670705867171,-1.424936446441107,0,NONE
2025-03-27,37.9622,False,False,False,0.2127011547895461,0.3479891380500161,-1.629447130653654,0,NONE
2025-03-28,37.9821,False,False,False,0.2119725992191003,0.3451136365248154,-1.878666728153183,0,NONE
2025-03-31,37.9447,False,False,False,0.1107841642208864,0.3563488996213939,-0.8680593390974494,0,NONE
2025-04-01,37.9461,False,False,False,0.0913943526018221,0.3535744779709611,-1.0555197948386983,0,NONE
2025-04-02,37.9435,False,False,False,0.0807382056066405,0.3549247359607178,-1.0281933473003164,0,NONE
2025-04-03,37.9101,False,False,False,0.1092605121255935,0.3560042004639316,-1.0879037337617525,0,NONE
2025-04-04,37.9772,False,False,False,0.1366642230100365,0.3474695746837329,-1.6076108451768647,0,NONE
2025-04-07,37.9771,False,False,False,0.1200227063041929,0.3473121282074807,-1.5657020631276577,0,NONE
2025-04-08,37.9207,False,False,False,0.1514445568254731,0.3508605287714557,-1.6476873739351259,0,NONE
2025-04-09,37.9793,False,False,False,0.1781575383278307,0.3441848833710444,-1.9544174108757808,0,NONE
2025-04-10,37.9132,False,False,False,0.2021160121760924,0.3480329280110024,-1.90735424436512,0,NONE
2025-04-11,38.03,False,False,False,0.2515887739713832,0.3452810789795799,-2.144948055376977,0,NONE
2025-04-14,38.032,False,False,False,0.2513936941135909,0.3430534205511816,-2.217827109119149,0,NONE
2025-04-15,38.0832,False,False,False,0.2222930861686508,0.3446639390281056,-1.9758007618474043,0,NONE
2025-04-16,38.1278,False,False,False,0.2188519819123074,0.3423496408094945,-1.5086465972816008,0,NONE
2025-04-17,37.9702,False,False,False,0.820575621265265,0.3841759054270416,-0.5111343680584177,0,NONE
2025-04-18,38.1008,False,False,False,0.4712907434670902,0.3527500128343373,-1.1645406332077766,0,NONE
2025-04-21,38.212,False,False,False,0.3635969298442656,0.3451296596717246,-1.8765213318345744,0,NONE
2025-04-22,38.2629,False,False,False,0.3638660910434032,0.3396936872123387,-2.4406828377102876,0,NONE
2025-04-23,38.3008,False,False,False,0.3636305972722639,0.3378977925088411,-2.5907148140715837,0,NONE
2025-04-24,38.3395,False,False,False,0.1401809590548861,0.3454234366228627,-1.154386525632253,0,NONE
2025-04-25,38.4149,False,False,False,0.2039273881058946,0.3483557404562131,-0.8466336219290245,0,NONE
2025-04-28,38.4339,False,False,False,0.0659177639648101,0.3482806386719467,-0.9168901018474553,0,NONE
2025-04-29,38.4866,False,False,False,0.1014674861411343,0.3500896070260559,-0.8610051040541968,0,NONE
2025-04-30,38.4903,False,False,False,0.0894282639802164,0.3438081821401595,-1.0685523588968149,0,NONE
2025-05-01,38.4421,False,False,False,0.2744888875526619,0.3469905403097101,-1.171509481617285,0,NONE
2025-05-02,38.5687,False,False,False,0.3577867190656626,0.343846406536462,-1.2540169414826146,0,NONE
2025-05-05,38.5637,False,False,False,0.2110273282790274,0.3362627083589343,-1.9515648052302481,0,NONE
2025-05-06,38.6239,False,False,False,0.2135648634993907,0.3359571233113236,-1.9496962062923338,0,NONE
2025-05-07,38.6504,False,False,False,0.2096349296673404,0.3342149975202901,-2.005891094946856,0,NONE
2025-05-08,38.6112,False,False,False,0.2600665387922415,0.3402672079627218,-1.5488196172258188,0,NONE
2025-05-09,38.7612,False,False,False,0.4195329230898259,0.3456718841209755,-1.2179368440607732,0,NONE
2025-05-12,38.7747,False,False,False,0.2201957933364549,0.3342666998910134,-1.9743592886115646,0,NONE
2025-05-13,38.7892,False,False,False,0.2202810054885165,0.3337936650208329,-2.004365738116613,0,NONE
2025-05-14,38.7704,False,False,False,0.2321602380202507,0.3358943272949539,-1.9372619909836253,0,NONE
2025-05-15,38.7145,False,False,False,0.3077836643502723,0.343571779137667,-1.7391869420559338,0,NONE
2025-05-16,38.852,False,False,False,0.4178294736930247,0.3464121892799754,-1.112821223056491,0,NONE
2025-05-19,38.8038,False,False,False,0.3571341347763379,0.3474889288586715,-1.602959100622508,0,NONE
2025-05-20,38.8394,False,False,False,0.2485256149370258,0.3339105013626117,-2.1848777195514177,0,NONE
2025-05-21,38.8704,False,False,False,0.244222294834284,0.3337203367707765,-2.1967951686756706,0,NONE
2025-05-22,38.9174,False,False,False,0.2059474603890267,0.3357741562992377,-1.8962024108779616,0,NONE
2025-05-23,38.9344,False,False,False,0.1173665690390647,0.33781972244239,-1.32415978921847,0,NONE
2025-05-26,38.9598,False,False,False,0.0350899996262309,0.355187880176675,-0.7351149312228333,0,NONE
2025-05-27,38.9837,False,False,False,0.0353293518448872,0.354010590872041,-0.7319341350723754,0,NONE
2025-05-28,39.097,False,False,False,0.3724166669023958,0.350228125241633,-0.6022258943786873,0,NONE
2025-05-29,39.1054,False,False,False,0.1334664586766569,0.3389803258144306,-1.362042901822404,0,NONE
2025-05-30,39.2289,False,False,False,0.3765148872666155,0.3489472378164993,-0.8949649616141375,0,NONE
2025-06-02,39.1961,False,False,False,0.2778955599108281,0.342860394101363,-1.4105122029493131,0,NONE
2025-06-03,39.1492,False,False,False,0.3246465940409967,0.3454592978885041,-1.6426852263930147,0,NONE
2025-06-04,39.1642,False,False,False,0.2065504474064235,0.3355539118567504,-1.9504712650092966,0,NONE
2025-06-05,39.2864,False,False,False,0.3836256616242833,0.3427557891770218,-1.4883047359293062,0,NONE
2025-06-06,39.2423,False,False,False,0.3033622821498201,0.3438505947224712,-1.566436237112903,0,NONE
2025-06-09,39.2561,False,False,False,0.2102513117024256,0.3342231991423073,-2.0088467235601843,0,NONE
2025-06-10,39.2056,False,False,False,0.3102384583592437,0.3443913809368512,-1.580381066771773,0,NONE
2025-06-11,39.1681,False,False,False,0.574322493059132,0.3484944494292012,-1.8738422196996058,0,NONE
2025-06-12,39.3445,False,False,False,0.7226100511642921,0.3666382851150568,-0.8758959943783111,0,NONE
2025-06-13,39.2169,False,False,False,0.8206673771281935,0.3824600438943302,-1.0961887883702683,0,NONE
2025-06-16,39.3602,False,False,False,0.9553304899871684,0.3778858597393464,-0.8553715232933552,0,NONE
2025-06-17,39.4751,False,False,False,0.930448660947455,0.3704906164847455,-1.2225369785771552,0,NONE
2025-06-18,39.516,False,False,False,0.8632830868744757,0.3597074205455683,-1.299311508422191,0,NONE
2025-06-19,39.6085,False,False,False,0.7658950965967356,0.3520894404066114,-1.6958640616868923,0,NONE
2025-06-20,39.6706,False,False,False,0.2914330433018803,0.3428306638079384,-1.3911504237129737,0,NONE
2025-06-23,39.6149,False,False,False,0.4646790054037394,0.346726013907756,-1.753058248859496,0,NONE
2025-06-24,39.5944,False,False,False,0.4258259603722475,0.3390489382020319,-2.088072774212618,0,NONE
2025-06-25,39.7576,False,False,False,0.5991998030132984,0.3516453092586997,-1.7487226776274731,0,NONE
2025-06-26,39.7712,False,False,False,0.5831952849126668,0.3401780320548362,-2.150405591630733,0,NONE
2025-06-27,39.8993,False,False,False,0.644845208760967,0.3500754161853843,-1.8926064803823355,0,NONE
2025-06-30,39.8102,False,False,False,0.6941967711944578,0.3603306491857349,-1.7218432181093046,0,NONE
2025-07-01,39.8237,False,False,False,0.676964421306691,0.3462937515394622,-2.092727009706774,0,NONE
2025-07-02,39.7761,False,False,False,0.5439164457909361,0.3498499301777986,-2.1256039740279995,0,NONE
2025-07-03,39.8232,False,False,False,0.5679557318824283,0.3414775073026262,-2.153602150842014,0,NONE
2025-07-04,39.862,False,False,False,0.400543543858022,0.3376958398170582,-2.0277520376363096,0,NONE
2025-07-07,39.9734,False,False,False,0.3889053961488755,0.3410659432670745,-1.84965766231808,0,NONE
2025-07-08,40.0353,False,False,False,0.3888650074481162,0.3368495975725612,-2.0819451111055898,0,NONE
2025-07-09,40.0431,False,False,False,0.2560779078154314,0.3390778370280895,-1.3999083099244363,0,NONE
2025-07-10,40.0815,False,False,False,0.2774510051027084,0.3366983088263282,-1.6001717456224167,0,NONE
2025-07-11,40.1704,False,False,False,0.2973254017064489,0.3400386770947176,-1.4859605981276722,0,NONE
2025-07-14,40.1734,False,False,False,0.2665569121696065,0.3376090509830246,-1.3434450102042845,0,NONE
2025-07-15,40.2048,False,False,False,0.251204910272871,0.3356097330046089,-1.4513813589242996,0,NONE
2025-07-16,40.2497,False,False,False,0.2276887416798028,0.3371040465648845,-1.315091064773096,0,NONE
2025-07-17,40.2957,False,False,False,0.2276891775248681,0.3371710661897055,-1.3007080860323512,0,NONE
2025-07-18,40.3912,False,False,False,0.2437812596715764,0.3435819550214494,-1.0358936553061593,0,NONE
2025-07-21,40.3844,False,False,False,0.2659903343843045,0.3389268255203549,-1.2921806921924084,0,NONE
2025-07-22,40.4147,False,False,False,0.2669221524483841,0.3362376062720423,-1.4807113375595016,0,NONE
2025-07-23,40.4534,False,False,False,0.2671811966248438,0.3369432296259953,-1.45465637475289,0,NONE
2025-07-24,40.7511,True,False,False,1.277278383664907,0.4145167416369703,-0.3291754945864529,1,ONE_MODEL
2025-07-25,40.5557,True,False,False,1.0853830838896,0.4193149604122906,-0.4361481256355795,1,ONE_MODEL
2025-07-28,40.5562,True,False,False,1.083579624015898,0.38722365419198,-1.041180307930281,1,ONE_MODEL
2025-07-29,40.5763,True,False,False,1.0853064165968374,0.3874322334653241,-1.030592892398504,1,ONE_MODEL
2025-07-30,40.5856,True,False,False,1.08601104507296,0.3864024951500421,-1.03323230082127,1,ONE_MODEL
2025-07-31,40.638,False,False,False,0.6100556422392646,0.3523326768508144,-1.891773993777342,0,NONE
2025-08-01,40.647,False,False,False,0.1286940367237806,0.3474284317863701,-0.9586480006104505,0,NONE
2025-08-04,40.6608,False,False,False,0.1150834883783309,0.3467264091745717,-0.8627988228270187,0,NONE
2025-08-05,40.6734,False,False,False,0.1175503057265973,0.3465295416459157,-0.8853749075413262,0,NONE
2025-08-06,40.6454,False,False,False,0.1800505431392499,0.3463529077722715,-1.1492266422872994,0,NONE
2025-08-07,40.6128,False,False,False,0.1835676806906492,0.3521543824645815,-0.9581924988140269,0,NONE
2025-08-08,40.6825,False,False,False,0.2661619339646862,0.3422707745930152,-1.5563268821934475,0,NONE
2025-08-11,40.7088,False,False,False,0.2744232476215945,0.3374951836891103,-1.736388943730919,0,NONE
2025-08-12,40.7258,False,False,False,0.27513946149453,0.3369220524917875,-1.7239850229523164,0,NONE
2025-08-13,40.7739,False,False,False,0.2503060420820853,0.3378928287891236,-1.5140899412460431,0,NONE
2025-08-14,40.8279,False,False,False,0.1386431734433197,0.3462713748995658,-0.8362558861360831,0,NONE
2025-08-15,40.8638,False,False,False,0.0986515854576184,0.3485593902603668,-0.718632214308565,0,NONE
2025-08-18,40.8789,False,False,False,0.1146937866087305,0.3441417915567443,-0.8329732873206019,0,NONE
2025-08-19,40.8937,False,False,False,0.118310278965705,0.3430625520330349,-0.8538227691786311,0,NONE
2025-08-20,40.9321,False,False,False,0.1097506374104444,0.3437595662515699,-0.7700040287215604,0,NONE
2025-08-21,40.9374,False,False,False,0.0947984670351047,0.3459599337383669,-0.5936645533150084,0,NONE
2025-08-22,40.988,False,False,False,0.188456144061582,0.3471536949426265,-0.36748526086692834,0,NONE
2025-08-25,40.9925,False,False,False,0.149644794340387,0.3446723990910034,-0.6125582782517132,0,NONE
2025-08-26,41.0433,False,False,False,0.2503775092774608,0.3460957642288816,-0.39184447993042504,0,NONE
2025-08-27,41.0374,False,False,False,0.25478905879652,0.3459812492613131,-0.6533105782589779,0,NONE
2025-08-28,41.0458,False,False,False,0.1833035485725297,0.3403554708160843,-0.8993182322749433,0,NONE
2025-08-29,41.1402,False,False,False,0.6403741196722633,0.3579672171301807,-0.10471269804986072,0,NONE
2025-09-01,41.1162,False,False,False,0.3882394318474501,0.3497291388425381,-1.017284769803675,0,NONE
2025-09-02,41.1404,False,False,False,0.3114851288632954,0.3354330915477646,-1.5934322887291916,0,NONE
2025-09-03,41.1597,False,False,False,0.2991338462260766,0.3356117586030516,-1.5392973253997155,0,NONE
2025-09-04,41.1573,False,False,False,0.3193085992293563,0.3393067386270156,-1.314181702937498,0,NONE
2025-09-05,41.2411,False,False,False,0.4872237964198939,0.3491393358956821,-0.45296866580958195,0,NONE
2025-09-08,41.2487,False,False,False,0.2578728188794355,0.3379720054239227,-1.1257830944995266,0,NONE
2025-09-09,41.2581,False,False,False,0.2687144010830704,0.3370543986895487,-1.2236688435585474,0,NONE
2025-09-10,41.2704,False,False,False,0.2713980808790646,0.336780361987456,-1.2777509020586244,0,NONE
2025-09-11,41.3269,False,False,False,0.2700937051098087,0.3409057887727117,-0.8836995953263234,0,NONE
2025-09-12,41.3597,False,False,False,0.1638771300203143,0.3422995937770458,-0.7459995122172867,0,NONE
2025-09-15,41.2925,False,False,False,0.7662382374111706,0.374389660309153,-0.288543614286656,0,NONE
2025-09-16,41.2349,False,False,False,0.5386688231150324,0.3694994623371135,-1.0318942186992306,0,NONE
2025-09-17,41.2799,False,False,False,0.4785142427439176,0.3459591129525837,-1.446991089222033,0,NONE
2025-09-18,41.2899,False,False,False,0.4177473794003309,0.3426626234650221,-1.7041794475069185,0,NONE
2025-09-19,41.3754,False,False,False,0.5380313343082437,0.3508425005128491,-0.9789830650601594,0,NONE
2025-09-22,41.3658,False,False,False,0.4584580694052088,0.3398467938208229,-1.6281176256997387,0,NONE
2025-09-23,41.3941,False,False,False,0.3065483091124126,0.3381250684637053,-1.3384217796905435,0,NONE
2025-09-24,41.4428,False,False,False,0.3137073976856208,0.338605597126804,-1.2352608192249797,0,NONE
2025-09-25,41.4835,False,False,False,0.294874955800413,0.3379183090118182,-1.2958181792571786,0,NONE
2025-09-26,41.5663,False,False,False,0.3536369981962319,0.3430264548419938,-0.7427638890892077,0,NONE
2025-09-29,41.5876,False,False,False,0.2071086128072922,0.3395362426593845,-0.9860099411136769,0,NONE
2025-09-30,41.5853,False,False,False,0.2747218264487554,0.3382535836705123,-1.178019332074344,0,NONE
2025-10-01,41.5626,False,False,False,0.3498708842674066,0.3428886175159102,-1.2970432187511705,0,NONE
2025-10-02,41.6007,False,False,False,0.3476528492474759,0.3357399038494656,-1.4868188201418686,0,NONE
2025-10-03,41.6842,False,False,False,0.3633999390896342,0.3426877633221966,-0.9413534897122204,0,NONE
2025-10-06,41.6917,False,False,False,0.3559004580061489,0.3354611674063315,-1.5985671508482113,0,NONE
2025-10-07,41.6921,False,False,False,0.3522745398991896,0.336258743976398,-1.5443853995807313,0,NONE
2025-10-08,41.6959,False,False,False,0.3022112785545499,0.3358772484788143,-1.400460025808247,0,NONE
2025-10-09,41.7439,False,False,False,0.3112344572918702,0.3367057404259635,-1.2813824967537712,0,NONE
2025-10-10,41.8312,False,False,False,0.3935304828312476,0.344205530185662,-0.798167074309621,0,NONE
2025-10-13,41.8054,False,False,False,0.3836303312114962,0.3444204066283151,-1.371556075756141,0,NONE
2025-10-14,41.8173,False,False,False,0.3736552895972451,0.3359706737618905,-1.6234258355912985,0,NONE
2025-10-15,41.8402,False,False,False,0.3609128873349548,0.3348085582608984,-1.6020216853122236,0,NONE
2025-10-16,41.8426,False,False,False,0.4656982119403482,0.339625835972681,-1.463668158826028,0,NONE
2025-10-17,41.9043,False,False,False,0.4556466604999218,0.3417527738418801,-1.1359458831056184,0,NONE
2025-10-20,41.9564,False,False,False,0.3651371719437444,0.3401382680821904,-1.1676429138020232,0,NONE
2025-10-21,41.97,False,False,False,0.3608401101510093,0.3389918686596315,-1.310265952978325,0,NONE
2025-10-22,41.9703,False,False,False,0.4093410476281179,0.3407260731556951,-1.2565816656403914,0,NONE
2025-10-23,42.0024,False,False,False,0.3661554329236105,0.3378836536911824,-1.3675312877087435,0,NONE
2025-10-24,41.9391,False,False,False,0.653835089756547,0.374149682168093,-0.511452596188029,0,NONE
2025-10-27,41.877,False,False,False,0.5762672159021988,0.3788452118029261,-0.7845446855981351,0,NONE
2025-10-28,41.9357,False,False,False,0.7119686827487846,0.3590588686237609,-0.6160533215710942,0,NONE
2025-10-29,41.9493,False,False,False,0.7320921967962511,0.3541018126270655,-0.9776298006836228,0,NONE
2025-10-30,41.9615,False,False,False,0.7109519521084214,0.3545015942706846,-1.004369099049148,0,NONE
2025-10-31,42.0611,False,False,False,0.7907710211187046,0.369002047335863,-0.33979866773498735,0,NONE
2025-11-03,42.049,False,False,False,0.5789322796746776,0.3477804668606511,-1.1324452210673126,0,NONE
2025-11-04,42.0909,False,False,False,0.5556296879440219,0.3440073486984608,-1.3114858216549035,0,NONE
2025-11-05,42.0903,False,False,False,0.5805696576493216,0.3434160198561673,-1.3232200407770094,0,NONE
2025-11-06,42.105,False,False,False,0.5814973983222697,0.3422348560052708,-1.3764466681595682,0,NONE
2025-11-07,42.2081,False,False,False,0.5773171230218002,0.3531655127522055,-0.7414902201044118,0,NONE
2025-11-10,42.2331,False,False,False,0.5051567913284707,0.3398806907025144,-1.5266346829564341,0,NONE
2025-11-11,42.2206,False,False,False,0.5680806017335486,0.3451773843722195,-1.347861233177884,0,NONE
2025-11-12,42.2306,False,False,False,0.5520657436399315,0.3405796225676198,-1.4818280779154591,0,NONE
2025-11-13,42.2506,False,False,False,0.5486648919849103,0.3406669398223044,-1.4811220687931286,0,NONE
2025-11-14,42.2451,False,False,False,0.2014369175547086,0.3462482786806904,-0.7502221733786705,0,NONE
2025-11-17,42.3089,False,False,False,0.3725188990298488,0.341892942299808,-0.9822138250738295,0,NONE
2025-11-18,42.3322,False,False,False,0.320938860301899,0.3378689757058479,-1.3151011228973708,0,NONE
2025-11-19,42.3518,False,False,False,0.312260823486104,0.3379400822579647,-1.2971352842917518,0,NONE
2025-11-20,42.3676,False,False,False,0.3156369788378494,0.3379308946482199,-1.312379961781497,0,NONE
2025-11-21,42.4369,False,False,False,0.3305156485057457,0.343857953456228,-0.849464509483095,0,NONE
2025-11-24,42.4184,False,False,False,0.3995057178058657,0.3464592216316883,-1.1731914427767425,0,NONE
2025-11-25,42.4144,False,False,False,0.4236467468474502,0.342720077976656,-1.3139840157985887,0,NONE
2025-11-26,42.4397,False,False,False,0.4265403376694738,0.3380742919997762,-1.4766735042473105,0,NONE
2025-11-27,42.435,False,False,False,0.4452184451765177,0.3413529843268416,-1.333624667355167,0,NONE
2025-11-28,42.5007,False,False,False,0.4319400437198792,0.3433240473073985,-0.9713199365139094,0,NONE
2025-12-01,42.4321,False,False,False,0.698331485211296,0.3769785952576832,-0.4449428650295939,0,NONE
2025-12-02,42.4447,False,False,False,0.6051030051826388,0.3481605472834617,-1.3490257696084136,0,NONE
2025-12-03,42.4437,False,False,False,0.5893900558531108,0.348537794627072,-1.339824872632228,0,NONE
2025-12-04,42.4994,False,False,False,0.6582381095308674,0.3509157331748593,-0.87293377279995,0,NONE
2025-12-05,42.5291,False,False,False,0.5733891215009782,0.3447913585144594,-1.2799564681063718,0,NONE
2025-12-08,42.5687,False,False,False,0.2853301440916082,0.3434368252884472,-0.8820380919835937,0,NONE
2025-12-09,42.5875,False,False,False,0.2849997139888386,0.3414008784797587,-1.1127480914408565,0,NONE
2025-12-10,42.5938,False,False,False,0.2534653491749383,0.3431427317083747,-0.9510771835844061,0,NONE
2025-12-11,42.5971,False,False,False,0.2047224251713565,0.3447003686656848,-0.7386731614320361,0,NONE
2025-12-12,42.6945,False,False,False,0.6101587394616286,0.3582809470176109,-0.44282588434177406,0,NONE
2025-12-15,42.6941,False,False,False,0.5432730137815507,0.3424005817833144,-1.340801539814052,0,NONE
2025-12-16,42.6948,False,False,False,0.5612638660392005,0.3432704450047273,-1.3447694296088901,0,NONE
2025-12-17,42.7184,False,False,False,0.5527204409177447,0.3416763437067219,-1.3798458365602375,0,NONE
2025-12-18,42.728,False,False,False,0.5440367321312986,0.3413522050079053,-1.4090886059353949,0,NONE
2025-12-19,42.8012,False,False,False,0.4078410090172211,0.3449823826668104,-0.7674371058163825,0,NONE
2025-12-22,42.8122,False,False,False,0.3856392884527249,0.3381077041141578,-1.4207807077377037,0,NONE
2025-12-23,42.8227,False,False,False,0.3644899765903994,0.3378818827488662,-1.369742164339483,0,NONE
2025-12-24,42.8411,False,False,False,0.3715929073817122,0.3381989164033435,-1.386507991842267,0,NONE
2025-12-25,42.8461,False,False,False,0.3811493968038339,0.3392894560652281,-1.3597326088253254,0,NONE
2025-12-26,42.9027,False,False,False,0.2869215348983928,0.3440824337820869,-0.6826516010388985,0,NONE
2025-12-29,42.9289,False,False,False,0.2789659877654762,0.3401681788244517,-1.0474083336798081,0,NONE
2025-12-30,42.934,False,False,False,0.2927852552347309,0.3415983094475751,-1.0079796088924393,0,NONE
2025-12-31,42.9256,False,False,False,0.3492072040222048,0.3470075842008769,-0.9869400972184881,0,NONE
2026-01-01,42.9562,False,False,False,0.3449718501141161,0.3390154954633219,-1.2393173899423058,0,NONE
2026-01-02,43.0237,False,False,False,0.405315248230059,0.3457857782198564,-0.7427028646090346,0,NONE
2026-01-05,43.0151,False,False,False,0.4568654012637323,0.3472238227890327,-1.1370863847683292,0,NONE
2026-01-06,43.0317,False,False,False,0.4474452358074849,0.3391739253825427,-1.4234890134615448,0,NONE
2026-01-07,43.0342,False,False,False,0.4168567925317558,0.3413054969880285,-1.2991957013322324,0,NONE
2026-01-08,43.0385,False,False,False,0.4221327820112224,0.339668987953959,-1.3280902910679178,0,NONE
2026-01-09,43.1297,False,False,False,0.5702784746806409,0.3582596087899694,-0.41993292003932403,0,NONE
2026-01-12,43.1112,False,False,False,0.5805173187411136,0.3545813340459707,-0.975611257432428,0,NONE
2026-01-13,43.1528,False,False,False,0.5935959626261018,0.344971168070797,-1.1154097262602,0,NONE
2026-01-14,43.1739,False,False,False,0.57359891535608,0.3424814226534447,-1.3312714670609829,0,NONE
2026-01-15,43.1825,False,False,False,0.5659288665514934,0.3433145732597505,-1.2942567110477263,0,NONE
2026-01-16,43.2756,False,False,False,0.5828796433939778,0.3583567428653099,-0.45543525495534354,0,NONE
2026-01-19,43.2572,False,False,False,0.6059975024863485,0.3540098766373715,-0.9045530628411296,0,NONE
2026-01-20,43.2731,False,False,False,0.6071317691612733,0.3437052519727849,-1.2574289719499223,0,NONE
2026-01-21,43.2949,False,False,False,0.6073077994076177,0.344081407235546,-1.2545947587981185,0,NONE
2026-01-22,43.2557,False,False,False,0.7200641175997102,0.3684778374262735,-0.5226395096218059,0,NONE
2026-01-23,43.363,False,False,False,0.7948466705147286,0.3725505613105371,-0.08028575463683474,0,NONE
2026-01-26,43.3512,False,False,False,0.7810707718083238,0.3572746185784409,-0.7263793329191959,0,NONE
2026-01-27,43.4006,False,False,False,0.801560380878459,0.354923607717735,-0.6831199181012799,0,NONE
2026-01-28,43.3978,False,False,False,0.8214833674837998,0.3567333453144273,-0.6726228712590974,0,NONE
2026-01-29,43.4066,False,False,False,0.6926095104553429,0.3493089566811845,-1.042253126959782,0,NONE
2026-01-30,43.4888,False,False,False,0.5703701256555465,0.348078764019598,-0.8813294688828393,0,NONE
2026-02-02,43.4709,False,False,False,0.585497581452366,0.3482567872604719,-1.1663319965114756,0,NONE
2026-02-03,43.4814,False,False,False,0.55489801790306,0.3412690639296327,-1.388885607760983,0,NONE
2026-02-04,43.5189,False,False,False,0.5435692508273178,0.3411517062262809,-1.348496210149623,0,NONE
2026-02-05,43.5344,False,False,False,0.5353223205654866,0.3401083805005126,-1.4214048199861828,0,NONE
2026-02-06,43.6024,False,False,False,0.455344792321006,0.3421439963975417,-1.1159141698766177,0,NONE
2026-02-09,43.5901,False,False,False,0.4328134723072325,0.3420007191461831,-1.2754512462277763,0,NONE
2026-02-10,43.6254,False,False,False,0.4221799841924076,0.3377994733989682,-1.4137033942259194,0,NONE
2026-02-11,43.6403,False,False,False,0.4229450170144628,0.3373693385581912,-1.460710257826614,0,NONE
2026-02-12,43.645,False,False,False,0.4387859314227234,0.3384289050150077,-1.4250031132312522,0,NONE
2026-02-13,43.7288,False,False,False,0.5190519256722051,0.3478835756932217,-0.8853720083244401,0,NONE
2026-02-16,43.704,False,False,False,0.5652033203573315,0.3508333712849326,-1.1042970868200843,0,NONE
2026-02-17,43.7239,False,False,False,0.5591337110285381,0.3414001655987443,-1.3863944283373115,0,NONE
2026-02-18,43.7597,False,False,False,0.5649573673512706,0.3418039789134974,-1.319570533535046,0,NONE
2026-02-19,43.7574,False,False,False,0.5787073009388376,0.3435553549382285,-1.2597280331876881,0,NONE
2026-02-20,43.829,False,False,False,0.5145136564663952,0.3458710141314572,-0.9695151624084666,0,NONE
2026-02-23,43.835,False,False,False,0.4334995146205054,0.3401406855619107,-1.3534684410356732,0,NONE
2026-02-24,43.8432,False,False,False,0.4491454841299734,0.3404885978223172,-1.3720822272965627,0,NONE
2026-02-25,43.865,False,False,False,0.4401199340533569,0.339020645424146,-1.4148011932058235,0,NONE
2026-02-26,43.8838,False,False,False,0.4019422302167458,0.3390784907179994,-1.3882911876165718,0,NONE
2026-02-27,43.9347,False,False,False,0.2672987719088412,0.3451290483725371,-0.6881147985806368,0,NONE
2026-03-02,43.9517,False,False,False,0.2420338824334826,0.3429105468403564,-0.9242780170013827,0,NONE
2026-03-03,43.9584,False,False,False,0.2469916576431142,0.344280626834595,-0.8552305087746905,0,NONE
2026-03-04,43.9555,False,False,False,0.3015164881866423,0.3437999495461849,-0.9380491293159317,0,NONE
2026-03-05,43.9944,False,False,False,0.3323246189159728,0.3411594829295619,-1.0608133053066613,0,NONE
2026-03-06,44.068,False,False,False,0.4643077282814386,0.3490410472119574,-0.7132561882690425,0,NONE
2026-03-09,44.0366,False,False,False,0.6036755809398615,0.3623815187741946,-0.7267857934344448,0,NONE
2026-03-10,44.0652,False,False,False,0.6026562533475662,0.3448706508520381,-1.1973630030585856,0,NONE
2026-03-11,44.0828,False,False,False,0.5709641544911742,0.3433007741987814,-1.2905534470579667,0,NONE
2026-03-12,44.1219,False,False,False,0.5707910786736458,0.3441369133277786,-1.1665990705886333,0,NONE
2026-03-13,44.2207,False,False,False,0.6837644215210993,0.3675914320837339,-0.29407590341728884,0,NONE
2026-03-16,44.1694,False,False,False,0.7551325459163709,0.3745094770861314,-0.21645169460233582,0,NONE
2026-03-17,44.1903,False,False,False,0.756411026442362,0.3543723375112551,-0.9117054191979168,0,NONE
2026-03-18,44.2112,False,False,False,0.755167084271463,0.3531460567700253,-0.8966010193445726,0,NONE
2026-03-19,44.2949,False,False,False,0.8236830749992274,0.3658239214657837,-0.3172741501790206,0,NONE
2026-03-20,44.2976,False,False,False,0.6683751481317836,0.3484177490069713,-1.050705412362614,0,NONE
2026-03-23,44.3048,False,False,False,0.4514347342430714,0.3400585394430985,-1.3852377969746623,0,NONE
2026-03-24,44.3373,False,False,False,0.4502729407209224,0.3390540699020201,-1.4203893424050236,0,NONE
2026-03-25,44.3411,False,False,False,0.4793784278571646,0.3413554344523209,-1.3663567686951534,0,NONE
2026-03-26,44.333,False,False,False,0.224662837657816,0.3491286919600448,-0.584372792924011,0,NONE
2026-03-27,44.42,False,False,False,0.5163814610068846,0.3504231845163032,-0.7392486608261848,0,NONE
2026-03-30,44.4456,False,False,False,0.5031601707971466,0.3390843601213609,-1.4591045500611628,0,NONE
2026-03-31,44.4499,False,False,False,0.5199403111060982,0.3410759306076502,-1.3855967063431436,0,NONE
2026-04-01,44.4705,False,False,False,0.5029867991382078,0.3390354426302838,-1.4574838109311443,0,NONE
2026-04-02,44.461,False,False,False,0.5050087678864555,0.3440358874009216,-1.25754557055836,0,NONE
2026-04-03,44.5811,False,False,False,0.6764702242494197,0.3652179306799319,-0.4000599773057889,0,NONE
2026-04-06,44.5698,False,False,False,0.7285218618064937,0.3527992264634306,-0.9154088045903812,0,NONE
2026-04-07,44.6045,False,False,False,0.7138573941947796,0.3476501963253144,-1.0631735392830937,0,NONE
2026-04-08,44.5158,False,False,True,0.9464933225982252,0.4004045079963418,0.1041204475633748,1,ONE_MODEL
2026-04-09,44.5674,False,False,False,0.957779486036249,0.3701679474814961,-0.3472231330101483,0,NONE
2026-04-10,44.6144,False,False,False,0.744891918781577,0.3529472546860853,-0.8674605334744641,0,NONE
2026-04-13,44.6864,False,False,False,0.8080955248216424,0.3575637450906429,-0.6069620880891744,0,NONE
2026-04-14,44.7241,False,False,False,0.8093951666137351,0.3527914509442638,-0.8192734792308585,0,NONE
2026-04-15,44.745,False,False,False,0.2368092843328187,0.3434257115206403,-0.9462567812345544,0,NONE
2026-04-16,44.7541,False,False,False,0.3134213112071615,0.3388620517102735,-1.2292706809151728,0,NONE
2026-04-17,44.8573,False,False,False,0.5003906054647458,0.3525896716324,-0.8433821929181544,0,NONE
2026-04-20,44.8643,False,False,False,0.5170712856596029,0.3401791888798017,-1.45045831238955,0,NONE
2026-04-21,44.879,False,False,False,0.5319546242031603,0.3395938341973645,-1.4746968461930212,0,NONE
2026-04-22,44.9199,False,False,False,0.5303064154533611,0.3400557550561846,-1.4553632109702725,0,NONE
2026-04-23,44.9251,False,False,False,0.5384807289955851,0.3408214242136623,-1.4100943683794807,0,NONE
2026-04-24,45.0098,False,False,False,0.4368873887387388,0.3438684697350699,-1.1014017249756538,0,NONE
2026-04-27,45.0347,False,False,False,0.4122216390199474,0.3378045054331048,-1.5032352152648958,0,NONE
2026-04-28,45.049,False,False,False,0.4133917290784705,0.3372372223970325,-1.4751135913976263,0,NONE
2026-04-29,45.1137,False,False,False,0.4488966428289059,0.3410733360705383,-1.3367381276362895,0,NONE
2026-04-30,45.1863,False,False,False,0.3994893745595869,0.3430688577425798,-1.229667220200584,0,NONE
2026-05-01,45.1846,False,False,False,0.4195065421133538,0.3408398862316882,-1.280703439843414,0,NONE
2026-05-04,45.1901,False,False,False,0.4559338968667586,0.3396328652921183,-1.4164187123624714,0,NONE
2026-05-05,45.2168,False,False,False,0.4422800218555363,0.3379269944228324,-1.513733988889891,0,NONE
2026-05-06,45.2134,False,False,False,0.4135742685144044,0.3409904556957355,-1.2748375213700935,0,NONE
2026-05-07,45.2441,False,False,False,0.2091755505493486,0.3438397173068198,-0.81897233860753,0,NONE
2026-05-08,45.3532,False,False,False,0.5895358745456453,0.3582378961281652,-0.5392074894227505,0,NONE
2026-05-11,45.3541,False,False,False,0.5854421537282939,0.3478046950578244,-1.0935884993805658,0,NONE
2026-05-12,45.382,False,False,False,0.5851817845547332,0.3425646024485277,-1.3684310385046121,0,NONE
2026-05-13,45.4209,False,False,False,0.5227276664896425,0.341961465331696,-1.45058946169749,0,NONE
2026-05-14,45.4325,False,False,False,0.552326536290396,0.3434837179391601,-1.3001152728955248,0,NONE
2026-05-15,45.5176,False,False,False,0.4196329019864537,0.3459338507635607,-0.898899661726734,0,NONE
2026-05-18,45.578,False,False,False,0.3673871191288362,0.3422189064427071,-1.1429965993114521,0,NONE
2026-05-19,45.5808,False,False,False,0.4358907782691872,0.3450824429894156,-1.1600313848364827,0,NONE
2026-05-20,45.5888,False,False,False,0.4716535490976387,0.3409631302649652,-1.2951960524540382,0,NONE
2026-05-21,45.5904,False,False,False,0.4918045980400219,0.3438317667694001,-1.2437371696849109,0,NONE
2026-05-22,45.7362,False,False,False,0.8119156124657689,0.3778022852881199,-0.1584104226914338,0,NONE
2026-05-25,45.6907,False,False,False,0.835259316981883,0.3751777324787128,-0.3605200753110793,0,NONE
2026-05-26,45.8839,True,False,True,1.0707768394705366,0.4118178916678165,0.21619232944681777,2,TWO_MODELS
2026-05-27,45.9088,True,False,False,1.0558709546339244,0.3783534649186871,-0.30264760548750225,1,ONE_MODEL
2026-05-28,45.8729,True,False,True,1.1093750090908283,0.3921687533038999,0.00011832523386701155,2,TWO_MODELS
2026-05-29,45.8248,True,False,False,1.0376954354639851,0.3880746705175339,-0.3025590183088269,1,ONE_MODEL
2026-06-01,45.9011,False,False,False,0.999596480829794,0.375405145559981,-0.5079981067839867,0,NONE
2026-06-02,45.9392,False,False,False,0.5298486896224224,0.3413188300937047,-1.6447282850421026,0,NONE
2026-06-03,45.9653,False,False,False,0.5309403029700224,0.3409780529745046,-1.6486689518673625,0,NONE
2026-06-04,46.0303,False,False,False,0.4943675684512408,0.3419010847632179,-1.6466288260888007,0,NONE
2026-06-05,46.0408,False,False,False,0.2800327814561091,0.3404046040974258,-1.1867993811120403,0,NONE
2026-06-08,46.1073,False,False,False,0.2562100748519757,0.341403351034263,-1.0762553510769095,0,NONE
2026-06-09,46.1238,False,False,False,0.2821799212561307,0.3392326333328885,-1.2762798805544762,0,NONE
2026-06-10,46.127,False,False,False,0.3228346503723512,0.3387859835709091,-1.3666791489509738,0,NONE
2026-06-11,46.2025,False,False,False,0.3548504331277557,0.3401883289134386,-1.3757898239998454,0,NONE
2026-06-12,46.269,False,False,False,0.3476023988230954,0.3390528856113604,-1.436417725480224,0,NONE
2026-06-15,46.2985,False,False,False,0.3300721204839865,0.3377153520636576,-1.4761375115819693,0,NONE
2026-06-16,46.2902,False,False,False,0.387414852593252,0.3397972071351715,-1.4625163658206777,0,NONE
2026-06-17,46.3601,False,False,False,0.3703665643263786,0.3393846621499572,-1.4565121597415,0,NONE
2026-06-18,46.4529,False,False,False,0.4099014212612352,0.3431713970101345,-1.4034061224743475,0,NONE
2026-06-19,46.4438,False,False,False,0.474553101001569,0.3433851460414873,-1.4663202363308638,0,NONE
2026-06-22,46.4656,False,False,False,0.4781250756070366,0.3402410078002042,-1.6510779655503836,0,NONE
2026-06-23,46.4739,False,False,False,0.4446930673369949,0.3397928372785449,-1.492068039593855,0,NONE
2026-06-24,46.5056,False,False,False,0.4014207917356641,0.3379011022692387,-1.5587477090721933,0,NONE
2026-06-25,46.5673,False,False,False,0.2755767719598912,0.3437363505845582,-0.9025189368213038,0,NONE
2026-06-26,46.6255,False,False,False,0.2466834148772801,0.3449527807427137,-0.8632647384401348,0,NONE
2026-06-29,46.6471,False,False,False,0.2491083760255141,0.3437467837063374,-0.9192643584424136,0,NONE
2026-06-30,46.6592,False,False,False,0.2367800946705092,0.3450860446584262,-0.7698095116493704,0,NONE
2026-07-01,46.6625,False,False,False,0.3079234882619115,0.3447526043016993,-0.9313621620835626,0,NONE
2026-07-02,46.7081,False,False,False,0.263712521744033,0.3423444374216563,-1.0350601668077744,0,NONE
2026-07-03,46.8088,False,False,False,0.5067305404579882,0.3536951616675231,-0.6561930941102307,0,NONE
2026-07-06,46.8181,False,False,False,0.4576905809605112,0.3425689263555457,-1.2902266436565313,0,NONE
2026-07-07,46.8496,False,False,False,0.4380521216418797,0.3391980525646567,-1.5220073036156379,0,NONE
2026-07-08,46.8294,False,False,False,0.5010787960852876,0.3577003737763709,-0.8962222682907441,0,NONE
2026-07-09,46.9009,False,False,False,0.5343156348680582,0.3462641478905623,-1.2101462150037552,0,NONE
2026-07-10,46.9929,False,False,False,0.5071294680604719,0.351116727011812,-0.9400245502795848,0,NONE
2026-07-13,46.9933,False,False,False,0.5228310466373934,0.3467323337393639,-1.241735241170474,0,NONE
2026-07-14,47.0327,False,False,False,0.5236051263967438,0.3426154362768833,-1.5108779244747197,0,NONE
2026-07-15,47.0397,False,False,False,0.4418926703532473,0.3424376669520175,-1.286369539348085,0,NONE
2026-07-16,47.1003,False,False,False,0.4225935573817375,0.3413567133888353,-1.3159910069182104,0,NONE
2026-07-17,47.1623,False,False,False,0.3247409481001738,0.3422562046920713,-1.0109248465875993,0,NONE
2026-07-20,47.1697,False,False,False,0.302487949531857,0.3426824726670741,-0.98592487591932,0,NONE
2026-07-21,47.1865,False,False,False,0.3137992493756085,0.3401633052149763,-1.1876986293524094,0,NONE
2026-07-22,47.2159,False,False,False,0.2802981308532765,0.339833892268038,-1.1650976361827006,0,NONE
2026-07-23,47.2676,False,False,False,0.2587214089650315,0.3433415750037042,-0.9616921851465587,0,NONE
2026-07-24,47.3323,False,False,False,0.2681995869014942,0.3453379969080331,-0.7910124075092977,0,NONE
2026-07-27,47.3448,False,False,False,0.2535229677655087,0.3433605426817711,-0.8829498337180954,0,NONE
2026-07-28,47.3771,False,False,False,0.2292332701065493,0.3432175840604439,-0.9484731295417514,0,NONE
2026-07-29,47.3904,False,False,False,0.2621272428435154,0.3423375850819967,-0.9225998105483502,0,NONE
2026-07-30,47.4289,False,False,False,0.2426605555474165,0.3414194728198979,-1.0079374365032265,0,NONE
2026-07-31,47.5127,False,False,False,0.3559311091529456,0.3459326114429529,-0.7010819242965542,0,NONE
2026-08-03,47.5316,False,False,False,0.3205498160802321,0.3404408051437636,-1.1946060399324416,0,NONE
2026-08-04,47.528,False,False,False,0.3832116470467572,0.3465757774615514,-1.0324352648336532,0,NONE
2026-08-05,47.5669,False,False,False,0.3684573236574266,0.3386836437669259,-1.3912015287660218,0,NONE
2026-08-06,47.6245,False,False,False,0.3864662291012488,0.3409507680448447,-1.2766413724764138,0,NONE
2026-08-07,47.7111,False,False,False,0.396268979573304,0.3472304544707059,-0.8303972876137742,0,NONE
