Date,M1_Regime_Code,M1_P_LOW,M1_P_ELEVATED,M1_P_STRESS
2021-01-01,Elevated-Volatility Transition,1.354397092512056e-15,0.9980181914605659,0.0019818085394322734
2021-01-04,Elevated-Volatility Transition,6.611810852719537e-13,0.9994747128732894,0.0005252871260498795
2021-01-05,Elevated-Volatility Transition,1.2986128887609527e-13,0.9991149151255443,0.0008850848743266785
2021-01-06,Elevated-Volatility Transition,2.834805695032707e-17,0.9943449619335645,0.005655038066436119
2021-01-07,Elevated-Volatility Transition,5.406891757429102e-15,0.9977017140242838,0.0022982859757112247
2021-01-08,Elevated-Volatility Transition,2.2154100784266818e-14,0.9992218393775518,0.0007781606224265657
2021-01-11,Elevated-Volatility Transition,3.668608936436684e-16,0.9993554649860263,0.0006445350139729085
2021-01-12,Elevated-Volatility Transition,2.7623176820919707e-15,0.9997206382666971,0.0002793617333005293
2021-01-13,Elevated-Volatility Transition,5.046366694369549e-16,0.9994554864183419,0.0005445135816579311
2021-01-14,Elevated-Volatility Transition,2.280088238581988e-16,0.9992324678129336,0.000767532187066188
2021-01-15,Elevated-Volatility Transition,2.58898933043142e-17,0.9988752151890891,0.001124784810910748
2021-01-18,Elevated-Volatility Transition,1.8600268765203825e-14,0.9998459988945175,0.00015400110546395917
2021-01-19,Elevated-Volatility Transition,3.249212774355807e-14,0.9998812953394411,0.00011870466052576183
2021-01-20,Elevated-Volatility Transition,5.077002024905732e-15,0.9997881874422496,0.00021181255774519855
2021-01-21,Elevated-Volatility Transition,8.857669559590322e-16,0.9996230215245326,0.00037697847546578483
2021-01-22,Elevated-Volatility Transition,4.268166212433953e-14,0.9997649089907898,0.00023509100916761533
2021-01-25,Elevated-Volatility Transition,7.42145683773898e-13,0.999742288817153,0.0002577111821040154
2021-01-26,Elevated-Volatility Transition,6.937042675609701e-15,0.9991630123279637,0.0008369876720295594
2021-01-27,Elevated-Volatility Transition,4.4704242061358694e-14,0.9997863324600758,0.0002136675398786866
2021-01-28,Elevated-Volatility Transition,2.3387798664652826e-16,0.999279061795153,0.0007209382048460579
2021-01-29,Elevated-Volatility Transition,9.399554511025945e-12,0.9999659684055988,3.40315850017861e-05
2021-02-01,Elevated-Volatility Transition,6.980230457155805e-18,0.9983568856978599,0.0016431143021395968
2021-02-02,Elevated-Volatility Transition,1.2533478349647076e-12,0.9999696985034501,3.0301495296811764e-05
2021-02-03,Elevated-Volatility Transition,7.966299101320056e-12,0.9999641899299124,3.581006212047517e-05
2021-02-04,Elevated-Volatility Transition,3.330911036675958e-11,0.9999764352400698,2.3564726621229592e-05
2021-02-05,Elevated-Volatility Transition,7.128718816164706e-15,0.9996247505690347,0.00037524943095897773
2021-02-08,Elevated-Volatility Transition,4.5812904171937246e-10,0.9999739006197338,2.6098922137786777e-05
2021-02-09,Elevated-Volatility Transition,5.664053416311095e-10,0.9999715993439122,2.8400089682787176e-05
2021-02-10,Elevated-Volatility Transition,9.144429111882127e-10,0.9999750703154159,2.4928770140501823e-05
2021-02-11,Elevated-Volatility Transition,2.8795189499861224e-10,0.9999589366463507,4.106306569766847e-05
2021-02-12,Elevated-Volatility Transition,5.0918651671797744e-08,0.9999413074731498,5.864160819850885e-05
2021-02-15,Elevated-Volatility Transition,1.6198863598907738e-10,0.9997040315346397,0.0002959683033722544
2021-02-16,Elevated-Volatility Transition,2.994802371886805e-08,0.9999662627195697,3.370733240679886e-05
2021-02-17,Elevated-Volatility Transition,3.180893650465794e-08,0.9999654892519897,3.447893907399452e-05
2021-02-18,Elevated-Volatility Transition,1.0453072860117788e-07,0.999974965828745,2.4929640526393106e-05
2021-02-19,Elevated-Volatility Transition,4.1732597283641337e-07,0.9999804137952116,1.916887881604753e-05
2021-02-22,Elevated-Volatility Transition,3.7922111181263305e-06,0.9999814891981886,1.4718590692524462e-05
2021-02-23,Elevated-Volatility Transition,5.159665021243288e-07,0.9999927395090732,6.744524424468317e-06
2021-02-24,Elevated-Volatility Transition,1.6000643640968132e-06,0.999990557760842,7.842174793647132e-06
2021-02-25,Elevated-Volatility Transition,1.756880845518517e-16,0.9960906373466373,0.00390936265336184
2021-02-26,Elevated-Volatility Transition,1.115465473439812e-13,0.9992555365989666,0.0007444634009209609
2021-03-01,Elevated-Volatility Transition,1.5188016878903494e-16,0.9977545114847036,0.002245488515296417
2021-03-02,Elevated-Volatility Transition,3.1541866740685885e-14,0.9996276913676279,0.00037230863234061527
2021-03-03,Elevated-Volatility Transition,1.911824621518466e-15,0.9991378495215154,0.0008621504784819154
2021-03-04,Elevated-Volatility Transition,2.1890196169070455e-11,0.9999767522192313,2.324775887820149e-05
2021-03-05,Elevated-Volatility Transition,1.1266381195103925e-09,0.9999949950495243,5.003823837197076e-06
2021-03-08,Elevated-Volatility Transition,1.3029331742804396e-23,0.5322869868302976,0.46771301316970254
2021-03-09,High-Volatility Stress,2.579615739008321e-20,0.1353447038419506,0.8646552961580493
2021-03-10,High-Volatility Stress,2.2762706175589855e-19,0.034833239275951285,0.9651667607240489
2021-03-11,High-Volatility Stress,5.649285723146967e-17,0.08281024150529326,0.9171897584947059
2021-03-12,High-Volatility Stress,7.274630319616259e-20,0.01539829447122823,0.9846017055287717
2021-03-15,Elevated-Volatility Transition,3.689881468486068e-12,0.816859614555607,0.18314038544070294
2021-03-16,Elevated-Volatility Transition,9.306871986483316e-10,0.9992795842874769,0.000720414781835972
2021-03-17,Elevated-Volatility Transition,4.694593168889988e-08,0.9999916682514441,8.284802624584458e-06
2021-03-18,Elevated-Volatility Transition,3.34478406926737e-18,0.9012387377303753,0.09876126226962556
2021-03-19,High-Volatility Stress,9.931195532109807e-20,0.10103833831813504,0.898961661681865
2021-03-22,High-Volatility Stress,5.080618059178744e-180,6.374127829274119e-63,1.0
2021-03-23,High-Volatility Stress,3.400028877153958e-186,7.034609538053893e-49,1.0
2021-03-24,High-Volatility Stress,2.1537291571648383e-168,4.728871511183462e-48,1.0
2021-03-25,High-Volatility Stress,9.384233558541766e-159,3.640018682356588e-43,1.0
2021-03-26,High-Volatility Stress,3.998356757976278e-160,8.845443466237937e-44,1.0
2021-03-29,High-Volatility Stress,3.556318886582907e-97,2.6694958197587604e-22,1.0
2021-03-30,High-Volatility Stress,9.442945154636272e-78,5.805043676965871e-23,1.0
2021-03-31,High-Volatility Stress,1.395134119701304e-75,1.5782626956356098e-22,1.0
2021-04-01,High-Volatility Stress,3.0008094997078326e-78,2.4960500601014287e-24,1.0
2021-04-02,High-Volatility Stress,3.8138643144278525e-75,5.9883641345221e-23,1.0
2021-04-05,High-Volatility Stress,4.4489562891537887e-69,1.513162563197081e-20,1.0
2021-04-06,High-Volatility Stress,8.096306022128029e-63,9.91194433129706e-19,1.0
2021-04-07,High-Volatility Stress,1.4497056214288075e-58,1.8921376517472617e-17,1.0
2021-04-08,High-Volatility Stress,7.277567883351949e-55,3.647909497084708e-17,1.0
2021-04-09,High-Volatility Stress,4.745168793654552e-54,5.4467005198205213e-17,1.0
2021-04-12,High-Volatility Stress,2.0992954884798187e-53,4.886239996736071e-17,1.0
2021-04-13,High-Volatility Stress,2.288264508127078e-53,7.899604351039393e-17,1.0
2021-04-14,High-Volatility Stress,1.293031079830664e-53,4.302357088153782e-17,1.0
2021-04-15,High-Volatility Stress,1.6783744894192765e-52,2.452433594551325e-15,0.9999999999999982
2021-04-16,High-Volatility Stress,3.00179082641468e-49,6.19671336268178e-14,0.9999999999999378
2021-04-19,High-Volatility Stress,2.500157404282264e-27,0.47486343758458893,0.525136562415411
2021-04-20,Elevated-Volatility Transition,8.267687261883387e-14,0.986233583763907,0.013766416236009993
2021-04-21,Elevated-Volatility Transition,3.334773217806183e-14,0.9996065344352354,0.0003934655647319184
2021-04-22,Elevated-Volatility Transition,2.803093708387547e-17,0.9974189824526177,0.0025810175473825413
2021-04-23,Elevated-Volatility Transition,1.6273554767243747e-15,0.9990770339253067,0.0009229660746921056
2021-04-26,Elevated-Volatility Transition,7.138057923071887e-16,0.9996978169887893,0.0003021830112103516
2021-04-27,Elevated-Volatility Transition,1.1060496859738771e-14,0.999859343150491,0.00014065684949765372
2021-04-28,Elevated-Volatility Transition,3.814059601902081e-13,0.9999459588200689,5.404117954966958e-05
2021-04-29,Elevated-Volatility Transition,1.2039394933824192e-10,0.9999591521528933,4.084772671343317e-05
2021-04-30,Elevated-Volatility Transition,9.497515477883029e-12,0.9999420330875181,5.7966902984391294e-05
2021-05-03,Elevated-Volatility Transition,3.7942391843425257e-10,0.9999743985713078,2.560104926810015e-05
2021-05-04,Elevated-Volatility Transition,8.070458943165907e-11,0.9999588088360448,4.119108325131036e-05
2021-05-05,Elevated-Volatility Transition,4.819128512215924e-10,0.9999768816429091,2.3117875178371928e-05
2021-05-06,Elevated-Volatility Transition,3.341883891893225e-10,0.9999811118925671,1.888777324430905e-05
2021-05-07,Elevated-Volatility Transition,1.0419884178023582e-09,0.9999814065285014,1.8592429509983465e-05
2021-05-10,Elevated-Volatility Transition,2.451666652257009e-09,0.9999871160897713,1.2881458562011499e-05
2021-05-11,Elevated-Volatility Transition,1.2918654110775896e-08,0.9999805063154995,1.948076584659309e-05
2021-05-12,Elevated-Volatility Transition,2.709508628372494e-13,0.9998813338514926,0.00011866614823637213
2021-05-13,Elevated-Volatility Transition,1.4638963494869472e-12,0.9999157062162949,8.42937822406488e-05
2021-05-14,Elevated-Volatility Transition,6.0765519704136445e-12,0.9999570565113133,4.294348260984895e-05
2021-05-17,Elevated-Volatility Transition,9.776694865502685e-17,0.9990829062918477,0.0009170937081520215
2021-05-18,Elevated-Volatility Transition,1.488535424198439e-14,0.9998314913238743,0.0001685086761106612
2021-05-19,Elevated-Volatility Transition,3.7182673294262007e-13,0.9999482692143118,5.1730785316766445e-05
2021-05-20,Elevated-Volatility Transition,1.028990243707717e-11,0.9999790671975753,2.093279213505528e-05
2021-05-21,Elevated-Volatility Transition,2.4388477742306995e-11,0.9999843921393552,1.560783625590492e-05
2021-05-24,Elevated-Volatility Transition,8.525700115355637e-09,0.9999909054053038,9.08606899564316e-06
2021-05-25,Elevated-Volatility Transition,1.3793771025644795e-09,0.9999860197962386,1.3978824384156433e-05
2021-05-26,Elevated-Volatility Transition,8.061696285226766e-09,0.9999917507467382,8.241191565544768e-06
2021-05-27,Elevated-Volatility Transition,4.151633219436959e-09,0.9999868410510669,1.3154797300281782e-05
2021-05-28,Elevated-Volatility Transition,9.37815571086562e-10,0.9999796098725022,2.038918968264929e-05
2021-05-31,Elevated-Volatility Transition,8.816315148398498e-10,0.9999917685398119,8.230578556838904e-06
2021-06-01,Elevated-Volatility Transition,2.061837623996564e-08,0.9999961910237718,3.7883578520097193e-06
2021-06-02,Elevated-Volatility Transition,1.7756449249567362e-09,0.999993076555748,6.921668607146234e-06
2021-06-03,Elevated-Volatility Transition,1.0027833242378949e-11,0.99997201285543,2.798713454254405e-05
2021-06-04,Elevated-Volatility Transition,3.3339538694684037e-10,0.9999938092003482,6.19046625609446e-06
2021-06-07,Elevated-Volatility Transition,4.935409618577612e-10,0.9999944724039592,5.527102500246461e-06
2021-06-08,Elevated-Volatility Transition,1.4203086343792115e-09,0.9999964886378017,3.5099418892850366e-06
2021-06-09,Elevated-Volatility Transition,1.3443469595398451e-08,0.9999967453713882,3.2411851422302524e-06
2021-06-10,Elevated-Volatility Transition,8.198134647399352e-14,0.9998497345845027,0.00015026541541609417
2021-06-11,Elevated-Volatility Transition,6.893774773839051e-11,0.9999864346392829,1.356529177908967e-05
2021-06-14,Elevated-Volatility Transition,5.226852064559782e-06,0.9999943334696356,4.396782999657526e-07
2021-06-15,Elevated-Volatility Transition,1.1704849138283106e-06,0.9999982266573152,6.028577710925012e-07
2021-06-16,Elevated-Volatility Transition,1.7238568889292024e-06,0.9999977610334394,5.151096712922215e-07
2021-06-17,Elevated-Volatility Transition,2.86638915951304e-06,0.9999959585585109,1.175052329321711e-06
2021-06-18,Elevated-Volatility Transition,3.208994325239128e-05,0.999966418472956,1.4915837916139051e-06
2021-06-21,Elevated-Volatility Transition,8.915288661195588e-05,0.9999099260194106,9.21093977711125e-07
2021-06-22,Elevated-Volatility Transition,8.595188265321868e-07,0.9999985242125168,6.162686571401063e-07
2021-06-23,Elevated-Volatility Transition,6.524879613838696e-05,0.9999346098787855,1.4132507626283773e-07
2021-06-24,Elevated-Volatility Transition,8.48925524594934e-05,0.99991492181053,1.856370107323237e-07
2021-06-25,Elevated-Volatility Transition,5.563111216912406e-05,0.9999441721855008,1.9670233013998087e-07
2021-06-28,Elevated-Volatility Transition,7.189388781877543e-06,0.9999924736130568,3.369981611111078e-07
2021-06-29,Elevated-Volatility Transition,0.00035126029024461154,0.9996485915615173,1.4814823790423014e-07
2021-06-30,Elevated-Volatility Transition,0.0004908577650110115,0.9995090181471274,1.2408786164559053e-07
2021-07-01,Elevated-Volatility Transition,0.0009275695564326997,0.999072293974226,1.364693414661742e-07
2021-07-02,Elevated-Volatility Transition,0.0030498465124013754,0.996950027202973,1.2628462579210168e-07
2021-07-05,Elevated-Volatility Transition,0.017335372046924175,0.9826644928366004,1.351164755301305e-07
2021-07-06,Elevated-Volatility Transition,0.04272279281547524,0.957277031549628,1.75634896907396e-07
2021-07-07,Elevated-Volatility Transition,0.10095203984276793,0.8990477889151363,1.7124209566067865e-07
2021-07-08,Low-Volatility Trend,0.8081446495793644,0.19185524691649616,1.0350413923296868e-07
2021-07-09,Low-Volatility Trend,0.9815836386889535,0.018416338600770008,2.2710276479116456e-08
2021-07-12,Low-Volatility Trend,0.9977695981787246,0.0022303894173694864,1.2403906014005772e-08
2021-07-13,Low-Volatility Trend,0.9992233526821562,0.0007766328439683026,1.4473875619431445e-08
2021-07-14,Low-Volatility Trend,0.99860485546077,0.00139510699292588,3.7546304131605734e-08
2021-07-15,Low-Volatility Trend,0.9996370100317613,0.00036294420247008944,4.576576867845477e-08
2021-07-16,Low-Volatility Trend,0.9990042050270262,0.000995646031014082,1.489419594993231e-07
2021-07-19,Low-Volatility Trend,0.9992042874286404,0.000795700895478731,1.1675880877662944e-08
2021-07-20,Low-Volatility Trend,0.9998952738274599,0.00010472250454147538,3.66799862404349e-09
2021-07-21,Low-Volatility Trend,0.9999368061192556,6.319171125499209e-05,2.1694894136742885e-09
2021-07-22,Low-Volatility Trend,0.9999793014945587,2.069724283323081e-05,1.2626079992248427e-09
2021-07-23,Low-Volatility Trend,0.9999922532570557,7.74562691842629e-06,1.116025914018928e-09
2021-07-26,Low-Volatility Trend,0.9999981791919325,1.8185629986399472e-06,2.245068854720665e-09
2021-07-27,Low-Volatility Trend,0.9999992590936493,7.392675727529643e-07,1.6387779545351422e-09
2021-07-28,Low-Volatility Trend,0.999999210588876,7.874675777318844e-07,1.943546389771631e-09
2021-07-29,Low-Volatility Trend,0.9991646668299381,0.0008346933232790331,6.398467827720006e-07
2021-07-30,Low-Volatility Trend,0.9999497977863863,5.018443043104054e-05,1.7783182851160783e-08
2021-08-02,Low-Volatility Trend,0.8150154221132394,0.18481839636663777,0.00016618152012257972
2021-08-03,Low-Volatility Trend,0.8462099184094304,0.15378760850785717,2.4730827124804676e-06
2021-08-04,Low-Volatility Trend,0.7987304299467579,0.20126825050034675,1.3195528950253955e-06
2021-08-05,Low-Volatility Trend,0.9778506677111645,0.022149285610039933,4.6678795667051973e-08
2021-08-06,Low-Volatility Trend,0.8182034736628537,0.1817941982841162,2.3280530300428826e-06
2021-08-09,Low-Volatility Trend,0.9782972293619098,0.021702619350417514,1.5128767245504187e-07
2021-08-10,Low-Volatility Trend,0.9957616484710048,0.0042383189316758905,3.259731951666458e-08
2021-08-11,Low-Volatility Trend,0.9991616034880519,0.000838388043461979,8.468486137897582e-09
2021-08-12,Low-Volatility Trend,0.9768785381761891,0.023121217778289033,2.440455222233646e-07
2021-08-13,Low-Volatility Trend,0.9965627520183439,0.0034372301568288497,1.7824827423622823e-08
2021-08-16,Low-Volatility Trend,0.9871537110172949,0.012845993337798227,2.956449067668419e-07
2021-08-17,Low-Volatility Trend,0.9907522180235782,0.00924765622966171,1.2574675989817777e-07
2021-08-18,Low-Volatility Trend,0.9950876165541168,0.004912312271304542,7.117457870280757e-08
2021-08-19,Low-Volatility Trend,0.998603630282284,0.001396360151386288,9.566329548203543e-09
2021-08-20,Low-Volatility Trend,0.9991475179588688,0.0008524758742395747,6.166891678877865e-09
2021-08-23,Low-Volatility Trend,0.9936896647211048,0.006310264670045937,7.060884927775263e-08
2021-08-24,Low-Volatility Trend,0.9958321389997554,0.004167830910350009,3.0089894561941813e-08
2021-08-25,Low-Volatility Trend,0.9943372472285573,0.005662692836824489,5.993461802791036e-08
2021-08-26,Low-Volatility Trend,0.998918593481014,0.0010813804907130482,2.602827280878343e-08
2021-08-27,Low-Volatility Trend,0.9950426083775733,0.004957183241573169,2.0838085331650573e-07
2021-08-30,Low-Volatility Trend,0.9996912411237092,0.00030874978127110557,9.09501974064451e-09
2021-08-31,Low-Volatility Trend,0.9927395872618455,0.007259978959037088,4.337791171459859e-07
2021-09-01,Low-Volatility Trend,0.9972378938599507,0.002761953644492439,1.5249555719931887e-07
2021-09-02,Low-Volatility Trend,0.9988997746423984,0.0011000837749295697,1.4158267243546168e-07
2021-09-03,Low-Volatility Trend,0.9999052253620243,9.47596772214035e-05,1.496075414697308e-08
2021-09-06,Low-Volatility Trend,0.9996955863595189,0.00030431696526866123,9.667521231119026e-08
2021-09-07,Low-Volatility Trend,0.9997503718030522,0.0002496096982317044,1.849871612896332e-08
2021-09-08,Low-Volatility Trend,0.9751005353775872,0.024898287958695527,1.1766637173974997e-06
2021-09-09,Low-Volatility Trend,0.9974213536546706,0.002578612417068505,3.39282608745836e-08
2021-09-10,Low-Volatility Trend,0.9991891364185661,0.0008108466368638665,1.694457015584857e-08
2021-09-13,Low-Volatility Trend,0.9992571710519101,0.0007428061671091737,2.2780980905476498e-08
2021-09-14,Low-Volatility Trend,0.9998489759855927,0.0001510201386222285,3.875785079176741e-09
2021-09-15,Low-Volatility Trend,0.9999815659972893,1.8432533024993913e-05,1.4696857740985282e-09
2021-09-16,Low-Volatility Trend,0.9990540976580721,0.0009458668898412755,3.545208648830606e-08
2021-09-17,Low-Volatility Trend,0.5327450139235125,0.4672267086303287,2.827744615898892e-05
2021-09-20,Low-Volatility Trend,0.5774648690702026,0.42253409698560623,1.033944191360465e-06
2021-09-21,Low-Volatility Trend,0.6108275239706927,0.38917184133178107,6.346975260686562e-07
2021-09-22,Low-Volatility Trend,0.7172130995753218,0.2827863665899525,5.33834726037048e-07
2021-09-23,Elevated-Volatility Transition,0.014673331483662845,0.9853193289131835,7.339603153733381e-06
2021-09-24,Elevated-Volatility Transition,4.136637878676942e-05,0.99995388423194,4.7493892731674366e-06
2021-09-27,Elevated-Volatility Transition,0.00026364696734879116,0.9997354782982567,8.747343945667403e-07
2021-09-28,Elevated-Volatility Transition,0.0003805372668058346,0.9996178740118447,1.5887213496721399e-06
2021-09-29,Elevated-Volatility Transition,0.00034566381087871705,0.9996524059474917,1.9302416294917745e-06
2021-09-30,Elevated-Volatility Transition,0.007165129959334489,0.992834344188461,5.258522049455456e-07
2021-10-01,Elevated-Volatility Transition,0.08461925936703273,0.9153803866497969,3.5398317073002e-07
2021-10-04,Low-Volatility Trend,0.6187829986686693,0.3812168299040221,1.7142730870511517e-07
2021-10-05,Low-Volatility Trend,0.9642651012901003,0.0357348605543324,3.815556726162818e-08
2021-10-06,Low-Volatility Trend,0.998384505916946,0.0016154748341015805,1.9248952224292062e-08
2021-10-07,Low-Volatility Trend,0.9994807886214073,0.0005191932216444022,1.8156948245015535e-08
2021-10-08,Low-Volatility Trend,0.9883295312594783,0.011670075753604299,3.929869173943093e-07
2021-10-11,Low-Volatility Trend,0.9838963958443498,0.016103155913662827,4.4824198694957926e-07
2021-10-12,Low-Volatility Trend,0.9711526473322445,0.028846494831887295,8.578358684673388e-07
2021-10-13,Low-Volatility Trend,0.8928024016876341,0.10719271445869173,4.883853674224103e-06
2021-10-14,Elevated-Volatility Transition,0.017336622214608823,0.9825361928502645,0.00012718493512650915
2021-10-15,Elevated-Volatility Transition,0.0001594906650308308,0.9997888892392945,5.1620095675315215e-05
2021-10-18,Elevated-Volatility Transition,9.808314670963951e-06,0.9999050800886838,8.511159664463587e-05
2021-10-19,Elevated-Volatility Transition,6.625419679903747e-05,0.9999235530403048,1.0192762895558363e-05
2021-10-20,Elevated-Volatility Transition,8.514842120912744e-06,0.9999889145644151,2.5705934643992697e-06
2021-10-21,Elevated-Volatility Transition,4.298969553679629e-24,0.6061738619586049,0.39382613804139455
2021-10-22,Elevated-Volatility Transition,5.352727164748307e-18,0.7742541970931396,0.22574580290685992
2021-10-25,Elevated-Volatility Transition,4.759381452356189e-16,0.9675857256848391,0.03241427431516092
2021-10-26,Elevated-Volatility Transition,1.3886186776081013e-15,0.9968667899661816,0.003133210033817007
2021-10-27,Elevated-Volatility Transition,1.808422983869726e-14,0.9997013228427678,0.0002986771572145188
2021-10-28,Elevated-Volatility Transition,1.3364531467141025e-07,0.9999985863138035,1.2800408816992507e-06
2021-10-29,Elevated-Volatility Transition,1.2057389040881852e-07,0.9999978695486923,2.0098774173247475e-06
2021-11-01,Elevated-Volatility Transition,2.016544845073953e-07,0.9999985042656845,1.2940798314195026e-06
2021-11-02,Elevated-Volatility Transition,9.868091308150228e-08,0.9999983135158949,1.5878031923460648e-06
2021-11-03,Elevated-Volatility Transition,1.6007901032047414e-07,0.9999978303893807,2.009531609122617e-06
2021-11-04,Elevated-Volatility Transition,7.864724877302539e-08,0.9999973008742862,2.6204784646292027e-06
2021-11-05,Elevated-Volatility Transition,2.834221595058667e-07,0.9999982065256787,1.5100521618253188e-06
2021-11-08,Elevated-Volatility Transition,7.09741168597457e-07,0.9999969246748358,2.3655839956881265e-06
2021-11-09,Elevated-Volatility Transition,4.188854101684783e-07,0.9999962227968282,3.3583177617560426e-06
2021-11-10,Elevated-Volatility Transition,7.98260918810543e-09,0.9999935824002555,6.409617135666288e-06
2021-11-11,Elevated-Volatility Transition,1.4548850240144829e-08,0.9999951287868473,4.856664302871711e-06
2021-11-12,Elevated-Volatility Transition,1.108383295243174e-09,0.9999792212151486,2.0777676467979148e-05
2021-11-15,Elevated-Volatility Transition,3.9922018459894886e-10,0.9999120271231083,8.797247767066637e-05
2021-11-16,Elevated-Volatility Transition,4.1323418581926782e-22,0.860574060627119,0.13942593937288042
2021-11-17,High-Volatility Stress,9.043950367208914e-41,6.279425966716718e-06,0.999993720574034
2021-11-18,High-Volatility Stress,9.074202670734629e-79,7.068647690146058e-17,1.0
2021-11-19,High-Volatility Stress,1.6942053314558962e-88,1.3663416096981904e-16,1.0
2021-11-22,High-Volatility Stress,1.8069879225662393e-91,1.8409699746248325e-17,1.0
2021-11-23,High-Volatility Stress,0.0,4.313087401783206e-171,1.0
2021-11-24,High-Volatility Stress,0.0,4.5515027773678455e-186,1.0
2021-11-25,High-Volatility Stress,0.0,3.3891913974128395e-167,1.0
2021-11-26,High-Volatility Stress,0.0,2.0359627805645473e-175,1.0
2021-11-29,High-Volatility Stress,0.0,1.7741139970037222e-184,1.0
2021-11-30,High-Volatility Stress,0.0,1.028706907578944e-169,1.0
2021-12-01,High-Volatility Stress,0.0,7.49147551497097e-136,1.0
2021-12-02,High-Volatility Stress,0.0,1.553834736029921e-140,1.0
2021-12-03,High-Volatility Stress,0.0,6.950708403846329e-134,1.0
2021-12-06,High-Volatility Stress,0.0,1.39838285829749e-128,1.0
2021-12-07,High-Volatility Stress,0.0,2.308756163802465e-117,1.0
2021-12-08,High-Volatility Stress,0.0,8.42094798138967e-115,1.0
2021-12-09,High-Volatility Stress,0.0,5.024991519640492e-113,1.0
2021-12-10,High-Volatility Stress,0.0,6.878444367784209e-114,1.0
2021-12-13,High-Volatility Stress,0.0,4.814240757650382e-115,1.0
2021-12-14,High-Volatility Stress,0.0,1.1457014502011428e-128,1.0
2021-12-15,High-Volatility Stress,0.0,7.912659149520449e-131,1.0
2021-12-16,High-Volatility Stress,0.0,6.855986421395136e-163,1.0
2021-12-17,High-Volatility Stress,0.0,1.8370332751501674e-182,1.0
2021-12-20,High-Volatility Stress,0.0,0.0,1.0
2021-12-21,High-Volatility Stress,0.0,0.0,1.0
2021-12-22,High-Volatility Stress,0.0,0.0,1.0
2021-12-23,High-Volatility Stress,0.0,0.0,1.0
2021-12-24,High-Volatility Stress,0.0,0.0,1.0
2021-12-27,High-Volatility Stress,0.0,0.0,1.0
2021-12-28,High-Volatility Stress,0.0,0.0,1.0
2021-12-29,High-Volatility Stress,0.0,0.0,1.0
2021-12-30,High-Volatility Stress,0.0,0.0,1.0
2021-12-31,High-Volatility Stress,0.0,0.0,1.0
2022-01-03,High-Volatility Stress,6.168977064811808e-234,8.662196668316254e-226,1.0
2022-01-04,High-Volatility Stress,1.2911175575325095e-234,4.962790212955793e-197,1.0
2022-01-05,High-Volatility Stress,2.1624139576472255e-199,4.532214997022793e-164,1.0
2022-01-06,High-Volatility Stress,7.857964909897024e-190,4.021228797662602e-147,1.0
2022-01-07,High-Volatility Stress,2.2958000629701823e-186,1.0427963553785735e-145,1.0
2022-01-10,High-Volatility Stress,6.296446399139558e-185,3.4053499162079406e-146,1.0
2022-01-11,High-Volatility Stress,3.1351058732001574e-176,7.526563267036067e-145,1.0
2022-01-12,High-Volatility Stress,9.31213807321328e-192,5.693424376211656e-199,1.0
2022-01-13,High-Volatility Stress,1.0394509855923457e-183,1.2771794892041992e-166,1.0
2022-01-14,High-Volatility Stress,1.216910585839388e-174,7.74791242047369e-167,1.0
2022-01-17,High-Volatility Stress,4.4222873655720036e-104,5.414662212177781e-152,1.0
2022-01-18,High-Volatility Stress,7.291898363625826e-95,1.0286436562028295e-141,1.0
2022-01-19,High-Volatility Stress,7.051847942946638e-83,1.0758813790554516e-143,1.0
2022-01-20,High-Volatility Stress,9.126192613026603e-67,2.672553898180851e-144,1.0
2022-01-21,High-Volatility Stress,8.829695271051251e-64,1.2094271560173854e-134,1.0
2022-01-24,High-Volatility Stress,1.0013107887205016e-59,2.210346139370257e-129,1.0
2022-01-25,High-Volatility Stress,3.481220468838074e-59,1.2448139845222592e-131,1.0
2022-01-26,High-Volatility Stress,1.674525283335702e-52,7.34245894958556e-121,1.0
2022-01-27,High-Volatility Stress,8.311961806570329e-51,4.353096855346058e-116,1.0
2022-01-28,High-Volatility Stress,1.2233887964822874e-50,4.341950649727756e-126,1.0
2022-01-31,High-Volatility Stress,1.2975591122085795e-52,4.444057609841909e-143,1.0
2022-02-01,High-Volatility Stress,1.395197851918491e-50,9.561544942871803e-139,1.0
2022-02-02,High-Volatility Stress,3.3273615894053283e-50,5.037232943651968e-130,1.0
2022-02-03,High-Volatility Stress,6.625346705354313e-50,4.4128616368742677e-122,1.0
2022-02-04,High-Volatility Stress,2.076968696031207e-49,2.6103749021361753e-122,1.0
2022-02-07,High-Volatility Stress,7.054885502161688e-50,6.31885034274182e-120,1.0
2022-02-08,High-Volatility Stress,2.1566607825584542e-49,6.388633157536063e-122,1.0
2022-02-09,High-Volatility Stress,3.6206414901571334e-47,8.24168161958182e-123,1.0
2022-02-10,High-Volatility Stress,6.495120826412864e-47,4.038319402132432e-125,1.0
2022-02-11,High-Volatility Stress,1.947598966260551e-47,7.288324756516365e-126,1.0
2022-02-14,High-Volatility Stress,2.550094312114562e-47,1.8998460879576748e-118,1.0
2022-02-15,High-Volatility Stress,1.4351908815324867e-38,1.018193210032119e-113,1.0
2022-02-16,High-Volatility Stress,3.317288092042356e-35,7.709065685748454e-113,1.0
2022-02-17,High-Volatility Stress,7.311262483664012e-35,3.169887667692664e-114,1.0
2022-02-18,High-Volatility Stress,2.2972835808612254e-34,5.400807851088237e-109,1.0
2022-02-21,High-Volatility Stress,2.316522459340867e-33,2.8628898591109146e-107,1.0
2022-02-22,High-Volatility Stress,1.2951187547221391e-31,9.435630799756936e-97,1.0
2022-02-23,High-Volatility Stress,1.2461637406396497e-30,2.0025970529458027e-95,1.0
2022-02-24,High-Volatility Stress,2.107907066530906e-35,3.5598992740044635e-80,1.0
2022-02-25,High-Volatility Stress,3.2813020281377705e-33,1.348797143323099e-93,1.0
2022-02-28,High-Volatility Stress,9.099625652396747e-32,5.63926748582492e-93,1.0
2022-03-01,High-Volatility Stress,5.5838246042233695e-31,2.3797065447424573e-90,1.0
2022-03-02,High-Volatility Stress,2.3127172936633222e-33,7.948194771303138e-80,1.0
2022-03-03,High-Volatility Stress,5.631673401596614e-31,7.888645617913886e-76,1.0
2022-03-04,High-Volatility Stress,9.47330439843296e-32,3.646391266264129e-71,1.0
2022-03-07,High-Volatility Stress,1.3448023076672767e-34,4.294108115953049e-63,1.0
2022-03-08,High-Volatility Stress,1.5111367514504254e-34,1.3701868776629464e-57,1.0
2022-03-09,High-Volatility Stress,1.8681937888230392e-35,1.4604558699454915e-50,1.0
2022-03-10,High-Volatility Stress,1.4335080407638647e-37,1.8756402458489152e-42,1.0
2022-03-11,High-Volatility Stress,2.251584211101281e-31,9.301411651927878e-10,0.9999999990698587
2022-03-14,High-Volatility Stress,4.172801616619981e-12,0.4019910043630168,0.5980089956328096
2022-03-15,Elevated-Volatility Transition,2.68675090262873e-10,0.9955891804515372,0.004410819279787269
2022-03-16,Elevated-Volatility Transition,1.2443856988565763e-08,0.9998968099501231,0.0001031776060191721
2022-03-17,Elevated-Volatility Transition,5.193317015799372e-08,0.9999967503543264,3.1977125034216145e-06
2022-03-18,Elevated-Volatility Transition,1.4833804626946268e-08,0.9999991395786612,8.455875342422892e-07
2022-03-21,Elevated-Volatility Transition,2.857548080727865e-08,0.9999996375235214,3.339009977588632e-07
2022-03-22,Elevated-Volatility Transition,4.316417329870649e-08,0.9999996812870947,2.755487321122472e-07
2022-03-23,Elevated-Volatility Transition,1.2660106353522823e-07,0.9999997985631678,7.483576876969742e-08
2022-03-24,Elevated-Volatility Transition,4.458186558816328e-07,0.9999994934964772,6.06848669008019e-08
2022-03-25,Elevated-Volatility Transition,9.882216532637659e-07,0.9999989011205794,1.1065776742298006e-07
2022-03-28,Elevated-Volatility Transition,1.4700039739072771e-06,0.9999983362784748,1.9371755139822833e-07
2022-03-29,Elevated-Volatility Transition,0.0009326475181539964,0.9988767526511532,0.00019059983069359457
2022-03-30,Elevated-Volatility Transition,7.560419185296937e-05,0.9999233712721397,1.0245360076467691e-06
2022-03-31,Elevated-Volatility Transition,0.000151950121533086,0.9998470162139577,1.0336645092256727e-06
2022-04-01,Elevated-Volatility Transition,0.00015319465463856205,0.9998459558753411,8.494700205150922e-07
2022-04-04,Elevated-Volatility Transition,0.0003215200506230605,0.9996774605833394,1.0193660371203296e-06
2022-04-05,Elevated-Volatility Transition,6.93728285929967e-05,0.999930425114654,2.0205675307879468e-07
2022-04-06,Elevated-Volatility Transition,0.0002677891451867195,0.9997319626293728,2.482254403029144e-07
2022-04-07,Elevated-Volatility Transition,0.00022710245528047407,0.9997727866358399,1.1090887958618104e-07
2022-04-08,Elevated-Volatility Transition,0.0004994811917659692,0.9995004184920597,1.0031617441525615e-07
2022-04-11,Elevated-Volatility Transition,0.010709960257136757,0.9892896361615814,4.035812819599475e-07
2022-04-12,Elevated-Volatility Transition,0.15013123328401615,0.8498669581079353,1.8086080483588717e-06
2022-04-13,Low-Volatility Trend,0.5979089142794355,0.4020904574160774,6.28304487087374e-07
2022-04-14,Low-Volatility Trend,0.9383753476557949,0.06162452755449455,1.2478971062636641e-07
2022-04-15,Low-Volatility Trend,0.9865852917185612,0.013414684707312026,2.357412660836231e-08
2022-04-18,Low-Volatility Trend,0.9938637419932389,0.006136242005770423,1.600099077866694e-08
2022-04-19,Low-Volatility Trend,0.9888079350872528,0.011192034764586844,3.014816024623488e-08
2022-04-20,Low-Volatility Trend,0.9838182636684957,0.016181707302639615,2.9028864763970158e-08
2022-04-21,Low-Volatility Trend,0.9659656124603109,0.03403435495846149,3.2581227630111014e-08
2022-04-22,Low-Volatility Trend,0.9093064302439331,0.09069353404944616,3.5706620853950475e-08
2022-04-25,Low-Volatility Trend,0.8207843657617303,0.17921558830783907,4.593043040218015e-08
2022-04-26,Elevated-Volatility Transition,0.38139351953749717,0.6186063144464816,1.6601602137952134e-07
2022-04-27,Elevated-Volatility Transition,0.09634815858193349,0.9036516513316528,1.900864139427482e-07
2022-04-28,Elevated-Volatility Transition,0.07065582001737518,0.9293439625439692,2.1743865541328719e-07
2022-04-29,Elevated-Volatility Transition,0.0227151640326061,0.9772846813977618,1.5456963242224106e-07
2022-05-02,Elevated-Volatility Transition,0.011733718950753745,0.9882661189620106,1.620872358962125e-07
2022-05-03,Elevated-Volatility Transition,0.07820277152405375,0.9217969330952454,2.9538070075693277e-07
2022-05-04,Low-Volatility Trend,0.5156206418337933,0.48437907292572413,2.8524048274093967e-07
2022-05-05,Elevated-Volatility Transition,0.3230441273856342,0.6769557862615015,8.635286437286837e-08
2022-05-06,Elevated-Volatility Transition,0.09827638630747887,0.9017235549566717,5.8735849366888005e-08
2022-05-09,Elevated-Volatility Transition,0.0013489797435070198,0.9986509671796802,5.307681267227914e-08
2022-05-10,Elevated-Volatility Transition,5.042235773497885e-06,0.9999948555350858,1.0222914065366463e-07
2022-05-11,Elevated-Volatility Transition,2.2789226419416116e-06,0.9999975775241717,1.4355318655544752e-07
2022-05-12,Elevated-Volatility Transition,3.0486955411396634e-06,0.9999968720703011,7.923415767365015e-08
2022-05-13,Elevated-Volatility Transition,3.3691358327584294e-07,0.9999995232063199,1.398800969055535e-07
2022-05-16,Elevated-Volatility Transition,3.568133163522236e-07,0.999999549086036,9.410064766527138e-08
2022-05-17,Elevated-Volatility Transition,2.1522418732411325e-11,0.9999522946604013,4.770531807652889e-05
2022-05-18,Elevated-Volatility Transition,5.449005881915349e-10,0.999998519074906,1.4803801931509327e-06
2022-05-19,Elevated-Volatility Transition,9.882584058213896e-09,0.9999997881891669,2.0192824896213398e-07
2022-05-20,Elevated-Volatility Transition,7.913872934058511e-09,0.9999999104814385,8.160468869570187e-08
2022-05-23,Elevated-Volatility Transition,1.5409295388824152e-08,0.999999928180113,5.641059150412355e-08
2022-05-24,Elevated-Volatility Transition,3.036562405422026e-08,0.9999998863537887,8.32805873293392e-08
2022-05-25,Elevated-Volatility Transition,3.1399055440144617e-12,0.9999810197921114,1.8980204747973616e-05
2022-05-26,Elevated-Volatility Transition,9.715598130505129e-11,0.9999992752284246,7.246744191109527e-07
2022-05-27,Elevated-Volatility Transition,4.965555110262822e-09,0.999999714635987,2.80398457732317e-07
2022-05-30,Elevated-Volatility Transition,2.8884808438564958e-11,0.9999994054888752,5.944822403196134e-07
2022-05-31,Elevated-Volatility Transition,2.0122412905861224e-10,0.9999997850976245,2.14701151181313e-07
2022-06-01,Elevated-Volatility Transition,1.3464634349189032e-08,0.999999894350857,9.218450855783842e-08
2022-06-02,Elevated-Volatility Transition,4.860631435364976e-09,0.9999999012749887,9.386437987323124e-08
2022-06-03,Elevated-Volatility Transition,8.840865957624879e-09,0.9999999129654789,7.819365508271094e-08
2022-06-06,Elevated-Volatility Transition,6.161357697367414e-10,0.9999997752149064,2.241689578227171e-07
2022-06-07,Elevated-Volatility Transition,3.3876577800814656e-11,0.9999994255246889,5.744414342024994e-07
2022-06-08,Elevated-Volatility Transition,1.4342661702336656e-16,0.9972229708070195,0.0027770291929809362
2022-06-09,Elevated-Volatility Transition,1.3103990426906674e-15,0.9997402049175738,0.0002597950824246035
2022-06-10,Elevated-Volatility Transition,4.532349984088913e-14,0.9999596243312261,4.037566872879147e-05
2022-06-13,Elevated-Volatility Transition,6.938664441502623e-15,0.9999555774429164,4.4422557076072184e-05
2022-06-14,Elevated-Volatility Transition,2.57089945919703e-13,0.9999926345518279,7.365447915160484e-06
2022-06-15,Elevated-Volatility Transition,1.3915835870821734e-10,0.9999989385446633,1.0613161780290856e-06
2022-06-16,Elevated-Volatility Transition,1.0829159884322709e-10,0.999998839155723,1.1607359853539867e-06
2022-06-17,Elevated-Volatility Transition,1.3353051094386672e-10,0.9999991791268735,8.207395958102408e-07
2022-06-20,Elevated-Volatility Transition,4.314714665980148e-10,0.999998898923534,1.1006449943847103e-06
2022-06-21,Elevated-Volatility Transition,8.435913321797355e-10,0.9999991031169005,8.96039508237515e-07
2022-06-22,Elevated-Volatility Transition,1.6127597866167546e-09,0.9999993486848096,6.497024304984285e-07
2022-06-23,Elevated-Volatility Transition,3.797196073478253e-09,0.999999128236931,8.679658724892875e-07
2022-06-24,High-Volatility Stress,2.8763042223674337e-06,0.40794073765136657,0.5920563860444109
2022-06-27,High-Volatility Stress,6.5457816905302935e-09,4.492208899677933e-10,0.9999999930049981
2022-06-28,High-Volatility Stress,1.0139409541175132e-06,3.185638278589144e-06,0.9999958004207667
2022-06-29,High-Volatility Stress,6.481169841373939e-06,1.1204159403554105e-06,0.9999923984142176
2022-06-30,High-Volatility Stress,2.0430294631663087e-05,1.4797978457365453e-05,0.999964771726911
2022-07-01,High-Volatility Stress,0.10245765368824113,0.03079917648871788,0.8667431698230418
2022-07-04,Elevated-Volatility Transition,0.2750600855620169,0.6621720026477845,0.0627679117901985
2022-07-05,Elevated-Volatility Transition,0.0013665525169928821,0.9986231214375265,1.032604548019447e-05
2022-07-06,Elevated-Volatility Transition,1.8992660732859778e-07,0.9999996359185032,1.7415488930302364e-07
2022-07-07,Elevated-Volatility Transition,1.1402572753813417e-06,0.9999988148262804,4.491644413074768e-08
2022-07-08,Elevated-Volatility Transition,3.1996949262257454e-06,0.9999967677786228,3.252645093220416e-08
2022-07-11,Elevated-Volatility Transition,2.383717074644523e-06,0.9999975872211377,2.906178767331995e-08
2022-07-12,Elevated-Volatility Transition,8.220047518809955e-05,0.9999177779541735,2.157063841861024e-08
2022-07-13,Elevated-Volatility Transition,2.789472390014875e-05,0.9999720868894464,1.8386653497541177e-08
2022-07-14,Elevated-Volatility Transition,8.576281417624687e-05,0.999914221517802,1.5668021790660253e-08
2022-07-15,Elevated-Volatility Transition,0.0003477273973906571,0.999652253679967,1.8922642290389822e-08
2022-07-18,Elevated-Volatility Transition,0.00027801376675231596,0.9997219657798733,2.0453374424936526e-08
2022-07-19,Elevated-Volatility Transition,4.7978626033746585e-05,0.9999519978378351,2.353613106058184e-08
2022-07-20,Elevated-Volatility Transition,4.438251430195198e-05,0.9999555864163632,3.1069334859915106e-08
2022-07-21,Elevated-Volatility Transition,1.3110080567833766e-05,0.9999868495045002,4.041493188055049e-08
2022-07-22,Elevated-Volatility Transition,3.069958271134334e-05,0.9999692615368937,3.88803949696712e-08
2022-07-25,Elevated-Volatility Transition,1.2556155966232532e-05,0.9999873996301102,4.4213923361802824e-08
2022-07-26,Elevated-Volatility Transition,1.1011055656377031e-05,0.9999889479425204,4.100182344910572e-08
2022-07-27,Elevated-Volatility Transition,1.884724252987595e-05,0.9999811197190742,3.3038395984877056e-08
2022-07-28,Elevated-Volatility Transition,2.0512131003484176e-05,0.9999794548173313,3.305166517146308e-08
2022-07-29,Elevated-Volatility Transition,9.192492188557921e-05,0.9999080517812904,2.3296824015285606e-08
2022-08-01,Elevated-Volatility Transition,0.00016286940273326048,0.9998371065034936,2.409377320951171e-08
2022-08-02,Elevated-Volatility Transition,0.00012186810648926048,0.9998781016835412,3.020996943824425e-08
2022-08-03,Elevated-Volatility Transition,0.00016315732140259427,0.9998367978309999,4.484759747221796e-08
2022-08-04,Elevated-Volatility Transition,0.0002186789165134288,0.9997812639714171,5.711206963404717e-08
2022-08-05,Elevated-Volatility Transition,0.00022558404615687728,0.9997743536704561,6.228338697157175e-08
2022-08-08,Elevated-Volatility Transition,0.0001416653436852614,0.9998582792646807,5.539163388089708e-08
2022-08-09,Elevated-Volatility Transition,0.00011080269380674314,0.9998891259001264,7.140606707469016e-08
2022-08-10,Elevated-Volatility Transition,0.0012281202116006167,0.998771728784239,1.510041603382173e-07
2022-08-11,Elevated-Volatility Transition,0.000260530582561692,0.9997394254211941,4.3996244117523496e-08
2022-08-12,Elevated-Volatility Transition,0.0003479726502342717,0.9996519760651418,5.128462400034619e-08
2022-08-15,Elevated-Volatility Transition,0.0003470727796605856,0.9996528669758132,6.024452623868631e-08
2022-08-16,Elevated-Volatility Transition,0.0005568534369399093,0.9994430615010579,8.506200226200265e-08
2022-08-17,Elevated-Volatility Transition,0.0002484102502320949,0.999751499397113,9.035265469831039e-08
2022-08-18,Elevated-Volatility Transition,5.612580394212467e-05,0.9999438252364439,4.8959614140282115e-08
2022-08-19,Elevated-Volatility Transition,0.00012622464145767268,0.9998737300906798,4.526786247603417e-08
2022-08-22,Elevated-Volatility Transition,0.000253636829999549,0.9997463136412005,4.9528799835266685e-08
2022-08-23,Elevated-Volatility Transition,0.00021130750127934818,0.9997886477424109,4.475630948150012e-08
2022-08-24,Elevated-Volatility Transition,0.0002090329158222388,0.9997909262112342,4.08729436701635e-08
2022-08-25,Elevated-Volatility Transition,0.00029002106214876146,0.9997099033036135,7.563423777888448e-08
2022-08-26,Elevated-Volatility Transition,0.0003154617531429494,0.9996844629148489,7.533200790185352e-08
2022-08-29,Elevated-Volatility Transition,0.0003594096423865411,0.9996405017318327,8.862578088149198e-08
2022-08-30,Elevated-Volatility Transition,0.0004470197072896753,0.9995528875248286,9.276788183299464e-08
2022-08-31,Elevated-Volatility Transition,0.0007613967852104672,0.9992384964031454,1.0681164393134018e-07
2022-09-01,Elevated-Volatility Transition,0.0009787114500277494,0.9990211692177342,1.1933223797227022e-07
2022-09-02,Elevated-Volatility Transition,0.0011340059306647278,0.9988658537516915,1.4031764398439898e-07
2022-09-05,Elevated-Volatility Transition,0.001341525704003796,0.9986583212405186,1.5305547730775648e-07
2022-09-06,Elevated-Volatility Transition,0.0016738216588652072,0.9983260025916191,1.7574951531037308e-07
2022-09-07,Elevated-Volatility Transition,0.001191315283158019,0.9988084367824984,2.479343436963303e-07
2022-09-08,Elevated-Volatility Transition,0.0012583641535134976,0.9987413378075781,2.980389085337028e-07
2022-09-09,Elevated-Volatility Transition,0.0014850489997705657,0.9985146245527048,3.2644752470974244e-07
2022-09-12,Elevated-Volatility Transition,0.0021526367683333573,0.9978470016567819,3.615748849847348e-07
2022-09-13,Elevated-Volatility Transition,0.002071406485748285,0.9979282814648059,3.1204944553312057e-07
2022-09-14,Elevated-Volatility Transition,0.0031876903150618173,0.9968119486556342,3.610293038800049e-07
2022-09-15,Elevated-Volatility Transition,0.0014307801595291206,0.9985688098753399,4.0996513133338833e-07
2022-09-16,Elevated-Volatility Transition,0.0012755412757467226,0.9987239185854175,5.401388359672919e-07
2022-09-19,Elevated-Volatility Transition,0.0005963960045416136,0.9994029778473781,6.261480803676545e-07
2022-09-20,Elevated-Volatility Transition,0.0004213286983788239,0.9995781540224057,5.172792158239396e-07
2022-09-21,Elevated-Volatility Transition,0.00030473644849443094,0.9996947529677725,5.105837332381618e-07
2022-09-22,Elevated-Volatility Transition,0.00038844947205583406,0.9996109787142511,5.718136928435913e-07
2022-09-23,Elevated-Volatility Transition,0.00017101664567265276,0.9998287461278348,2.3722649293674726e-07
2022-09-26,Elevated-Volatility Transition,0.00010754850291381962,0.9998922730639294,1.7843315701969636e-07
2022-09-27,Elevated-Volatility Transition,0.00036591794135487334,0.9996338929965114,1.8906213390807153e-07
2022-09-28,Elevated-Volatility Transition,6.92250443544267e-05,0.9999306568512111,1.1810443421496927e-07
2022-09-29,Elevated-Volatility Transition,0.00028369940800090015,0.9997161811625388,1.1942946052833368e-07
2022-09-30,Elevated-Volatility Transition,0.0004833119007830121,0.9995165571401735,1.3095904337742102e-07
2022-10-03,Elevated-Volatility Transition,0.0002990926584693537,0.9997007806766576,1.2666487348221447e-07
2022-10-04,Elevated-Volatility Transition,0.00025819931862185007,0.9997416651571103,1.3552426766321164e-07
2022-10-05,Elevated-Volatility Transition,0.00023350781747782562,0.9997662888295668,2.0335295532472628e-07
2022-10-06,Elevated-Volatility Transition,0.0002536078927680987,0.9997461509341775,2.4117305409485244e-07
2022-10-07,Elevated-Volatility Transition,0.00015493755643059573,0.9998448433580334,2.190855362129568e-07
2022-10-10,Elevated-Volatility Transition,0.0004719988806981079,0.9995277038980269,2.9722127530994167e-07
2022-10-11,Elevated-Volatility Transition,0.00044422496615336636,0.9995554874561604,2.875776859841501e-07
2022-10-12,Elevated-Volatility Transition,0.0009582403657435283,0.9990413382930038,4.213412523655232e-07
2022-10-13,Elevated-Volatility Transition,0.001022862663815477,0.998976706227064,4.311091208449492e-07
2022-10-14,Elevated-Volatility Transition,0.0009895122820236396,0.9990099590408069,5.286771693633536e-07
2022-10-17,Elevated-Volatility Transition,0.0006824185663843543,0.9993171237539304,4.5767968522869776e-07
2022-10-18,Elevated-Volatility Transition,0.0007821831276241012,0.9992172873400778,5.29532297703617e-07
2022-10-19,Elevated-Volatility Transition,0.0006992481781224703,0.9993001332558721,6.185660057394929e-07
2022-10-20,Elevated-Volatility Transition,0.0005960303981940992,0.9994033593748303,6.102269756744423e-07
2022-10-21,Elevated-Volatility Transition,0.0006766222852620073,0.99932264784741,7.298673280074793e-07
2022-10-24,Elevated-Volatility Transition,0.0005809510325943573,0.999418278705018,7.702623873663488e-07
2022-10-25,Elevated-Volatility Transition,0.0007409871795545391,0.9992581223707754,8.90449669802816e-07
2022-10-26,Elevated-Volatility Transition,0.0005066177002377277,0.9994923154552109,1.0668445515132514e-06
2022-10-27,Elevated-Volatility Transition,0.0005873818934703675,0.9994113234804711,1.2946260585312698e-06
2022-10-28,Elevated-Volatility Transition,0.0006922653056599423,0.9993063464527006,1.3882416398599738e-06
2022-10-31,Elevated-Volatility Transition,0.0005359959488672071,0.9994627169935523,1.2870575800692178e-06
2022-11-01,Elevated-Volatility Transition,0.001264601934353143,0.9987338581139236,1.5399517233622489e-06
2022-11-02,Elevated-Volatility Transition,0.0007197841034819417,0.9992793173757198,8.985207978343132e-07
2022-11-03,Elevated-Volatility Transition,0.000980648471035694,0.9990182661795214,1.0853494430605323e-06
2022-11-04,Elevated-Volatility Transition,0.002843988354920752,0.997154487780282,1.5238647968264428e-06
2022-11-07,Elevated-Volatility Transition,0.010245555752237451,0.9897513527037286,3.0915440340772835e-06
2022-11-08,Elevated-Volatility Transition,0.007584807709608371,0.9924137201388425,1.472151549475841e-06
2022-11-09,Elevated-Volatility Transition,0.004214653051199449,0.9957843948833971,9.520654029778822e-07
2022-11-10,Elevated-Volatility Transition,0.029439383173446434,0.9705573478617949,3.2689647589812832e-06
2022-11-11,Elevated-Volatility Transition,0.018289268597593035,0.9817099559040082,7.754983987951498e-07
2022-11-14,Elevated-Volatility Transition,0.006420499866625717,0.9935790013358213,4.987975529877252e-07
2022-11-15,Elevated-Volatility Transition,0.006242431128560895,0.99375700109588,5.677755589887481e-07
2022-11-16,Elevated-Volatility Transition,0.010667745681930742,0.9893314470872463,8.072308225119027e-07
2022-11-17,Elevated-Volatility Transition,0.005500582235815649,0.9944985381848668,8.795793175663468e-07
2022-11-18,Elevated-Volatility Transition,0.0040156179624831435,0.9959834089296862,9.73107830471935e-07
2022-11-21,Elevated-Volatility Transition,0.0040887369352803574,0.995909895203061,1.3678616588034259e-06
2022-11-22,Elevated-Volatility Transition,0.005271292340711989,0.9947272066367285,1.5010225593091536e-06
2022-11-23,Elevated-Volatility Transition,0.00438230221709607,0.9956162533673812,1.4444155225346756e-06
2022-11-24,Elevated-Volatility Transition,0.0038770198610413183,0.9961215811778842,1.3989610745775178e-06
2022-11-25,Elevated-Volatility Transition,0.004123362580029827,0.9958749613493939,1.6760705761552016e-06
2022-11-28,Elevated-Volatility Transition,0.004383819550651015,0.9956144361870315,1.7442623177823685e-06
2022-11-29,Elevated-Volatility Transition,0.003400425959889145,0.9965979097926639,1.6642474471783662e-06
2022-11-30,Elevated-Volatility Transition,0.0035093092770387534,0.9964889082936579,1.7824293032396387e-06
2022-12-01,Elevated-Volatility Transition,0.0035829088708365636,0.9964151752065139,1.9159226496650674e-06
2022-12-02,Elevated-Volatility Transition,0.00347291104087355,0.9965250733063608,2.015652765672933e-06
2022-12-05,Elevated-Volatility Transition,0.002782115331483613,0.9972159069136795,1.977754837177218e-06
2022-12-06,Elevated-Volatility Transition,0.00298569143710681,0.9970121309201199,2.1776427736950106e-06
2022-12-07,Elevated-Volatility Transition,0.002663922717276266,0.9973338070226551,2.2702600684438534e-06
2022-12-08,Elevated-Volatility Transition,0.0015805823474954706,0.9984166510860353,2.7665664688298037e-06
2022-12-09,Elevated-Volatility Transition,0.0012617370384408943,0.9987351179343096,3.145027248968261e-06
2022-12-12,Elevated-Volatility Transition,0.0011363048951081095,0.998859828068848,3.867036044487868e-06
2022-12-13,Elevated-Volatility Transition,0.0010161292859997076,0.9989802203160298,3.650397970805419e-06
2022-12-14,Elevated-Volatility Transition,0.0015493231612516778,0.9984467698399515,3.906998796115889e-06
2022-12-15,Elevated-Volatility Transition,0.001323883855472907,0.998673066248969,3.0498955578343026e-06
2022-12-16,Elevated-Volatility Transition,0.0010494749218357437,0.998947673530299,2.851547865553317e-06
2022-12-19,Elevated-Volatility Transition,0.0011261890356635588,0.9988707447410652,3.0662232713805687e-06
2022-12-20,Elevated-Volatility Transition,0.001007884437008841,0.9989891254873833,2.9900756084755294e-06
2022-12-21,Elevated-Volatility Transition,0.00065749240052926,0.9993393467128808,3.1608865895924564e-06
2022-12-22,Elevated-Volatility Transition,0.0008516391668254576,0.9991447242962732,3.6365369009821278e-06
2022-12-23,Elevated-Volatility Transition,0.0007202248677134623,0.9992767996455496,2.975486737205393e-06
2022-12-26,Elevated-Volatility Transition,0.000907616064836344,0.9990891175225767,3.2664125877687372e-06
2022-12-27,Elevated-Volatility Transition,0.0007548896833323223,0.9992423788620456,2.731454621350087e-06
2022-12-28,Elevated-Volatility Transition,0.0005811428931762788,0.9994168951086858,1.961998138289058e-06
2022-12-29,Elevated-Volatility Transition,0.0006446375470253121,0.9993532340188723,2.1284341022866585e-06
2022-12-30,Elevated-Volatility Transition,0.0007142845904113226,0.9992834157391118,2.2996704766072886e-06
2023-01-02,Low-Volatility Trend,0.9999999970064786,2.9935214189070826e-09,1.4647607642065596e-18
2023-01-03,Low-Volatility Trend,0.9999999970097314,2.990268572709232e-09,1.4862413984775672e-18
2023-01-04,Low-Volatility Trend,0.9999999968562955,3.1437045076598046e-09,1.7702629075356362e-18
2023-01-05,Low-Volatility Trend,0.9999999967530354,3.246964615531923e-09,1.6493299436382543e-18
2023-01-06,Low-Volatility Trend,0.9999999916790135,8.320986401508815e-09,1.4858749371002154e-18
2023-01-09,Low-Volatility Trend,0.9999999917729305,8.22706935931939e-09,2.0173752346661074e-18
2023-01-10,Low-Volatility Trend,0.9999999935411488,6.458851152306489e-09,1.516375026431971e-18
2023-01-11,Low-Volatility Trend,0.9999999935013135,6.498686538693796e-09,1.294996003223922e-18
2023-01-12,Low-Volatility Trend,0.9999999938988928,6.1011071363741885e-09,1.2762491033658923e-18
2023-01-13,Low-Volatility Trend,0.999999994870383,5.129616877577738e-09,1.4539068726336004e-18
2023-01-16,Low-Volatility Trend,0.9999999947453163,5.254683679163327e-09,2.1436858397416336e-18
2023-01-17,Low-Volatility Trend,0.9999999936483311,6.351668838347872e-09,2.1777099581092385e-18
2023-01-18,Low-Volatility Trend,0.9999999944460836,5.55391647177323e-09,1.7464489672769177e-18
2023-01-19,Low-Volatility Trend,0.9999999941740096,5.825990363036178e-09,1.6255619137954016e-18
2023-01-20,Low-Volatility Trend,0.9999999947216542,5.278345735187525e-09,1.4889910225588759e-18
2023-01-23,Low-Volatility Trend,0.9999999948466438,5.153356165990125e-09,1.4000932875012703e-18
2023-01-24,Low-Volatility Trend,0.9999999943188619,5.681138072544495e-09,1.5588500796444961e-18
2023-01-25,Low-Volatility Trend,0.999999994201645,5.798354974696972e-09,2.3202373529826154e-18
2023-01-26,Low-Volatility Trend,0.9999999948387888,5.161211232392638e-09,1.9865032873196017e-18
2023-01-27,Low-Volatility Trend,0.9999999945597664,5.440233592884947e-09,2.1604501087797803e-18
2023-01-30,Low-Volatility Trend,0.9999999936797277,6.3202723470590715e-09,2.6906304940663792e-18
2023-01-31,Low-Volatility Trend,0.9999999946517586,5.348241443144313e-09,2.366493967991522e-18
2023-02-01,Low-Volatility Trend,0.9999999945389122,5.4610878099269415e-09,2.2584640796675634e-18
2023-02-02,Low-Volatility Trend,0.9999999946265865,5.373413461059968e-09,3.20185688041981e-18
2023-02-03,Low-Volatility Trend,0.9999999962620019,3.7379981675075344e-09,3.1806379793041974e-18
2023-02-06,Low-Volatility Trend,0.9999999973057999,2.6942000911219992e-09,3.052528756791035e-18
2023-02-07,Low-Volatility Trend,0.9999999971524355,2.8475645190949e-09,2.5111263864756537e-18
2023-02-08,Low-Volatility Trend,0.9999999971806859,2.8193140618510256e-09,2.7922265557435665e-18
2023-02-09,Low-Volatility Trend,0.999999997149366,2.850633978400155e-09,2.952129808574035e-18
2023-02-10,Low-Volatility Trend,0.9999999970074915,2.992508478249255e-09,3.684725104119287e-18
2023-02-13,Low-Volatility Trend,0.9999999970129415,2.9870584694403468e-09,3.86193759141612e-18
2023-02-14,Low-Volatility Trend,0.9999999970776157,2.9223843114101808e-09,4.083234540150041e-18
2023-02-15,Low-Volatility Trend,0.9999999975648451,2.4351548066387507e-09,3.5806783610094664e-18
2023-02-16,Low-Volatility Trend,0.9999999975013898,2.4986102140550654e-09,3.146942936696704e-18
2023-02-17,Low-Volatility Trend,0.9999999976883551,2.3116448663151805e-09,2.8198051280490327e-18
2023-02-20,Low-Volatility Trend,0.9999999976402605,2.3597394707725746e-09,2.6768605141118253e-18
2023-02-21,Low-Volatility Trend,0.9999999977232462,2.2767538015183165e-09,2.983610344765304e-18
2023-02-22,Low-Volatility Trend,0.9999999977761247,2.223875319263819e-09,3.052814731105521e-18
2023-02-23,Low-Volatility Trend,0.9999999977589179,2.241082096091338e-09,3.192983784265548e-18
2023-02-24,Low-Volatility Trend,0.9999999976445109,2.355489123975457e-09,3.8188684205256485e-18
2023-02-27,Low-Volatility Trend,0.999999997858924,2.1410759717232028e-09,3.988911699878157e-18
2023-02-28,Low-Volatility Trend,0.9999999979092571,2.090742865345573e-09,3.832899943750372e-18
2023-03-01,Low-Volatility Trend,0.9999999979039007,2.0960993862322326e-09,3.887489567286124e-18
2023-03-02,Low-Volatility Trend,0.9999999980451024,1.954897661632552e-09,3.6818219426216e-18
2023-03-03,Low-Volatility Trend,0.9999999981456682,1.8543318657333683e-09,3.6783319536794555e-18
2023-03-06,Low-Volatility Trend,0.9999999981045968,1.895403246242702e-09,3.6971653194550476e-18
2023-03-07,Low-Volatility Trend,0.9999999981384344,1.8615655636347134e-09,2.432573032828901e-18
2023-03-08,Low-Volatility Trend,0.9999999981264951,1.873504949504072e-09,2.2300912685404255e-18
2023-03-09,Low-Volatility Trend,0.9999999981208124,1.879187554843477e-09,2.16295186895946e-18
2023-03-10,Low-Volatility Trend,0.9999999981076002,1.892399771037777e-09,2.2619194649383683e-18
2023-03-13,Low-Volatility Trend,0.9999999980720907,1.9279093262821084e-09,2.290121653677447e-18
2023-03-14,Low-Volatility Trend,0.9999999981345388,1.8654612711269843e-09,2.4631041379700706e-18
2023-03-15,Low-Volatility Trend,0.9999999981130715,1.8869284848058715e-09,2.356928413074363e-18
2023-03-16,Low-Volatility Trend,0.9999999981234868,1.8765131632233187e-09,2.554172103099998e-18
2023-03-17,Low-Volatility Trend,0.9999999981775105,1.822489482270512e-09,2.4716636221615166e-18
2023-03-20,Low-Volatility Trend,0.9999999980364704,1.9635295022458193e-09,2.1688643448884905e-18
2023-03-21,Low-Volatility Trend,0.9999999981267806,1.8732193445147582e-09,2.0209132295587553e-18
2023-03-22,Low-Volatility Trend,0.9999999981047895,1.895210521294517e-09,1.88622892554226e-18
2023-03-23,Low-Volatility Trend,0.9999999979200505,2.0799494733860663e-09,1.77537812673872e-18
2023-03-24,Low-Volatility Trend,0.9999999977574204,2.2425795772800326e-09,1.5019545917058776e-18
2023-03-27,Low-Volatility Trend,0.9999999976289597,2.371040280152118e-09,1.6354480526506087e-18
2023-03-28,Low-Volatility Trend,0.99999999757619,2.4238100985146224e-09,1.6861238467576446e-18
2023-03-29,Low-Volatility Trend,0.999999997730163,2.2698369922778574e-09,1.6435724185278669e-18
2023-03-30,Low-Volatility Trend,0.9999999969479745,3.052025504544456e-09,2.299819122651485e-18
2023-03-31,Low-Volatility Trend,0.9999999974411937,2.5588062793693366e-09,2.7566386603805906e-18
2023-04-03,Low-Volatility Trend,0.9999999976201932,2.379806722560015e-09,2.360329499797583e-18
2023-04-04,Low-Volatility Trend,0.9999999970555284,2.9444714781858736e-09,2.140719973091214e-18
2023-04-05,Low-Volatility Trend,0.9999999971937487,2.806251362889742e-09,2.6107451717560613e-18
2023-04-06,Low-Volatility Trend,0.9999999973512094,2.6487906472024674e-09,2.3833288862853892e-18
2023-04-07,Low-Volatility Trend,0.9999999971893242,2.810675794587639e-09,1.810253850960278e-18
2023-04-10,Low-Volatility Trend,0.9999999971343547,2.865645226613447e-09,1.867412299502721e-18
2023-04-11,Low-Volatility Trend,0.9999999972101694,2.7898306084940917e-09,2.1328296998333106e-18
2023-04-12,Low-Volatility Trend,0.9999999971092917,2.890708330728423e-09,2.1058366171040443e-18
2023-04-13,Low-Volatility Trend,0.9999999972144914,2.7855085539425973e-09,2.155057097068376e-18
2023-04-14,Low-Volatility Trend,0.9999999967354659,3.26453410249413e-09,2.9982554227827515e-18
2023-04-17,Low-Volatility Trend,0.9999999963772651,3.6227348987910547e-09,3.641598262964549e-18
2023-04-18,Low-Volatility Trend,0.999999996834646,3.1653539079162124e-09,2.872267933740115e-18
2023-04-19,Low-Volatility Trend,0.9999999969547242,3.045275806229669e-09,2.2899253123681617e-18
2023-04-20,Low-Volatility Trend,0.999999996986161,3.0138389836342275e-09,2.018259611915688e-18
2023-04-21,Low-Volatility Trend,0.999999997183235,2.8167650573047204e-09,2.048815207226701e-18
2023-04-24,Low-Volatility Trend,0.9999999968397967,3.1602033450073113e-09,2.965954201228894e-18
2023-04-25,Low-Volatility Trend,0.9999999970154692,2.9845309157952157e-09,2.687446181385357e-18
2023-04-26,Low-Volatility Trend,0.9999999966409115,3.359088422733278e-09,2.318796373989411e-18
2023-04-27,Low-Volatility Trend,0.999999997061821,2.9381789672570675e-09,2.5026426734652334e-18
2023-04-28,Low-Volatility Trend,0.9999999970819112,2.9180887850454416e-09,2.1886476107594815e-18
2023-05-01,Low-Volatility Trend,0.9999999967231612,3.276838826180848e-09,2.0646435219882764e-18
2023-05-02,Low-Volatility Trend,0.9999999970539446,2.946055457212073e-09,2.3218787087218327e-18
2023-05-03,Low-Volatility Trend,0.9999999971388522,2.8611478007268634e-09,2.2893875126871092e-18
2023-05-04,Low-Volatility Trend,0.9999999971366418,2.863358223356422e-09,2.256503635438791e-18
2023-05-05,Low-Volatility Trend,0.9999999972381748,2.761825169945133e-09,2.26552996032594e-18
2023-05-08,Low-Volatility Trend,0.9999999970033004,2.9966995340984347e-09,2.144494653925326e-18
2023-05-09,Low-Volatility Trend,0.9999999972129864,2.787013600839726e-09,2.3035746739643692e-18
2023-05-10,Low-Volatility Trend,0.9999999971176765,2.882323460811769e-09,1.9754898899861275e-18
2023-05-11,Low-Volatility Trend,0.9999999971085838,2.8914161612639897e-09,1.9426399132807685e-18
2023-05-12,Low-Volatility Trend,0.9999999971350119,2.8649881453175298e-09,1.8815266470415123e-18
2023-05-15,Low-Volatility Trend,0.9999999848084249,1.519157510212762e-08,2.623317769130687e-18
2023-05-16,Low-Volatility Trend,0.9999999819728826,1.802711732601568e-08,1.2061323196991746e-17
2023-05-17,Low-Volatility Trend,0.9999999853371031,1.466289674306292e-08,1.1206654726234189e-17
2023-05-18,Low-Volatility Trend,0.9999999817093573,1.8290642673128133e-08,1.5791692396549736e-17
2023-05-19,Low-Volatility Trend,0.9999999834647633,1.6535236699480616e-08,1.6898232955917487e-17
2023-05-22,Low-Volatility Trend,0.9999999907593246,9.240675384504822e-09,1.0276746269446692e-17
2023-05-23,Low-Volatility Trend,0.9999999914998138,8.500186219669933e-09,7.159856650971307e-18
2023-05-24,Low-Volatility Trend,0.9999999903502759,9.64972410248016e-09,7.811352139260397e-18
2023-05-25,Low-Volatility Trend,0.9999999899776333,1.0022366647277675e-08,9.097781851355678e-18
2023-05-26,Low-Volatility Trend,0.9999999884549426,1.1545057300127484e-08,1.0987822608990252e-17
2023-05-29,Low-Volatility Trend,0.9999996387182488,3.61281751231351e-07,1.126025822901395e-16
2023-05-30,Elevated-Volatility Transition,4.329407823257348e-11,0.9999999989131041,1.0436011539364536e-09
2023-05-31,Elevated-Volatility Transition,1.4207273966820339e-15,0.9999378595984109,6.214040158738594e-05
2023-06-01,Elevated-Volatility Transition,1.886778946123872e-11,0.9999855050321813,1.4494948950066042e-05
2023-06-02,Elevated-Volatility Transition,4.204047032280189e-14,0.9999538920405237,4.6107959434208084e-05
2023-06-05,Elevated-Volatility Transition,1.9288541480466202e-22,0.9993839988270623,0.0006160011729374055
2023-06-06,Elevated-Volatility Transition,1.354191969688142e-22,0.9992613840531611,0.0007386159468381849
2023-06-07,High-Volatility Stress,0.0,3.785324936249055e-46,1.0
2023-06-08,High-Volatility Stress,2.3887720410812215e-230,2.0649363067511356e-30,1.0
2023-06-09,High-Volatility Stress,9.556701337910389e-221,3.5279157173197188e-31,1.0
2023-06-12,High-Volatility Stress,2.151856288286058e-219,6.027349731158827e-31,1.0
2023-06-13,High-Volatility Stress,1.248461830837585e-208,1.0912810564130061e-29,1.0
2023-06-14,High-Volatility Stress,7.778878600070766e-78,5.564807627746664e-09,0.9999999944351927
2023-06-15,High-Volatility Stress,3.874413090330992e-55,7.56860785719939e-09,0.9999999924313929
2023-06-16,High-Volatility Stress,1.3690336749523331e-49,3.172158185589799e-08,0.9999999682784187
2023-06-19,High-Volatility Stress,1.0336879355986933e-45,3.505562592706241e-08,0.9999999649443747
2023-06-20,High-Volatility Stress,2.994218628640676e-44,5.297053716840206e-08,0.9999999470294633
2023-06-21,High-Volatility Stress,2.2189273840699124e-43,5.375974808898925e-08,0.9999999462402528
2023-06-22,High-Volatility Stress,3.679549204191837e-204,3.882650835989871e-33,1.0
2023-06-23,High-Volatility Stress,3.45978148279543e-169,1.6544035175386887e-25,1.0
2023-06-26,High-Volatility Stress,8.536121784809319e-201,1.7281488233993364e-31,1.0
2023-06-27,High-Volatility Stress,8.532587777251827e-189,4.0628567153028985e-29,1.0
2023-06-28,High-Volatility Stress,7.644677599603423e-185,5.971655283607958e-29,1.0
2023-06-29,High-Volatility Stress,5.4846623227729946e-120,2.448045485153919e-19,1.0
2023-06-30,High-Volatility Stress,2.375455948185151e-105,7.259961987140012e-19,1.0
2023-07-03,High-Volatility Stress,2.4301346904674563e-92,3.132036222269993e-18,1.0
2023-07-04,High-Volatility Stress,1.5254897716547895e-91,2.516459366375733e-18,1.0
2023-07-05,High-Volatility Stress,3.266095394610605e-72,5.126634826086246e-08,0.9999999487336519
2023-07-06,High-Volatility Stress,1.847627539341383e-58,2.3316521449771155e-07,0.9999997668347854
2023-07-07,High-Volatility Stress,1.3783562405747555e-54,4.1093563015589046e-07,0.9999995890643706
2023-07-10,High-Volatility Stress,1.1500981205676923e-51,1.1346760195710263e-06,0.99999886532398
2023-07-11,High-Volatility Stress,1.8396279536027188e-48,3.141643609354449e-06,0.9999968583563901
2023-07-12,High-Volatility Stress,1.0165607981708286e-45,5.621883755601133e-06,0.9999943781162436
2023-07-13,High-Volatility Stress,2.058752003226528e-43,1.617840561113073e-05,0.9999838215943898
2023-07-14,High-Volatility Stress,6.529714639805411e-41,4.585345158890238e-05,0.9999541465484117
2023-07-17,High-Volatility Stress,1.4243397695247294e-40,9.640307623196533e-05,0.9999035969237684
2023-07-18,High-Volatility Stress,2.546184945133234e-61,3.622751064787047e-07,0.999999637724894
2023-07-19,High-Volatility Stress,3.470977688416271e-51,1.5572843538286963e-05,0.9999844271564612
2023-07-20,High-Volatility Stress,1.1181869274177645e-37,0.04233115455735616,0.9576688454426434
2023-07-21,High-Volatility Stress,4.345898507882909e-34,0.11315547028474561,0.886844529715255
2023-07-24,Elevated-Volatility Transition,1.0371413233971309e-26,0.5976964707181307,0.40230352928186985
2023-07-25,Elevated-Volatility Transition,3.8541892951053873e-16,0.992861353054686,0.00713864694531426
2023-07-26,Elevated-Volatility Transition,1.7060674872257934e-13,0.9999210883420078,7.89116578223288e-05
2023-07-27,Elevated-Volatility Transition,1.4132111508220241e-11,0.9999790965147041,2.0903471163722305e-05
2023-07-28,Elevated-Volatility Transition,2.323087458771827e-09,0.9999441066231295,5.589105378260262e-05
2023-07-31,Elevated-Volatility Transition,4.893499582143144e-08,0.999975771499891,2.417956511387601e-05
2023-08-01,Elevated-Volatility Transition,5.827436043726015e-07,0.9999820076956238,1.740956077184895e-05
2023-08-02,Elevated-Volatility Transition,2.1353560407308417e-06,0.9999840184400097,1.3846203949762227e-05
2023-08-03,Elevated-Volatility Transition,7.135049764568158e-06,0.9999827415543103,1.0123395924861941e-05
2023-08-04,Elevated-Volatility Transition,1.6794575712583247e-05,0.9999755986880888,7.606736198374338e-06
2023-08-07,Elevated-Volatility Transition,4.055150173704671e-05,0.9999533322374582,6.116260804770476e-06
2023-08-08,Elevated-Volatility Transition,8.979992586530153e-05,0.9999048580044468,5.3420696876672e-06
2023-08-09,Elevated-Volatility Transition,0.00018282277399172427,0.9998124518556158,4.725370392677939e-06
2023-08-10,Elevated-Volatility Transition,0.00038555551620724296,0.9996095816117138,4.862872079419996e-06
2023-08-11,Elevated-Volatility Transition,0.0005766022635247112,0.999418632404419,4.765332056124697e-06
2023-08-14,Elevated-Volatility Transition,0.0016065057503374678,0.9983888255455375,4.668704125334512e-06
2023-08-15,Elevated-Volatility Transition,0.30265002111648026,0.6972620187974623,8.79600860578199e-05
2023-08-16,Low-Volatility Trend,0.972223956897006,0.027770864862323823,5.178240670453444e-06
2023-08-17,Low-Volatility Trend,0.999473271362333,0.0005266813199694602,4.731769773150077e-08
2023-08-18,Low-Volatility Trend,0.9999425805198989,5.7418087576976193e-05,1.3925244501303257e-09
2023-08-21,Low-Volatility Trend,0.9999313414853547,6.865838810475784e-05,1.2654064844368564e-10
2023-08-22,Low-Volatility Trend,0.9999588132403251,4.118666825603543e-05,9.141905088577205e-11
2023-08-23,Low-Volatility Trend,0.9999638008935192,3.6199056314161915e-05,5.0167020814990114e-11
2023-08-24,High-Volatility Stress,2.8834743320257046e-126,2.985090153070458e-10,0.9999999997014903
2023-08-25,High-Volatility Stress,4.399109780193784e-113,8.105514045773393e-15,0.9999999999999911
2023-08-28,High-Volatility Stress,4.016680509779654e-98,2.5831789805636416e-12,0.9999999999974172
2023-08-29,High-Volatility Stress,4.7678076791282976e-95,3.1969823803519762e-12,0.9999999999968026
2023-08-30,High-Volatility Stress,8.58254536447902e-93,3.420472735186372e-11,0.9999999999657945
2023-08-31,High-Volatility Stress,3.445295865735898e-32,0.2451090017205847,0.7548909982794154
2023-09-01,Elevated-Volatility Transition,4.949598101902027e-09,0.9802763926125516,0.019723602437849642
2023-09-04,Elevated-Volatility Transition,7.310655733508276e-09,0.9997181601328894,0.00028183255645524113
2023-09-05,Elevated-Volatility Transition,9.395199950352034e-09,0.9999186151897528,8.137541504674346e-05
2023-09-06,Elevated-Volatility Transition,2.3295394142477355e-08,0.9998354034135349,0.00016457329107164606
2023-09-07,Elevated-Volatility Transition,2.271974510090672e-08,0.9998332638983143,0.0001667133819407951
2023-09-08,Elevated-Volatility Transition,2.2525636822594087e-08,0.9998240973250943,0.00017588014926845055
2023-09-11,Elevated-Volatility Transition,2.3077246180076995e-08,0.9997913147536351,0.00020866216911889687
2023-09-12,Elevated-Volatility Transition,1.8716218842051408e-08,0.9998268141418122,0.0001731671419681408
2023-09-13,Elevated-Volatility Transition,1.2907650571135524e-08,0.9998617229816631,0.00013826411068699996
2023-09-14,Elevated-Volatility Transition,1.9052046851126588e-07,0.9999471439838544,5.2665495677022524e-05
2023-09-15,Elevated-Volatility Transition,1.989001692463528e-07,0.9999483133804649,5.1487719366648745e-05
2023-09-18,Elevated-Volatility Transition,3.3068071508032333e-07,0.999953918155263,4.575116402251341e-05
2023-09-19,Elevated-Volatility Transition,3.118925982986897e-07,0.999944422636745,5.526547065747314e-05
2023-09-20,Elevated-Volatility Transition,3.1184567199462446e-07,0.9999222186046107,7.746954971708457e-05
2023-09-21,Elevated-Volatility Transition,0.07374540446745402,0.9262544870673926,1.0846515353446626e-07
2023-09-22,Low-Volatility Trend,0.9994363794392342,0.0005636153681145255,5.192651216899099e-09
2023-09-25,Low-Volatility Trend,0.999998542329629,1.4576700244761426e-06,3.465029862821081e-13
2023-09-26,Low-Volatility Trend,0.9999986606535264,1.3393464728053746e-06,8.876667257668294e-16
2023-09-27,Elevated-Volatility Transition,0.07648558118900022,0.9235144187418411,6.915868058797784e-11
2023-09-28,Elevated-Volatility Transition,2.4864290815258733e-09,0.999999246299186,7.512143844339468e-07
2023-09-29,Elevated-Volatility Transition,7.466976723010223e-06,0.9999923533288635,1.796944133724843e-07
2023-10-02,Elevated-Volatility Transition,8.552516426566738e-06,0.9999912697218463,1.777617272877617e-07
2023-10-03,Elevated-Volatility Transition,1.0302825850638752e-05,0.9999895247542446,1.724199045737446e-07
2023-10-04,Elevated-Volatility Transition,0.0021855131485759515,0.997814276709619,2.1014180509072656e-07
2023-10-05,Low-Volatility Trend,0.8400370965408548,0.1599628120058025,9.145334261016012e-08
2023-10-06,Low-Volatility Trend,0.9994636662579072,0.0005363334870441923,2.5504861615354555e-10
2023-10-09,Low-Volatility Trend,0.9998306763075222,0.0001693236909762838,1.5015561459224288e-12
2023-10-10,Low-Volatility Trend,0.999909894126229,9.010587349102234e-05,2.7993783959181545e-13
2023-10-11,Low-Volatility Trend,0.999931951776095,6.804822383118011e-05,7.38845200260909e-14
2023-10-12,Low-Volatility Trend,0.9999338848117714,6.611518817496498e-05,5.3766098833943135e-14
2023-10-13,Low-Volatility Trend,0.9999335599898636,6.644001008292852e-05,5.346253656170977e-14
2023-10-16,Low-Volatility Trend,0.9998816131035378,0.00011838689635648624,1.055934088988459e-13
2023-10-17,Low-Volatility Trend,0.9998212865358548,0.00017871346386881103,2.764286780797062e-13
2023-10-18,Low-Volatility Trend,0.9998538264123551,0.00014617358703639558,6.085041294022817e-13
2023-10-19,Low-Volatility Trend,0.9999075266700161,9.247332972436694e-05,2.5947260588702856e-13
2023-10-20,Low-Volatility Trend,0.9999134223550582,8.65776448391903e-05,1.0267946857593677e-13
2023-10-23,Low-Volatility Trend,0.9997609025348735,0.00023909746487343444,2.5312448687008076e-13
2023-10-24,Low-Volatility Trend,0.9999020890499097,9.791094981243484e-05,2.77745707691928e-13
2023-10-25,Low-Volatility Trend,0.9999856604184386,1.4339581490057693e-05,7.131870410555335e-14
2023-10-26,Low-Volatility Trend,0.9999989658401414,1.0341598444127943e-06,1.4330566968030083e-14
2023-10-27,Low-Volatility Trend,0.9999990106545222,9.893454763911524e-07,1.3213692926709339e-15
2023-10-30,Low-Volatility Trend,0.9999987823722771,1.2176277205894748e-06,2.22625135379651e-15
2023-10-31,Low-Volatility Trend,0.9999988513944827,1.148605514544774e-06,2.679117887730553e-15
2023-11-01,Low-Volatility Trend,0.9999990359097213,9.640902763488506e-07,2.3251487694880377e-15
2023-11-02,Low-Volatility Trend,0.9999991099686408,8.900313577563756e-07,1.4546736959867786e-15
2023-11-03,Low-Volatility Trend,0.9999989694467264,1.0305532720417691e-06,1.5864195324204835e-15
2023-11-06,Low-Volatility Trend,0.9999990705143098,9.294856880645112e-07,2.095135476321485e-15
2023-11-07,Low-Volatility Trend,0.9999990487249808,9.512750173141102e-07,1.9256884017744778e-15
2023-11-08,Low-Volatility Trend,0.9999991741462376,8.258537612358034e-07,1.205767147735033e-15
2023-11-09,Low-Volatility Trend,0.9999993641677078,6.358322913664056e-07,8.072221325019387e-16
2023-11-10,Low-Volatility Trend,0.9999989660424936,1.033957505561859e-06,8.969349723568752e-16
2023-11-13,Low-Volatility Trend,0.9999992517777219,7.482222768948041e-07,1.18745032368821e-15
2023-11-14,Low-Volatility Trend,0.9999993655395039,6.344604952965748e-07,8.450686661401764e-16
2023-11-15,Low-Volatility Trend,0.999999277555177,7.224448216664435e-07,1.2908147034948273e-15
2023-11-16,Low-Volatility Trend,0.9999999399880353,6.001196446962732e-08,1.360110539120063e-16
2023-11-17,Low-Volatility Trend,0.999999980113218,1.9886782108858998e-08,1.3816782807108256e-17
2023-11-20,Low-Volatility Trend,0.9999999812812237,1.8718776381042203e-08,6.030809978963215e-18
2023-11-21,Low-Volatility Trend,0.9999999836000178,1.6399982211226765e-08,4.908398410820832e-18
2023-11-22,Low-Volatility Trend,0.9999999793437941,2.065620575553944e-08,5.000648119678947e-18
2023-11-23,Low-Volatility Trend,0.9999999812195215,1.8780478546255892e-08,4.606801578820246e-18
2023-11-24,Low-Volatility Trend,0.999999982773336,1.722666400557078e-08,3.862738151764278e-18
2023-11-27,Low-Volatility Trend,0.9999999842085906,1.5791409327978284e-08,3.805581524559777e-18
2023-11-28,Low-Volatility Trend,0.9999999858966158,1.4103384136507862e-08,2.858599119953724e-18
2023-11-29,Low-Volatility Trend,0.9999999870913834,1.2908616577471678e-08,2.8020875181961004e-18
2023-11-30,Low-Volatility Trend,0.9999999802698343,1.973016583663948e-08,2.3678747428158907e-18
2023-12-01,Low-Volatility Trend,0.9999999862522935,1.3747706281529938e-08,2.5585137567155495e-18
2023-12-04,Low-Volatility Trend,0.9999999867387266,1.3261273260464575e-08,1.9919979881885117e-18
2023-12-05,Low-Volatility Trend,0.9999999840426536,1.5957346336144184e-08,2.0717941614165642e-18
2023-12-06,Low-Volatility Trend,0.9999999880865049,1.1913494809756274e-08,2.2045653647270034e-18
2023-12-07,Low-Volatility Trend,0.9999999892905023,1.0709497736639795e-08,1.8975875262991105e-18
2023-12-08,Low-Volatility Trend,0.9999999891051601,1.089483980146229e-08,1.5630741340850471e-18
2023-12-11,Low-Volatility Trend,0.9999999907604176,9.239582450355132e-09,1.3605150988167507e-18
2023-12-12,Low-Volatility Trend,0.9999999906771859,9.322814051067471e-09,1.3375012358853357e-18
2023-12-13,Low-Volatility Trend,0.9999999898940559,1.010594398319026e-08,1.23796612300286e-18
2023-12-14,Low-Volatility Trend,0.9999999910245689,8.975431198775815e-09,1.2552843785737688e-18
2023-12-15,Low-Volatility Trend,0.9999999910095696,8.990430322650372e-09,1.5602897451854797e-18
2023-12-18,Low-Volatility Trend,0.9999999892368616,1.0763138405148779e-08,1.1239550351647881e-18
2023-12-19,Low-Volatility Trend,0.9999999913784414,8.621558355773188e-09,1.0486562857908396e-18
2023-12-20,Low-Volatility Trend,0.9999999934111503,6.5888497756169386e-09,1.3680529381521037e-18
2023-12-21,Low-Volatility Trend,0.9999999948278671,5.172132890752241e-09,2.27252086551443e-18
2023-12-22,Low-Volatility Trend,0.9999999933850847,6.614915297651212e-09,2.241634472222887e-18
2023-12-25,Low-Volatility Trend,0.9999999919717533,8.028246724437936e-09,1.7024830920574285e-18
2023-12-26,Low-Volatility Trend,0.9999999790078196,2.099218033275036e-08,2.4696523922113726e-18
2023-12-27,Low-Volatility Trend,0.9999999598121603,4.018783972761131e-08,8.044226048075335e-18
2023-12-28,Low-Volatility Trend,0.9999999764254716,2.3574528593645687e-08,1.1066999608949693e-17
2023-12-29,Low-Volatility Trend,0.9999998589760027,1.410239972257027e-07,2.752303530539138e-17
2024-01-01,Low-Volatility Trend,0.9999901793653037,9.820142677902571e-06,4.920184517404886e-10
2024-01-02,Elevated-Volatility Transition,0.0781696881797083,0.9217854844881047,4.482733218669057e-05
2024-01-03,Low-Volatility Trend,0.9852468413446243,0.014753119652864648,3.9002511155470576e-08
2024-01-04,Low-Volatility Trend,0.9999777206511518,2.2278964337257674e-05,3.845110297219105e-10
2024-01-05,Low-Volatility Trend,0.9999903176993669,9.682040212498e-06,2.604205621765994e-10
2024-01-08,Low-Volatility Trend,0.9999974833356513,2.516584641380829e-06,7.970726391389646e-11
2024-01-09,Low-Volatility Trend,0.9999999903168897,9.682599844207944e-09,5.108023789872823e-13
2024-01-10,Low-Volatility Trend,0.9999999941068518,5.8928248258620175e-09,3.2357799077613517e-13
2024-01-11,Low-Volatility Trend,0.9999999920690916,7.930345680327238e-09,5.630997169108553e-13
2024-01-12,Low-Volatility Trend,0.9999999184309007,8.156303665894187e-08,6.062644467456456e-12
2024-01-15,Low-Volatility Trend,0.9999999914077247,8.591821531132358e-09,4.5396809163676456e-13
2024-01-16,Low-Volatility Trend,0.9999999967944904,3.205345465200216e-09,1.6398915319700811e-13
2024-01-17,Low-Volatility Trend,0.9999999972306703,2.7691889373641706e-09,1.4114441073365078e-13
2024-01-18,Low-Volatility Trend,0.9999999978305496,2.1693461596225927e-09,1.0489926634532215e-13
2024-01-19,Low-Volatility Trend,0.9999999969375049,3.0623132748871396e-09,1.8181537222804225e-13
2024-01-22,Low-Volatility Trend,0.9999999972788531,2.7209379134146404e-09,2.0869776593585508e-13
2024-01-23,Low-Volatility Trend,0.9999999908398705,9.159613691725603e-09,5.153961554772169e-13
2024-01-24,Low-Volatility Trend,0.9999999986803783,1.319545995739871e-09,7.600462071879435e-14
2024-01-25,Low-Volatility Trend,0.9999999987801509,1.2197795708010449e-09,7.017956731862691e-14
2024-01-26,Elevated-Volatility Transition,1.5930461028455392e-06,0.9999601412681833,3.826568571352583e-05
2024-01-29,Elevated-Volatility Transition,7.95651175862273e-06,0.999990303764583,1.739723658619346e-06
2024-01-30,Low-Volatility Trend,0.8978483303480533,0.10215152978463776,1.3986730887969281e-07
2024-01-31,Low-Volatility Trend,0.9998379261284167,0.0001620731782920871,6.932911869518415e-10
2024-02-01,Low-Volatility Trend,0.9999587839603282,4.121538978212167e-05,6.498896310083859e-10
2024-02-02,Low-Volatility Trend,0.9945957830837375,0.005404101312150613,1.156041116700406e-07
2024-02-05,Low-Volatility Trend,0.9999999692519164,3.074748814193864e-08,5.95671720831222e-13
2024-02-06,Low-Volatility Trend,0.9999999821017466,1.789786319075659e-08,3.898339260467319e-13
2024-02-07,Low-Volatility Trend,0.9999999832635621,1.673605954036675e-08,3.7875080148613477e-13
2024-02-08,Low-Volatility Trend,0.999999984013722,1.598590426112617e-08,3.7344416747193316e-13
2024-02-09,Low-Volatility Trend,0.9999999926632226,7.33653303331065e-09,2.439649101896995e-13
2024-02-12,Low-Volatility Trend,0.9999999975230462,2.4768712655566873e-09,8.300872570426062e-14
2024-02-13,Low-Volatility Trend,0.999999997778648,2.2212824112372097e-09,6.96894246729346e-14
2024-02-14,Low-Volatility Trend,0.9999999980460412,1.953898363593989e-09,6.100038193572956e-14
2024-02-15,Low-Volatility Trend,0.9999999976076417,2.3922905654036246e-09,6.751748638657039e-14
2024-02-16,Low-Volatility Trend,0.9999999748879199,2.511143073624302e-08,6.494834763005142e-13
2024-02-19,Low-Volatility Trend,0.9999999968281656,3.171762874371316e-09,7.202795925221418e-14
2024-02-20,Low-Volatility Trend,0.9999999920753941,7.924412403357289e-09,1.9348418583711453e-13
2024-02-21,Low-Volatility Trend,0.9999999495557622,5.044301433828539e-08,1.2230110894316526e-12
2024-02-22,Low-Volatility Trend,0.999999984449886,1.554975938236155e-08,3.543098147896272e-13
2024-02-23,Low-Volatility Trend,0.9999999974530134,2.5469005059785067e-09,8.627291147213366e-14
2024-02-26,Low-Volatility Trend,0.999999997740959,2.2589003588664136e-09,1.4138943827646776e-13
2024-02-27,Low-Volatility Trend,0.9999999984340224,1.5658752426707804e-09,1.0280367409924728e-13
2024-02-28,Low-Volatility Trend,0.9999999986806412,1.3192600070850049e-09,9.946983614655642e-14
2024-02-29,Low-Volatility Trend,0.9999999981980956,1.8017101790812174e-09,1.9378768035082072e-13
2024-03-01,Low-Volatility Trend,0.999999854972147,1.4501337386059964e-07,1.4479282928356169e-11
2024-03-04,Low-Volatility Trend,0.9215951874783619,0.07839914213976934,5.6703818684267875e-06
2024-03-05,Low-Volatility Trend,0.9999637670874387,3.623237583997371e-05,5.367212567074112e-10
2024-03-06,Elevated-Volatility Transition,0.30215416608469353,0.6978022045849103,4.362933039626793e-05
2024-03-07,Elevated-Volatility Transition,0.4367256799368119,0.5632712692750975,3.0507880908334333e-06
2024-03-08,Low-Volatility Trend,0.624378253297554,0.3756195010198853,2.245682561101295e-06
2024-03-11,Low-Volatility Trend,0.9817685248225767,0.018231320537234766,1.5464018889099815e-07
2024-03-12,Low-Volatility Trend,0.999809706754003,0.00019028468914645316,8.556850517945709e-09
2024-03-13,Low-Volatility Trend,0.999999619903534,3.800759749373821e-07,2.049105203513e-11
2024-03-14,Low-Volatility Trend,0.9999979868685245,2.0130041508595174e-06,1.2732459556854145e-10
2024-03-15,Low-Volatility Trend,0.9999998939187987,1.0607589410918164e-07,5.3070359875810735e-12
2024-03-18,Low-Volatility Trend,0.9999521801675862,4.781710030749818e-05,2.732106270466027e-09
2024-03-19,Low-Volatility Trend,0.9999973341048473,2.665754557327254e-06,1.4059534652696689e-10
2024-03-20,Low-Volatility Trend,0.9999985463627414,1.4535530599890954e-06,8.419851801167718e-11
2024-03-21,Elevated-Volatility Transition,5.057146660887838e-64,0.9999824178665295,1.7582133470983173e-05
2024-03-22,Elevated-Volatility Transition,4.608997351753683e-70,0.9999995576425987,4.42357401044059e-07
2024-03-25,Elevated-Volatility Transition,1.958692727919313e-33,0.9999995119578707,4.880421292664835e-07
2024-03-26,Elevated-Volatility Transition,1.0138549213271262e-27,0.999999518331023,4.816689766675551e-07
2024-03-27,Elevated-Volatility Transition,1.228551983793063e-12,0.9999994978399913,5.02158780563431e-07
2024-03-28,Low-Volatility Trend,0.9222104699668104,0.0777894707008861,5.933230326191033e-08
2024-03-29,Low-Volatility Trend,0.9999258116285241,7.41880230058064e-05,3.484700186540737e-10
2024-04-01,Elevated-Volatility Transition,1.916052990192889e-20,0.9999927563075779,7.2436924218217805e-06
2024-04-02,Elevated-Volatility Transition,3.6537371784083e-60,0.9999995785409865,4.214590136982015e-07
2024-04-03,Elevated-Volatility Transition,7.196187579971743e-80,0.9999995319687874,4.6803121241091256e-07
2024-04-04,Elevated-Volatility Transition,1.4643564288627333e-102,0.9999994014406546,5.985593454480317e-07
2024-04-05,Elevated-Volatility Transition,4.144461159498665e-61,0.9999995357979261,4.642020741721205e-07
2024-04-08,Elevated-Volatility Transition,9.769779390185558e-57,0.9999996106884991,3.893115010359458e-07
2024-04-09,Elevated-Volatility Transition,2.826417185608318e-13,0.9999996665117697,3.3348794805417165e-07
2024-04-10,Elevated-Volatility Transition,0.00019823653314669966,0.9998014959876866,2.6747916657866046e-07
2024-04-11,Elevated-Volatility Transition,8.448312370547293e-05,0.9999152147819627,3.020943317269007e-07
2024-04-12,Low-Volatility Trend,0.8279997316326697,0.17200021631722684,5.205010334962634e-08
2024-04-15,Low-Volatility Trend,0.9998495454340475,0.00015045444691335003,1.190390593213367e-10
2024-04-16,Low-Volatility Trend,0.9999999095280702,9.047131690475058e-08,6.132732371031752e-13
2024-04-17,Low-Volatility Trend,0.9999800600034047,1.993990157703591e-05,9.50183939687184e-11
2024-04-18,Low-Volatility Trend,0.9999999356502286,6.434932009053952e-08,4.5125189153389227e-13
2024-04-19,Low-Volatility Trend,0.9999999868681755,1.3131726036435231e-08,9.850497132336648e-14
2024-04-22,Low-Volatility Trend,0.9999999905931354,9.406781532650423e-09,8.215887623082373e-14
2024-04-23,Low-Volatility Trend,0.9999999907706059,9.229312142866976e-09,8.163167314170769e-14
2024-04-24,Low-Volatility Trend,0.999999994387208,5.612725591939067e-09,6.644202271645084e-14
2024-04-25,Low-Volatility Trend,0.999999980440154,1.9559573368244616e-08,2.7241497594988026e-13
2024-04-26,Low-Volatility Trend,0.9987843142985094,0.0012156707200744717,1.4981416269256518e-08
2024-04-29,Low-Volatility Trend,0.9998778694365494,0.00012212868411388107,1.8793366040311733e-09
2024-04-30,Elevated-Volatility Transition,0.0007297017179096267,0.9992468724933596,2.3425788730515504e-05
2024-05-01,Low-Volatility Trend,0.996401770565435,0.003598224975504714,4.4590602207038135e-09
2024-05-02,Elevated-Volatility Transition,5.820592063236125e-09,0.9999880759093936,1.1918270014139645e-05
2024-05-03,Elevated-Volatility Transition,2.529234588322822e-13,0.9999989751297635,1.0248699832880047e-06
2024-05-06,Elevated-Volatility Transition,2.9056426027522335e-35,0.9999989086899199,1.0913100804388935e-06
2024-05-07,Elevated-Volatility Transition,8.267678286474662e-29,0.9999986474499457,1.3525500547183952e-06
2024-05-08,Elevated-Volatility Transition,1.1069271201700848e-31,0.9999979645076807,2.0354923193851366e-06
2024-05-09,Elevated-Volatility Transition,6.9884358103292e-32,0.9999978094162557,2.1905837446690257e-06
2024-05-10,Elevated-Volatility Transition,4.76362687369031e-40,0.9999975426523754,2.4573476249689944e-06
2024-05-13,Elevated-Volatility Transition,2.854473100787794e-22,0.9999978058954212,2.1941045791349193e-06
2024-05-14,Elevated-Volatility Transition,5.988160728134959e-26,0.9999977400331608,2.2599668396047854e-06
2024-05-15,Elevated-Volatility Transition,7.567122673911296e-54,0.9999979382508473,2.0617491530280554e-06
2024-05-16,Elevated-Volatility Transition,1.6342964884036544e-24,0.9999986914934257,1.30850657410442e-06
2024-05-17,Elevated-Volatility Transition,2.366887400540725e-42,0.9999987409684999,1.259031499900121e-06
2024-05-20,Elevated-Volatility Transition,1.0387423346764709e-46,0.9999986502601393,1.3497398604829432e-06
2024-05-21,Elevated-Volatility Transition,2.1919575727326557e-59,0.9999985569058495,1.443094150857327e-06
2024-05-22,Elevated-Volatility Transition,1.2336091071229168e-50,0.999998613369501,1.3866304990636717e-06
2024-05-23,Elevated-Volatility Transition,5.319396719243712e-47,0.9999979708502175,2.0291497822876407e-06
2024-05-24,Elevated-Volatility Transition,3.7145854825740603e-34,0.9999979492586468,2.0507413535090804e-06
2024-05-27,Elevated-Volatility Transition,2.7420626949401665e-62,0.9999981332210355,1.8667789642811457e-06
2024-05-28,Elevated-Volatility Transition,1.0935156938097174e-35,0.9999986867330363,1.3132669640812336e-06
2024-05-29,Elevated-Volatility Transition,3.702644622102147e-36,0.9999984879090339,1.5120909656752274e-06
2024-05-30,Elevated-Volatility Transition,3.3160003444367404e-46,0.9999982556479007,1.7443520996606524e-06
2024-05-31,Elevated-Volatility Transition,1.0185585427925054e-32,0.9999983654249879,1.6345750124909301e-06
2024-06-03,Elevated-Volatility Transition,1.0540661344276835e-56,0.9999980546126213,1.945387378939922e-06
2024-06-04,Elevated-Volatility Transition,5.913037283806437e-17,0.9999990181870629,9.818129372157097e-07
2024-06-05,Elevated-Volatility Transition,1.647743017148947e-63,0.9999994644108381,5.355891619045402e-07
2024-06-06,Elevated-Volatility Transition,1.6679627095985482e-54,0.9999997928162526,2.0718374764910508e-07
2024-06-07,Elevated-Volatility Transition,2.023840267085565e-34,0.999999793765018,2.0623498239554412e-07
2024-06-10,Elevated-Volatility Transition,4.3468660573962106e-24,0.999999797003704,2.0299629613119065e-07
2024-06-11,Elevated-Volatility Transition,3.724554759665613e-19,0.9999997916819504,2.0831804979950772e-07
2024-06-12,Elevated-Volatility Transition,3.1163973565396912e-18,0.9999996174744051,3.8252559530772864e-07
2024-06-13,Elevated-Volatility Transition,1.795181669353037e-22,0.9999995458410976,4.5415890199682937e-07
2024-06-14,Elevated-Volatility Transition,1.0415071911915246e-32,0.9999990534451134,9.465548866844173e-07
2024-06-17,Elevated-Volatility Transition,7.913172180009852e-12,0.9999998486162428,1.5137584380826473e-07
2024-06-18,Elevated-Volatility Transition,9.013352732284944e-54,0.9999997578710209,2.421289794968654e-07
2024-06-19,Elevated-Volatility Transition,6.279082919003425e-47,0.999999886754326,1.1324567410587794e-07
2024-06-20,Elevated-Volatility Transition,2.578498116505345e-31,0.9999996579886642,3.4201133567082733e-07
2024-06-21,Elevated-Volatility Transition,3.5873105682950227e-09,0.9999999117708745,8.464181487564256e-08
2024-06-24,Elevated-Volatility Transition,2.1893996848048375e-09,0.9999999054743047,9.233629575227145e-08
2024-06-25,Elevated-Volatility Transition,0.00019900508581010247,0.9998008705751475,1.243390422638634e-07
2024-06-26,Elevated-Volatility Transition,1.0375951182871503e-11,0.9999998943146975,1.056749266699272e-07
2024-06-27,Elevated-Volatility Transition,0.0006905309664942434,0.9993093285668941,1.404666115077634e-07
2024-06-28,Elevated-Volatility Transition,2.9800363874409183e-13,0.9999998580310606,1.419686413499506e-07
2024-07-01,Elevated-Volatility Transition,1.7499234805455047e-34,0.9999998169994083,1.830005915989207e-07
2024-07-02,Elevated-Volatility Transition,1.376583761156166e-70,0.9999996757192611,3.2428073857089694e-07
2024-07-03,Elevated-Volatility Transition,5.352697766708038e-65,0.9999997535841737,2.4641582604751326e-07
2024-07-04,Elevated-Volatility Transition,4.080050333155721e-53,0.9999997787670201,2.2123297964966285e-07
2024-07-05,Elevated-Volatility Transition,1.4196727899856578e-27,0.9999998434403998,1.565596004459396e-07
2024-07-08,Elevated-Volatility Transition,7.879179920409675e-20,0.9999998432256952,1.5677430455866412e-07
2024-07-09,Elevated-Volatility Transition,0.003838266373948469,0.996161497047866,2.3657818537057588e-07
2024-07-10,Elevated-Volatility Transition,0.0009332691615774378,0.9990665419089919,1.8892943039803373e-07
2024-07-11,Elevated-Volatility Transition,0.000140065206688144,0.9998597614707332,1.7332257846515124e-07
2024-07-12,Elevated-Volatility Transition,0.0004440955754612298,0.9995556085156809,2.959088574918251e-07
2024-07-15,Elevated-Volatility Transition,0.05434519449053023,0.945654636047612,1.6946185793689803e-07
2024-07-16,Low-Volatility Trend,0.9988157743628048,0.0011842253471649922,2.900302219792977e-10
2024-07-17,Low-Volatility Trend,0.9999980584151543,1.9415791535861797e-06,5.6919616958982465e-12
2024-07-18,Low-Volatility Trend,0.9999994387948592,5.612025069362182e-07,2.6338175467196642e-12
2024-07-19,Low-Volatility Trend,0.9999999869057099,1.3094181214148469e-08,1.0947141197186736e-13
2024-07-22,Elevated-Volatility Transition,1.637985747530854e-05,0.9999771192859299,6.500856595318702e-06
2024-07-23,Elevated-Volatility Transition,7.356346207252889e-14,0.9999994772105162,5.22789410527059e-07
2024-07-24,Elevated-Volatility Transition,1.329357833767834e-21,0.9999993246777945,6.753222052419223e-07
2024-07-25,Elevated-Volatility Transition,0.008291966703478917,0.9917076806065868,3.526899341299424e-07
2024-07-26,Elevated-Volatility Transition,0.0018992378110737121,0.9981004516250055,3.105639204269229e-07
2024-07-29,Low-Volatility Trend,0.9890193572929652,0.010980638879923395,3.8271113289066454e-09
2024-07-30,Low-Volatility Trend,0.9999995989502088,4.0104844578277134e-07,1.3452076369390921e-12
2024-07-31,Low-Volatility Trend,0.9999986512221614,1.3487706850852335e-06,7.153364385074866e-12
2024-08-01,Low-Volatility Trend,0.9999960327104263,3.967270062201417e-06,1.951143741828139e-11
2024-08-02,Low-Volatility Trend,0.9999994262371045,5.737599830934385e-07,2.91252537248341e-12
2024-08-05,Low-Volatility Trend,0.999995444442054,4.555535536339837e-06,2.240979317846004e-11
2024-08-06,Elevated-Volatility Transition,0.002194637387816885,0.9977988124445005,6.5501676819963856e-06
2024-08-07,Elevated-Volatility Transition,3.791475675931318e-13,0.9999997777590106,2.2224060998187588e-07
2024-08-08,Elevated-Volatility Transition,5.5483718050007575e-06,0.999994253664381,1.9796381388380886e-07
2024-08-09,Elevated-Volatility Transition,0.00020393122284241674,0.9997958511715,2.176056571716419e-07
2024-08-12,Elevated-Volatility Transition,0.2963259218741817,0.7036739047219194,1.7340389882573283e-07
2024-08-13,Low-Volatility Trend,0.9956622003586008,0.004337798156046462,1.485352766102889e-09
2024-08-14,Low-Volatility Trend,0.9999999685530274,3.1446839058015055e-08,1.3347725222660815e-13
2024-08-15,Low-Volatility Trend,0.9999999738879243,2.6111947174127745e-08,1.2836706055744467e-13
2024-08-16,Low-Volatility Trend,0.9999999377578553,6.224183131324495e-08,3.134227332028548e-13
2024-08-19,Low-Volatility Trend,0.9999999773034995,2.2696353333730584e-08,1.4792122260454784e-13
2024-08-20,Low-Volatility Trend,0.9999994592195508,5.407751526659615e-07,5.296231985055533e-12
2024-08-21,Low-Volatility Trend,0.9999999603337794,3.966591724472149e-08,3.033873925723883e-13
2024-08-22,Low-Volatility Trend,0.9999999733004111,2.6699361663479007e-08,2.2677163201842278e-13
2024-08-23,Low-Volatility Trend,0.9999999034053773,9.659373365103333e-08,8.891308349437149e-13
2024-08-26,Low-Volatility Trend,0.9999999788671075,2.113271902007331e-08,1.7424041017191444e-13
2024-08-27,Low-Volatility Trend,0.9999999938580171,6.1419142814972755e-09,6.789531641258343e-14
2024-08-28,Low-Volatility Trend,0.9999999943266644,5.673257255736473e-09,7.762873719071355e-14
2024-08-29,Low-Volatility Trend,0.9999999956894037,4.3105324265634855e-09,6.406044368623349e-14
2024-08-30,Low-Volatility Trend,0.9999999958604704,4.139454412423059e-09,7.489127306463591e-14
2024-09-02,Elevated-Volatility Transition,3.685826482637939e-10,0.9999914123832385,8.58724817806879e-06
2024-09-03,Low-Volatility Trend,0.7582618973470091,0.24173794895672898,1.536962618535696e-07
2024-09-04,Low-Volatility Trend,0.9999922592113846,7.74077671431975e-06,1.1900701865686448e-11
2024-09-05,Elevated-Volatility Transition,0.3090872927604619,0.6909059621882321,6.745051305723168e-06
2024-09-06,Low-Volatility Trend,0.9867304850484052,0.013269500603284773,1.4348309992469263e-08
2024-09-09,Low-Volatility Trend,0.9999999928887391,7.111177920587583e-09,8.303549733577417e-14
2024-09-10,Low-Volatility Trend,0.9999999949171574,5.082729074995018e-09,1.1423141458653004e-13
2024-09-11,Low-Volatility Trend,0.9992768150878292,0.000723169958790907,1.495337980875738e-08
2024-09-12,Elevated-Volatility Transition,5.866506219459619e-05,0.9999194769885381,2.1857949266885096e-05
2024-09-13,Elevated-Volatility Transition,1.8085632211396866e-06,0.9999962873323268,1.904104452116588e-06
2024-09-16,Low-Volatility Trend,0.976311541130685,0.02368841738227408,4.1487041020843717e-08
2024-09-17,Low-Volatility Trend,0.999999964367231,3.563239890723615e-08,3.7036604019222147e-13
2024-09-18,Low-Volatility Trend,0.9999999962010016,3.798923359736411e-09,7.569869532264619e-14
2024-09-19,Low-Volatility Trend,0.9999999597892043,4.020993110442129e-08,8.64652249648529e-13
2024-09-20,Low-Volatility Trend,0.9999999951980332,4.8018655736329785e-09,1.0170370978695803e-13
2024-09-23,Low-Volatility Trend,0.9999999983444461,1.6555175514783863e-09,3.635395394746763e-14
2024-09-24,Low-Volatility Trend,0.9999999979413801,2.0585655995931906e-09,5.435877730495271e-14
2024-09-25,Low-Volatility Trend,0.9999999987118215,1.28814507943432e-09,3.404558027725543e-14
2024-09-26,Low-Volatility Trend,0.9999999988816111,1.1183556782802655e-09,3.406805062447591e-14
2024-09-27,Low-Volatility Trend,0.9999999987110417,1.2889085197569386e-09,5.027332089935756e-14
2024-09-30,Low-Volatility Trend,0.9999999992241957,7.757594061463895e-10,4.5038817506178275e-14
2024-10-01,Low-Volatility Trend,0.9999999993100861,6.898637503676326e-10,5.0987130935890074e-14
2024-10-02,Low-Volatility Trend,0.9999999953904721,4.609267464924315e-09,2.6048598184026106e-13
2024-10-03,Low-Volatility Trend,0.9999999866209324,1.3378274141568147e-08,7.929859106127209e-13
2024-10-04,Low-Volatility Trend,0.9999999981775609,1.8223540581236083e-09,8.525510613172939e-14
2024-10-07,Low-Volatility Trend,0.9999999988970423,1.1029063959707962e-09,5.2032167438858393e-14
2024-10-08,Low-Volatility Trend,0.9999999991733333,8.26628035258026e-10,3.8341701642017137e-14
2024-10-09,Low-Volatility Trend,0.9999999929256225,7.074026173376452e-09,3.5131649986189114e-13
2024-10-10,Low-Volatility Trend,0.9999982097366888,1.790174896215206e-06,8.841481793988923e-11
2024-10-11,Low-Volatility Trend,0.9999999948765437,5.123233768906293e-09,2.2211846389282247e-13
2024-10-14,Low-Volatility Trend,0.999999998197131,1.80278407686398e-09,8.415155498413879e-14
2024-10-15,Low-Volatility Trend,0.99999876972637,1.2302128731754854e-06,6.075687614232551e-11
2024-10-16,Low-Volatility Trend,0.9999592735170704,4.072455729442959e-05,1.925635084111252e-09
2024-10-17,Low-Volatility Trend,0.8460504991982509,0.15394166624789332,7.834553855153748e-06
2024-10-18,Low-Volatility Trend,0.9999997050682312,2.9492885683272845e-07,2.911752592614626e-12
2024-10-21,Low-Volatility Trend,0.9999999736607114,2.633804795016873e-08,1.2408319421157926e-12
2024-10-22,Low-Volatility Trend,0.9999999987268584,1.273080180804607e-09,6.104853064165662e-14
2024-10-23,Low-Volatility Trend,0.9999999990748396,9.251127621858364e-10,4.755437394212996e-14
2024-10-24,Low-Volatility Trend,0.9999999842319439,1.57672654685496e-08,7.906422458788215e-13
2024-10-25,Low-Volatility Trend,0.9999999989342605,1.0656790461390378e-09,6.06745319747822e-14
2024-10-28,Low-Volatility Trend,0.9999999991444497,8.554995691768734e-10,5.125058352130339e-14
2024-10-29,Low-Volatility Trend,0.9999999985485175,1.4513777759232017e-09,1.0513152539374317e-13
2024-10-30,Low-Volatility Trend,0.9999999957265349,4.273116029461679e-09,3.4948564691199833e-13
2024-10-31,Low-Volatility Trend,0.999999996572182,3.4275133438398587e-09,3.0497634830387003e-13
2024-11-01,Low-Volatility Trend,0.9999999990586979,9.41213042750027e-10,8.941513710511344e-14
2024-11-04,Low-Volatility Trend,0.9999999994664641,5.334879443899077e-10,4.8768598012748235e-14
2024-11-05,Low-Volatility Trend,0.9999999707191702,2.9278427596017976e-08,2.402615580988324e-12
2024-11-06,Low-Volatility Trend,0.7760152681739676,0.22396941807889448,1.5313747137318183e-05
2024-11-07,Low-Volatility Trend,0.9995164283174965,0.000483566821651462,4.860852133151063e-09
2024-11-08,Low-Volatility Trend,0.9999997145026133,2.854856495726233e-07,1.1737044393533796e-11
2024-11-11,Low-Volatility Trend,0.9999994305831166,5.693963808539889e-07,2.050241059654425e-11
2024-11-12,Low-Volatility Trend,0.9999999912811353,8.718535557673844e-09,3.2906480224794996e-13
2024-11-13,Low-Volatility Trend,0.9999999962031936,3.796638829410666e-09,1.6793314547281567e-13
2024-11-14,Low-Volatility Trend,0.9999999792814214,2.0717671990315123e-08,9.067267776168971e-13
2024-11-15,Low-Volatility Trend,0.9999999968202946,3.1795258244276543e-09,1.7949568816116008e-13
2024-11-18,Low-Volatility Trend,0.9999999947089737,5.290762053748758e-09,2.638595409509557e-13
2024-11-19,Low-Volatility Trend,0.9999998470923891,1.52901860545346e-07,5.750395522538236e-12
2024-11-20,Low-Volatility Trend,0.999999509150392,4.908325193090296e-07,1.7088435937838163e-11
2024-11-21,Low-Volatility Trend,0.9999999685667773,3.143206087066401e-08,1.1614036051318246e-12
2024-11-22,Low-Volatility Trend,0.9999999984520347,1.5479036243375302e-09,6.25471415569096e-14
2024-11-25,Low-Volatility Trend,0.9999999990461959,9.537484978528797e-10,5.4971377177089923e-14
2024-11-26,Low-Volatility Trend,0.9999999990250252,9.749158281692043e-10,5.93635553224707e-14
2024-11-27,Low-Volatility Trend,0.9999999994557172,5.442484717214221e-10,3.420998090091351e-14
2024-11-28,Low-Volatility Trend,0.9999999975699474,2.4299194870033925e-09,1.3346869763049647e-13
2024-11-29,Low-Volatility Trend,0.9999999987186001,1.28133503126156e-09,6.463803685930347e-14
2024-12-02,Low-Volatility Trend,0.999999999406441,5.93529481268249e-10,2.953937920463366e-14
2024-12-03,Low-Volatility Trend,0.9999999995626307,4.3734395786195667e-10,2.5554961107842314e-14
2024-12-04,Low-Volatility Trend,0.9999999995836912,4.162810353559467e-10,2.8044765818618862e-14
2024-12-05,Low-Volatility Trend,0.9999999971591151,2.8406993627474266e-09,1.8519370088864848e-13
2024-12-06,Low-Volatility Trend,0.9999999992823234,7.176220045905115e-10,5.398974419081022e-14
2024-12-09,Low-Volatility Trend,0.9999999997153228,2.8465439282003956e-10,2.2267634159757816e-14
2024-12-10,Low-Volatility Trend,0.9999999997331024,2.6687569062658734e-10,2.136051737759085e-14
2024-12-11,Low-Volatility Trend,0.9999999997616662,2.3831375672783767e-10,1.98967718000567e-14
2024-12-12,Low-Volatility Trend,0.9999999997595026,2.4047150190711785e-10,2.6049115660618812e-14
2024-12-13,Low-Volatility Trend,0.9999999997510987,2.488655835284631e-10,3.5792565119105233e-14
2024-12-16,Low-Volatility Trend,0.9999999998048033,1.9516854364830904e-10,2.8608398664246765e-14
2024-12-17,Low-Volatility Trend,0.9999999998394742,1.604997870862755e-10,2.6169351229076467e-14
2024-12-18,Low-Volatility Trend,0.9999999998276099,1.7236162685079156e-10,2.8560334800281835e-14
2024-12-19,Low-Volatility Trend,0.999999999796243,2.0372368680113155e-10,3.331909539912384e-14
2024-12-20,Low-Volatility Trend,0.9999999989213597,1.078494029565568e-09,1.4615894561130865e-13
2024-12-23,Low-Volatility Trend,0.999999999645679,3.542765803192107e-10,4.4988451148529856e-14
2024-12-24,Low-Volatility Trend,0.999999999613209,3.8674896642822036e-10,4.208792670962925e-14
2024-12-25,Low-Volatility Trend,0.999999999760643,2.393307601374109e-10,2.6707134609469586e-14
2024-12-26,Low-Volatility Trend,0.9999999602628121,3.973376830291213e-08,3.4193082161809853e-12
2024-12-27,Low-Volatility Trend,0.9999999957151875,4.2843175321035545e-09,4.949470401109572e-13
2024-12-30,Low-Volatility Trend,0.9999999390640327,6.0932200645281e-08,3.766379921410206e-12
2024-12-31,Low-Volatility Trend,0.9999999983956478,1.6042623439870187e-09,8.998783923489045e-14
2025-01-01,Low-Volatility Trend,0.9999999971088824,2.8909975854513527e-09,1.202932182539031e-13
2025-01-02,Low-Volatility Trend,0.9999999970536262,2.9462408130560478e-09,1.3287753164122619e-13
2025-01-03,Low-Volatility Trend,0.9999999979054746,2.0944218971576578e-09,1.0323705623395193e-13
2025-01-06,Low-Volatility Trend,0.9999999941488902,5.850769359241751e-09,3.4004817224000526e-13
2025-01-07,Low-Volatility Trend,0.9999999980080139,1.9918694206356887e-09,1.1679377965752575e-13
2025-01-08,Low-Volatility Trend,0.9999999978800229,2.1198524141486777e-09,1.24650777202873e-13
2025-01-09,Low-Volatility Trend,0.9999999979832532,2.016625115164971e-09,1.2206913423965331e-13
2025-01-10,Low-Volatility Trend,0.9999999974813685,2.518502576351143e-09,1.2929273433125206e-13
2025-01-13,Low-Volatility Trend,0.9999999986479811,1.3519382560855664e-09,8.088524842249975e-14
2025-01-14,Low-Volatility Trend,0.999999998713804,1.2861248969490374e-09,7.145391700375133e-14
2025-01-15,Low-Volatility Trend,0.9999999985266914,1.4732306477901348e-09,7.760210693409844e-14
2025-01-16,Low-Volatility Trend,0.9999999977514396,2.2484488251320086e-09,1.1173637512927083e-13
2025-01-17,Low-Volatility Trend,0.9999999985453698,1.4545426491539878e-09,8.749423208018472e-14
2025-01-20,Low-Volatility Trend,0.9999999982872634,1.7126435659351658e-09,9.316656416064398e-14
2025-01-21,Low-Volatility Trend,0.9999999987934691,1.2064651835301878e-09,6.529048785266794e-14
2025-01-22,Low-Volatility Trend,0.999999998870952,1.1289808462082655e-09,6.672161662206511e-14
2025-01-23,Low-Volatility Trend,0.9999999987196091,1.2802982318063569e-09,9.242229123784265e-14
2025-01-24,Low-Volatility Trend,0.9999999988686215,1.1312960062044282e-09,8.263218459004713e-14
2025-01-27,Low-Volatility Trend,0.9999999989245074,1.0753822687802796e-09,1.099058844975368e-13
2025-01-28,Low-Volatility Trend,0.9999999990290478,9.708559696924256e-10,9.587517085567127e-14
2025-01-29,Low-Volatility Trend,0.9999999990596775,9.40230666811974e-10,9.169448137537077e-14
2025-01-30,Low-Volatility Trend,0.9999999990024246,9.974807661949287e-10,9.49998398725905e-14
2025-01-31,Low-Volatility Trend,0.999999998985853,1.014050908384301e-09,9.628177272823293e-14
2025-02-03,Low-Volatility Trend,0.999999995726423,4.273213524930081e-09,3.6329281112682154e-13
2025-02-04,Low-Volatility Trend,0.999999997969069,2.0307988500092794e-09,1.3196481669381265e-13
2025-02-05,Low-Volatility Trend,0.9999999981251557,1.8747367974279136e-09,1.0786541083094377e-13
2025-02-06,Low-Volatility Trend,0.9999999982169374,1.7829611394759186e-09,1.0136038791995261e-13
2025-02-07,Low-Volatility Trend,0.999999998279975,1.719920212931288e-09,1.048455446496483e-13
2025-02-10,Low-Volatility Trend,0.9999999988778194,1.1220869401837081e-09,9.362403052696467e-14
2025-02-11,Low-Volatility Trend,0.9999999991543973,8.455256115683274e-10,7.726343355973736e-14
2025-02-12,Low-Volatility Trend,0.9999999990214405,9.784564942491567e-10,1.0255544113250776e-13
2025-02-13,Low-Volatility Trend,0.9999999990474251,9.524665487957696e-10,1.0795308500219244e-13
2025-02-14,Low-Volatility Trend,0.999999996504326,3.4953567472936015e-09,3.1724219806282356e-13
2025-02-17,Low-Volatility Trend,0.9999999988218704,1.1780287736182278e-09,1.009444208356724e-13
2025-02-18,Low-Volatility Trend,0.9999999989247277,1.0751797509965367e-09,9.275125396858468e-14
2025-02-19,Low-Volatility Trend,0.9999999990614246,9.38495259245595e-10,8.004453452659029e-14
2025-02-20,Low-Volatility Trend,0.9999999990614405,9.384745986993852e-10,8.505498236069472e-14
2025-02-21,Low-Volatility Trend,0.9999999958516801,4.147973793054918e-09,3.462848365193358e-13
2025-02-24,Low-Volatility Trend,0.999999998767179,1.2327301937371263e-09,9.066773780324154e-14
2025-02-25,Low-Volatility Trend,0.9999999989131085,1.0868120854157461e-09,7.931858959206137e-14
2025-02-26,Low-Volatility Trend,0.9999999989304005,1.069522982256711e-09,7.67624741765112e-14
2025-02-27,Low-Volatility Trend,0.9999999987692982,1.2306164908077494e-09,8.495849194765127e-14
2025-02-28,Low-Volatility Trend,0.9999999987963761,1.2035035651406034e-09,1.2007498772510807e-13
2025-03-03,Low-Volatility Trend,0.9999999975539557,2.4458233010958195e-09,2.2077014335323602e-13
2025-03-04,Low-Volatility Trend,0.9999999986055785,1.3942933288609966e-09,1.2796584950876035e-13
2025-03-05,Low-Volatility Trend,0.9999999977929717,2.2068233160367576e-09,2.0537865305357902e-13
2025-03-06,Low-Volatility Trend,0.9999999975094305,2.4903389776426758e-09,2.307066277967591e-13
2025-03-07,Low-Volatility Trend,0.9999999982052756,1.7945597262825998e-09,1.6476102687653811e-13
2025-03-10,Low-Volatility Trend,0.9999999988707984,1.1291037256643436e-09,9.765699497327222e-14
2025-03-11,Low-Volatility Trend,0.9999999991294128,8.70511384882258e-10,7.598202801465119e-14
2025-03-12,Low-Volatility Trend,0.9999999990376631,9.62247435260481e-10,8.964816719721994e-14
2025-03-13,Low-Volatility Trend,0.9999999990168567,9.83040591487765e-10,1.0254363350307058e-13
2025-03-14,Low-Volatility Trend,0.9999999991562536,8.436344454514318e-10,1.1212122071110669e-13
2025-03-17,Low-Volatility Trend,0.9999999988869872,1.1128399863396884e-09,1.729004102685254e-13
2025-03-18,Low-Volatility Trend,0.9999999990133128,9.865400938105384e-10,1.471696517614241e-13
2025-03-19,Elevated-Volatility Transition,2.8838827142185303e-96,0.8433936844540612,0.15660631554594012
2025-03-20,Elevated-Volatility Transition,6.794536517305911e-47,0.9998655726193767,0.0001344273806236342
2025-03-21,Elevated-Volatility Transition,2.1651073391855965e-46,0.9999938449903061,6.155009693780303e-06
2025-03-24,Elevated-Volatility Transition,2.6965097539590513e-48,0.9999914385149572,8.561485042816308e-06
2025-03-25,Elevated-Volatility Transition,4.382788512471822e-47,0.9999931564618659,6.843538134335736e-06
2025-03-26,Elevated-Volatility Transition,0.00013079361309314863,0.9998689177395407,2.88647366087769e-07
2025-03-27,Elevated-Volatility Transition,0.00042132810016213336,0.9995784403198927,2.315799455457977e-07
2025-03-28,Elevated-Volatility Transition,0.0011085779868382608,0.9988912054625935,2.165505682195174e-07
2025-03-31,Elevated-Volatility Transition,0.001541524846436289,0.9984581708549606,3.0429860329680104e-07
2025-04-01,Elevated-Volatility Transition,0.003928938834937798,0.996070777361122,2.838039399093757e-07
2025-04-02,Elevated-Volatility Transition,0.006147450753822983,0.9938522633447618,2.859014150499409e-07
2025-04-03,Elevated-Volatility Transition,0.007273784568423279,0.9927259393458031,2.7608577405409343e-07
2025-04-04,Elevated-Volatility Transition,0.014893388733424752,0.9851063833097538,2.279568212013296e-07
2025-04-07,Elevated-Volatility Transition,0.027302072356607286,0.9726976945940279,2.330493649864433e-07
2025-04-08,Elevated-Volatility Transition,0.013993441640135435,0.9860063416265231,2.1673334148122915e-07
2025-04-09,Elevated-Volatility Transition,0.021023538523670428,0.9789762653466969,1.9612963241899034e-07
2025-04-10,Elevated-Volatility Transition,0.005744054666770002,0.9942557512313218,1.941019082265596e-07
2025-04-11,Elevated-Volatility Transition,0.002849485152448904,0.9971503390941125,1.7575343857987e-07
2025-04-14,Elevated-Volatility Transition,0.0032283291010101974,0.9967714969417915,1.7395719830814996e-07
2025-04-15,Elevated-Volatility Transition,0.00350461649214767,0.9964951888180897,1.946897622065353e-07
2025-04-16,Low-Volatility Trend,0.9997898698549321,0.0002101296625673858,4.825004662811415e-10
2025-04-17,Low-Volatility Trend,0.9999823382473323,1.7661514183430177e-05,2.384842273580482e-10
2025-04-18,Low-Volatility Trend,0.9999995457050402,4.542904850128063e-07,4.475095712693094e-12
2025-04-21,Low-Volatility Trend,0.9999997327960382,2.6720148786196477e-07,2.473705599635673e-12
2025-04-22,Low-Volatility Trend,0.9999998860537913,1.139452374718e-07,9.707822136319043e-13
2025-04-23,Low-Volatility Trend,0.9999999126964811,8.730280172120386e-08,7.167571492226714e-13
2025-04-24,Low-Volatility Trend,0.9999999653006594,3.4698781728304714e-08,5.591688975866728e-13
2025-04-25,Low-Volatility Trend,0.9999999729575414,2.7041980661553933e-08,4.777358443127737e-13
2025-04-28,Low-Volatility Trend,0.9999999859775803,1.402214713010584e-08,2.7265513248010616e-13
2025-04-29,Low-Volatility Trend,0.9999999864054905,1.3594247236732482e-08,2.6257537171257844e-13
2025-04-30,Low-Volatility Trend,0.9999999898118404,1.0187983212045266e-08,1.7662528638884429e-13
2025-05-01,Low-Volatility Trend,0.9999999871000727,1.2899752930414194e-08,1.73943018809826e-13
2025-05-02,Low-Volatility Trend,0.9999999767827206,2.3217021911228584e-08,2.5764051160424245e-13
2025-05-05,Low-Volatility Trend,0.9999999899011467,1.0098751339993212e-08,1.0192945375481415e-13
2025-05-06,Low-Volatility Trend,0.9999999903722845,9.627613295114487e-09,1.02320748644451e-13
2025-05-07,Low-Volatility Trend,0.9999999916101832,8.389727356876944e-09,8.938346878477245e-14
2025-05-08,Low-Volatility Trend,0.9999999895978027,1.0402079736483218e-08,1.1782675808645727e-13
2025-05-09,Low-Volatility Trend,0.9999999615048888,3.849469181688375e-08,4.1984274804242385e-13
2025-05-12,Low-Volatility Trend,0.9999999900861534,9.913745907516177e-09,1.0093802910689509e-13
2025-05-13,Low-Volatility Trend,0.9999999909350743,9.064834985440719e-09,9.071688905889637e-14
2025-05-14,Low-Volatility Trend,0.9999999890643538,1.093554305534215e-08,1.0289429043718516e-13
2025-05-15,Low-Volatility Trend,0.9999999833688725,1.663092783493076e-08,1.9921787635109812e-13
2025-05-16,Low-Volatility Trend,0.9999999777911566,2.2208547443275064e-08,2.957830125730391e-13
2025-05-19,Low-Volatility Trend,0.9999999825207625,1.747902897969777e-08,2.086667853364067e-13
2025-05-20,Low-Volatility Trend,0.9999999902186261,9.781259989586241e-09,1.136712370330509e-13
2025-05-21,Low-Volatility Trend,0.9999999913377522,8.662145972439985e-09,1.0214785221939453e-13
2025-05-22,Low-Volatility Trend,0.9999999928822945,7.117610461836997e-09,9.475794741623775e-14
2025-05-23,Low-Volatility Trend,0.9999999937093156,6.290570697309302e-09,1.1408881587486125e-13
2025-05-26,Low-Volatility Trend,0.9999999920222526,7.97754876542189e-09,1.983965535837622e-13
2025-05-27,Low-Volatility Trend,0.9999999920816389,7.918162323656064e-09,1.982846075721526e-13
2025-05-28,Low-Volatility Trend,0.9999999877413348,1.225844595374903e-08,2.189361103194474e-13
2025-05-29,Low-Volatility Trend,0.9999999940784567,5.92143972764035e-09,1.0337337093886318e-13
2025-05-30,Low-Volatility Trend,0.9999999798541046,2.0145551441445302e-08,3.4396147627860643e-13
2025-06-02,Low-Volatility Trend,0.9999999897970406,1.0202821860673364e-08,1.377918374160477e-13
2025-06-03,Low-Volatility Trend,0.9999999850097138,1.4990118402934273e-08,1.6813309336162843e-13
2025-06-04,Low-Volatility Trend,0.9999999924785419,7.52136542557171e-09,9.29027776227675e-14
2025-06-05,Low-Volatility Trend,0.9999999793070515,2.0692715956095206e-08,2.3294873124750387e-13
2025-06-06,Low-Volatility Trend,0.9999999852714616,1.4728345185909602e-08,1.9316464571129268e-13
2025-06-09,Low-Volatility Trend,0.999999992668827,7.331077484075238e-09,9.520197537391356e-14
2025-06-10,Low-Volatility Trend,0.9999999838699544,1.6129845922405826e-08,1.996276388953262e-13
2025-06-11,Low-Volatility Trend,0.9999999952752345,4.724538027682728e-09,2.2711998218273874e-13
2025-06-12,Low-Volatility Trend,0.9999999780131834,2.1986003801215172e-08,8.128117692190847e-13
2025-06-13,Low-Volatility Trend,0.9999998309418366,1.6905338810286032e-07,4.7753991937352074e-12
2025-06-16,Low-Volatility Trend,0.9999999460265508,5.3972244822720104e-08,1.2045400390210162e-12
2025-06-17,Low-Volatility Trend,0.9999999606745636,3.932461380168449e-08,8.223303548151162e-13
2025-06-18,Low-Volatility Trend,0.9999999793588226,2.0640726463312515e-08,4.510907530193447e-13
2025-06-19,Low-Volatility Trend,0.9999999889815125,1.1018228618094951e-08,2.5837029989924533e-13
2025-06-20,Low-Volatility Trend,0.9999999889199946,1.1079499008899193e-08,5.066982832260911e-13
2025-06-23,Low-Volatility Trend,0.9999999954854086,4.514453410131859e-09,1.3762960500037767e-13
2025-06-24,Low-Volatility Trend,0.9999999974759746,2.523950357432298e-09,7.509603343550752e-14
2025-06-25,Low-Volatility Trend,0.9999999777458133,2.2253636902448812e-08,5.500610001570378e-13
2025-06-26,Low-Volatility Trend,0.9999999962138819,3.7860325959239025e-09,8.591592328376325e-14
2025-06-27,Low-Volatility Trend,0.9999999841792012,1.5820442323178778e-08,3.564978705580007e-13
2025-06-30,Low-Volatility Trend,0.9999999730658521,2.693365399079515e-08,4.937346066455576e-13
2025-07-01,Low-Volatility Trend,0.9999999935118522,6.488028099994157e-09,1.2000840847876162e-13
2025-07-02,Low-Volatility Trend,0.9999999890585904,1.0941181500246048e-08,2.275638144650579e-13
2025-07-03,Low-Volatility Trend,0.9999999959293886,4.070524440985238e-09,8.712713531790392e-14
2025-07-04,Low-Volatility Trend,0.9999999962937034,3.7061878150957154e-09,1.0865750945901909e-13
2025-07-07,Low-Volatility Trend,0.9999999958257959,4.1740816646218494e-09,1.2276832210336267e-13
2025-07-08,Low-Volatility Trend,0.9999999973339344,2.66598538064098e-09,8.040236875545241e-14
2025-07-09,Low-Volatility Trend,0.9999999972785663,2.721329427887689e-09,1.0417601266266408e-13
2025-07-10,Low-Volatility Trend,0.9999999979925764,2.007329868623577e-09,9.378925676379178e-14
2025-07-11,Low-Volatility Trend,0.9999999971604598,2.8393699282853735e-09,1.704705749010943e-13
2025-07-14,Low-Volatility Trend,0.9999999985862553,1.4136521262639777e-09,9.262522443076663e-14
2025-07-15,Low-Volatility Trend,0.9999999987598107,1.2401016923566357e-09,8.731286393270527e-14
2025-07-16,Low-Volatility Trend,0.9999999986337889,1.3661105767315774e-09,1.0034045500099302e-13
2025-07-17,Low-Volatility Trend,0.9999999986221138,1.3777812810308251e-09,1.0469708376539677e-13
2025-07-18,Low-Volatility Trend,0.9999999978258547,2.1739834454469297e-09,1.622513544031593e-13
2025-07-21,Low-Volatility Trend,0.9999999985807406,1.4191542461559828e-09,1.055700592544432e-13
2025-07-22,Low-Volatility Trend,0.9999999987541823,1.2457221724645289e-09,9.561945301328476e-14
2025-07-23,Low-Volatility Trend,0.9999999988730659,1.1268298622730116e-09,1.0400303351602558e-13
2025-07-24,Low-Volatility Trend,0.9999602631850159,3.973521493505686e-05,1.6000492014978674e-09
2025-07-25,Low-Volatility Trend,0.999911753481641,8.824523210950946e-05,1.2862495495026945e-09
2025-07-28,Low-Volatility Trend,0.9999988827057471,1.1172807798976325e-06,1.3472954628552455e-11
2025-07-29,Low-Volatility Trend,0.9999992398989968,7.600917896511393e-07,9.213650841497577e-12
2025-07-30,Low-Volatility Trend,0.9999993337538856,6.662377032228381e-07,8.411277542249307e-12
2025-07-31,Low-Volatility Trend,0.999999978985586,2.1013971269782104e-08,4.4264519069502716e-13
2025-08-01,Low-Volatility Trend,0.9999999964914696,3.508380824758176e-09,1.4916892577320361e-13
2025-08-04,Low-Volatility Trend,0.9999999969138162,3.086045083866282e-09,1.3902324934090233e-13
2025-08-05,Low-Volatility Trend,0.9999999970618791,2.937988601833667e-09,1.3232207338257364e-13
2025-08-06,Low-Volatility Trend,0.999999995413078,4.586739741606255e-09,1.825129704143167e-13
2025-08-07,Low-Volatility Trend,0.9999999885873914,1.1412125855024394e-08,4.826756984964588e-13
2025-08-08,Low-Volatility Trend,0.9999999968063396,3.1935473157139935e-09,1.1305218584559047e-13
2025-08-11,Low-Volatility Trend,0.9999999974698559,2.5300539812639575e-09,8.972566877703289e-14
2025-08-12,Low-Volatility Trend,0.9999999974076825,2.5922251606469845e-09,9.218376068758192e-14
2025-08-13,Low-Volatility Trend,0.9999999976903409,2.309573342934457e-09,8.536993316226243e-14
2025-08-14,Low-Volatility Trend,0.9999999971994775,2.800397030050741e-09,1.2537663843010603e-13
2025-08-15,Low-Volatility Trend,0.9999999973171567,2.682711144967455e-09,1.3175991051128705e-13
2025-08-18,Low-Volatility Trend,0.999999997402246,2.5976301825563866e-09,1.2426506371800047e-13
2025-08-19,Low-Volatility Trend,0.999999997410657,2.589220705033341e-09,1.2262346789414284e-13
2025-08-20,Low-Volatility Trend,0.9999999974819733,2.517903970580813e-09,1.2264443975003808e-13
2025-08-21,Low-Volatility Trend,0.9999999983562224,1.6436198322944748e-09,1.5749215115225153e-13
2025-08-22,Low-Volatility Trend,0.999999998813756,1.1860243537202077e-09,2.1963496841933105e-13
2025-08-25,Low-Volatility Trend,0.9999999987854933,1.2142846535328275e-09,2.222516885739883e-13
2025-08-26,Low-Volatility Trend,0.9999999989300097,1.0698023181946574e-09,1.8798895439850316e-13
2025-08-27,Low-Volatility Trend,0.9999999988382662,1.161542590940651e-09,1.9165482912753152e-13
2025-08-28,Low-Volatility Trend,0.999999998888252,1.1115571377702434e-09,1.9047954224812844e-13
2025-08-29,Low-Volatility Trend,0.9999999987781001,1.2217367088320177e-09,1.6321001200632933e-13
2025-09-01,Low-Volatility Trend,0.9999999988920187,1.107851035832299e-09,1.2996763440630839e-13
2025-09-02,Low-Volatility Trend,0.9999999990367243,9.631591923157276e-10,1.1679119279416848e-13
2025-09-03,Low-Volatility Trend,0.9999999990691775,9.306995722767506e-10,1.233134607005597e-13
2025-09-04,Low-Volatility Trend,0.9999999989978132,1.0020400280561118e-09,1.4648842495230132e-13
2025-09-05,Low-Volatility Trend,0.999999998928021,1.0718092319330493e-09,1.6963043718827936e-13
2025-09-08,Low-Volatility Trend,0.9999999991120712,8.877774766813035e-10,1.516526683294669e-13
2025-09-09,Low-Volatility Trend,0.9999999991089599,8.908875273956156e-10,1.5258929386934335e-13
2025-09-10,Low-Volatility Trend,0.9999999990972475,9.025972947961913e-10,1.5509424922959112e-13
2025-09-11,Low-Volatility Trend,0.999999999142533,8.5731782497407e-10,1.4922753815552034e-13
2025-09-12,Low-Volatility Trend,0.9999999990332906,9.665142447809595e-10,1.9554220736808965e-13
2025-09-15,Low-Volatility Trend,0.9999999977315142,2.2681786832676275e-09,3.075601434969389e-13
2025-09-16,Low-Volatility Trend,0.9999999952868297,4.712644452898544e-09,5.25494704248293e-13
2025-09-17,Low-Volatility Trend,0.9999999985371311,1.4627120793556594e-09,1.572357686674859e-13
2025-09-18,Low-Volatility Trend,0.9999999981548884,1.8448937994438139e-09,2.1756484451925174e-13
2025-09-19,Low-Volatility Trend,0.9999999983498498,1.649981963569197e-09,1.6798105803233073e-13
2025-09-22,Low-Volatility Trend,0.9999999988794039,1.1204690365265003e-09,1.272766710365918e-13
2025-09-23,Low-Volatility Trend,0.9999999991013402,8.985368242879678e-10,1.2308485874957605e-13
2025-09-24,Low-Volatility Trend,0.9999999991387529,8.611281408047282e-10,1.186638693048851e-13
2025-09-25,Low-Volatility Trend,0.9999999991482431,8.516366209743831e-10,1.1986755719161257e-13
2025-09-26,Low-Volatility Trend,0.999999999008061,9.917935818507593e-10,1.456779935233994e-13
2025-09-29,Low-Volatility Trend,0.9999999990769268,9.229163879733143e-10,1.5705233712567476e-13
2025-09-30,Low-Volatility Trend,0.9999999991134629,8.863993520406742e-10,1.3727754121797722e-13
2025-10-01,Low-Volatility Trend,0.9999999990239239,9.759429455387533e-10,1.328105012446369e-13
2025-10-02,Low-Volatility Trend,0.9999999991800506,8.198376030238042e-10,1.1172250364314039e-13
2025-10-03,Low-Volatility Trend,0.9999999990377821,9.620842348684239e-10,1.3349462191872487e-13
2025-10-06,Low-Volatility Trend,0.9999999991567599,8.431250962320789e-10,1.1482192177785925e-13
2025-10-07,Low-Volatility Trend,0.9999999991139248,8.859546715061142e-10,1.2050132423129445e-13
2025-10-08,Low-Volatility Trend,0.9999999991113491,8.885230589050127e-10,1.2772860988929463e-13
2025-10-09,Low-Volatility Trend,0.9999999991803339,8.195486227167583e-10,1.1726162220464924e-13
2025-10-10,Low-Volatility Trend,0.9999999989894208,1.0104415308151967e-09,1.3746297613294113e-13
2025-10-13,Low-Volatility Trend,0.9999999990505533,9.49317890608019e-10,1.2902788101387174e-13
2025-10-14,Low-Volatility Trend,0.999999999251246,7.486393484487379e-10,1.146580708604519e-13
2025-10-15,Low-Volatility Trend,0.9999999992459037,7.539783512297199e-10,1.183295603158764e-13
2025-10-16,Low-Volatility Trend,0.9999999992868327,7.130237207361161e-10,1.4331888346345679e-13
2025-10-17,Low-Volatility Trend,0.9999999993341993,6.656125617211953e-10,1.8838487983816177e-13
2025-10-20,Low-Volatility Trend,0.9999999994037756,5.960422530651795e-10,1.8228984552490648e-13
2025-10-21,Low-Volatility Trend,0.9999999994026405,5.97177634839336e-10,1.8210172641662474e-13
2025-10-22,Low-Volatility Trend,0.9999999993744186,6.253980904206528e-10,1.8292116794028786e-13
2025-10-23,Low-Volatility Trend,0.9999999994166409,5.831819599872359e-10,1.7726290557928295e-13
2025-10-24,Low-Volatility Trend,0.9999999985373318,1.4623227622744252e-09,3.455380959048649e-13
2025-10-27,Low-Volatility Trend,0.9999999951064646,4.892499325168579e-09,1.0362339473192421e-12
2025-10-28,Low-Volatility Trend,0.9999999987403161,1.2594609288031986e-09,2.231425709224459e-13
2025-10-29,Low-Volatility Trend,0.9999999988854684,1.1143287040322356e-09,2.029995320147365e-13
2025-10-30,Low-Volatility Trend,0.9999999987453236,1.254435134142568e-09,2.4133726574515793e-13
2025-10-31,Low-Volatility Trend,0.9999999991012309,8.986152987899518e-10,1.5337472869677382e-13
2025-11-03,Low-Volatility Trend,0.999999999289277,7.105861506688559e-10,1.3658708882802536e-13
2025-11-04,Low-Volatility Trend,0.9999999993817958,6.180845696283361e-10,1.1956503705755223e-13
2025-11-05,Low-Volatility Trend,0.9999999993048698,6.949981691996611e-10,1.3244417095614375e-13
2025-11-06,Low-Volatility Trend,0.9999999993428164,6.570566741776182e-10,1.2722967029987334e-13
2025-11-07,Low-Volatility Trend,0.9999999991449569,8.548858028924763e-10,1.5719921195809434e-13
2025-11-10,Low-Volatility Trend,0.9999999994079776,5.919065746356214e-10,1.1596212906921608e-13
2025-11-11,Low-Volatility Trend,0.9999999993128537,6.870211338931804e-10,1.2550179929300612e-13
2025-11-12,Low-Volatility Trend,0.9999999993585913,6.412905168422648e-10,1.18202826805708e-13
2025-11-13,Low-Volatility Trend,0.9999999993676578,6.32225103117234e-10,1.174795395360283e-13
2025-11-14,Low-Volatility Trend,0.9999999988049604,1.194730644540408e-09,3.0922521771322564e-13
2025-11-17,Low-Volatility Trend,0.9999999991844213,8.154025155414249e-10,1.762896811041538e-13
2025-11-18,Low-Volatility Trend,0.9999999992573665,7.424664139845159e-10,1.6721926505826152e-13
2025-11-19,Low-Volatility Trend,0.9999999992525996,7.472288299859479e-10,1.7109420751397217e-13
2025-11-20,Low-Volatility Trend,0.9999999992365858,7.632388706898318e-10,1.7493754051136438e-13
2025-11-21,Low-Volatility Trend,0.9999999992469188,7.52892000590551e-10,1.8916441819679744e-13
2025-11-24,Low-Volatility Trend,0.9999999992358166,7.639836551151549e-10,2.0004322601674782e-13
2025-11-25,Low-Volatility Trend,0.9999999992627915,7.370200127171758e-10,1.885742541567873e-13
2025-11-26,Low-Volatility Trend,0.9999999992992477,7.005728603642243e-10,1.7949228899109202e-13
2025-11-27,Low-Volatility Trend,0.9999999991683479,8.314434480423743e-10,2.088724757078678e-13
2025-11-28,Low-Volatility Trend,0.9999999992239665,7.758171453608382e-10,2.1620240766869932e-13
2025-12-01,Low-Volatility Trend,0.9999999979517611,2.0478060869094265e-09,4.325917470879787e-13
2025-12-02,Low-Volatility Trend,0.9999999991068425,8.929755615326438e-10,1.8191961525734685e-13
2025-12-03,Low-Volatility Trend,0.9999999988760804,1.1236853692423587e-09,2.339464826565329e-13
2025-12-04,Low-Volatility Trend,0.9999999991644204,8.354179532474668e-10,1.6135660130707054e-13
2025-12-05,Low-Volatility Trend,0.9999999991246389,8.751551362494873e-10,2.0636908483630385e-13
2025-12-08,Low-Volatility Trend,0.9999999992398898,7.598770994072465e-10,2.327758193669717e-13
2025-12-09,Low-Volatility Trend,0.9999999992409832,7.58770948975392e-10,2.45676579021027e-13
2025-12-10,Low-Volatility Trend,0.9999999991654684,8.34253562321323e-10,2.782811075362556e-13
2025-12-11,Low-Volatility Trend,0.999999999008951,9.907048485871743e-10,3.4388293260012286e-13
2025-12-12,Low-Volatility Trend,0.9999999991924584,8.073428569816732e-10,1.9912288433552256e-13
2025-12-15,Low-Volatility Trend,0.9999999993405115,6.593276509462241e-10,1.6039743370873556e-13
2025-12-16,Low-Volatility Trend,0.9999999993096553,6.901800699144033e-10,1.645570227352322e-13
2025-12-17,Low-Volatility Trend,0.99999999937776,6.220912273608828e-10,1.4922948697280516e-13
2025-12-18,Low-Volatility Trend,0.9999999993497592,6.500830099665952e-10,1.5745241348331555e-13
2025-12-19,Low-Volatility Trend,0.9999999992667608,7.33040392097663e-10,1.9892802551700695e-13
2025-12-22,Low-Volatility Trend,0.9999999993181445,6.816638202324388e-10,1.912427269469287e-13
2025-12-23,Low-Volatility Trend,0.9999999993042161,6.955827940359946e-10,2.007402286665022e-13
2025-12-24,Low-Volatility Trend,0.9999999993162589,6.835423963862585e-10,1.984136920657516e-13
2025-12-25,Low-Volatility Trend,0.9999999992709636,7.288239335300157e-10,2.1224573627780037e-13
2025-12-26,Low-Volatility Trend,0.9999999992295967,7.701540639355529e-10,2.496712002142268e-13
2025-12-29,Low-Volatility Trend,0.9999999992799422,7.197784145568029e-10,2.7940068837510806e-13
2025-12-30,Low-Volatility Trend,0.9999999992347766,7.649302482821881e-10,2.9336438140158936e-13
2025-12-31,Low-Volatility Trend,0.9999999991740172,8.25682912944262e-10,3.003087556492758e-13
2026-01-01,Low-Volatility Trend,0.9999999996625473,3.374518522738877e-10,4.644807420394228e-23
2026-01-02,Low-Volatility Trend,0.999999999680032,3.1996860618183675e-10,3.435248212083207e-23
2026-01-05,Low-Volatility Trend,0.9999999996649951,3.3500568878098977e-10,3.291140730508696e-23
2026-01-06,Low-Volatility Trend,0.9999999996990638,3.0093548950958583e-10,3.095583029387165e-23
2026-01-07,Low-Volatility Trend,0.9999999996631104,3.368898340501912e-10,3.176416649071566e-23
2026-01-08,Low-Volatility Trend,0.999999999621588,3.784115670956585e-10,4.002613301751788e-23
2026-01-09,Low-Volatility Trend,0.999999999610397,3.8960268639638246e-10,4.273000675192669e-23
2026-01-12,Low-Volatility Trend,0.9999999996701501,3.298492641565764e-10,3.5567964614766994e-23
2026-01-13,Low-Volatility Trend,0.999999999748379,2.516208269907008e-10,2.248944113986733e-23
2026-01-14,Low-Volatility Trend,0.9999999997536317,2.463674588211886e-10,1.7046461213401867e-23
2026-01-15,Low-Volatility Trend,0.999999999734376,2.656231531075865e-10,1.8139250286683947e-23
2026-01-16,Low-Volatility Trend,0.9999999996654125,3.3458737267351133e-10,2.408916700466538e-23
2026-01-19,Low-Volatility Trend,0.9999999997407709,2.59229601357295e-10,2.3203176157722603e-23
2026-01-20,Low-Volatility Trend,0.9999999997719531,2.2804734051886128e-10,1.587565968621499e-23
2026-01-21,Low-Volatility Trend,0.9999999997701856,2.2981397767374442e-10,1.4083002265409297e-23
2026-01-22,Low-Volatility Trend,0.9999999994835527,5.164477647916573e-10,2.8360527211238603e-23
2026-01-23,Low-Volatility Trend,0.9999999995492281,4.5077213562978666e-10,4.9096866386831845e-23
2026-01-26,Low-Volatility Trend,0.9999999997324114,2.6758792591316316e-10,2.4740310620732425e-23
2026-01-27,Low-Volatility Trend,0.9999999997809024,2.190971412225099e-10,1.1682830271290055e-23
2026-01-28,Low-Volatility Trend,0.9999999997358611,2.6413974770188107e-10,1.1528796543375265e-23
2026-01-29,Low-Volatility Trend,0.9999999997689919,2.3100836557250273e-10,1.3011050953309341e-23
2026-01-30,Low-Volatility Trend,0.9999999997288871,2.711132096708839e-10,1.456440245177462e-23
2026-02-02,Low-Volatility Trend,0.9999999997458957,2.5410464312110023e-10,1.555191898724242e-23
2026-02-03,Low-Volatility Trend,0.9999999997542037,2.4579674189289744e-10,1.4405179238613168e-23
2026-02-04,Low-Volatility Trend,0.9999999997818261,2.1817428229496897e-10,1.2413955680311592e-23
2026-02-05,Low-Volatility Trend,0.9999999997732658,2.2673381934891594e-10,1.1572922522787596e-23
2026-02-06,Low-Volatility Trend,0.9999999997425899,2.5741044520225673e-10,1.4785324798270524e-23
2026-02-09,Low-Volatility Trend,0.9999999997330598,2.66940421343645e-10,1.7872326399369435e-23
2026-02-10,Low-Volatility Trend,0.9999999997742304,2.2576909597464902e-10,1.5669999902484225e-23
2026-02-11,Low-Volatility Trend,0.9999999997566622,2.4333709157133687e-10,1.4307440631367676e-23
2026-02-12,Low-Volatility Trend,0.9999999997304876,2.69512589995753e-10,1.6930068403921403e-23
2026-02-13,Low-Volatility Trend,0.9999999997178026,2.821980403754413e-10,1.8918062551457226e-23
2026-02-16,Low-Volatility Trend,0.9999999997153708,2.8462969332918973e-10,1.9190936582163838e-23
2026-02-17,Low-Volatility Trend,0.9999999997737739,2.2622573435688778e-10,1.5378538451961902e-23
2026-02-18,Low-Volatility Trend,0.9999999997837179,2.1628132908537844e-10,1.1584361164548283e-23
2026-02-19,Low-Volatility Trend,0.9999999997374154,2.625844691662299e-10,1.4058043855503434e-23
2026-02-20,Low-Volatility Trend,0.9999999997179021,2.8209756305513387e-10,2.0421175014129464e-23
2026-02-23,Low-Volatility Trend,0.9999999997374758,2.625240579048578e-10,2.2805525989274243e-23
2026-02-24,Low-Volatility Trend,0.9999999997299671,2.700327922878141e-10,2.1784180343948982e-23
2026-02-25,Low-Volatility Trend,0.9999999997303242,2.6967661037069907e-10,2.2794315770626445e-23
2026-02-26,Low-Volatility Trend,0.9999999997272617,2.727380419163523e-10,2.378613823296973e-23
2026-02-27,Low-Volatility Trend,0.9999999996667057,3.3329396240144915e-10,3.3466883424140115e-23
2026-03-02,Low-Volatility Trend,0.9999999996558397,3.4415994430339284e-10,4.4268694030184376e-23
2026-03-03,Low-Volatility Trend,0.9999999996290576,3.709427732636758e-10,4.9102452150457756e-23
2026-03-04,Low-Volatility Trend,0.9999999995946425,4.0535761876550643e-10,5.562277995411496e-23
2026-03-05,Low-Volatility Trend,0.9999999996818527,3.1814710421631566e-10,4.618458457801893e-23
2026-03-06,Low-Volatility Trend,0.9999999997041193,2.95880080702115e-10,3.1561730323034043e-23
2026-03-09,Low-Volatility Trend,0.9999999996090061,3.9099446287404553e-10,3.452829459055306e-23
2026-03-10,Low-Volatility Trend,0.9999999997532623,2.467383558428958e-10,2.851238103854053e-23
2026-03-11,Low-Volatility Trend,0.9999999997444924,2.5550832089898624e-10,1.9002024986221212e-23
2026-03-12,Low-Volatility Trend,0.999999999757744,2.4225630302359506e-10,1.8633940690388383e-23
2026-03-13,Low-Volatility Trend,0.9999999996615134,3.38486785717187e-10,2.2414409376625403e-23
2026-03-16,Low-Volatility Trend,0.9999999994624016,5.375984327882989e-10,4.387662760975189e-23
2026-03-17,Low-Volatility Trend,0.9999999997914539,2.085454829439607e-10,2.626675895459397e-23
2026-03-18,Low-Volatility Trend,0.9999999997857483,2.1425092460366106e-10,1.0568497661480661e-23
2026-03-19,Low-Volatility Trend,0.9999999997156568,2.8434366647141784e-10,1.3215361135770841e-23
2026-03-20,Low-Volatility Trend,0.999999999730024,2.699765263683995e-10,1.8737571299801818e-23
2026-03-23,Low-Volatility Trend,0.9999999997508393,2.4916067911255956e-10,1.8673366655233135e-23
2026-03-24,Low-Volatility Trend,0.9999999997731646,2.2683535007847158e-10,1.5698552889445913e-23
2026-03-25,Low-Volatility Trend,0.9999999997437339,2.5626584043841747e-10,1.5907079730449025e-23
2026-03-26,Low-Volatility Trend,0.9999999994646132,5.353866980619576e-10,4.507011413359342e-23
2026-03-27,Low-Volatility Trend,0.9999999997018918,2.981073786457446e-10,4.002588819514301e-23
2026-03-30,Low-Volatility Trend,0.9999999997892512,2.1074919637028145e-10,1.5761377697573412e-23
2026-03-31,Low-Volatility Trend,0.9999999997551594,2.448402100893422e-10,1.2848348201983445e-23
2026-04-01,Low-Volatility Trend,0.9999999997752891,2.2471143043137836e-10,1.39621211162887e-23
2026-04-02,Low-Volatility Trend,0.9999999997346034,2.653963110954461e-10,1.4990155665161935e-23
2026-04-03,Low-Volatility Trend,0.9999999995558468,4.441528029872147e-10,2.4623579380465865e-23
2026-04-06,Low-Volatility Trend,0.9999999997694644,2.3053620066276607e-10,2.0647718927608695e-23
2026-04-07,Low-Volatility Trend,0.9999999998050715,1.9492904613334275e-10,9.077850172749446e-24
2026-04-08,Low-Volatility Trend,0.9999999939384416,6.061558550596498e-09,1.8108936661296946e-22
2026-04-09,Low-Volatility Trend,0.9999999996785736,3.214263895881225e-10,2.735034494529533e-22
2026-04-10,Low-Volatility Trend,0.9999999996634958,3.365046880416532e-10,1.9087430461965546e-23
2026-04-13,Low-Volatility Trend,0.9999999997339888,2.660119799993469e-10,1.5513505432765126e-23
2026-04-14,Low-Volatility Trend,0.9999999997795719,2.2042815901356815e-10,1.0062293391386994e-23
2026-04-15,Low-Volatility Trend,0.9999999997066382,2.9336199243199685e-10,1.644113967597768e-23
2026-04-16,Low-Volatility Trend,0.9999999997417675,2.58232675428987e-10,1.9177621178883545e-23
2026-04-17,Low-Volatility Trend,0.9999999996112319,3.8876886808587203e-10,2.1764783384840905e-23
2026-04-20,Low-Volatility Trend,0.9999999997951274,2.0487322387473948e-10,1.6719034307937697e-23
2026-04-21,Low-Volatility Trend,0.9999999998044213,1.955783240265857e-10,8.32197760328362e-24
2026-04-22,Low-Volatility Trend,0.999999999810683,1.8931670207144095e-10,7.747723995126566e-24
2026-04-23,Low-Volatility Trend,0.9999999997950759,2.049247037687907e-10,8.166956682062446e-24
2026-04-24,Low-Volatility Trend,0.999999999735687,2.643138380561362e-10,1.2386556407285392e-23
2026-04-27,Low-Volatility Trend,0.9999999997982183,2.017823499675219e-10,1.2374445195634041e-23
2026-04-28,Low-Volatility Trend,0.9999999997934754,2.06525445759453e-10,9.715084377582205e-24
2026-04-29,Low-Volatility Trend,0.9999999997776783,2.223210285640242e-10,1.033604741282626e-23
2026-04-30,Low-Volatility Trend,0.9999999996847713,3.1522899876657894e-10,1.649623158982394e-23
2026-05-01,Low-Volatility Trend,0.9999999997740119,2.2598811554306547e-10,1.7608390783636104e-23
2026-05-04,Low-Volatility Trend,0.999999999789825,2.1017426168121966e-10,1.1628597318987176e-23
2026-05-05,Low-Volatility Trend,0.9999999998041158,1.9588463737264679e-10,1.0137863807699619e-23
2026-05-06,Low-Volatility Trend,0.9999999997275957,2.7240452765790347e-10,1.6200704191238092e-23
2026-05-07,Low-Volatility Trend,0.999999999625258,3.7474249742438204e-10,3.611268112125988e-23
2026-05-08,Low-Volatility Trend,0.9999999996382805,3.6171933852518166e-10,3.480985236171577e-23
2026-05-11,Low-Volatility Trend,0.9999999997869562,2.1304314674065394e-10,1.9405118426716508e-23
2026-05-12,Low-Volatility Trend,0.9999999998089173,1.9108276981343713e-10,1.0203500242175663e-23
2026-05-13,Low-Volatility Trend,0.9999999997957651,2.0423403179052246e-10,1.0228365725346213e-23
2026-05-14,Low-Volatility Trend,0.9999999997939941,2.060051183644983e-10,1.0886074773082564e-23
2026-05-15,Low-Volatility Trend,0.9999999997137738,2.862262339584024e-10,1.737493288890198e-23
2026-05-18,Low-Volatility Trend,0.9999999997265778,2.7342176128447067e-10,2.3829813349966646e-23
2026-05-19,Low-Volatility Trend,0.9999999997610267,2.389732574838053e-10,1.871792580184739e-23
2026-05-20,Low-Volatility Trend,0.9999999997830962,2.1690334912890026e-10,1.4274100036556232e-23
2026-05-21,Low-Volatility Trend,0.9999999997746141,2.2538667441951402e-10,1.3212778535351322e-23
2026-05-22,Low-Volatility Trend,0.9999999991425153,8.574846312154747e-10,3.9240551729720754e-23
2026-05-25,Low-Volatility Trend,0.9999999995570441,4.4295674385911617e-10,6.258922194368709e-23
2026-05-26,Low-Volatility Trend,0.9999999851999251,1.4800074494098851e-08,7.676443526172073e-22
2026-05-27,Low-Volatility Trend,0.9999999989799413,1.0200582121060727e-09,1.59972433543869e-21
2026-05-28,Low-Volatility Trend,0.9999999986695833,1.3304159934430625e-09,1.3124914684271952e-22
2026-05-29,Low-Volatility Trend,0.9999999975659106,2.4340897329327503e-09,3.024591177553268e-22
2026-06-01,Low-Volatility Trend,0.9999999994740492,5.259516121812388e-10,1.2214722646342724e-22
2026-06-02,Low-Volatility Trend,0.9999999997280273,2.719721306699621e-10,1.897524371819182e-23
2026-06-03,Low-Volatility Trend,0.9999999997314415,2.6855809068725145e-10,9.786707631203521e-24
2026-06-04,Low-Volatility Trend,0.9999999997701163,2.298829232891528e-10,8.41349065778184e-24
2026-06-05,Low-Volatility Trend,0.9999999997392113,2.607890088567575e-10,1.0261943062125736e-23
2026-06-08,Low-Volatility Trend,0.9999999997145324,2.8546680039976156e-10,1.3362249191781248e-23
2026-06-09,Low-Volatility Trend,0.9999999997570672,2.4293256213831646e-10,1.2069100151233846e-23
2026-06-10,Low-Volatility Trend,0.9999999997557403,2.4425988441773624e-10,9.883937089445613e-24
2026-06-11,Low-Volatility Trend,0.9999999997395097,2.604898029510274e-10,1.035768076349511e-23
2026-06-12,Low-Volatility Trend,0.999999999726171,2.7382873319133674e-10,1.1843369571987793e-23
2026-06-15,Low-Volatility Trend,0.9999999997698961,2.3010361930990788e-10,1.0597615592048843e-23
2026-06-16,Low-Volatility Trend,0.9999999997666933,2.3330693100621757e-10,8.522275264980863e-24
2026-06-17,Low-Volatility Trend,0.9999999997265725,2.734282118742645e-10,1.0298704549145644e-23
2026-06-18,Low-Volatility Trend,0.999999999619412,3.805872911136672e-10,1.6366319599622347e-23
2026-06-19,Low-Volatility Trend,0.9999999997745253,2.2547405291458492e-10,1.3523731547491399e-23
2026-06-22,Low-Volatility Trend,0.9999999997994635,2.0053688775251684e-10,7.449261698079138e-24
2026-06-23,Low-Volatility Trend,0.9999999997786961,2.213039457101685e-10,9.663537493417117e-24
2026-06-24,Low-Volatility Trend,0.9999999997885283,2.1147216104536695e-10,1.0513670952979037e-23
2026-06-25,Low-Volatility Trend,0.9999999997152216,2.8477811288688865e-10,1.5958329747058863e-23
2026-06-26,Low-Volatility Trend,0.999999999698435,3.015651773289008e-10,2.6433794509176476e-23
2026-06-29,Low-Volatility Trend,0.999999999711898,2.881024090373021e-10,2.730267183135697e-23
2026-06-30,Low-Volatility Trend,0.9999999997016662,2.983329578860223e-10,2.697422562041727e-23
2026-07-01,Low-Volatility Trend,0.9999999997205542,2.794458835508326e-10,2.5732885121503908e-23
2026-07-02,Low-Volatility Trend,0.9999999997221423,2.778572438508124e-10,2.5055805406926497e-23
2026-07-03,Low-Volatility Trend,0.9999999996510649,3.489343712350168e-10,2.6182103090221114e-23
2026-07-06,Low-Volatility Trend,0.9999999997710596,2.2894129338670185e-10,2.09771229040771e-23
2026-07-07,Low-Volatility Trend,0.9999999997798952,2.2010566836446476e-10,1.3450042084848002e-23
2026-07-08,Low-Volatility Trend,0.9999999997508677,2.4913169900539557e-10,1.348222107135948e-23
2026-07-09,Low-Volatility Trend,0.9999999997606928,2.393065949717133e-10,1.4330287129096127e-23
2026-07-10,Low-Volatility Trend,0.9999999997066293,2.9336987486922006e-10,1.7078456370241318e-23
2026-07-13,Low-Volatility Trend,0.9999999997748823,2.2511830614154987e-10,1.5421312406801918e-23
2026-07-14,Low-Volatility Trend,0.9999999997946833,2.053171275281193e-10,1.1029185557402848e-23
2026-07-15,Low-Volatility Trend,0.9999999997657323,2.3426723262058193e-10,1.2244229859159333e-23
2026-07-16,Low-Volatility Trend,0.9999999997616982,2.383017185192732e-10,1.5019139520150876e-23
2026-07-17,Low-Volatility Trend,0.9999999997335607,2.664386258120237e-10,1.8901469066717845e-23
2026-07-20,Low-Volatility Trend,0.9999999997350155,2.649837879598981e-10,2.1088154040349216e-23
2026-07-21,Low-Volatility Trend,0.9999999997478994,2.5210061630758316e-10,1.9847759914179742e-23
2026-07-22,Low-Volatility Trend,0.9999999997445439,2.5545650219072285e-10,1.967961812842019e-23
2026-07-23,Low-Volatility Trend,0.9999999997276543,2.7234618741543125e-10,2.1920125115985724e-23
2026-07-24,Low-Volatility Trend,0.9999999997113491,2.8865101792895525e-10,2.463281746985363e-23
2026-07-27,Low-Volatility Trend,0.9999999997224354,2.775645300083739e-10,2.522150922147882e-23
2026-07-28,Low-Volatility Trend,0.9999999997214548,2.785450870776609e-10,2.4950449971672478e-23
2026-07-29,Low-Volatility Trend,0.9999999997243805,2.7561874146776644e-10,2.4453095776135036e-23
2026-07-30,Low-Volatility Trend,0.999999999727299,2.727004634377887e-10,2.4297640541736392e-23
2026-07-31,Low-Volatility Trend,0.999999999680588,3.194114420108695e-10,2.7865688809674884e-23
2026-08-03,Low-Volatility Trend,0.9999999997385007,2.614990359832423e-10,2.696931359437251e-23
2026-08-04,Low-Volatility Trend,0.9999999997402291,2.597707798764936e-10,2.037551780375581e-23
2026-08-05,Low-Volatility Trend,0.9999999997544595,2.4554108165809565e-10,2.0218016192285598e-23
2026-08-06,Low-Volatility Trend,0.9999999997397406,2.6025999956696003e-10,2.0365112711277226e-23
2026-08-07,Low-Volatility Trend,0.9999999996642579,3.357426031180073e-10,2.841111895611844e-23
