Date,M2_Baseline_Anomaly,M2_Baseline_Score,M2_IF_Score,M2_IF_Training_Percentile
2021-01-01,NORMAL,0.3779344099057578,0.416441016821066,0.7551867219917012
2021-01-04,NORMAL,0.17912501025727434,0.4112158053841308,0.725103734439834
2021-01-05,NORMAL,0.1689824283389988,0.42051801541906014,0.7697095435684648
2021-01-06,NORMAL,0.3097225243684319,0.43768817797054793,0.8184647302904564
2021-01-07,NORMAL,0.34104276297677916,0.4319963902733655,0.8101659751037344
2021-01-08,NORMAL,0.26707449412532624,0.4148960075794122,0.745850622406639
2021-01-11,NORMAL,0.6774996622601467,0.4420351559750797,0.8267634854771784
2021-01-12,NORMAL,0.37394317610965977,0.408119091331146,0.7105809128630706
2021-01-13,NORMAL,0.32763318080232756,0.416119259936385,0.7551867219917012
2021-01-14,NORMAL,0.35031610373147193,0.41284362853953355,0.7302904564315352
2021-01-15,NORMAL,0.5192603739952973,0.4399503963908788,0.8205394190871369
2021-01-18,NORMAL,0.3204016741141975,0.4000432780651341,0.6618257261410788
2021-01-19,NORMAL,0.31516667843935003,0.399193264975277,0.6524896265560166
2021-01-20,NORMAL,0.3102351905777667,0.40632208351459453,0.700207468879668
2021-01-21,NORMAL,0.3197708882559243,0.40982916657887075,0.716804979253112
2021-01-22,NORMAL,0.21935763989325538,0.4159242411159435,0.7551867219917012
2021-01-25,NORMAL,0.20117926064018676,0.4098170693838903,0.716804979253112
2021-01-26,NORMAL,0.2916414273124043,0.42560741910175004,0.7873443983402489
2021-01-27,NORMAL,0.3532335591866532,0.4152945661096817,0.75
2021-01-28,NORMAL,0.37583719528262066,0.42672722240518524,0.7883817427385892
2021-01-29,NORMAL,0.5517592380482259,0.40637870700842443,0.700207468879668
2021-02-01,NORMAL,0.5790358476983155,0.4574202450462977,0.8475103734439834
2021-02-02,NORMAL,0.75298595642253,0.4302285209599518,0.803941908713693
2021-02-03,NORMAL,0.49421695055167,0.42546429983928313,0.7873443983402489
2021-02-04,NORMAL,0.609619923452116,0.42795147642104814,0.7966804979253111
2021-02-05,NORMAL,0.4258401348564909,0.4373801066827961,0.8184647302904564
2021-02-08,NORMAL,0.3128648078837907,0.4008972536269163,0.6659751037344398
2021-02-09,NORMAL,0.33402453343992794,0.4048938117949184,0.6950207468879668
2021-02-10,NORMAL,0.28200443270930875,0.40006127374178296,0.6618257261410788
2021-02-11,NORMAL,0.2963125425588117,0.4057859152671018,0.6991701244813278
2021-02-12,NORMAL,0.1582391414912303,0.4138249493645405,0.7344398340248963
2021-02-15,NORMAL,0.3139392879873263,0.4311461143154148,0.8070539419087137
2021-02-16,NORMAL,0.40392345336350644,0.4149335661834073,0.745850622406639
2021-02-17,NORMAL,0.4076709605690333,0.4061686903070841,0.700207468879668
2021-02-18,NORMAL,0.4092473928011588,0.407147819954011,0.7033195020746889
2021-02-19,NORMAL,0.4222020314272458,0.4072397438933603,0.7033195020746889
2021-02-22,NORMAL,0.397779146187334,0.42466487584116297,0.783195020746888
2021-02-23,NORMAL,0.5484373859663245,0.4302791717937367,0.803941908713693
2021-02-24,NORMAL,0.51506279862616,0.42642033622848957,0.7873443983402489
2021-02-25,NORMAL,0.98424647985501,0.5210389180335269,0.9377593360995851
2021-02-26,ANOMALOUS,1.124165114127474,0.48382961836161004,0.8921161825726142
2021-03-01,NORMAL,0.953469830857917,0.4896693073414711,0.9014522821576764
2021-03-02,NORMAL,0.9335566785002708,0.4603875709186669,0.8547717842323651
2021-03-03,NORMAL,0.9234452068264603,0.46985759161873036,0.8703319502074689
2021-03-04,NORMAL,0.7220701723410532,0.425280424433037,0.7852697095435685
2021-03-05,NORMAL,0.700299088154056,0.4045263109815709,0.6929460580912863
2021-03-08,ANOMALOUS,1.274661622076062,0.5355469266676924,0.950207468879668
2021-03-09,NORMAL,0.8797111439845746,0.48613349606022704,0.8952282157676349
2021-03-10,NORMAL,0.9630187872596357,0.4518492165218773,0.8412863070539419
2021-03-11,NORMAL,0.9568979757323182,0.41984461305497156,0.7697095435684648
2021-03-12,NORMAL,0.996251916350003,0.43652128458356493,0.8174273858921162
2021-03-15,NORMAL,0.6003487977892852,0.39366107363024216,0.6037344398340249
2021-03-16,NORMAL,0.488192615568358,0.3735530248110908,0.3495850622406639
2021-03-17,NORMAL,0.3886038493776206,0.3623950172985373,0.16701244813278007
2021-03-18,NORMAL,0.6421760985332683,0.42927563084231773,0.799792531120332
2021-03-19,NORMAL,0.9133162909597959,0.4510211710272084,0.8412863070539419
2021-03-22,ANOMALOUS,1.9946347617529225,0.6347235061210575,0.9865145228215768
2021-03-23,ANOMALOUS,1.4164435282695345,0.5802815099319824,0.9657676348547718
2021-03-24,ANOMALOUS,1.426147149975668,0.5718345359423583,0.9647302904564315
2021-03-25,ANOMALOUS,1.2891161757148994,0.5770717212908197,0.9657676348547718
2021-03-26,ANOMALOUS,1.37449324760503,0.5963012275970029,0.9719917012448133
2021-03-29,NORMAL,0.36879818818608495,0.4896543111947138,0.9014522821576764
2021-03-30,NORMAL,0.3774620403683125,0.4917263511949386,0.9024896265560166
2021-03-31,NORMAL,0.39338184685621386,0.4844840435340892,0.8921161825726142
2021-04-01,NORMAL,0.5366912040862846,0.47829172772489625,0.8838174273858921
2021-04-02,NORMAL,0.481309104133199,0.45709310625494637,0.8475103734439834
2021-04-05,NORMAL,0.531519950019822,0.45222506138250423,0.8412863070539419
2021-04-06,NORMAL,0.46880444054641596,0.4498414488147816,0.8392116182572614
2021-04-07,NORMAL,0.3052669580710343,0.4363696745671298,0.8174273858921162
2021-04-08,NORMAL,0.15827305830026675,0.43813047739468775,0.8195020746887967
2021-04-09,NORMAL,0.13575719186454724,0.439796446983924,0.8205394190871369
2021-04-12,NORMAL,0.09875890572248999,0.44339416115520436,0.8298755186721992
2021-04-13,NORMAL,0.11819677767953748,0.4427664156783915,0.8267634854771784
2021-04-14,NORMAL,0.195355207670036,0.446384883027196,0.8340248962655602
2021-04-15,NORMAL,0.288827748609326,0.44789422230168047,0.8360995850622407
2021-04-16,NORMAL,0.22611223913592202,0.4431954315042947,0.8278008298755186
2021-04-19,NORMAL,0.1933350709138562,0.40105131653811654,0.6659751037344398
2021-04-20,NORMAL,0.1869794566660725,0.39708159631474516,0.6296680497925311
2021-04-21,NORMAL,0.27777444042627397,0.40945281914188997,0.7157676348547718
2021-04-22,NORMAL,0.714139824348514,0.4620816232298593,0.8558091286307054
2021-04-23,NORMAL,0.63148030228395,0.43985318991101024,0.8205394190871369
2021-04-26,NORMAL,0.3947876490998588,0.42517981223716145,0.7852697095435685
2021-04-27,NORMAL,0.3990265511346926,0.3936276067860951,0.6037344398340249
2021-04-28,NORMAL,0.38214519915724643,0.3838303728798919,0.495850622406639
2021-04-29,NORMAL,0.380071116773946,0.38869431940989035,0.5435684647302904
2021-04-30,NORMAL,0.3823311446568869,0.40075110044368417,0.6649377593360996
2021-05-03,NORMAL,0.2399774424167516,0.3815073997331824,0.45850622406639
2021-05-04,NORMAL,0.31199523037901955,0.39875388286198377,0.6504149377593361
2021-05-05,NORMAL,0.2980330298033,0.3902397392653356,0.5643153526970954
2021-05-06,NORMAL,0.2572843187887692,0.384695165831456,0.5020746887966805
2021-05-07,NORMAL,0.20640192380372574,0.382622834819551,0.47406639004149376
2021-05-10,NORMAL,0.2150829994051309,0.37809877065538433,0.4149377593360996
2021-05-11,NORMAL,0.13808800703583554,0.3828976767797835,0.4782157676348548
2021-05-12,NORMAL,0.5617521376134639,0.41221707005128533,0.7302904564315352
2021-05-13,NORMAL,0.288856441619271,0.3998471451988777,0.6607883817427386
2021-05-14,NORMAL,0.2967534251327097,0.3995719656494733,0.6576763485477178
2021-05-17,NORMAL,0.6132600112478912,0.419591282557721,0.7686721991701245
2021-05-18,NORMAL,0.4518516460154916,0.38786154481037116,0.5321576763485477
2021-05-19,NORMAL,0.3742694646248108,0.39041308972239896,0.5653526970954357
2021-05-20,NORMAL,0.330021332398496,0.3819855157310296,0.4678423236514523
2021-05-21,NORMAL,0.3411140943912972,0.3799017532555952,0.4387966804979253
2021-05-24,NORMAL,0.181839567160666,0.3795881266908105,0.43257261410788383
2021-05-25,NORMAL,0.2530812934039603,0.39179762312385674,0.5809128630705395
2021-05-26,NORMAL,0.18586282959558745,0.3770681966366259,0.3983402489626556
2021-05-27,NORMAL,0.27687602916960596,0.3893444492661966,0.5560165975103735
2021-05-28,NORMAL,0.20371677252411396,0.3920785260625666,0.5840248962655602
2021-05-31,NORMAL,0.3345636801664986,0.38595807736650295,0.5145228215767634
2021-06-01,NORMAL,0.2316944042225405,0.3722306764458801,0.3309128630705394
2021-06-02,NORMAL,0.2557862060822954,0.3809064318438295,0.4491701244813278
2021-06-03,NORMAL,0.3553588844070823,0.3951580574061378,0.6161825726141079
2021-06-04,NORMAL,0.32463036990523453,0.381282057595805,0.4553941908713693
2021-06-07,NORMAL,0.29967655594025994,0.37957999473156573,0.43257261410788383
2021-06-08,NORMAL,0.3064425957781683,0.3693170597360486,0.28526970954356845
2021-06-09,NORMAL,0.2763478245214226,0.3732989230464676,0.3433609958506224
2021-06-10,NORMAL,0.667637174246722,0.4407748964803372,0.8246887966804979
2021-06-11,NORMAL,0.626486641769608,0.39843591105529524,0.6493775933609959
2021-06-14,NORMAL,0.5850439402735444,0.3762531953879125,0.38589211618257263
2021-06-15,NORMAL,0.710690976503283,0.37782065063483244,0.40975103734439833
2021-06-16,NORMAL,0.7385677512720588,0.37439950910945197,0.35892116182572614
2021-06-17,NORMAL,0.6310830221200819,0.4009524948892606,0.6659751037344398
2021-06-18,NORMAL,0.7085320310255699,0.4026898655704064,0.6836099585062241
2021-06-21,NORMAL,0.53616776788279,0.38801711851699844,0.533195020746888
2021-06-22,NORMAL,0.6032237707873674,0.374612681229833,0.3630705394190871
2021-06-23,NORMAL,0.5930253905065958,0.3542572064378238,0.0487551867219917
2021-06-24,NORMAL,0.5403462924449358,0.3611139635748695,0.14522821576763487
2021-06-25,NORMAL,0.5734560781935246,0.3579263797058561,0.09024896265560166
2021-06-28,NORMAL,0.6162683445340242,0.3707437464893278,0.3070539419087137
2021-06-29,NORMAL,0.4598085893161673,0.35396044360303397,0.046680497925311204
2021-06-30,NORMAL,0.4779810146896538,0.35217188046106657,0.03008298755186722
2021-07-01,NORMAL,0.4414259814354175,0.3524392799863051,0.03319502074688797
2021-07-02,NORMAL,0.3860883605422908,0.3541834064757284,0.0487551867219917
2021-07-05,NORMAL,0.2892441413186909,0.34860757599744213,0.007261410788381743
2021-07-06,NORMAL,0.2386536321741274,0.35452336520279126,0.0487551867219917
2021-07-07,NORMAL,0.22417692670136355,0.3537289159121144,0.04149377593360996
2021-07-08,NORMAL,0.1348486991340445,0.36396939281730983,0.1908713692946058
2021-07-09,NORMAL,0.21707193270765424,0.3662037142359905,0.23340248962655602
2021-07-12,NORMAL,0.18609368981022045,0.36148646121488054,0.1524896265560166
2021-07-13,NORMAL,0.15575826681869598,0.3707779003291541,0.30809128630705396
2021-07-14,NORMAL,0.21961231470923398,0.37937229429720964,0.42946058091286304
2021-07-15,NORMAL,0.299657924743442,0.39694841123404967,0.6286307053941909
2021-07-16,NORMAL,0.319954389965792,0.3993637859165792,0.6556016597510373
2021-07-19,NORMAL,0.43585893892921385,0.36746686602465906,0.258298755186722
2021-07-20,NORMAL,0.3704670200238651,0.3540243642073028,0.046680497925311204
2021-07-21,NORMAL,0.3536017880975666,0.35301050822994967,0.03630705394190872
2021-07-22,NORMAL,0.346474194961349,0.35265304908259243,0.03319502074688797
2021-07-23,NORMAL,0.29768027415947906,0.35543765076925227,0.061203319502074686
2021-07-26,NORMAL,0.09132600597403685,0.38144931051597425,0.4574688796680498
2021-07-27,NORMAL,0.1369046722678575,0.3817573596078881,0.46473029045643155
2021-07-28,NORMAL,0.0894409606822763,0.3792471532202964,0.42531120331950206
2021-07-29,NORMAL,0.8250565941382333,0.4063548725942215,0.700207468879668
2021-07-30,NORMAL,0.35895314615738877,0.3659380815681416,0.23132780082987553
2021-08-02,NORMAL,0.7023710295553548,0.42032448495386093,0.7697095435684648
2021-08-03,NORMAL,0.5434429267009416,0.3959856434587294,0.6234439834024896
2021-08-04,NORMAL,0.6891386972211851,0.3951436809578934,0.6161825726141079
2021-08-05,NORMAL,0.5995269714813916,0.3682933977749717,0.2697095435684647
2021-08-06,NORMAL,0.6492068247075491,0.3982129914711848,0.6421161825726142
2021-08-09,NORMAL,0.6469783352337479,0.3955500779372152,0.6172199170124482
2021-08-10,NORMAL,0.4609002723793831,0.3761436743882894,0.38381742738589214
2021-08-11,NORMAL,0.4326452840144068,0.3677766765229276,0.26348547717842324
2021-08-12,NORMAL,0.593027227402442,0.37468173349778966,0.3651452282157676
2021-08-13,NORMAL,0.39658985566766763,0.3582788705535155,0.09439834024896265
2021-08-16,NORMAL,0.39908779931585,0.376273835497796,0.38589211618257263
2021-08-17,NORMAL,0.37573916436496185,0.36744279385848216,0.258298755186722
2021-08-18,NORMAL,0.39635119726339796,0.3719422144974901,0.3257261410788382
2021-08-19,NORMAL,0.38919255123924396,0.35811085737303866,0.09232365145228216
2021-08-20,NORMAL,0.38382355738048546,0.3510348895853288,0.022821576763485476
2021-08-23,NORMAL,0.3978244959989354,0.36092484994557317,0.14315352697095435
2021-08-24,NORMAL,0.39634373186561705,0.35376772549118896,0.04253112033195021
2021-08-25,NORMAL,0.3759989877815813,0.3567864027433376,0.07468879668049792
2021-08-26,NORMAL,0.261117445838082,0.36641109029820407,0.23962655601659752
2021-08-27,NORMAL,0.30672748004561,0.37145664851522264,0.3132780082987552
2021-08-30,NORMAL,0.26855856027805497,0.3597036672217463,0.11825726141078838
2021-08-31,NORMAL,0.35431676950956353,0.37906969115204486,0.42323651452282157
2021-09-01,NORMAL,0.3543613565643573,0.368247773962746,0.26867219917012447
2021-09-02,NORMAL,0.342266468598562,0.3708351960968237,0.30809128630705396
2021-09-03,NORMAL,0.4228493435296989,0.3714073791111338,0.3132780082987552
2021-09-06,NORMAL,0.40743083296889393,0.3737754058602808,0.3506224066390041
2021-09-07,NORMAL,0.6068499915373,0.38066612300712693,0.4460580912863071
2021-09-08,NORMAL,0.744388698286053,0.41638509597836215,0.7551867219917012
2021-09-09,NORMAL,0.6690825276050077,0.38290263432575883,0.4782157676348548
2021-09-10,NORMAL,0.6700566477693122,0.3798993374917895,0.4387966804979253
2021-09-13,NORMAL,0.6494086078802362,0.3807756316529659,0.4470954356846473
2021-09-14,NORMAL,0.6314114403250699,0.36630121032912577,0.237551867219917
2021-09-15,NORMAL,0.22456626241697486,0.36228368235329544,0.16390041493775934
2021-09-16,NORMAL,0.5398682023946513,0.3845846407010142,0.5020746887966805
2021-09-17,NORMAL,0.6907531607209472,0.42176515815055515,0.774896265560166
2021-09-20,NORMAL,0.622652037906458,0.3964462902390569,0.6275933609958506
2021-09-21,NORMAL,0.717172808367836,0.40389544269686684,0.6887966804979253
2021-09-22,NORMAL,0.6801753087153932,0.39660736824751874,0.6286307053941909
2021-09-23,NORMAL,0.6846492933213676,0.4111126922039763,0.725103734439834
2021-09-24,NORMAL,0.6199917793131609,0.393935570436765,0.6068464730290456
2021-09-27,NORMAL,0.7397456434372406,0.3889299930200437,0.5518672199170125
2021-09-28,NORMAL,0.6368356402753084,0.3786946938380747,0.4190871369294606
2021-09-29,NORMAL,0.6238642768071712,0.3784663904836211,0.4149377593360996
2021-09-30,NORMAL,0.6008395289405392,0.37124626867192084,0.31016597510373445
2021-10-01,NORMAL,0.4220126592915743,0.3662747808064386,0.23651452282157676
2021-10-04,NORMAL,0.3469952799299339,0.3563533470286391,0.06639004149377593
2021-10-05,NORMAL,0.28163256201289594,0.35907627225063316,0.10892116182572614
2021-10-06,NORMAL,0.1969974594177664,0.3690700549512132,0.2821576763485477
2021-10-07,NORMAL,0.16573500707335045,0.3700982400718126,0.29979253112033194
2021-10-08,NORMAL,0.3162782880203543,0.3672884711402056,0.2551867219917012
2021-10-11,NORMAL,0.31511797959598353,0.36650454050696635,0.24066390041493776
2021-10-12,NORMAL,0.30809478607508856,0.3665436667350061,0.241701244813278
2021-10-13,NORMAL,0.26309616879122366,0.3711370059734209,0.31016597510373445
2021-10-14,NORMAL,0.30832621879990624,0.3987432353951117,0.6504149377593361
2021-10-15,NORMAL,0.22811105895426584,0.39347512058934075,0.6016597510373444
2021-10-18,NORMAL,0.22194189443285414,0.4005732016178927,0.6649377593360996
2021-10-19,NORMAL,0.4611377969563768,0.39586482649182597,0.6234439834024896
2021-10-20,NORMAL,0.6839502259669605,0.40882934005850485,0.7147302904564315
2021-10-21,ANOMALOUS,1.179145797885392,0.511118818042348,0.9221991701244814
2021-10-22,ANOMALOUS,1.0796695976782527,0.4505315449210017,0.8402489626556017
2021-10-25,ANOMALOUS,1.144638690176028,0.45224522414431584,0.8412863070539419
2021-10-26,ANOMALOUS,1.1514440461346467,0.4491817467121813,0.8371369294605809
2021-10-27,ANOMALOUS,1.094495426329604,0.43130777893606265,0.8070539419087137
2021-10-28,NORMAL,0.4574558137297112,0.38006005132075393,0.44190871369294604
2021-10-29,NORMAL,0.379922935180172,0.3839013912176572,0.49688796680497926
2021-11-01,NORMAL,0.40998958789594386,0.3844214407987739,0.5010373443983402
2021-11-02,NORMAL,0.4255780023732277,0.3777546873565338,0.40975103734439833
2021-11-03,NORMAL,0.3469819280847017,0.3820730328898099,0.4699170124481328
2021-11-04,NORMAL,0.3586429240046777,0.381376316859086,0.45643153526970953
2021-11-05,NORMAL,0.3659436588245341,0.3785559128867896,0.4170124481327801
2021-11-08,NORMAL,0.25482047190263707,0.3797760307802206,0.4367219917012448
2021-11-09,NORMAL,0.2330061576398614,0.3825933107543326,0.47406639004149376
2021-11-10,NORMAL,0.3469952370590025,0.3911910315406983,0.5746887966804979
2021-11-11,NORMAL,0.35555782576977163,0.3848943979465742,0.5031120331950207
2021-11-12,NORMAL,0.2757184256147876,0.40038628998993947,0.6628630705394191
2021-11-15,NORMAL,0.1739082565134275,0.4194168034711291,0.7686721991701245
2021-11-16,NORMAL,0.63715160430997,0.48244874398896,0.8910788381742739
2021-11-17,NORMAL,0.76549899193548,0.5291072509838122,0.9429460580912863
2021-11-18,NORMAL,0.948253971239665,0.5666248340394199,0.9636929460580913
2021-11-19,NORMAL,0.6175796897069548,0.5310721592590341,0.9439834024896265
2021-11-22,NORMAL,0.4900825651118943,0.5220585320172006,0.9377593360995851
2021-11-23,ANOMALOUS,3.0831915975522075,0.7347467903777399,0.9948132780082988
2021-11-24,ANOMALOUS,1.8054070507067075,0.7327461548547072,0.9948132780082988
2021-11-25,ANOMALOUS,1.6875418700946414,0.6928467038624565,0.9937759336099585
2021-11-26,ANOMALOUS,1.6734054485840528,0.6972936828095143,0.9937759336099585
2021-11-29,ANOMALOUS,1.654255963627442,0.7045010562908006,0.9937759336099585
2021-11-30,ANOMALOUS,1.6926737926191748,0.6941399641262482,0.9937759336099585
2021-12-01,NORMAL,0.8883803582083,0.664358375287492,0.9927385892116183
2021-12-02,ANOMALOUS,1.2570593981140221,0.6717754009586873,0.9927385892116183
2021-12-03,NORMAL,0.7781635135000002,0.6511831292958234,0.991701244813278
2021-12-06,NORMAL,0.7681590422444174,0.6396047832478164,0.9896265560165975
2021-12-07,NORMAL,0.568902416929375,0.6226116149099731,0.9823651452282157
2021-12-08,NORMAL,0.39621982719232596,0.599506057618037,0.9730290456431535
2021-12-09,NORMAL,0.3017846826944319,0.5953472277486934,0.9719917012448133
2021-12-10,NORMAL,0.3073648489653256,0.5938316484706231,0.9688796680497925
2021-12-13,NORMAL,0.3082655319910256,0.5912358246083839,0.9688796680497925
2021-12-14,ANOMALOUS,1.0197442144607751,0.6388520336270955,0.9896265560165975
2021-12-15,NORMAL,0.7121720465959525,0.6301487851218905,0.9865145228215768
2021-12-16,ANOMALOUS,1.4801231916359325,0.6829736852247196,0.9927385892116183
2021-12-17,ANOMALOUS,1.310193332823215,0.6880635919851905,0.9927385892116183
2021-12-20,ANOMALOUS,4.646706695668505,0.7705107080123199,1.0
2021-12-21,ANOMALOUS,4.78372827134089,0.7748709729004267,1.0
2021-12-22,ANOMALOUS,5.22845007785661,0.7636985729867888,0.9989626556016598
2021-12-23,ANOMALOUS,6.319290868661652,0.7709804826435163,1.0
2021-12-24,ANOMALOUS,6.680884838864079,0.7471183182744042,0.995850622406639
2021-12-27,ANOMALOUS,2.2660211939629296,0.7443653708087139,0.995850622406639
2021-12-28,NORMAL,0.8833847328336759,0.6969365774369689,0.9937759336099585
2021-12-29,ANOMALOUS,1.7754480892796725,0.7030773313718328,0.9937759336099585
2021-12-30,ANOMALOUS,2.279108375190096,0.6980333103665243,0.9937759336099585
2021-12-31,ANOMALOUS,2.778602458693582,0.6666259942266033,0.9927385892116183
2022-01-03,ANOMALOUS,1.835719522317882,0.6635431029504036,0.9861224489795918
2022-01-04,ANOMALOUS,1.934721624749312,0.6629609528133726,0.9853061224489796
2022-01-05,ANOMALOUS,1.1814816385635618,0.622945998473207,0.9795918367346939
2022-01-06,NORMAL,0.799166298084788,0.6073396229601964,0.9755102040816327
2022-01-07,NORMAL,0.6645379800905179,0.5993735315378919,0.9746938775510204
2022-01-10,NORMAL,0.897683690100396,0.6066386301017479,0.9755102040816327
2022-01-11,NORMAL,0.455506613267736,0.5960541190849358,0.9730612244897959
2022-01-12,ANOMALOUS,1.043983913626315,0.6320640210204388,0.9795918367346939
2022-01-13,NORMAL,0.65296955581434,0.6179153953640885,0.9795918367346939
2022-01-14,NORMAL,0.356746866044218,0.6017854868117931,0.9746938775510204
2022-01-17,NORMAL,0.463504335128776,0.5886546310913998,0.9706122448979592
2022-01-18,NORMAL,0.33020897077802,0.582589645143976,0.9681632653061224
2022-01-19,NORMAL,0.25192823862293795,0.5708522401280128,0.9624489795918367
2022-01-20,NORMAL,0.249868219355696,0.5574877119831779,0.9583673469387755
2022-01-21,NORMAL,0.1889489201849825,0.5487333554334987,0.9526530612244898
2022-01-24,NORMAL,0.08633878969727499,0.5436394765891415,0.950204081632653
2022-01-25,NORMAL,0.11111678239166604,0.5363957117922711,0.9436734693877551
2022-01-26,NORMAL,0.20082183042701,0.5333825708965052,0.9420408163265306
2022-01-27,NORMAL,0.343538507213094,0.538472060094277,0.9469387755102041
2022-01-28,NORMAL,0.23192080252657998,0.5277284499375864,0.9395918367346939
2022-01-31,NORMAL,0.35816512947198,0.5366926852066094,0.9436734693877551
2022-02-01,NORMAL,0.14650372318188198,0.5220556576134577,0.9395918367346939
2022-02-02,NORMAL,0.198522587791515,0.5224613275428036,0.9395918367346939
2022-02-03,NORMAL,0.18544919917132752,0.5181322023914879,0.9363265306122449
2022-02-04,NORMAL,0.1098742699499434,0.51415754830692,0.9322448979591836
2022-02-07,NORMAL,0.319181808818096,0.5328219994049471,0.9420408163265306
2022-02-08,NORMAL,0.24259756311838399,0.5248169861010324,0.9395918367346939
2022-02-09,NORMAL,0.08955024932292,0.5198188854605661,0.9363265306122449
2022-02-10,NORMAL,0.09895919452724175,0.527405034760235,0.9395918367346939
2022-02-11,NORMAL,0.070888898313814,0.5265347497221389,0.9395918367346939
2022-02-14,NORMAL,0.27926987119860736,0.5296228729151586,0.9412244897959183
2022-02-15,NORMAL,0.056226408235228,0.5030032225671139,0.9257142857142857
2022-02-16,NORMAL,0.073070095185006,0.49948760564932054,0.92
2022-02-17,NORMAL,0.08773258526358799,0.4998814483760595,0.9208163265306123
2022-02-18,NORMAL,0.18322053718031797,0.5093322174266218,0.9281632653061225
2022-02-21,NORMAL,0.097669148787922,0.5027884284232944,0.9257142857142857
2022-02-22,NORMAL,0.4227283668355977,0.5106679090301515,0.9281632653061225
2022-02-23,NORMAL,0.275194338582344,0.4927624660505889,0.9110204081632653
2022-02-24,NORMAL,0.8115159764956958,0.5467644119365629,0.9518367346938775
2022-02-25,NORMAL,0.6087439949539472,0.5174078905394823,0.9363265306122449
2022-02-28,NORMAL,0.238598702187858,0.48404970162005717,0.9028571428571428
2022-03-01,NORMAL,0.1794451627249818,0.48023303382816834,0.9012244897959184
2022-03-02,NORMAL,0.40124500914977174,0.5092666281405206,0.9281632653061225
2022-03-03,NORMAL,0.14928213358595446,0.4770796115157793,0.8979591836734694
2022-03-04,NORMAL,0.418789799269296,0.5003658339319255,0.9216326530612244
2022-03-07,NORMAL,0.6308506061909639,0.5223833953885872,0.9395918367346939
2022-03-08,NORMAL,0.7168867049991839,0.5148980207798369,0.9338775510204081
2022-03-09,NORMAL,0.69374178264373,0.523035096089106,0.9395918367346939
2022-03-10,NORMAL,0.8866565281404679,0.5383187774773931,0.9461224489795919
2022-03-11,ANOMALOUS,2.633465876080528,0.5256325588316175,0.9395918367346939
2022-03-14,ANOMALOUS,2.432239576723758,0.469886375187667,0.8914285714285715
2022-03-15,ANOMALOUS,2.198310483820912,0.45657595718584604,0.8718367346938776
2022-03-16,ANOMALOUS,1.8921598648143,0.4452334191691689,0.8555102040816327
2022-03-17,ANOMALOUS,1.7586444597068078,0.43862589975346006,0.846530612244898
2022-03-18,NORMAL,0.18006256411435745,0.3768008995846804,0.5093877551020408
2022-03-21,NORMAL,0.20022887683353766,0.3665860412470043,0.3730612244897959
2022-03-22,NORMAL,0.17107593730735515,0.37284515800669954,0.46775510204081633
2022-03-23,NORMAL,0.28275440165107596,0.37707412380566624,0.5126530612244898
2022-03-24,NORMAL,0.16430141646106797,0.3735272872112709,0.4751020408163265
2022-03-25,NORMAL,0.09870286372780553,0.38688800305859045,0.6342857142857142
2022-03-28,NORMAL,0.14424596942293402,0.3994875515052877,0.7273469387755102
2022-03-29,NORMAL,0.8427758800033422,0.4138904898215209,0.7926530612244898
2022-03-30,NORMAL,0.4646399271130696,0.3646103532052638,0.34448979591836737
2022-03-31,NORMAL,0.4713007048743566,0.3625605251982739,0.30448979591836733
2022-04-01,NORMAL,0.475698647299679,0.36133098908864797,0.28816326530612246
2022-04-04,NORMAL,0.47514701438547,0.36103678283472773,0.28
2022-04-05,NORMAL,0.199259164644268,0.36920198781904395,0.4138775510204082
2022-04-06,NORMAL,0.09276292402935955,0.3713089475867242,0.4424489795918367
2022-04-07,NORMAL,0.1100822832652371,0.3688178805581594,0.4057142857142857
2022-04-08,NORMAL,0.11404334922729965,0.36692038494678225,0.37795918367346937
2022-04-11,NORMAL,0.2664559457457122,0.3640763482006458,0.3355102040816327
2022-04-12,NORMAL,0.23059392217856886,0.36409069101902375,0.3355102040816327
2022-04-13,NORMAL,0.23731096309530555,0.3569795096376401,0.19183673469387755
2022-04-14,NORMAL,0.20901258815329696,0.3595727149706327,0.2473469387755102
2022-04-15,NORMAL,0.2454639447990964,0.35336926363284904,0.12816326530612246
2022-04-18,NORMAL,0.1779181564649004,0.35284371398921144,0.11510204081632654
2022-04-19,NORMAL,0.09300569896002822,0.3772734499466984,0.5151020408163265
2022-04-20,NORMAL,0.097478336280094,0.3793066271310308,0.5461224489795918
2022-04-21,NORMAL,0.14452074137291582,0.3813409654147201,0.5624489795918367
2022-04-22,NORMAL,0.198642540138358,0.37417801768960807,0.48
2022-04-25,NORMAL,0.172906400629238,0.3750224286071353,0.4873469387755102
2022-04-26,NORMAL,0.204771732627006,0.3874537799082155,0.6375510204081632
2022-04-27,NORMAL,0.19361214378390798,0.3834737149496679,0.5918367346938775
2022-04-28,NORMAL,0.2586813235475199,0.3788047688712775,0.5371428571428571
2022-04-29,NORMAL,0.4505962571389434,0.38149120452568464,0.5657142857142857
2022-05-02,NORMAL,0.192508718112608,0.36727087973502925,0.3795918367346939
2022-05-03,NORMAL,0.6366985132919135,0.3877774343496533,0.6383673469387755
2022-05-04,NORMAL,0.39783297985156946,0.37466490747789516,0.4857142857142857
2022-05-05,NORMAL,0.7537966152158793,0.3873312676322204,0.636734693877551
2022-05-06,NORMAL,0.4992312999963529,0.36432414843535843,0.3404081632653061
2022-05-09,NORMAL,0.6221175015613369,0.38018357579050893,0.553469387755102
2022-05-10,NORMAL,0.594689866283827,0.3835167471295159,0.5918367346938775
2022-05-11,NORMAL,0.24848773649752295,0.3777410017260402,0.5183673469387755
2022-05-12,NORMAL,0.27875415179882945,0.37013481121442,0.4269387755102041
2022-05-13,NORMAL,0.34227873619735716,0.3823782730066049,0.5779591836734694
2022-05-16,NORMAL,0.2539244098052933,0.3773404117832905,0.5151020408163265
2022-05-17,ANOMALOUS,1.1646442653686664,0.44490370388739076,0.8555102040816327
2022-05-18,NORMAL,0.613328299058208,0.38392702309694,0.5967346938775511
2022-05-19,NORMAL,0.8153593994785538,0.40003679283173593,0.7306122448979592
2022-05-20,NORMAL,0.8763466426712735,0.386227742214998,0.6277551020408163
2022-05-23,NORMAL,0.8918440825260904,0.3875407915968968,0.6375510204081632
2022-05-24,NORMAL,0.43764034454211426,0.37290537205802426,0.46938775510204084
2022-05-25,NORMAL,0.7671411166033278,0.4116937014757796,0.7861224489795918
2022-05-26,NORMAL,0.6615909808577148,0.38913916318793734,0.6514285714285715
2022-05-27,NORMAL,0.8672340517245531,0.4035315067418664,0.7542857142857143
2022-05-30,NORMAL,0.8950451438692839,0.38976384204743314,0.6571428571428571
2022-05-31,NORMAL,0.8964053117309502,0.38937145153336483,0.6522448979591837
2022-06-01,NORMAL,0.6032919717496015,0.37436530139722146,0.48081632653061224
2022-06-02,NORMAL,0.6306643292389558,0.372183347539602,0.4555102040816327
2022-06-03,NORMAL,0.43426773268287844,0.37390385129966447,0.4791836734693877
2022-06-06,NORMAL,0.3985816326927563,0.3727552807187949,0.4669387755102041
2022-06-07,NORMAL,0.4954912033043786,0.380889384228183,0.5583673469387755
2022-06-08,NORMAL,0.7320928253024694,0.4308955488810919,0.8310204081632653
2022-06-09,NORMAL,0.7077673127370626,0.4082159844380317,0.7746938775510204
2022-06-10,NORMAL,0.8400565919054769,0.42638067178600364,0.8253061224489796
2022-06-13,NORMAL,0.8316981993876135,0.40848698918444365,0.7746938775510204
2022-06-14,NORMAL,0.860598037951061,0.40698980631468007,0.7673469387755102
2022-06-15,NORMAL,0.489704663380666,0.38692936343447865,0.6342857142857142
2022-06-16,NORMAL,0.4706824883269537,0.3792038558177742,0.5436734693877551
2022-06-17,NORMAL,0.3209358664326878,0.38158384952871877,0.566530612244898
2022-06-20,NORMAL,0.19342829328464484,0.38561129055352017,0.6179591836734694
2022-06-21,NORMAL,0.2071939832073117,0.3836321810758089,0.5926530612244898
2022-06-22,NORMAL,0.13836798503885575,0.3875941016206847,0.6375510204081632
2022-06-23,NORMAL,0.08723543949555818,0.4082128621020538,0.7746938775510204
2022-06-24,NORMAL,0.9879636681591876,0.4730916241528956,0.8914285714285715
2022-06-27,NORMAL,0.94431732381946,0.489166926612812,0.9069387755102041
2022-06-28,NORMAL,0.9514197471071536,0.4534068293169403,0.8702040816326531
2022-06-29,NORMAL,0.9350114247795271,0.4505698769498953,0.8636734693877551
2022-06-30,NORMAL,0.957645861179304,0.44711716749072766,0.8579591836734693
2022-07-01,NORMAL,0.7115744310131763,0.3784748229727767,0.529795918367347
2022-07-04,NORMAL,0.352505172880848,0.3770302346593578,0.5110204081632653
2022-07-05,NORMAL,0.37048777816842393,0.3722745842950796,0.4555102040816327
2022-07-06,NORMAL,0.6734255133976159,0.38981384294623367,0.6571428571428571
2022-07-07,NORMAL,0.669390954518996,0.37386510143417456,0.47836734693877553
2022-07-08,NORMAL,0.6297370043976699,0.3694649049959352,0.41877551020408166
2022-07-11,NORMAL,0.591812150938612,0.3685506098063309,0.403265306122449
2022-07-12,NORMAL,0.4198073282098347,0.35534656176803187,0.16081632653061226
2022-07-13,NORMAL,0.2918283203480415,0.35412318078242944,0.1436734693877551
2022-07-14,NORMAL,0.2935403922236349,0.34827665794222756,0.05551020408163265
2022-07-15,NORMAL,0.318727570093769,0.3475971099695956,0.04897959183673469
2022-07-18,NORMAL,0.30421555264338623,0.34849972488091024,0.05714285714285714
2022-07-19,NORMAL,0.24354901430761075,0.3550293578648625,0.15591836734693879
2022-07-20,NORMAL,0.18477835300145445,0.36359535816390753,0.3224489795918367
2022-07-21,NORMAL,0.1960647368005104,0.3659074499773077,0.36653061224489797
2022-07-22,NORMAL,0.11085818585801195,0.37257141620146256,0.46040816326530615
2022-07-25,NORMAL,0.1099932768415781,0.3812591369222472,0.5624489795918367
2022-07-26,NORMAL,0.10146152745631365,0.38165320076063475,0.5673469387755102
2022-07-27,NORMAL,0.11459507484577845,0.3765131714313447,0.5061224489795918
2022-07-28,NORMAL,0.08509930468428648,0.38059384161382354,0.5559183673469388
2022-07-29,NORMAL,0.3394812038109831,0.3761024871339233,0.5020408163265306
2022-08-01,NORMAL,0.20041213826908472,0.37085407651908,0.4359183673469388
2022-08-02,NORMAL,0.11209973576980754,0.36975871193615306,0.42122448979591837
2022-08-03,NORMAL,0.2155060276872992,0.3795118104945593,0.5461224489795918
2022-08-04,NORMAL,0.19380168311898954,0.38267079077437594,0.5820408163265306
2022-08-05,NORMAL,0.1777192666873376,0.383212956722633,0.5861224489795919
2022-08-08,NORMAL,0.0922542336439826,0.3775352714993339,0.516734693877551
2022-08-09,NORMAL,0.08011811851197714,0.37965786480964087,0.5485714285714286
2022-08-10,NORMAL,0.7829700540396133,0.4060314385884252,0.7640816326530612
2022-08-11,NORMAL,0.3546416913351709,0.3634958851872066,0.3224489795918367
2022-08-12,NORMAL,0.2796211114464294,0.3559839827189419,0.17061224489795918
2022-08-15,NORMAL,0.27472483469427056,0.35452720004433813,0.14857142857142858
2022-08-16,NORMAL,0.2758583700347307,0.3612477746794848,0.28653061224489795
2022-08-17,NORMAL,0.16619013241796685,0.36854280969670644,0.403265306122449
2022-08-18,NORMAL,0.5665096162373997,0.38207309771915987,0.5730612244897959
2022-08-19,NORMAL,0.2203750706956222,0.3618127840612214,0.2922448979591837
2022-08-22,NORMAL,0.23221844977422584,0.36069973463766086,0.2702040816326531
2022-08-23,NORMAL,0.21387121417406524,0.361559699824647,0.2897959183673469
2022-08-24,NORMAL,0.2066967086812113,0.3629945398891527,0.3142857142857143
2022-08-25,NORMAL,0.06480487988170675,0.3851982851937921,0.6146938775510205
2022-08-26,NORMAL,0.06195259756048505,0.38673724583558544,0.6342857142857142
2022-08-29,NORMAL,0.0353191240627759,0.3921071027339763,0.6751020408163265
2022-08-30,NORMAL,0.03581841933226265,0.3928545618128079,0.6816326530612244
2022-08-31,NORMAL,0.12254542333722905,0.3891913955538951,0.6514285714285715
2022-09-01,NORMAL,0.0552584930624643,0.3870532748771314,0.6351020408163265
2022-09-02,NORMAL,0.0424377658255214,0.39192108128309,0.673469387755102
2022-09-05,NORMAL,0.05298627665145383,0.3925898365735492,0.6791836734693878
2022-09-06,NORMAL,0.0494872034888904,0.3930621974835827,0.6824489795918367
2022-09-07,NORMAL,0.04770358389360053,0.39797168400293537,0.7142857142857143
2022-09-08,NORMAL,0.137505904342308,0.40175919549637834,0.7412244897959184
2022-09-09,NORMAL,0.0853356647682163,0.40032759147389346,0.7338775510204082
2022-09-12,NORMAL,0.16678856470988818,0.4034523889358404,0.7542857142857143
2022-09-13,NORMAL,0.05613960975489887,0.3964692824896986,0.7093877551020408
2022-09-14,NORMAL,0.2246108549985672,0.4012719058518671,0.7395918367346939
2022-09-15,NORMAL,0.10435832284303538,0.39461194670775557,0.6963265306122449
2022-09-16,NORMAL,0.35081654112873306,0.4098338498689674,0.7812244897959184
2022-09-19,NORMAL,0.16679158904423014,0.4055918580667862,0.7624489795918368
2022-09-20,NORMAL,0.4519282029410006,0.4151542186102565,0.7991836734693878
2022-09-21,NORMAL,0.2153913023508426,0.4087686998386752,0.7763265306122449
2022-09-22,NORMAL,0.1430716301178825,0.40549252835026717,0.7616326530612245
2022-09-23,ANOMALOUS,1.4777513730709426,0.4508608765182781,0.8653061224489796
2022-09-26,NORMAL,0.5924210293369406,0.4084707148913108,0.7746938775510204
2022-09-27,NORMAL,0.5268927143370136,0.410553721954032,0.7836734693877551
2022-09-28,NORMAL,0.93108211780343,0.42562461399261364,0.8236734693877551
2022-09-29,NORMAL,0.7231834902172698,0.4119969685531319,0.7869387755102041
2022-09-30,NORMAL,0.6776144987242566,0.39653484738509287,0.7093877551020408
2022-10-03,NORMAL,0.679334902248056,0.3962561059941501,0.7069387755102041
2022-10-04,NORMAL,0.644530725367868,0.389601987989738,0.6563265306122449
2022-10-05,NORMAL,0.4370061473631929,0.3838826164844649,0.5967346938775511
2022-10-06,NORMAL,0.3194170333941064,0.3925326701007929,0.6783673469387755
2022-10-07,NORMAL,0.29969107331579586,0.3866485373299766,0.6326530612244898
2022-10-10,NORMAL,0.3703304829560396,0.398991073981311,0.723265306122449
2022-10-11,NORMAL,0.3496096494116749,0.3858819375213794,0.6236734693877551
2022-10-12,NORMAL,0.36082718615431203,0.3976868070676108,0.7142857142857143
2022-10-13,NORMAL,0.37333510920777463,0.38854547864852895,0.6440816326530612
2022-10-14,NORMAL,0.2805363556101853,0.3908374704824214,0.6661224489795918
2022-10-17,NORMAL,0.27058404799587116,0.3882940272412203,0.6424489795918368
2022-10-18,NORMAL,0.2661791798318818,0.3900572082545569,0.6612244897959184
2022-10-19,NORMAL,0.14822186362848724,0.4006665374538867,0.7379591836734694
2022-10-20,NORMAL,0.13243711689329274,0.40164618261207863,0.7404081632653061
2022-10-21,NORMAL,0.1542671015221298,0.4030958967186975,0.7518367346938776
2022-10-24,NORMAL,0.1320709774373334,0.40386626665082775,0.7551020408163265
2022-10-25,NORMAL,0.15515558469881646,0.40433048553081763,0.7559183673469387
2022-10-26,NORMAL,0.14918730255802135,0.4079963286742301,0.7738775510204081
2022-10-27,NORMAL,0.1466281044776501,0.4088265233307481,0.7763265306122449
2022-10-28,NORMAL,0.1509799799692062,0.4098343320732753,0.7812244897959184
2022-10-31,NORMAL,0.2490134468261379,0.4090235760434217,0.7771428571428571
2022-11-01,NORMAL,0.5559952816298365,0.41713982710146075,0.8040816326530612
2022-11-02,NORMAL,0.6417053554191027,0.4156693621869725,0.7991836734693878
2022-11-03,NORMAL,0.5578813464692399,0.3980799564015738,0.7167346938775511
2022-11-04,NORMAL,0.6886142958322776,0.4265712859766726,0.8269387755102041
2022-11-07,NORMAL,0.6956992573075711,0.4245028739990186,0.8212244897959183
2022-11-08,NORMAL,0.7591152669446999,0.4113248602265846,0.7853061224489796
2022-11-09,NORMAL,0.7950779884758112,0.42253886414293873,0.8187755102040817
2022-11-10,ANOMALOUS,1.0300637723850234,0.45367533199902255,0.8702040816326531
2022-11-11,ANOMALOUS,1.1122833372327234,0.43366506161462653,0.8342857142857143
2022-11-14,ANOMALOUS,1.018499614338358,0.4203988329561761,0.8114285714285714
2022-11-15,ANOMALOUS,1.0253158385856886,0.41520449224344147,0.7991836734693878
2022-11-16,NORMAL,0.9626504297973086,0.4157768333591234,0.8
2022-11-17,NORMAL,0.5016194417585793,0.3877181138344044,0.6375510204081632
2022-11-18,NORMAL,0.3918183517990438,0.3865753255190256,0.6326530612244898
2022-11-21,NORMAL,0.21898925661140126,0.39420928671169386,0.689795918367347
2022-11-22,NORMAL,0.24304624690388354,0.39403493317958893,0.689795918367347
2022-11-23,NORMAL,0.19113408496711845,0.39606935319268055,0.7053061224489796
2022-11-24,NORMAL,0.1950967915584522,0.39613734464200634,0.7061224489795919
2022-11-25,NORMAL,0.12966010002565126,0.4028658720422444,0.7493877551020408
2022-11-28,NORMAL,0.1303381677318732,0.40313016855008094,0.7518367346938776
2022-11-29,NORMAL,0.08786156833903185,0.40675143095641864,0.7673469387755102
2022-11-30,NORMAL,0.10132094780290775,0.40514900732847214,0.76
2022-12-01,NORMAL,0.0726045820343063,0.41127197926047965,0.7853061224489796
2022-12-02,NORMAL,0.07548987592446775,0.40901957015872203,0.7771428571428571
2022-12-05,NORMAL,0.08824253478818105,0.4083745786240654,0.7746938775510204
2022-12-06,NORMAL,0.08502309442561727,0.41005629781763503,0.7828571428571428
2022-12-07,NORMAL,0.0727814639702778,0.412972610441324,0.7893877551020408
2022-12-08,NORMAL,0.08244339245919954,0.416156602465379,0.8008163265306123
2022-12-09,NORMAL,0.09630121417017785,0.4165542411918855,0.803265306122449
2022-12-12,NORMAL,0.20329068497188005,0.4251645610482107,0.8228571428571428
2022-12-13,NORMAL,0.11779096838858645,0.4197078384833965,0.8081632653061225
2022-12-14,NORMAL,0.6138573017313085,0.4351357003503156,0.8391836734693877
2022-12-15,NORMAL,0.4854131976473162,0.42090671873264535,0.8130612244897959
2022-12-16,NORMAL,0.28507107514834695,0.4076286098783528,0.7689795918367347
2022-12-19,NORMAL,0.25766259411263714,0.40926129343672446,0.7779591836734694
2022-12-20,NORMAL,0.2623140313562719,0.403531951510178,0.7542857142857143
2022-12-21,NORMAL,0.17872885433885266,0.4128339609704315,0.7893877551020408
2022-12-22,NORMAL,0.3807339690517251,0.4223869845315412,0.8187755102040817
2022-12-23,NORMAL,0.5232567050912991,0.4213279696170247,0.8155102040816327
2022-12-26,NORMAL,0.37622999404451524,0.4166417287247672,0.803265306122449
2022-12-27,NORMAL,0.3973067846157193,0.410351835354467,0.7828571428571428
2022-12-28,NORMAL,0.628661094707901,0.4160569445974179,0.8008163265306123
2022-12-29,NORMAL,0.34291114440181697,0.4017196082333059,0.7404081632653061
2022-12-30,NORMAL,0.3382963258588489,0.3989511187945391,0.7224489795918367
2023-01-02,NORMAL,0.2792149459564667,0.3810467210604499,0.604040404040404
2023-01-03,NORMAL,0.26330166224257073,0.3807831772786262,0.6033670033670033
2023-01-04,NORMAL,0.2757756531234151,0.3951054495514834,0.7037037037037037
2023-01-05,NORMAL,0.3874968333406446,0.3990265143506926,0.7299663299663299
2023-01-06,ANOMALOUS,1.0124064422088652,0.4300640352625181,0.8195286195286196
2023-01-09,NORMAL,0.6946496661593853,0.412151789536895,0.7797979797979798
2023-01-10,NORMAL,0.6944124520596623,0.3862618333583547,0.6437710437710438
2023-01-11,NORMAL,0.7006918756679349,0.38689410729424883,0.6484848484848484
2023-01-12,NORMAL,0.6798858362820761,0.38595735014724336,0.6424242424242425
2023-01-13,NORMAL,0.43140934385571744,0.37732148569961294,0.5595959595959596
2023-01-16,NORMAL,0.136062778323736,0.3830370746040946,0.6222222222222222
2023-01-17,NORMAL,0.3012986344348936,0.38373311014252387,0.6269360269360269
2023-01-18,NORMAL,0.3113271185347103,0.3816907672216728,0.6080808080808081
2023-01-19,NORMAL,0.31761138997231486,0.37614738587083923,0.5461279461279461
2023-01-20,NORMAL,0.33639533417917195,0.3750515659626874,0.5360269360269361
2023-01-23,NORMAL,0.33809034880283323,0.3732499994803296,0.5097643097643098
2023-01-24,NORMAL,0.3205142541301595,0.3790307189575858,0.5811447811447812
2023-01-25,NORMAL,0.2270161535936834,0.38137159088596423,0.6060606060606061
2023-01-26,NORMAL,0.2505393194308066,0.37911062522027034,0.5831649831649832
2023-01-27,NORMAL,0.2144115603747372,0.378974045622391,0.5797979797979798
2023-01-30,NORMAL,0.24998649872116416,0.3834314713600801,0.6242424242424243
2023-01-31,NORMAL,0.2913468036072588,0.38066353530637714,0.602020202020202
2023-02-01,NORMAL,0.2941357548009734,0.37858221823901944,0.5750841750841751
2023-02-02,NORMAL,0.33570760269141814,0.37920819666995,0.5851851851851851
2023-02-03,NORMAL,0.44904185269335084,0.38671253987716875,0.6471380471380471
2023-02-06,NORMAL,0.387192132205546,0.383618810092268,0.6269360269360269
2023-02-07,NORMAL,0.3235789457823322,0.38200394579216024,0.6114478114478115
2023-02-08,NORMAL,0.2955591082707465,0.3842730519240701,0.6303030303030303
2023-02-09,NORMAL,0.26604193946327787,0.38437721716210516,0.630976430976431
2023-02-10,NORMAL,0.123802791710204,0.3888517198612814,0.6646464646464646
2023-02-13,NORMAL,0.1195194674057771,0.3898556819492255,0.6693602693602694
2023-02-14,NORMAL,0.15520598128139745,0.3894252123485768,0.6673400673400673
2023-02-15,NORMAL,0.2286891958891421,0.38918466195399903,0.6666666666666666
2023-02-16,NORMAL,0.23808496069011936,0.3860269152697876,0.6424242424242425
2023-02-17,NORMAL,0.3068931281168741,0.39530072425388374,0.705050505050505
2023-02-20,NORMAL,0.2933847923018151,0.38628364317664915,0.6437710437710438
2023-02-21,NORMAL,0.26148835276868343,0.38522033616984963,0.635016835016835
2023-02-22,NORMAL,0.22731232045361485,0.38614784967625193,0.6430976430976431
2023-02-23,NORMAL,0.2060759882502452,0.38722249146505044,0.6505050505050505
2023-02-24,NORMAL,0.0890904255028655,0.39333252608823294,0.6922558922558922
2023-02-27,NORMAL,0.12111719713477455,0.3928691795388179,0.6915824915824916
2023-02-28,NORMAL,0.18547810990666205,0.393342632786798,0.6922558922558922
2023-03-01,NORMAL,0.15353237866711356,0.3919954781563966,0.6848484848484848
2023-03-02,NORMAL,0.16267850208560003,0.3931622059075833,0.6922558922558922
2023-03-03,NORMAL,0.14225625555111904,0.3894196157520476,0.6673400673400673
2023-03-06,NORMAL,0.121790531603065,0.3905148396252576,0.6747474747474748
2023-03-07,NORMAL,0.9926669305060324,0.4340129351998141,0.8249158249158249
2023-03-08,NORMAL,0.5308385263025189,0.4056849195136233,0.7589225589225589
2023-03-09,NORMAL,0.4118223174903152,0.39940182745684394,0.7306397306397306
2023-03-10,NORMAL,0.28989052202649507,0.3887677438266702,0.6632996632996633
2023-03-13,NORMAL,0.3003468571617483,0.3871455248550678,0.6498316498316499
2023-03-14,NORMAL,0.2507117965750298,0.3852011310383401,0.635016835016835
2023-03-15,NORMAL,0.3483988822775041,0.3972169308032249,0.7144781144781145
2023-03-16,NORMAL,0.21518595498461215,0.3849428991845016,0.6343434343434343
2023-03-17,NORMAL,0.22859161082190266,0.38888123594007196,0.6646464646464646
2023-03-20,NORMAL,0.5381394423022345,0.4092608524076041,0.769023569023569
2023-03-21,NORMAL,0.3921057477949546,0.3990801802111356,0.7299663299663299
2023-03-22,NORMAL,0.4080265791313576,0.3964038941530809,0.7124579124579125
2023-03-23,NORMAL,0.5227273172346224,0.4083699473180784,0.7643097643097643
2023-03-24,NORMAL,0.6715325633434257,0.41945818508136046,0.797979797979798
2023-03-27,NORMAL,0.558959713063932,0.402574298690802,0.7447811447811448
2023-03-28,NORMAL,0.5648773024034297,0.39793061294522025,0.7205387205387206
2023-03-29,NORMAL,0.588259106435744,0.38961896571564053,0.6686868686868687
2023-03-30,NORMAL,0.5156795042546265,0.40373169408109283,0.7494949494949495
2023-03-31,NORMAL,0.44732641043941573,0.3866915395162593,0.6471380471380471
2023-04-03,NORMAL,0.5243691720484516,0.38891182172221644,0.6646464646464646
2023-04-04,NORMAL,0.6189649426547168,0.4090290802205092,0.7676767676767676
2023-04-05,NORMAL,0.5658710641435972,0.3914150381353946,0.6801346801346801
2023-04-06,NORMAL,0.5284499170309639,0.38926577289439773,0.6666666666666666
2023-04-07,NORMAL,0.7164968459005284,0.4092027776981138,0.769023569023569
2023-04-10,NORMAL,0.738380900350236,0.4029588967733411,0.7454545454545455
2023-04-11,NORMAL,0.6021858013767416,0.39188809105987005,0.6841750841750842
2023-04-12,NORMAL,0.6316420776495734,0.3961824453779246,0.7124579124579125
2023-04-13,NORMAL,0.642756487841406,0.39323906140187487,0.6922558922558922
2023-04-14,NORMAL,0.338695025820916,0.3896366706389135,0.6686868686868687
2023-04-17,NORMAL,0.4457353166583421,0.3997725643925275,0.7306397306397306
2023-04-18,NORMAL,0.6277959780539887,0.4002289790744864,0.731986531986532
2023-04-19,NORMAL,0.6748203633076376,0.39553569296585206,0.7077441077441078
2023-04-20,NORMAL,0.7855866624392587,0.4088163213978088,0.7676767676767676
2023-04-21,NORMAL,0.7250901174049019,0.3939231157739313,0.6983164983164983
2023-04-24,NORMAL,0.33542435567894624,0.3901819623402954,0.6713804713804714
2023-04-25,NORMAL,0.5167357308777837,0.39122344607189197,0.6774410774410774
2023-04-26,NORMAL,0.6170159067353967,0.4063439431439385,0.7609427609427609
2023-04-27,NORMAL,0.6050509668003808,0.39129110466363337,0.6781144781144781
2023-04-28,NORMAL,0.6039883208112256,0.3897577227187165,0.6686868686868687
2023-05-01,NORMAL,0.6734441870278856,0.40203581022394,0.7414141414141414
2023-05-02,NORMAL,0.6584009405727538,0.39573839217974033,0.7084175084175084
2023-05-03,NORMAL,0.5178180535105299,0.3881273344165725,0.6606060606060606
2023-05-04,NORMAL,0.5065843743447888,0.3889328119510276,0.6653198653198653
2023-05-05,NORMAL,0.5510240201040127,0.3939672982084551,0.6983164983164983
2023-05-08,NORMAL,0.5626870056319938,0.40568663231389523,0.7589225589225589
2023-05-09,NORMAL,0.5117369658450962,0.38635129387273165,0.6444444444444445
2023-05-10,NORMAL,0.603218905226256,0.3980837608339293,0.7205387205387206
2023-05-11,NORMAL,0.6422752079374997,0.3941408745555634,0.6989898989898989
2023-05-12,NORMAL,0.6611666328404159,0.3992162955683242,0.7299663299663299
2023-05-15,ANOMALOUS,1.310801018272307,0.47087954626757916,0.8828282828282829
2023-05-16,ANOMALOUS,1.0024098048121572,0.42561248998727225,0.8161616161616162
2023-05-17,NORMAL,0.9848386494995064,0.4084042091511037,0.7643097643097643
2023-05-18,NORMAL,0.737529011184299,0.3952643878656242,0.705050505050505
2023-05-19,NORMAL,0.7820306324294227,0.3951863843174587,0.7037037037037037
2023-05-22,NORMAL,0.5581075748581416,0.38436334654783194,0.630976430976431
2023-05-23,NORMAL,0.272663234092194,0.38153076311900674,0.6074074074074074
2023-05-24,NORMAL,0.3283579347656671,0.3857668328460031,0.6404040404040404
2023-05-25,NORMAL,0.32477095724225996,0.3839005987077075,0.6282828282828283
2023-05-26,NORMAL,0.3275960192243108,0.38487797414301306,0.632996632996633
2023-05-29,ANOMALOUS,1.0248321660743738,0.4443406738757238,0.8424242424242424
2023-05-30,ANOMALOUS,2.8983855414582056,0.535605027888125,0.9454545454545454
2023-05-31,ANOMALOUS,1.2588793749799865,0.461950631134918,0.8713804713804714
2023-06-01,ANOMALOUS,1.289101380588883,0.43690983645752207,0.8316498316498316
2023-06-02,ANOMALOUS,1.1320580462892509,0.42489653484248374,0.8134680134680135
2023-06-05,ANOMALOUS,1.0056656596525397,0.44134802013811414,0.8397306397306398
2023-06-06,NORMAL,0.751105977660897,0.4282340372270195,0.8181818181818182
2023-06-07,ANOMALOUS,3.098041520080465,0.6616666070485934,0.9872053872053872
2023-06-08,ANOMALOUS,1.5347541541227745,0.5654702564539843,0.960942760942761
2023-06-09,ANOMALOUS,1.5077516451000312,0.5623195258856912,0.9602693602693603
2023-06-12,ANOMALOUS,1.5215927420599784,0.5635228542574464,0.9602693602693603
2023-06-13,ANOMALOUS,1.5822814829678482,0.5571173220801482,0.9582491582491582
2023-06-14,NORMAL,0.36729607683939747,0.4285918850959124,0.8188552188552188
2023-06-15,NORMAL,0.28695222433005513,0.4270193852841265,0.8175084175084175
2023-06-16,NORMAL,0.23285841303529775,0.43100542509994283,0.8222222222222222
2023-06-19,NORMAL,0.15035066917721418,0.43679506943338114,0.8316498316498316
2023-06-20,NORMAL,0.1334097336658819,0.4349468141942681,0.826936026936027
2023-06-21,NORMAL,0.11923854046678875,0.43282743859902656,0.8242424242424242
2023-06-22,ANOMALOUS,1.3879930748862774,0.5535995454201071,0.9582491582491582
2023-06-23,NORMAL,0.9544632112522825,0.5004832384851231,0.9272727272727272
2023-06-26,NORMAL,0.8881454866069192,0.5289484593526075,0.9420875420875421
2023-06-27,NORMAL,0.8604049249618237,0.5150480233940261,0.9346801346801347
2023-06-28,NORMAL,0.8449705016896001,0.5142746977534687,0.9346801346801347
2023-06-29,NORMAL,0.43587858107682664,0.46570610015240826,0.8781144781144781
2023-06-30,NORMAL,0.4735804747609442,0.4610883399544005,0.87003367003367
2023-07-03,NORMAL,0.12277478205329236,0.459172027487951,0.8673400673400673
2023-07-04,NORMAL,0.11258051585024766,0.4560555238914118,0.8626262626262626
2023-07-05,NORMAL,0.13006054497169944,0.4389143503854732,0.8336700336700337
2023-07-06,NORMAL,0.12847843020441224,0.4350691613657052,0.826936026936027
2023-07-07,NORMAL,0.13661998485876248,0.44362926556703997,0.8424242424242424
2023-07-10,NORMAL,0.090250281312046,0.4356126099868975,0.828956228956229
2023-07-11,NORMAL,0.08932559708960287,0.4316972500343108,0.8235690235690236
2023-07-12,NORMAL,0.07027438157805455,0.4344573321119218,0.8255892255892255
2023-07-13,NORMAL,0.16319895602368373,0.427236692362824,0.8175084175084175
2023-07-14,NORMAL,0.10394668628998205,0.4155798528073587,0.7925925925925926
2023-07-17,NORMAL,0.187366269478245,0.4113513457833337,0.7764309764309765
2023-07-18,NORMAL,0.5645660705669575,0.4378615934277757,0.8323232323232324
2023-07-19,NORMAL,0.4145243585992762,0.41524668730819253,0.7905723905723906
2023-07-20,NORMAL,0.39903765815098,0.3966751649661741,0.7138047138047138
2023-07-21,NORMAL,0.39938294734661667,0.39688861271953485,0.7144781144781145
2023-07-24,NORMAL,0.4147692013880579,0.3938982175752399,0.696969696969697
2023-07-25,NORMAL,0.1840253399366306,0.39074557759947565,0.6747474747474748
2023-07-26,NORMAL,0.15537977935565214,0.38684788938398534,0.6478114478114478
2023-07-27,NORMAL,0.15011399066032655,0.38382152665716435,0.6276094276094276
2023-07-28,NORMAL,0.10975375261068353,0.4077114911682466,0.762962962962963
2023-07-31,NORMAL,0.04024229871271995,0.39474884141855854,0.7016835016835017
2023-08-01,NORMAL,0.07071772712770315,0.3909518976952288,0.6747474747474748
2023-08-02,NORMAL,0.07764134460090265,0.38979490951222234,0.6686868686868687
2023-08-03,NORMAL,0.039602344992787995,0.3856334676580929,0.6383838383838384
2023-08-04,NORMAL,0.1382535892926846,0.38502070551871304,0.6343434343434343
2023-08-07,NORMAL,0.0488849913522377,0.3793461766071299,0.5865319865319866
2023-08-08,NORMAL,0.0490363206692182,0.3780810002751446,0.569023569023569
2023-08-09,NORMAL,0.05972669473354195,0.378401095413761,0.5723905723905723
2023-08-10,NORMAL,0.057893692324897425,0.37926652471810984,0.5851851851851851
2023-08-11,NORMAL,0.1337592069486362,0.3842436939370313,0.6303030303030303
2023-08-14,NORMAL,0.0431108012490075,0.3791076306936921,0.5831649831649832
2023-08-15,NORMAL,0.04224461089396575,0.3802968159897704,0.5973063973063973
2023-08-16,NORMAL,0.0435463809613504,0.37919199709912615,0.5851851851851851
2023-08-17,NORMAL,0.10132018331339622,0.3792885207474963,0.5858585858585859
2023-08-18,NORMAL,0.12046641785608793,0.38764766009130625,0.6545454545454545
2023-08-21,NORMAL,0.5700843793474948,0.4077439123695752,0.762962962962963
2023-08-22,NORMAL,0.18501677675199713,0.38778284970793014,0.6565656565656566
2023-08-23,NORMAL,0.04091072030273875,0.3837655668181817,0.6269360269360269
2023-08-24,ANOMALOUS,12.16580386969299,0.572231200077902,0.9636363636363636
2023-08-25,NORMAL,0.9559874463674461,0.5061260044973773,0.9306397306397306
2023-08-28,NORMAL,0.952320499185998,0.4548570183007114,0.8606060606060606
2023-08-29,NORMAL,0.957701668413174,0.4573988199188271,0.8653198653198653
2023-08-30,ANOMALOUS,1.2544716094077724,0.4687318835781685,0.8821548821548821
2023-08-31,NORMAL,0.67401514566392,0.3908745146937273,0.6747474747474748
2023-09-01,NORMAL,0.14348906375804185,0.3691850581223991,0.45656565656565656
2023-09-04,NORMAL,0.215967310670004,0.37519038586660325,0.5373737373737374
2023-09-05,NORMAL,0.17933525320622398,0.37203277695347037,0.49562289562289563
2023-09-06,NORMAL,0.089373393209826,0.38357445967625925,0.6255892255892256
2023-09-07,NORMAL,0.08878492642326198,0.38281953903121957,0.6195286195286195
2023-09-08,NORMAL,0.106512488368584,0.3847376872952292,0.6323232323232323
2023-09-11,NORMAL,0.079810807928116,0.3881503819601499,0.6606060606060606
2023-09-12,NORMAL,0.05502164454398999,0.3835303224961075,0.6249158249158249
2023-09-13,NORMAL,0.089244791569625,0.38001080237869983,0.5932659932659933
2023-09-14,NORMAL,0.098862420143218,0.3736961388316622,0.5171717171717172
2023-09-15,NORMAL,0.10702739680682799,0.3744623600521129,0.5306397306397307
2023-09-18,NORMAL,0.10489420470552799,0.37227347776954894,0.4962962962962963
2023-09-19,NORMAL,0.128874226258126,0.3748476580999508,0.534006734006734
2023-09-20,NORMAL,0.04678310953206,0.38486744055643884,0.632996632996633
2023-09-21,NORMAL,0.141305587124344,0.35621226927318084,0.2053872053872054
2023-09-22,NORMAL,0.1352615459944635,0.3604435211191798,0.29225589225589227
2023-09-25,NORMAL,0.13704769643952605,0.3603898486215842,0.2909090909090909
2023-09-26,NORMAL,0.130786743314462,0.35957749799456346,0.2734006734006734
2023-09-27,ANOMALOUS,1.8078152477509297,0.43272341718312024,0.8242424242424242
2023-09-28,ANOMALOUS,1.1003435616891661,0.4130660431661032,0.7811447811447811
2023-09-29,NORMAL,0.5457176246512068,0.35372277543709274,0.16296296296296298
2023-10-02,NORMAL,0.5456553464328338,0.35268048493481624,0.14074074074074075
2023-10-03,NORMAL,0.547010149498998,0.3520180235185888,0.12727272727272726
2023-10-04,NORMAL,0.33666425371825764,0.35044488804084933,0.09562289562289562
2023-10-05,NORMAL,0.06860888104033415,0.3616043264758603,0.3178451178451178
2023-10-06,NORMAL,0.06907635895111885,0.36089768428755675,0.2996632996632997
2023-10-09,NORMAL,0.11227741281748765,0.3612367198140512,0.3090909090909091
2023-10-10,NORMAL,0.0772279533306514,0.3595446996441782,0.2734006734006734
2023-10-11,NORMAL,0.18078238247044748,0.3562491597658638,0.2053872053872054
2023-10-12,NORMAL,0.11553482834910765,0.35212130647320566,0.1292929292929293
2023-10-13,NORMAL,0.11497523397689215,0.3522854755580772,0.13400673400673402
2023-10-16,NORMAL,0.1118232780627677,0.3547607792554057,0.1797979797979798
2023-10-17,NORMAL,0.1226828712990044,0.3537694314258519,0.16430976430976432
2023-10-18,NORMAL,0.0606527394790931,0.36145765370909844,0.3138047138047138
2023-10-19,NORMAL,0.08230932885635985,0.35796429336765395,0.24175084175084174
2023-10-20,NORMAL,0.15436571663235965,0.3539055763006411,0.16700336700336701
2023-10-23,NORMAL,0.1534944244299763,0.3552271687286335,0.18653198653198652
2023-10-24,NORMAL,0.12407151556840035,0.35095273575364516,0.10168350168350168
2023-10-25,NORMAL,0.1240921622751953,0.35250413210130305,0.13804713804713806
2023-10-26,NORMAL,0.12542539655127785,0.3580308034963873,0.24444444444444444
2023-10-27,NORMAL,0.09322344384317845,0.36285136490857445,0.34949494949494947
2023-10-30,NORMAL,0.21746761544685686,0.3760640913449538,0.5461279461279461
2023-10-31,NORMAL,0.07249570701641357,0.3704630141014753,0.4734006734006734
2023-11-01,NORMAL,0.07879455242892115,0.37050409366014014,0.4740740740740741
2023-11-02,NORMAL,0.2648688806330683,0.3727121481862491,0.5043771043771044
2023-11-03,NORMAL,0.09430962174656042,0.3686735467726355,0.4511784511784512
2023-11-06,NORMAL,0.08975016878340135,0.3708157869146059,0.4767676767676768
2023-11-07,NORMAL,0.09595308268682533,0.3711128288779574,0.4794612794612795
2023-11-08,NORMAL,0.4893993893014966,0.38605162514333935,0.6424242424242425
2023-11-09,NORMAL,0.1314038237569316,0.3620828581505436,0.3333333333333333
2023-11-10,NORMAL,0.2703662840963429,0.3699741784681632,0.468013468013468
2023-11-13,NORMAL,0.1000872419661868,0.36036474409111185,0.29023569023569024
2023-11-14,NORMAL,0.0969883722053236,0.36156896221274687,0.31717171717171716
2023-11-15,NORMAL,0.09110714302362595,0.37229131475190247,0.49764309764309766
2023-11-16,NORMAL,0.3939646930849765,0.37616806231777,0.5468013468013468
2023-11-17,NORMAL,0.17761686052242195,0.36438445142995135,0.37777777777777777
2023-11-20,NORMAL,0.20513819019652724,0.36870184579038545,0.45185185185185184
2023-11-21,NORMAL,0.20454070263998705,0.36539952875058096,0.40134680134680134
2023-11-22,NORMAL,0.2845652990386391,0.3703518498690106,0.47205387205387206
2023-11-23,NORMAL,0.4710155235086012,0.3847264799698439,0.6323232323232323
2023-11-24,NORMAL,0.23179029257154204,0.363188443130672,0.3548821548821549
2023-11-27,NORMAL,0.2142959805900844,0.36397390523840434,0.37306397306397304
2023-11-28,NORMAL,0.23774604167168426,0.3667100980460542,0.4303030303030303
2023-11-29,NORMAL,0.16808672854539686,0.36643722959685754,0.4222222222222222
2023-11-30,NORMAL,0.61383827810654,0.3922526396920393,0.6875420875420876
2023-12-01,NORMAL,0.2280971861624354,0.3616629516526227,0.32255892255892255
2023-12-04,NORMAL,0.1992074705888243,0.3616493563025237,0.3218855218855219
2023-12-05,NORMAL,0.3572978160647294,0.3734081056328367,0.5117845117845118
2023-12-06,NORMAL,0.22603891198040116,0.3635653488966946,0.3622895622895623
2023-12-07,NORMAL,0.14170703612491614,0.3689254863618034,0.45454545454545453
2023-12-08,NORMAL,0.2876263903416915,0.3727353622709319,0.5050505050505051
2023-12-11,NORMAL,0.20308643040594485,0.3637550873025313,0.36767676767676766
2023-12-12,NORMAL,0.18754282050595833,0.36926916104057833,0.4572390572390572
2023-12-13,NORMAL,0.3191295270598933,0.3725479434133251,0.5016835016835017
2023-12-14,NORMAL,0.20966754621477465,0.3654135574605183,0.402020202020202
2023-12-15,NORMAL,0.1119523329740107,0.3712885665990003,0.48148148148148145
2023-12-18,NORMAL,0.4662363723269192,0.37603052044029145,0.5461279461279461
2023-12-19,NORMAL,0.24411604354662225,0.3635738304798937,0.362962962962963
2023-12-20,NORMAL,0.24389389361124444,0.36986425328725653,0.46734006734006733
2023-12-21,NORMAL,0.3059072893416357,0.3783611085700187,0.5723905723905723
2023-12-22,NORMAL,0.329101032794585,0.3878040647121696,0.6565656565656566
2023-12-25,NORMAL,0.5757262404170884,0.40873044517855184,0.7676767676767676
2023-12-26,NORMAL,0.7607543495639076,0.42112785712893785,0.8047138047138047
2023-12-27,NORMAL,0.8567220705916262,0.40830844171514996,0.7643097643097643
2023-12-28,NORMAL,0.836480725486809,0.39479578152516975,0.7023569023569024
2023-12-29,NORMAL,0.8907738892277582,0.41492940785616517,0.7878787878787878
2024-01-01,NORMAL,0.8715365338402548,0.3993512424529294,0.7243553008595989
2024-01-02,NORMAL,0.9921341566875055,0.42593814712485395,0.8171919770773639
2024-01-03,ANOMALOUS,1.0304604741288204,0.39233886338537366,0.6825214899713467
2024-01-04,ANOMALOUS,1.1009684499192312,0.404327819183174,0.7530085959885386
2024-01-05,ANOMALOUS,1.0335021106599829,0.3950188031342507,0.7002865329512894
2024-01-08,NORMAL,0.8795209406607899,0.3834898962380661,0.6229226361031519
2024-01-09,NORMAL,0.3712415486587095,0.36057530569663365,0.2710601719197708
2024-01-10,NORMAL,0.3715915835068372,0.3599095986455725,0.25730659025787966
2024-01-11,NORMAL,0.23095831224085894,0.36282886153662497,0.32034383954154727
2024-01-12,NORMAL,0.2850370564072455,0.36638868367751437,0.3982808022922636
2024-01-15,NORMAL,0.43556868083130024,0.3695517790285669,0.46418338108882523
2024-01-16,NORMAL,0.43577886199406446,0.36057864177894494,0.27163323782234955
2024-01-17,NORMAL,0.43660667166590733,0.36055041342137717,0.2693409742120344
2024-01-18,NORMAL,0.454036137979489,0.3613948387127334,0.2871060171919771
2024-01-19,NORMAL,0.3212097917310463,0.3606643430342841,0.2722063037249284
2024-01-22,NORMAL,0.255652415249976,0.36174810191067813,0.2934097421203438
2024-01-23,NORMAL,0.4214837605780652,0.37347421953620746,0.5157593123209169
2024-01-24,NORMAL,0.42028270177112054,0.3606042291695603,0.2722063037249284
2024-01-25,NORMAL,0.41841556864127266,0.35997705877025576,0.25845272206303727
2024-01-26,NORMAL,0.7200451160517906,0.4080861452855917,0.766189111747851
2024-01-29,ANOMALOUS,1.148964385108278,0.4328154469062428,0.8275071633237823
2024-01-30,ANOMALOUS,1.1236270160968274,0.3971815973563171,0.7117478510028653
2024-01-31,ANOMALOUS,1.1413241498965636,0.40014181616198996,0.7283667621776504
2024-02-01,ANOMALOUS,1.1432390113980064,0.40035704555613777,0.7289398280802293
2024-02-02,NORMAL,0.9258895947424954,0.3995618370924193,0.7260744985673352
2024-02-05,NORMAL,0.5588636000607186,0.3610943018642917,0.28137535816618914
2024-02-06,NORMAL,0.5607836079993399,0.3607057371905514,0.27277936962750715
2024-02-07,NORMAL,0.5317120053009335,0.35887131031658315,0.230945558739255
2024-02-08,NORMAL,0.5065076190558632,0.3578752648356705,0.20859598853868194
2024-02-09,NORMAL,0.28187385555968164,0.35666300225143394,0.1839541547277937
2024-02-12,NORMAL,0.26396168072290577,0.3533942525162226,0.10773638968481375
2024-02-13,NORMAL,0.27815481686086374,0.35437859179596926,0.1318051575931232
2024-02-14,NORMAL,0.2800328752567066,0.35126626719751214,0.07277936962750717
2024-02-15,NORMAL,0.32316674346141677,0.35388441847923485,0.12034383954154727
2024-02-16,NORMAL,0.3993689609338155,0.3595281675586914,0.2492836676217765
2024-02-19,NORMAL,0.41315802807676766,0.35244900310580896,0.09570200573065903
2024-02-20,NORMAL,0.4123402494735975,0.35456588103228465,0.135243553008596
2024-02-21,NORMAL,0.44525998685993806,0.3592632433906686,0.24183381088825215
2024-02-22,NORMAL,0.4474024711413484,0.35832101212825657,0.2177650429799427
2024-02-23,NORMAL,0.36392187943469634,0.35321852104319373,0.10659025787965616
2024-02-26,NORMAL,0.3179748162892319,0.3557555794172374,0.1650429799426934
2024-02-27,NORMAL,0.3070097552556251,0.35463395499129047,0.13753581661891118
2024-02-28,NORMAL,0.24312482218207235,0.3576457549177129,0.202865329512894
2024-02-29,NORMAL,0.08054369916511896,0.36543583327990453,0.37707736389684815
2024-03-01,NORMAL,0.4518970722120651,0.3746526195396037,0.5329512893982808
2024-03-04,NORMAL,0.9542041078299572,0.41093962888443597,0.7724928366762178
2024-03-05,NORMAL,0.5716771401311165,0.37189571123551135,0.49340974212034383
2024-03-06,NORMAL,0.6033285320812497,0.3954449136135662,0.7031518624641834
2024-03-07,NORMAL,0.5762856897322536,0.3759717634931489,0.5461318051575931
2024-03-08,NORMAL,0.5776710501653002,0.3776259836171104,0.5707736389684813
2024-03-11,NORMAL,0.4297520354007329,0.37243135123212684,0.4997134670487106
2024-03-12,NORMAL,0.3905879269084561,0.3694401339965607,0.4607449856733524
2024-03-13,NORMAL,0.3561206687135145,0.3728818660884928,0.5048710601719197
2024-03-14,NORMAL,0.3642953815090829,0.36589525195185685,0.3839541547277937
2024-03-15,NORMAL,0.39367309264499495,0.36832547855142933,0.44068767908309453
2024-03-18,NORMAL,0.4853032748290692,0.3783668910642749,0.5787965616045845
2024-03-19,NORMAL,0.4880157487143172,0.36901076431888197,0.45272206303724927
2024-03-20,NORMAL,0.4213294078681603,0.36673384999783076,0.4034383954154728
2024-03-21,ANOMALOUS,1.679865315483454,0.47533933656712707,0.8934097421203439
2024-03-22,ANOMALOUS,1.0983889729979235,0.4139380597720347,0.783381088825215
2024-03-25,ANOMALOUS,1.0894546932995361,0.41025430183328027,0.7702005730659026
2024-03-26,ANOMALOUS,1.1074526470161885,0.40384496462255765,0.7518624641833811
2024-03-27,ANOMALOUS,1.172886525832452,0.41044633775869716,0.7713467048710602
2024-03-28,NORMAL,0.4654430702996177,0.3621177666813377,0.30429799426934095
2024-03-29,NORMAL,0.28461005992071015,0.36419797091462836,0.3518624641833811
2024-04-01,NORMAL,0.7311223869086171,0.3919568505760102,0.6813753581661891
2024-04-02,NORMAL,0.8073822561410201,0.3894688846070619,0.6636103151862465
2024-04-03,NORMAL,0.6828385952169894,0.3788289253801841,0.5833810888252149
2024-04-04,NORMAL,0.5846499246380713,0.3800502822807202,0.5908309455587393
2024-04-05,NORMAL,0.6613914998829968,0.38369490455123,0.6234957020057307
2024-04-08,NORMAL,0.5272573368360424,0.36080437161611667,0.27621776504297996
2024-04-09,NORMAL,0.6345721533832248,0.37757077605156086,0.5696275071633238
2024-04-10,NORMAL,0.5565888637447632,0.3604550466196168,0.2681948424068768
2024-04-11,NORMAL,0.4906376937514902,0.3614464308949208,0.2882521489971347
2024-04-12,NORMAL,0.4755237474343418,0.35925351712444425,0.24183381088825215
2024-04-15,NORMAL,0.4398066207422081,0.3575289276523856,0.1994269340974212
2024-04-16,NORMAL,0.1516640546985149,0.35497124098083865,0.14269340974212033
2024-04-17,NORMAL,0.2899613157359693,0.35250962715863454,0.09684813753581661
2024-04-18,NORMAL,0.3185539675555415,0.3510412889091743,0.06991404011461318
2024-04-19,NORMAL,0.3094825845056074,0.34658767924597844,0.02177650429799427
2024-04-22,NORMAL,0.31999493541630114,0.34619777799893137,0.018911174785100286
2024-04-23,NORMAL,0.31438966800528806,0.34694420696824607,0.022922636103151862
2024-04-24,NORMAL,0.20200081756786176,0.3523122276975693,0.09340974212034384
2024-04-25,NORMAL,0.1354533745858638,0.358261576339852,0.2171919770773639
2024-04-26,NORMAL,0.2188188524184604,0.3648550376777214,0.3650429799426934
2024-04-29,NORMAL,0.2097068714269458,0.35924600830550935,0.24183381088825215
2024-04-30,NORMAL,0.2095684193308995,0.37068517812908286,0.47679083094555874
2024-05-01,NORMAL,0.35959690537386046,0.35998697250397427,0.25902578796561604
2024-05-02,NORMAL,0.49184590697602476,0.3792736832380356,0.5845272206303725
2024-05-03,NORMAL,0.41657156152454317,0.35929210566878017,0.24297994269340975
2024-05-06,NORMAL,0.44030515576366835,0.3721145776213606,0.49684813753581664
2024-05-07,NORMAL,0.4538729377223415,0.36108792356712643,0.2808022922636103
2024-05-08,NORMAL,0.3017704215452809,0.3651406995539822,0.36962750716332377
2024-05-09,NORMAL,0.2234406720623229,0.36439153658794976,0.35702005730659025
2024-05-10,NORMAL,0.2251605517845686,0.3679903575290389,0.4343839541547278
2024-05-13,NORMAL,0.3375933652586322,0.36855936089042174,0.44412607449856734
2024-05-14,NORMAL,0.20741803936917755,0.3593465976944032,0.24641833810888253
2024-05-15,NORMAL,0.3881682828916415,0.37439532745514553,0.5283667621776504
2024-05-16,NORMAL,0.5146176949716073,0.37554185221067193,0.5415472779369628
2024-05-17,NORMAL,0.4597744053369024,0.36480770706893967,0.36217765042979944
2024-05-20,NORMAL,0.41237826356846274,0.3611852135798167,0.2830945558739255
2024-05-21,NORMAL,0.4144693760336835,0.3659212496220339,0.3839541547277937
2024-05-22,NORMAL,0.3617106349433993,0.36001583902756173,0.25902578796561604
2024-05-23,NORMAL,0.1989510256438736,0.36810767117635956,0.4372492836676218
2024-05-24,NORMAL,0.24877566099504664,0.366896482259391,0.405730659025788
2024-05-27,NORMAL,0.3273721398457458,0.3703273002101536,0.47392550143266476
2024-05-28,NORMAL,0.401077019924614,0.3672243712921233,0.4143266475644699
2024-05-29,NORMAL,0.36266088274440833,0.3572753228500183,0.19484240687679083
2024-05-30,NORMAL,0.37901643099567844,0.3618376622793759,0.295702005730659
2024-05-31,NORMAL,0.3856363294026093,0.36194010349446215,0.3008595988538682
2024-06-03,NORMAL,0.37253674524283137,0.3696269182715146,0.464756446991404
2024-06-04,ANOMALOUS,1.6313158784209267,0.44521397144621017,0.8464183381088826
2024-06-05,ANOMALOUS,1.1214544000404971,0.43214557951337895,0.8263610315186246
2024-06-06,ANOMALOUS,1.1243681280705458,0.4005175524383823,0.729512893982808
2024-06-07,ANOMALOUS,1.129606271620251,0.4027455348015137,0.7449856733524355
2024-06-10,ANOMALOUS,1.1185265439412853,0.40050214638054416,0.729512893982808
2024-06-11,NORMAL,0.7224623724499376,0.36986833974579325,0.4670487106017192
2024-06-12,NORMAL,0.2422566062114825,0.352859984470359,0.101432664756447
2024-06-13,NORMAL,0.2783967526520165,0.3528854537901428,0.101432664756447
2024-06-14,NORMAL,0.9704424006863174,0.41959183839353237,0.8040114613180516
2024-06-17,NORMAL,0.958615322946772,0.3805972367698359,0.5959885386819485
2024-06-18,ANOMALOUS,1.1350464192838452,0.4110588593818808,0.7724928366762178
2024-06-19,ANOMALOUS,1.1387753737018167,0.3952064852149878,0.7020057306590258
2024-06-20,ANOMALOUS,1.1637919636587006,0.4133400738210147,0.7805157593123209
2024-06-21,NORMAL,0.815694102559347,0.36615101743880707,0.3879656160458453
2024-06-24,NORMAL,0.8449099495840658,0.368913536444504,0.4510028653295129
2024-06-25,NORMAL,0.5289017413374715,0.3559828214069742,0.16962750716332378
2024-06-26,NORMAL,0.6356041589524605,0.3636172213634749,0.34040114613180517
2024-06-27,NORMAL,0.301469530711331,0.34761121015207774,0.03037249283667622
2024-06-28,NORMAL,0.33221950764056657,0.35254497536525026,0.09684813753581661
2024-07-01,NORMAL,0.29671144003280175,0.35905192358442856,0.23724928366762177
2024-07-02,NORMAL,0.254193031248858,0.3720536362472133,0.49684813753581664
2024-07-03,NORMAL,0.2649173218288861,0.3585326773560859,0.22349570200573066
2024-07-04,NORMAL,0.29554832590496,0.3568018681384604,0.18681948424068767
2024-07-05,NORMAL,0.40231020297591796,0.35073566115158267,0.06475644699140401
2024-07-08,NORMAL,0.34978869942742224,0.34519514496977266,0.01489971346704871
2024-07-09,NORMAL,0.2515130489460399,0.358300595306432,0.2171919770773639
2024-07-10,NORMAL,0.28900594937266544,0.35146303121060496,0.07564469914040114
2024-07-11,NORMAL,0.3184278691551172,0.34742256829901497,0.02865329512893983
2024-07-12,NORMAL,0.4457873699247645,0.36101311091050653,0.2796561604584527
2024-07-15,NORMAL,0.5075721453553504,0.3556319563813961,0.16217765042979942
2024-07-16,NORMAL,0.4583033696204698,0.34920221573348315,0.044126074498567334
2024-07-17,NORMAL,0.43692299826193487,0.34884500414977215,0.042406876790830945
2024-07-18,NORMAL,0.43048036979095883,0.35086362312199076,0.0664756446991404
2024-07-19,NORMAL,0.1748618509943589,0.35244690079003377,0.09570200573065903
2024-07-22,NORMAL,0.43258538728833495,0.3695255807239128,0.4636103151862464
2024-07-23,NORMAL,0.2637840764729065,0.35964372196615346,0.2510028653295129
2024-07-24,NORMAL,0.22220169799143405,0.36467668308279916,0.36103151862464183
2024-07-25,NORMAL,0.4828283333314984,0.37160907771630486,0.48939828080229225
2024-07-26,NORMAL,0.4593015900890626,0.355195874656307,0.1467048710601719
2024-07-29,NORMAL,0.4190674796293443,0.3563696268050958,0.17650429799426934
2024-07-30,NORMAL,0.3973689023197739,0.35152951121631737,0.07679083094555873
2024-07-31,NORMAL,0.3555223772464145,0.3547538223845712,0.13868194842406878
2024-08-01,NORMAL,0.32605169464574946,0.35307128434243945,0.10372492836676218
2024-08-02,NORMAL,0.3300249189017876,0.35259497687843927,0.09742120343839542
2024-08-05,NORMAL,0.342732565418336,0.3526800668574619,0.0997134670487106
2024-08-06,NORMAL,0.549756058454344,0.37408893062065834,0.5243553008595988
2024-08-07,NORMAL,0.6090771127438112,0.3792912416407841,0.5845272206303725
2024-08-08,NORMAL,0.5601414426048856,0.3562882308279369,0.17478510028653296
2024-08-09,NORMAL,0.5674357940012242,0.35657919471976424,0.18223495702005732
2024-08-12,NORMAL,0.547838779093381,0.35457140470485765,0.135243553008596
2024-08-13,NORMAL,0.36427686877916565,0.3517557070591342,0.07965616045845272
2024-08-14,NORMAL,0.21454159886197474,0.349791712472468,0.05157593123209169
2024-08-15,NORMAL,0.2121645858329982,0.34875752792644166,0.03954154727793696
2024-08-16,NORMAL,0.21978316973585685,0.3500039133621008,0.05673352435530086
2024-08-19,NORMAL,0.19055616239769754,0.3501457741701144,0.05845272206303725
2024-08-20,NORMAL,0.18563160217418356,0.36182180762584554,0.29512893982808025
2024-08-21,NORMAL,0.1699592646249114,0.3538940749489105,0.12034383954154727
2024-08-22,NORMAL,0.16843261600072876,0.3516828172247607,0.07908309455587392
2024-08-23,NORMAL,0.17632004584800445,0.35527600654177255,0.1501432664756447
2024-08-26,NORMAL,0.2022522623234375,0.35152699215612704,0.07679083094555873
2024-08-27,NORMAL,0.1523088523088851,0.3515250122165213,0.07679083094555873
2024-08-28,NORMAL,0.1406969491683356,0.35409394423782,0.12492836676217765
2024-08-29,NORMAL,0.14126848535736214,0.35297460416122883,0.10200573065902578
2024-08-30,NORMAL,0.15786783115084155,0.3578120743315412,0.20630372492836677
2024-09-02,NORMAL,0.7025217031445977,0.38485591409449343,0.6332378223495702
2024-09-03,NORMAL,0.4505091889755292,0.35647645634779895,0.18051575931232092
2024-09-04,NORMAL,0.44918546171455986,0.3518184114397809,0.08137535816618911
2024-09-05,NORMAL,0.4551929046227089,0.3691491213854488,0.4561604584527221
2024-09-06,NORMAL,0.5470181224688045,0.36258144484883703,0.3146131805157593
2024-09-09,NORMAL,0.3219633140561568,0.3536754094760863,0.11575931232091691
2024-09-10,NORMAL,0.2897893846470901,0.35142354692951766,0.07392550143266476
2024-09-11,NORMAL,0.37171509973350625,0.3635582063334626,0.3386819484240688
2024-09-12,NORMAL,0.35025631648327227,0.362640906805829,0.3157593123209169
2024-09-13,NORMAL,0.32626636972108924,0.3566164813436927,0.18223495702005732
2024-09-16,NORMAL,0.3601333815617812,0.36010299546815977,0.25959885386819487
2024-09-17,NORMAL,0.44555922892638866,0.3589601878037385,0.233810888252149
2024-09-18,NORMAL,0.3875658745722443,0.3523326873091046,0.09340974212034384
2024-09-19,NORMAL,0.3372099642943146,0.35617303678354695,0.17363896848137536
2024-09-20,NORMAL,0.3575448713616737,0.3576954205020662,0.20515759312320916
2024-09-23,NORMAL,0.33834984674171775,0.35028498069855357,0.05902578796561605
2024-09-24,NORMAL,0.27704973155702084,0.35029242749823547,0.05959885386819484
2024-09-25,NORMAL,0.2721424841790823,0.35044966967030344,0.06074498567335244
2024-09-26,NORMAL,0.2019444646979957,0.3536131088091145,0.11060171919770774
2024-09-27,NORMAL,0.09253621236868165,0.3581611187144458,0.2160458452722063
2024-09-30,NORMAL,0.0905804145334552,0.3582700067334572,0.2171919770773639
2024-10-01,NORMAL,0.0463041381698344,0.3666398492737291,0.40229226361031517
2024-10-02,NORMAL,0.2625231112328122,0.3653949398302804,0.37593123209169055
2024-10-03,NORMAL,0.18331773049342254,0.36047659337263077,0.26876790830945557
2024-10-04,NORMAL,0.44103012222858723,0.3641573056219509,0.3512893982808023
2024-10-07,NORMAL,0.34434983999484636,0.3529432559051633,0.10200573065902578
2024-10-08,NORMAL,0.350832151584704,0.3522418895657399,0.09340974212034384
2024-10-09,NORMAL,0.35385325810166074,0.35896453022551905,0.233810888252149
2024-10-10,NORMAL,0.38509625432755934,0.3636465529554072,0.34097421203438394
2024-10-11,NORMAL,0.486976715221059,0.3696636321944367,0.46532951289398283
2024-10-14,NORMAL,0.41799729949289666,0.35410711483056656,0.12492836676217765
2024-10-15,NORMAL,0.4459577539380118,0.37211414706709023,0.49684813753581664
2024-10-16,NORMAL,0.4386949109586101,0.36212020841715076,0.30429799426934095
2024-10-17,NORMAL,0.4462878068075084,0.36435309535588906,0.3564469914040115
2024-10-18,NORMAL,0.5264236456493595,0.37681215241503374,0.5564469914040114
2024-10-21,NORMAL,0.4569402793311902,0.3574789616529609,0.1994269340974212
2024-10-22,NORMAL,0.4168289229560229,0.3566844788071667,0.1845272206303725
2024-10-23,NORMAL,0.38269314188098535,0.3544627095137165,0.1329512893982808
2024-10-24,NORMAL,0.40317016169242187,0.3641772702751805,0.3512893982808023
2024-10-25,NORMAL,0.30260171671327674,0.3585735462547183,0.22406876790830946
2024-10-28,NORMAL,0.3025019451545995,0.3516550585054763,0.07908309455587392
2024-10-29,NORMAL,0.3325192177153685,0.3553874381720379,0.15530085959885387
2024-10-30,NORMAL,0.3572895464748315,0.3592857770455622,0.24183381088825215
2024-10-31,NORMAL,0.286552501778171,0.3565378634811065,0.18051575931232092
2024-11-01,NORMAL,0.28556547477157246,0.3601338348582851,0.26017191977077364
2024-11-04,NORMAL,0.31467877991722865,0.3557983182216986,0.166189111747851
2024-11-05,NORMAL,0.40962553635744725,0.3674860150466656,0.42005730659025786
2024-11-06,NORMAL,0.5294968650186789,0.3862105042749858,0.6446991404011462
2024-11-07,NORMAL,0.5520911725963575,0.3690566349731795,0.45386819484240687
2024-11-08,NORMAL,0.7924536922408753,0.4012895684672404,0.735243553008596
2024-11-11,NORMAL,0.821103218682642,0.38660314544820223,0.6481375358166189
2024-11-12,NORMAL,0.8060192871721611,0.37808325415586114,0.5776504297994269
2024-11-13,NORMAL,0.6677865824230848,0.36943233354632465,0.4607449856733524
2024-11-14,NORMAL,0.7001751020667246,0.37215110176989075,0.49684813753581664
2024-11-15,NORMAL,0.5049542131212088,0.36819981618054726,0.439541547277937
2024-11-18,NORMAL,0.5004873217814506,0.3733841721266296,0.5151862464183381
2024-11-19,NORMAL,0.6391163018263989,0.3762956394581835,0.548997134670487
2024-11-20,NORMAL,0.654153845750915,0.3705171914545989,0.47449856733524354
2024-11-21,NORMAL,0.6257782752695077,0.3653889032860647,0.37593123209169055
2024-11-22,NORMAL,0.5620160343973243,0.3642836356023961,0.3553008595988539
2024-11-25,NORMAL,0.4251812973641375,0.35563248195334,0.16217765042979942
2024-11-26,NORMAL,0.3756474555673577,0.36342935842014734,0.3363896848137536
2024-11-27,NORMAL,0.3392675830840723,0.3573472413095301,0.19598853868194843
2024-11-28,NORMAL,0.44986342392826306,0.36318666135571687,0.332378223495702
2024-11-29,NORMAL,0.4951376768555088,0.3636275535044962,0.34097421203438394
2024-12-02,NORMAL,0.4950931870771302,0.35808816745257754,0.21375358166189112
2024-12-03,NORMAL,0.41195232072683374,0.35543002415649927,0.15702005730659027
2024-12-04,NORMAL,0.4216162957602274,0.3571336870855814,0.19255014326647565
2024-12-05,NORMAL,0.4386906212279003,0.3653030575500319,0.37249283667621774
2024-12-06,NORMAL,0.4437253623139101,0.3620322267259481,0.3020057306590258
2024-12-09,NORMAL,0.4612002264581566,0.35916211922341607,0.24068767908309455
2024-12-10,NORMAL,0.4706175864401456,0.35767973231413064,0.20458452722063036
2024-12-11,NORMAL,0.4460647434888856,0.3570687420684984,0.19140401146131805
2024-12-12,NORMAL,0.2841051194841164,0.3558692961507932,0.1673352435530086
2024-12-13,NORMAL,0.13741819706385036,0.3656906441015816,0.3816618911174785
2024-12-16,NORMAL,0.20160821452774536,0.35943538681831816,0.2481375358166189
2024-12-17,NORMAL,0.2179625510132155,0.3603622572480225,0.2670487106017192
2024-12-18,NORMAL,0.23314399337313704,0.36026897196748336,0.264756446991404
2024-12-19,NORMAL,0.24078000694240856,0.36046708954972123,0.2681948424068768
2024-12-20,NORMAL,0.481243721665301,0.3737348936176388,0.520916905444126
2024-12-23,NORMAL,0.3541691253197866,0.3620457139326476,0.3020057306590258
2024-12-24,NORMAL,0.4630495741578034,0.36888233950160304,0.4504297994269341
2024-12-25,NORMAL,0.4661688306865008,0.3613830825433577,0.2871060171919771
2024-12-26,NORMAL,0.6099807977486486,0.39055413968934344,0.670487106017192
2024-12-27,NORMAL,0.4050334098952862,0.36094155971005243,0.27793696275071633
2024-12-30,NORMAL,0.8394095870318676,0.4070744814636177,0.7610315186246418
2024-12-31,NORMAL,0.7372476594774888,0.37209266822468146,0.49684813753581664
2025-01-01,NORMAL,0.760123674088735,0.361147732147951,0.3746885899352267
2025-01-02,NORMAL,0.6910360510988298,0.36405467220088034,0.43298455406078723
2025-01-03,NORMAL,0.68984945088108,0.35882291512324455,0.32536123567513703
2025-01-06,NORMAL,0.485154717716008,0.363279008406111,0.41654210264075736
2025-01-07,NORMAL,0.4336433934857656,0.34994221976517725,0.13602391629297458
2025-01-08,NORMAL,0.4377457528764006,0.3501786815985482,0.14150473343298456
2025-01-09,NORMAL,0.41017764547256347,0.34746987247019884,0.08769307424015944
2025-01-10,NORMAL,0.5402576923032303,0.35539214794726,0.2471350274040857
2025-01-13,NORMAL,0.38841446258872814,0.34879040548887424,0.11310413552566019
2025-01-14,NORMAL,0.42861753554549414,0.34625887016025597,0.06527154957648232
2025-01-15,NORMAL,0.4566435743601368,0.347184104864645,0.08470353761833582
2025-01-16,NORMAL,0.502461304358046,0.35149333328971466,0.17040358744394618
2025-01-17,NORMAL,0.4080971104794608,0.3460429810975542,0.060787244643746886
2025-01-20,NORMAL,0.4495351478845435,0.3502256298863154,0.14150473343298456
2025-01-21,NORMAL,0.4501816531576733,0.3464846551925018,0.07075236671649228
2025-01-22,NORMAL,0.394417769317665,0.3444462789797625,0.03537618335824614
2025-01-23,NORMAL,0.3169436248070446,0.346158705955865,0.06477329347284504
2025-01-24,NORMAL,0.30840582390235455,0.34431745108152956,0.03338315894369706
2025-01-27,NORMAL,0.2603973164217051,0.34728576302469977,0.08520179372197309
2025-01-28,NORMAL,0.2942285921593695,0.3462054776308511,0.06477329347284504
2025-01-29,NORMAL,0.3408000354435998,0.34917367050828285,0.11808669656203288
2025-01-30,NORMAL,0.3684998733967487,0.3509334334409022,0.1574489287493772
2025-01-31,NORMAL,0.4320339705715576,0.352307484764796,0.18933731938216244
2025-02-03,NORMAL,0.600109598115158,0.3684046800878289,0.4957648231190832
2025-02-04,NORMAL,0.6731368105621692,0.36829905976469773,0.4957648231190832
2025-02-05,NORMAL,0.7115681756487265,0.3674041459156479,0.48181365221723965
2025-02-06,NORMAL,0.7051517773653861,0.36426987610233313,0.4384653712007972
2025-02-07,NORMAL,0.7251441267360302,0.36362645531179005,0.42451420029895365
2025-02-10,NORMAL,0.4851827210829078,0.3492584388255344,0.12057797708021924
2025-02-11,NORMAL,0.44955756572774397,0.34932242155220333,0.12207274539113104
2025-02-12,NORMAL,0.37044289959526705,0.3511336812407173,0.16143497757847533
2025-02-13,NORMAL,0.3319200801039831,0.3514521503914721,0.16940707523667164
2025-02-14,NORMAL,0.502886473284464,0.3620487949178681,0.3866467364225212
2025-02-17,NORMAL,0.4904866983372455,0.34986963286318223,0.13452914798206278
2025-02-18,NORMAL,0.5042205001037448,0.3493472471509847,0.12207274539113104
2025-02-19,NORMAL,0.5096009401838975,0.3495447201730053,0.12506228201295466
2025-02-20,NORMAL,0.490360307562674,0.349864008824455,0.1340308918784255
2025-02-21,NORMAL,0.5216471216657754,0.3645601633414862,0.4439461883408072
2025-02-24,NORMAL,0.5385026839982271,0.3522013352972606,0.18684603886397608
2025-02-25,NORMAL,0.551083608081144,0.3517499216054784,0.17389138016940708
2025-02-26,NORMAL,0.5652890197509494,0.3514731905043508,0.1699053313403089
2025-02-27,NORMAL,0.6130104498315573,0.35765816029264846,0.30543099152964626
2025-02-28,NORMAL,0.31727250557720044,0.34727106259925006,0.08520179372197309
2025-03-03,NORMAL,0.43098569255637276,0.3609940429178434,0.3721973094170404
2025-03-04,NORMAL,0.4260629122442463,0.35200484808385374,0.18086696562032886
2025-03-05,NORMAL,0.4268697005252288,0.3553972302893418,0.2471350274040857
2025-03-06,NORMAL,0.42014830792945057,0.35526364884691186,0.24464374688589935
2025-03-07,NORMAL,0.450926673256078,0.35252130670709475,0.19382162431489786
2025-03-10,NORMAL,0.4537870316397146,0.35382548900583016,0.2192326856003986
2025-03-11,NORMAL,0.43807778161403327,0.34860839439883234,0.1081215744892875
2025-03-12,NORMAL,0.39339984361575314,0.34898270101089907,0.11509715994020926
2025-03-13,NORMAL,0.31516745922627093,0.34883908292329147,0.11310413552566019
2025-03-14,NORMAL,0.2714622252950054,0.34761803231420085,0.09068261086198307
2025-03-17,NORMAL,0.1496315477545745,0.35600785162815557,0.26258096661684105
2025-03-18,NORMAL,0.1778518969562899,0.3538850252578259,0.22022919780767314
2025-03-19,ANOMALOUS,6.410805166710201,0.5467915622363244,0.9546586945690084
2025-03-20,ANOMALOUS,1.6386510938862817,0.44528804315102605,0.8589935226706528
2025-03-21,ANOMALOUS,1.6453487279650085,0.4453043089006036,0.8589935226706528
2025-03-24,ANOMALOUS,1.6108840307667356,0.44832123796390944,0.8649725959143
2025-03-25,ANOMALOUS,1.6277926156712645,0.44501693354055777,0.8584952665670155
2025-03-26,NORMAL,0.1836601520451654,0.35258869807136084,0.19531639262580966
2025-03-27,NORMAL,0.2127011547895461,0.3496868849810841,0.1290483308420528
2025-03-28,NORMAL,0.2119725992191003,0.34802294261262956,0.09417040358744394
2025-03-31,NORMAL,0.11078416422088645,0.36246569723678773,0.40009965122072744
2025-04-01,NORMAL,0.0913943526018221,0.3602347748274531,0.3572496263079223
2025-04-02,NORMAL,0.08073820560664055,0.36169244158883024,0.3831589436970603
2025-04-03,NORMAL,0.10926051212559358,0.3631653794246272,0.414050822122571
2025-04-04,NORMAL,0.13666422301003656,0.3525598105130107,0.19531639262580966
2025-04-07,NORMAL,0.12002270630419296,0.3529336644259314,0.20378674638764324
2025-04-08,NORMAL,0.1514445568254731,0.35269271630353444,0.1983059292476333
2025-04-09,NORMAL,0.1781575383278307,0.34983130115351757,0.1325361235675137
2025-04-10,NORMAL,0.20211601217609246,0.35109288153787593,0.16093672147483806
2025-04-11,NORMAL,0.25158877397138324,0.3456487378792639,0.05331340308918784
2025-04-14,NORMAL,0.25139369411359097,0.3451706061873377,0.04484304932735426
2025-04-15,NORMAL,0.22229308616865084,0.3480242601881017,0.09417040358744394
2025-04-16,NORMAL,0.21885198191230745,0.34810029249188745,0.09765819631290483
2025-04-17,NORMAL,0.820575621265265,0.3808005258668397,0.6347782760338814
2025-04-18,NORMAL,0.47129074346709027,0.3585777613038976,0.3193821624314898
2025-04-21,NORMAL,0.36359692984426567,0.35258637260104125,0.19531639262580966
2025-04-22,NORMAL,0.3638660910434032,0.34557310960636534,0.05132037867463876
2025-04-23,NORMAL,0.36363059727226393,0.3437423920644414,0.02491280518186348
2025-04-24,NORMAL,0.14018095905488615,0.35210530882879887,0.184853014449427
2025-04-25,NORMAL,0.20392738810589467,0.3574511334838284,0.3004484304932735
2025-04-28,NORMAL,0.06591776396481015,0.35724646854159847,0.2964623816641754
2025-04-29,NORMAL,0.10146748614113438,0.35714958838409877,0.29197807673143994
2025-04-30,NORMAL,0.0894282639802164,0.3528522661461613,0.20179372197309417
2025-05-01,NORMAL,0.2744888875526619,0.35236579143875174,0.19083208769307425
2025-05-02,NORMAL,0.3577867190656626,0.34925161899795426,0.12057797708021924
2025-05-05,NORMAL,0.21102732827902745,0.34061357442200263,0.005480817140009965
2025-05-06,NORMAL,0.21356486349939074,0.3408783235420257,0.0064773293472845045
2025-05-07,NORMAL,0.2096349296673404,0.3408939502383425,0.0064773293472845045
2025-05-08,NORMAL,0.2600665387922415,0.3472709096542415,0.08520179372197309
2025-05-09,NORMAL,0.4195329230898259,0.3526540419038596,0.19730941704035873
2025-05-12,NORMAL,0.2201957933364549,0.34114184136375436,0.008470353761833582
2025-05-13,NORMAL,0.2202810054885165,0.3413286993549301,0.008470353761833582
2025-05-14,NORMAL,0.23216023802025074,0.34237325451771555,0.016940707523667164
2025-05-15,NORMAL,0.3077836643502723,0.34755267583682875,0.09068261086198307
2025-05-16,NORMAL,0.4178294736930247,0.35257479662487023,0.19531639262580966
2025-05-19,NORMAL,0.3571341347763379,0.3518438145353389,0.17638266068759342
2025-05-20,NORMAL,0.2485256149370258,0.3409802054846166,0.006975585450921774
2025-05-21,NORMAL,0.24422229483428404,0.33981763968415596,0.003487792725460887
2025-05-22,NORMAL,0.20594746038902675,0.3442697805284647,0.03338315894369706
2025-05-23,NORMAL,0.1173665690390647,0.34820765704861906,0.0981564524165421
2025-05-26,NORMAL,0.03508999962623095,0.36498262593271347,0.44942700548081715
2025-05-27,NORMAL,0.03532935184488725,0.3633432163697788,0.4175386148480319
2025-05-28,NORMAL,0.3724166669023958,0.35745309634931893,0.3004484304932735
2025-05-29,NORMAL,0.1334664586766569,0.34652971842646174,0.07174887892376682
2025-05-30,NORMAL,0.3765148872666155,0.35388641760540246,0.22022919780767314
2025-06-02,NORMAL,0.27789555991082815,0.3490167429647429,0.11559541604384654
2025-06-03,NORMAL,0.32464659404099677,0.34977843793710806,0.13153961136023917
2025-06-04,NORMAL,0.20655044740642356,0.34392215500393486,0.028400597907324365
2025-06-05,NORMAL,0.3836256616242833,0.3485755398903556,0.1081215744892875
2025-06-06,NORMAL,0.30336228214982014,0.350739695499973,0.15346287992027902
2025-06-09,NORMAL,0.2102513117024256,0.34224479897669446,0.015944195316392625
2025-06-10,NORMAL,0.31023845835924374,0.3496218400975152,0.12655705032386647
2025-06-11,NORMAL,0.574322493059132,0.3577981809560135,0.30692575984055803
2025-06-12,NORMAL,0.7226100511642921,0.3774558362795781,0.6058794220229198
2025-06-13,NORMAL,0.8206673771281935,0.38342762609297504,0.6542102640757349
2025-06-16,NORMAL,0.9553304899871685,0.3845538806875873,0.6601893373193821
2025-06-17,NORMAL,0.930448660947455,0.37804560221725664,0.6108619830592925
2025-06-18,NORMAL,0.8632830868744757,0.3677890384283935,0.48878923766816146
2025-06-19,NORMAL,0.7658950965967356,0.36120590292166554,0.3756851021425012
2025-06-20,NORMAL,0.29143304330188036,0.3512771872472979,0.1654210264075735
2025-06-23,NORMAL,0.4646790054037394,0.35346624064634297,0.2142501245640259
2025-06-24,NORMAL,0.42582596037224757,0.3475710704381305,0.09068261086198307
2025-06-25,NORMAL,0.5991998030132984,0.3594720168877747,0.3358246138515197
2025-06-26,NORMAL,0.5831952849126668,0.3495600656241907,0.12506228201295466
2025-06-27,NORMAL,0.644845208760967,0.35907921001452026,0.32934728450423517
2025-06-30,NORMAL,0.6941967711944578,0.36691840978930346,0.4743398106626806
2025-07-01,NORMAL,0.676964421306691,0.3559347339756374,0.2615844544095665
2025-07-02,NORMAL,0.5439164457909361,0.35505879994206513,0.2386646736422521
2025-07-03,NORMAL,0.5679557318824283,0.3502544422897272,0.1425012456402591
2025-07-04,NORMAL,0.400543543858022,0.3469650737707325,0.07922272047832586
2025-07-07,NORMAL,0.38890539614887554,0.3499465583900766,0.13602391629297458
2025-07-08,NORMAL,0.38886500744811625,0.346678591753429,0.07473841554559044
2025-07-09,NORMAL,0.2560779078154314,0.3477782544917875,0.09068261086198307
2025-07-10,NORMAL,0.2774510051027084,0.3463253426745178,0.06776283009466866
2025-07-11,NORMAL,0.29732540170644894,0.34784248623091635,0.09068261086198307
2025-07-14,NORMAL,0.26655691216960653,0.34573529728737923,0.05430991529646238
2025-07-15,NORMAL,0.25120491027287106,0.34479256863681457,0.04035874439461883
2025-07-16,NORMAL,0.22768874167980285,0.34650944295533836,0.07075236671649228
2025-07-17,NORMAL,0.2276891775248681,0.34644617514735543,0.07075236671649228
2025-07-18,NORMAL,0.24378125967157646,0.3501951795137645,0.14150473343298456
2025-07-21,NORMAL,0.2659903343843045,0.3455559536189673,0.05132037867463876
2025-07-22,NORMAL,0.2669221524483841,0.34510961376557564,0.04434479322371699
2025-07-23,NORMAL,0.26718119662484385,0.34526270479368987,0.04534130543099153
2025-07-24,ANOMALOUS,1.277278383664907,0.4124044030288454,0.7897359242650722
2025-07-25,ANOMALOUS,1.0853830838896,0.4135922206692267,0.7932237169905332
2025-07-28,ANOMALOUS,1.083579624015898,0.3830194132724305,0.6517189835575485
2025-07-29,ANOMALOUS,1.0853064165968374,0.3842061468719429,0.6596910812157449
2025-07-30,ANOMALOUS,1.08601104507296,0.38336281680875123,0.6542102640757349
2025-07-31,NORMAL,0.6100556422392646,0.35650728859845277,0.2815146985550573
2025-08-01,NORMAL,0.12869403672378066,0.35707035284964617,0.2909815645241654
2025-08-04,NORMAL,0.1150834883783309,0.3591214857156207,0.3303437967115097
2025-08-05,NORMAL,0.1175503057265973,0.3581945666821046,0.31340308918784254
2025-08-06,NORMAL,0.18005054313924995,0.3562907694387997,0.27404085700049824
2025-08-07,NORMAL,0.18356768069064927,0.3604676177158446,0.35924265072247136
2025-08-08,NORMAL,0.26616193396468624,0.34799866595815593,0.09367214748380667
2025-08-11,NORMAL,0.27442324762159453,0.3468549086201129,0.07623318385650224
2025-08-12,NORMAL,0.27513946149453006,0.345691965108398,0.05331340308918784
2025-08-13,NORMAL,0.25030604208208534,0.3466971134975874,0.0752366716492277
2025-08-14,NORMAL,0.13864317344331975,0.35586672555883553,0.25959142999501744
2025-08-15,NORMAL,0.0986515854576184,0.3587190361701767,0.3223716990533134
2025-08-18,NORMAL,0.1146937866087305,0.35658428249406615,0.2830094668659691
2025-08-19,NORMAL,0.11831027896570505,0.354792231929143,0.23467862481315396
2025-08-20,NORMAL,0.10975063741044445,0.3550727598828937,0.23916292974588937
2025-08-21,NORMAL,0.0947984670351047,0.3582458078717681,0.31390134529147984
2025-08-22,NORMAL,0.188456144061582,0.3609892096387618,0.3721973094170404
2025-08-25,NORMAL,0.163437815856331,0.35794114869591737,0.30792227204783257
2025-08-26,NORMAL,0.27506768593424674,0.3613144341315676,0.3776781265570503
2025-08-27,NORMAL,0.2718823374222153,0.3581440936067842,0.31141006477329347
2025-08-28,NORMAL,0.1833035485725297,0.35464610758878656,0.23019431988041852
2025-08-29,NORMAL,0.6871941797161041,0.3648445512055939,0.4479322371699053
2025-09-01,NORMAL,0.3882394318474501,0.3578468443457956,0.30742401594419533
2025-09-02,NORMAL,0.3114851288632954,0.3459069229625056,0.059292476332835076
2025-09-03,NORMAL,0.29913384622607664,0.3469130450823577,0.07822620827105133
2025-09-04,NORMAL,0.3193085992293563,0.35054330193294275,0.1469855505729945
2025-09-05,NORMAL,0.4952624876693905,0.3588996687303298,0.32635774788241156
2025-09-08,NORMAL,0.25787281887943553,0.3495252508003266,0.12506228201295466
2025-09-09,NORMAL,0.26871440108307043,0.3491177430869788,0.11609367214748381
2025-09-10,NORMAL,0.2713980808790646,0.34813673459072914,0.09765819631290483
2025-09-11,NORMAL,0.27009370510980873,0.3529772623200237,0.2042850024912805
2025-09-12,NORMAL,0.1638771300203143,0.35511815867381913,0.24015944195316394
2025-09-15,NORMAL,0.7662382374111706,0.38212225069780625,0.645241654210264
2025-09-16,NORMAL,0.5386688231150324,0.3692928470726296,0.5087194818136522
2025-09-17,NORMAL,0.4785142427439176,0.35464274054190403,0.23019431988041852
2025-09-18,NORMAL,0.41774737940033096,0.35240284713173636,0.19133034379671152
2025-09-19,NORMAL,0.5380313343082437,0.3622244449803028,0.39162929745889385
2025-09-22,NORMAL,0.4584580694052088,0.35184485139640015,0.17638266068759342
2025-09-23,NORMAL,0.30654830911241265,0.3500165170400766,0.13801694070752366
2025-09-24,NORMAL,0.31370739768562084,0.35105891580628334,0.1604384653712008
2025-09-25,NORMAL,0.29487495580041306,0.35034220337899347,0.14449427005480817
2025-09-26,NORMAL,0.3536369981962319,0.3549724458009389,0.23667164922770303
2025-09-29,NORMAL,0.2071086128072922,0.350857607793054,0.1554559043348281
2025-09-30,NORMAL,0.2747218264487554,0.3493834324189411,0.12306925759840558
2025-10-01,NORMAL,0.34987088426740665,0.3536426126426128,0.21674140508221226
2025-10-02,NORMAL,0.34765284924747597,0.3481029133769054,0.09765819631290483
2025-10-03,NORMAL,0.3633999390896342,0.3551097919749721,0.24015944195316394
2025-10-06,NORMAL,0.3559004580061489,0.34826526889879433,0.09915296462381665
2025-10-07,NORMAL,0.3522745398991896,0.3484841952089951,0.10612855007473841
2025-10-08,NORMAL,0.3022112785545499,0.348956808758944,0.11509715994020926
2025-10-09,NORMAL,0.31123445729187027,0.34787969738959756,0.09118086696562033
2025-10-10,NORMAL,0.3935304828312476,0.3556217508617599,0.25411061285500747
2025-10-13,NORMAL,0.3836303312114962,0.35420360773639636,0.22321873442949677
2025-10-14,NORMAL,0.37365528959724514,0.3491786628750681,0.11808669656203288
2025-10-15,NORMAL,0.36091288733495486,0.3482365835846697,0.09915296462381665
2025-10-16,NORMAL,0.4656982119403482,0.3546673573127795,0.2306925759840558
2025-10-17,NORMAL,0.4556466604999218,0.35856011733757587,0.3188839063278525
2025-10-20,NORMAL,0.36513717194374445,0.3561581057254862,0.2705530642750374
2025-10-21,NORMAL,0.36084011015100936,0.3549652824800625,0.2356751370204285
2025-10-22,NORMAL,0.40934104762811796,0.3576183087906288,0.3044344793223717
2025-10-23,NORMAL,0.3661554329236105,0.35438800730689496,0.22620827105132038
2025-10-24,NORMAL,0.653835089756547,0.383863452381798,0.6567015445939213
2025-10-27,NORMAL,0.5762672159021988,0.3826914517796617,0.6492277030393623
2025-10-28,NORMAL,0.7119686827487846,0.375839607740658,0.5909317389138017
2025-10-29,NORMAL,0.7320921967962511,0.3720491413092567,0.547085201793722
2025-10-30,NORMAL,0.7109519521084214,0.37121988844562603,0.536123567513702
2025-10-31,NORMAL,0.7907710211187046,0.3825951072008364,0.6477329347284504
2025-11-03,NORMAL,0.5789322796746776,0.36359527868806,0.42451420029895365
2025-11-04,NORMAL,0.5556296879440219,0.36103037918629816,0.3731938216243149
2025-11-05,NORMAL,0.5805696576493216,0.360396256564505,0.3582461385151968
2025-11-06,NORMAL,0.5814973983222697,0.35932560800260677,0.3333333333333333
2025-11-07,NORMAL,0.5773171230218002,0.3701349348595245,0.5191828599900349
2025-11-10,NORMAL,0.5051567913284707,0.35527057043251686,0.24464374688589935
2025-11-11,NORMAL,0.5680806017335486,0.3609331152540981,0.37120079720976584
2025-11-12,NORMAL,0.5520657436399315,0.35740246560548417,0.299451918285999
2025-11-13,NORMAL,0.5486648919849103,0.35715458699306896,0.29197807673143994
2025-11-14,NORMAL,0.20143691755470866,0.359925331771395,0.3452914798206278
2025-11-17,NORMAL,0.3725188990298488,0.3584106419059618,0.3173891380169407
2025-11-18,NORMAL,0.32093886030189905,0.3528832466466089,0.2027902341803687
2025-11-19,NORMAL,0.31226082348610407,0.35238447557791464,0.19083208769307425
2025-11-20,NORMAL,0.31563697883784947,0.35287055507679654,0.2027902341803687
2025-11-21,NORMAL,0.3305156485057457,0.358244318496319,0.31390134529147984
2025-11-24,NORMAL,0.39950571780586575,0.36087346334225623,0.37070254110612855
2025-11-25,NORMAL,0.4236467468474502,0.35944544594028727,0.3358246138515197
2025-11-26,NORMAL,0.4265403376694738,0.35436990284457726,0.22620827105132038
2025-11-27,NORMAL,0.4452184451765177,0.3578916842410909,0.30792227204783257
2025-11-28,NORMAL,0.43194004371987926,0.3606086693836959,0.3617339312406577
2025-12-01,NORMAL,0.698331485211296,0.3882460880082748,0.6885899352267065
2025-12-02,NORMAL,0.6051030051826388,0.3623526007854622,0.3976083707025411
2025-12-03,NORMAL,0.5893900558531108,0.36340187930335094,0.4190333831589437
2025-12-04,NORMAL,0.6582381095308674,0.3664904791165056,0.4693572496263079
2025-12-05,NORMAL,0.5733891215009782,0.35954056947426505,0.3368211260587942
2025-12-08,NORMAL,0.28533014409160823,0.3574067430727661,0.299451918285999
2025-12-09,NORMAL,0.2849997139888386,0.3561181524791796,0.26905829596412556
2025-12-10,NORMAL,0.2534653491749383,0.35768487132445204,0.3059292476332835
2025-12-11,NORMAL,0.20472242517135655,0.35834761600906323,0.31639262580966615
2025-12-12,NORMAL,0.6101587394616286,0.3721112580528277,0.5485799701046338
2025-12-15,NORMAL,0.5432730137815507,0.35966402977379297,0.3393124065769806
2025-12-16,NORMAL,0.5612638660392005,0.35930694457008694,0.3333333333333333
2025-12-17,NORMAL,0.5527204409177447,0.3588738370984273,0.32536123567513703
2025-12-18,NORMAL,0.5440367321312986,0.3582768700250329,0.3143996013951171
2025-12-19,NORMAL,0.4078410090172211,0.36160464808376674,0.38266068759342303
2025-12-22,NORMAL,0.38563928845272494,0.35464112585447993,0.23019431988041852
2025-12-23,NORMAL,0.3644899765903994,0.35512508557909567,0.24015944195316394
2025-12-24,NORMAL,0.37159290738171225,0.35462563586407597,0.23019431988041852
2025-12-25,NORMAL,0.3811493968038339,0.3553067480605077,0.24613851519681115
2025-12-26,NORMAL,0.2869215348983928,0.35731563855800974,0.2979571499750872
2025-12-29,NORMAL,0.27896598776547626,0.35527994816644104,0.24464374688589935
2025-12-30,NORMAL,0.2927852552347309,0.35799226980744675,0.3094170403587444
2025-12-31,NORMAL,0.34920720402220484,0.3630056126322883,0.408570004982561
2026-01-01,NORMAL,0.3449718501141161,0.34293754823936873,0.08597883597883597
2026-01-02,NORMAL,0.4157986906473698,0.3537710541166551,0.2958553791887125
2026-01-05,NORMAL,0.4568654012637323,0.3501789162302167,0.2244268077601411
2026-01-06,NORMAL,0.4474452358074849,0.343392446740542,0.09303350970017636
2026-01-07,NORMAL,0.4168567925317558,0.34607990774268876,0.15123456790123457
2026-01-08,NORMAL,0.4221327820112224,0.34500301418557394,0.12654320987654322
2026-01-09,NORMAL,0.5865117936253217,0.3609077750106822,0.43033509700176364
2026-01-12,NORMAL,0.5805173187411136,0.3558534369805761,0.3390652557319224
2026-01-13,NORMAL,0.5935959626261018,0.34767468652970696,0.18033509700176367
2026-01-14,NORMAL,0.57359891535608,0.3448542031786264,0.1247795414462081
2026-01-15,NORMAL,0.5659288665514934,0.3461186715416015,0.15167548500881833
2026-01-16,NORMAL,0.5945408837362196,0.36203059586191966,0.44753086419753085
2026-01-19,NORMAL,0.6059975024863485,0.3555581805524412,0.3333333333333333
2026-01-20,NORMAL,0.6071317691612733,0.3475963023050765,0.17768959435626103
2026-01-21,NORMAL,0.6073077994076177,0.3463309404245119,0.15784832451499117
2026-01-22,NORMAL,0.7200641175997102,0.37302953815567186,0.5727513227513228
2026-01-23,NORMAL,0.7948466705147286,0.374064898957657,0.5859788359788359
2026-01-26,NORMAL,0.7810707718083238,0.36187199901882994,0.445326278659612
2026-01-27,NORMAL,0.801560380878459,0.35793675089127497,0.37786596119929455
2026-01-28,NORMAL,0.8214833674837998,0.36031104260525804,0.4193121693121693
2026-01-29,NORMAL,0.6926095104553429,0.35238021159149235,0.2742504409171076
2026-01-30,NORMAL,0.5703701256555465,0.3529122123456584,0.2830687830687831
2026-02-02,NORMAL,0.585497581452366,0.3511321628504309,0.2495590828924162
2026-02-03,NORMAL,0.55489801790306,0.34541602517934605,0.13315696649029982
2026-02-04,NORMAL,0.5435692508273178,0.34443284238359034,0.1164021164021164
2026-02-05,NORMAL,0.5353223205654866,0.3439161643840723,0.10185185185185185
2026-02-06,NORMAL,0.455344792321006,0.3464749108785457,0.16137566137566137
2026-02-09,NORMAL,0.43281347230723255,0.34633087589412503,0.15784832451499117
2026-02-10,NORMAL,0.42217998419240765,0.34179237451538025,0.06701940035273368
2026-02-11,NORMAL,0.4229450170144628,0.34157198891452595,0.06393298059964726
2026-02-12,NORMAL,0.4387859314227234,0.3425661201612645,0.08024691358024691
2026-02-13,NORMAL,0.5190519256722051,0.3534760994858526,0.291005291005291
2026-02-16,NORMAL,0.5652033203573315,0.3509665029377936,0.24691358024691357
2026-02-17,NORMAL,0.5591337110285381,0.3444499231656474,0.1164021164021164
2026-02-18,NORMAL,0.5649573673512706,0.34419826465568404,0.11199294532627865
2026-02-19,NORMAL,0.5787073009388376,0.3478449066202373,0.18209876543209877
2026-02-20,NORMAL,0.5145136564663952,0.3512175424692013,0.2495590828924162
2026-02-23,NORMAL,0.4334995146205054,0.3452360515531729,0.12918871252204586
2026-02-24,NORMAL,0.4491454841299734,0.343873260260292,0.1009700176366843
2026-02-25,NORMAL,0.4401199340533569,0.3429480410017961,0.08597883597883597
2026-02-26,NORMAL,0.40194223021674585,0.3423671348081447,0.07539682539682539
2026-02-27,NORMAL,0.2672987719088412,0.34838010133188385,0.19047619047619047
2026-03-02,NORMAL,0.24203388243348264,0.3477580189013999,0.18033509700176367
2026-03-03,NORMAL,0.2469916576431142,0.3492250511916022,0.20679012345679013
2026-03-04,NORMAL,0.30151648818664234,0.35058729975385533,0.23765432098765432
2026-03-05,NORMAL,0.3323246189159728,0.3461224413978807,0.15167548500881833
2026-03-06,NORMAL,0.4643077282814386,0.355907897327514,0.3403880070546737
2026-03-09,NORMAL,0.6036755809398615,0.36617254987813413,0.5013227513227513
2026-03-10,NORMAL,0.6026562533475662,0.34746730384251534,0.1763668430335097
2026-03-11,NORMAL,0.5709641544911742,0.34596479871280816,0.1490299823633157
2026-03-12,NORMAL,0.5707910786736458,0.34712373337944075,0.17019400352733685
2026-03-13,NORMAL,0.6837644215210993,0.3696320415554346,0.5299823633156967
2026-03-16,NORMAL,0.7551325459163709,0.38190833154686804,0.6565255731922398
2026-03-17,NORMAL,0.756411026442362,0.357047176530607,0.3619929453262787
2026-03-18,NORMAL,0.755167084271463,0.35601567690115493,0.34347442680776014
2026-03-19,NORMAL,0.8236830749992274,0.36862651896880166,0.5233686067019401
2026-03-20,NORMAL,0.6683751481317836,0.352913697929752,0.2830687830687831
2026-03-23,NORMAL,0.4514347342430714,0.3443601657407393,0.11375661375661375
2026-03-24,NORMAL,0.4502729407209224,0.34369315244426835,0.09788359788359788
2026-03-25,NORMAL,0.4793784278571646,0.3448788478793609,0.1247795414462081
2026-03-26,NORMAL,0.224662837657816,0.3523352572469905,0.27336860670194
2026-03-27,NORMAL,0.5163814610068846,0.3555955221788597,0.33465608465608465
2026-03-30,NORMAL,0.5031601707971466,0.3430356947725513,0.08641975308641975
2026-03-31,NORMAL,0.5199403111060982,0.34467670975266684,0.12125220458553791
2026-04-01,NORMAL,0.5029867991382078,0.34293048624339967,0.08597883597883597
2026-04-02,NORMAL,0.5050087678864555,0.3476400513167414,0.17945326278659612
2026-04-03,NORMAL,0.6764702242494197,0.3682125669765404,0.5180776014109347
2026-04-06,NORMAL,0.7285218618064937,0.357926868707258,0.37786596119929455
2026-04-07,NORMAL,0.7138573941947796,0.35131545597220126,0.25132275132275134
2026-04-08,NORMAL,0.9464933225982252,0.3983986847425173,0.7473544973544973
2026-04-09,NORMAL,0.957779486036249,0.366181244553237,0.5013227513227513
2026-04-10,NORMAL,0.744891918781577,0.35446511861035407,0.3099647266313933
2026-04-13,NORMAL,0.8080955248216424,0.3616208869378498,0.4435626102292769
2026-04-14,NORMAL,0.8093951666137351,0.35622084142569377,0.3474426807760141
2026-04-15,NORMAL,0.2368092843328187,0.34769763038010826,0.18033509700176367
2026-04-16,NORMAL,0.31342131120716155,0.3428831562147724,0.08465608465608465
2026-04-17,NORMAL,0.5003906054647458,0.35657705857435684,0.35361552028218696
2026-04-20,NORMAL,0.5170712856596029,0.34515188356951304,0.12918871252204586
2026-04-21,NORMAL,0.5319546242031603,0.3438738582355647,0.1009700176366843
2026-04-22,NORMAL,0.5303064154533611,0.34434979273332117,0.11375661375661375
2026-04-23,NORMAL,0.5384807289955851,0.3445284302357453,0.11860670194003527
2026-04-24,NORMAL,0.4368873887387388,0.34878844185813884,0.19797178130511464
2026-04-27,NORMAL,0.41222163901994746,0.3412740508720545,0.056878306878306875
2026-04-28,NORMAL,0.4133917290784705,0.341440997613735,0.06305114638447971
2026-04-29,NORMAL,0.44889664282890596,0.34495094384861524,0.12610229276895943
2026-04-30,NORMAL,0.39948937455958694,0.34670122988166463,0.1657848324514991
2026-05-01,NORMAL,0.41950654211335386,0.34532796190665854,0.13139329805996472
2026-05-04,NORMAL,0.4559338968667586,0.34421097523912947,0.11199294532627865
2026-05-05,NORMAL,0.4422800218555363,0.34172902151231765,0.06569664902998236
2026-05-06,NORMAL,0.4135742685144044,0.3463587511875513,0.1591710758377425
2026-05-07,NORMAL,0.2091755505493486,0.3490029554296428,0.20414462081128748
2026-05-08,NORMAL,0.6001315700717789,0.36130908120042154,0.43694885361552027
2026-05-11,NORMAL,0.5854421537282939,0.3509938990696852,0.24779541446208111
2026-05-12,NORMAL,0.5851817845547332,0.3457429417892905,0.14506172839506173
2026-05-13,NORMAL,0.5227276664896425,0.34543322838862545,0.13403880070546736
2026-05-14,NORMAL,0.552326536290396,0.3472203813374781,0.17239858906525574
2026-05-15,NORMAL,0.41963290198645375,0.3516416141824041,0.2588183421516755
2026-05-18,NORMAL,0.3673871191288362,0.34544031743802245,0.13447971781305115
2026-05-19,NORMAL,0.43589077826918726,0.3479623257943563,0.18298059964726632
2026-05-20,NORMAL,0.4716535490976387,0.34624825423718913,0.15564373897707232
2026-05-21,NORMAL,0.4918045980400219,0.34760584977344583,0.1781305114638448
2026-05-22,NORMAL,0.8119156124657689,0.381543707851561,0.6538800705467372
2026-05-25,NORMAL,0.835259316981883,0.3785207501560698,0.626984126984127
2026-05-26,ANOMALOUS,1.0707768394705366,0.40800961815987213,0.7760141093474426
2026-05-27,ANOMALOUS,1.0558709546339244,0.3721015170654688,0.5617283950617284
2026-05-28,ANOMALOUS,1.1093750090908285,0.38581553076037933,0.691358024691358
2026-05-29,ANOMALOUS,1.0376954354639851,0.3816961436697041,0.654320987654321
2026-06-01,NORMAL,0.999596480829794,0.3684650083666041,0.5224867724867724
2026-06-02,NORMAL,0.5298486896224224,0.34228526301257534,0.07407407407407407
2026-06-03,NORMAL,0.5309403029700224,0.3419583959021814,0.07098765432098765
2026-06-04,NORMAL,0.4943675684512408,0.34328770735226183,0.09082892416225749
2026-06-05,NORMAL,0.2800327814561091,0.342993673927697,0.08641975308641975
2026-06-08,NORMAL,0.2562100748519757,0.3434314465060358,0.09347442680776014
2026-06-09,NORMAL,0.2821799212561307,0.34059338320274024,0.045414462081128745
2026-06-10,NORMAL,0.3228346503723512,0.3404412798953215,0.0427689594356261
2026-06-11,NORMAL,0.3548504331277557,0.34166658535093397,0.06525573192239859
2026-06-12,NORMAL,0.3476023988230954,0.3413227333644035,0.05864197530864197
2026-06-15,NORMAL,0.33007212048398654,0.33983160521872036,0.033950617283950615
2026-06-16,NORMAL,0.38741485259325203,0.34179281555424845,0.06701940035273368
2026-06-17,NORMAL,0.3703665643263786,0.3420702460666391,0.07275132275132275
2026-06-18,NORMAL,0.40990142126123524,0.344536457948914,0.11860670194003527
2026-06-19,NORMAL,0.474553101001569,0.34592800948429053,0.14858906525573193
2026-06-22,NORMAL,0.4781250756070366,0.3410689362652769,0.053791887125220456
2026-06-23,NORMAL,0.44469306733699493,0.3433253844982123,0.09215167548500881
2026-06-24,NORMAL,0.4014207917356641,0.3408828645475804,0.05026455026455026
2026-06-25,NORMAL,0.2755767719598912,0.34377950153846687,0.09964726631393298
2026-06-26,NORMAL,0.24668341487728015,0.34710165882587535,0.1697530864197531
2026-06-29,NORMAL,0.24910837602551414,0.3466665844465453,0.16490299823633156
2026-06-30,NORMAL,0.23678009467050926,0.34981274099452253,0.21649029982363316
2026-07-01,NORMAL,0.3079234882619115,0.3467965533760539,0.1662257495590829
2026-07-02,NORMAL,0.263712521744033,0.3446010073640112,0.11992945326278659
2026-07-03,NORMAL,0.5365978225926316,0.3582774426462614,0.38315696649029984
2026-07-06,NORMAL,0.4576905809605112,0.3473983386940524,0.17504409171075838
2026-07-07,NORMAL,0.43805212164187973,0.3429912762749113,0.08597883597883597
2026-07-08,NORMAL,0.5010787960852876,0.3588924146057904,0.39462081128747795
2026-07-09,NORMAL,0.5343156348680582,0.34921164440408825,0.20590828924162258
2026-07-10,NORMAL,0.5071294680604719,0.35363661658845097,0.2923280423280423
2026-07-13,NORMAL,0.5228310466373934,0.3482979925733133,0.18959435626102292
2026-07-14,NORMAL,0.5236051263967438,0.3443696191185565,0.11375661375661375
2026-07-15,NORMAL,0.44189267035324736,0.3476452712849813,0.17989417989417988
2026-07-16,NORMAL,0.4225935573817375,0.3455932868054448,0.1388888888888889
2026-07-17,NORMAL,0.32474094810017384,0.3455297304355118,0.13668430335097
2026-07-20,NORMAL,0.30248794953185704,0.34654984943575406,0.1626984126984127
2026-07-21,NORMAL,0.3137992493756085,0.3433796133628634,0.09303350970017636
2026-07-22,NORMAL,0.28029813085327654,0.34329599282146717,0.09171075837742504
2026-07-23,NORMAL,0.25872140896503154,0.34555736176523577,0.13756613756613756
2026-07-24,NORMAL,0.26819958690149426,0.34671099284277496,0.1657848324514991
2026-07-27,NORMAL,0.2535229677655087,0.3470667524699232,0.1693121693121693
2026-07-28,NORMAL,0.22923327010654934,0.347349309223317,0.1746031746031746
2026-07-29,NORMAL,0.26212724284351546,0.34626928980218463,0.15608465608465608
2026-07-30,NORMAL,0.24266055554741656,0.3463322665798782,0.15784832451499117
2026-07-31,NORMAL,0.36826902302346776,0.3524369835035882,0.27469135802469136
2026-08-03,NORMAL,0.3205498160802321,0.3444143631051787,0.1164021164021164
2026-08-04,NORMAL,0.3832116470467572,0.350683505224188,0.24029982363315697
2026-08-05,NORMAL,0.3684573236574266,0.3438978734240886,0.1009700176366843
2026-08-06,NORMAL,0.38646622910124884,0.34655551711257754,0.1626984126984127
2026-08-07,NORMAL,0.4484811676278865,0.3562217177464277,0.3474426807760141
