Date,USDTRY,Anomaly_State,Baseline_Anomaly,Baseline_Anomaly_Score,Rules_Breached,Primary_Reason,Score_Return_Z,Score_Volatility_Ratio,Score_Drawdown_Change,Score_Absolute_Return,IF_Anomaly_Score,IF_Training_Percentile,Inference_Mode
2017-04-24,3.573,NORMAL,False,0.588893549648663,0,LOCAL_RETURN_SHOCK,0.588893549648663,0.4993906128184244,0.15882959738202002,0.46083898793989,0.4397401994420187,0.8544329896907217,TRAINING_REFERENCE
2017-04-25,3.5797,NORMAL,False,0.5241594478821543,0,VOLATILITY_ACCELERATION,0.06752974078540712,0.5241594478821543,0.084535805485078,0.0468793730758475,0.3885079534637988,0.6969072164948453,TRAINING_REFERENCE
2017-04-26,3.5783,NORMAL,False,0.4855439540683588,0,VOLATILITY_ACCELERATION,0.019091134859251974,0.4855439540683588,0.014190853669147999,0.0097773556443275,0.3864447740381037,0.6845360824742268,TRAINING_REFERENCE
2017-04-27,3.5612,NORMAL,False,0.4758120227242198,0,VOLATILITY_ACCELERATION,0.11280445135672577,0.4758120227242198,0.08606344897294199,0.11947013945169499,0.38816730690630186,0.6952577319587628,TRAINING_REFERENCE
2017-04-28,3.5516,NORMAL,False,0.4679124612020388,0,VOLATILITY_ACCELERATION,0.042741715352328076,0.4679124612020388,0.43270209237283597,0.0673930135909225,0.40247824374157665,0.7575257731958763,TRAINING_REFERENCE
2017-05-01,3.5545,NORMAL,False,0.1583993878412125,0,VOLATILITY_ACCELERATION,0.056604145448768274,0.1583993878412125,0.09802103478421999,0.020413334835,0.3835531533331583,0.6597938144329897,TRAINING_REFERENCE
2017-05-02,3.5273,NORMAL,False,0.27763795798341595,0,DRAWDOWN_SHIFT,0.18800169456315158,0.20597537369552804,0.27763795798341595,0.19130679420452748,0.40868805428882016,0.774020618556701,TRAINING_REFERENCE
2017-05-03,3.5349,NORMAL,False,0.2440415716889604,0,VOLATILITY_ACCELERATION,0.12745159389701924,0.2440415716889604,0.22995204916946999,0.0538655628951325,0.39019130992687656,0.705979381443299,TRAINING_REFERENCE
2017-05-04,3.554,NORMAL,False,0.3048200363827033,0,VOLATILITY_ACCELERATION,0.2340011054824688,0.3048200363827033,0.038148727051155996,0.13508161475572,0.3719050153896387,0.5558762886597938,TRAINING_REFERENCE
2017-05-05,3.5441,NORMAL,False,0.30587624559305177,0,VOLATILITY_ACCELERATION,0.01992199979578445,0.30587624559305177,0.039738257344958,0.0696398424310625,0.36663697770053866,0.5072164948453608,TRAINING_REFERENCE
2017-05-08,3.5851,NORMAL,False,0.4463368609995353,0,VOLATILITY_ACCELERATION,0.4361261114371864,0.4463368609995353,0.162132089967416,0.289213058322285,0.3827830919099907,0.6519587628865979,TRAINING_REFERENCE
2017-05-09,3.6239,NORMAL,False,0.5118287546030139,0,DRAWDOWN_SHIFT,0.3682590468695384,0.3592613668187193,0.5118287546030139,0.2705642799364025,0.39945802714696477,0.7455670103092783,TRAINING_REFERENCE
2017-05-10,3.5874,NORMAL,False,0.548099467232532,0,VOLATILITY_ACCELERATION,0.2542609576918329,0.548099467232532,0.27816780141468,0.25180054637269,0.3870816380055884,0.6865979381443299,TRAINING_REFERENCE
2017-05-11,3.5758,NORMAL,False,0.5619250239595105,0,VOLATILITY_ACCELERATION,0.068860797215984,0.5619250239595105,0.11550586801600199,0.080838490271505,0.3693268665440556,0.534020618556701,TRAINING_REFERENCE
2017-05-12,3.5731,NORMAL,False,0.5582097433836414,0,VOLATILITY_ACCELERATION,0.01195669206422535,0.5582097433836414,0.15365459506716,0.01887689468091,0.36834380591111865,0.5228865979381443,TRAINING_REFERENCE
2017-05-15,3.5483,NORMAL,False,0.4761886847069073,0,VOLATILITY_ACCELERATION,0.16324123729835815,0.4761886847069073,0.19498238270590998,0.1735187932047825,0.38057895370916855,0.6387628865979381,TRAINING_REFERENCE
2017-05-16,3.5392,NORMAL,False,0.448777386282352,0,DRAWDOWN_SHIFT,0.0166518682571499,0.2224467252875275,0.448777386282352,0.0641152101006075,0.3985769992535111,0.7422680412371134,TRAINING_REFERENCE
2017-05-17,3.5681,NORMAL,False,0.35279502793175477,0,LOCAL_RETURN_SHOCK,0.35279502793175477,0.3362200220835495,0.10225978223434799,0.2041421790235075,0.3762679333632597,0.6012371134020619,TRAINING_REFERENCE
2017-05-18,3.6251,NORMAL,False,0.6018025684884698,0,LOCAL_RETURN_SHOCK,0.6018025684884698,0.534220005753199,0.261212811614168,0.39937221490429003,0.40782466438514664,0.7731958762886598,TRAINING_REFERENCE
2017-05-19,3.5753,NORMAL,False,0.6838686385226426,0,VOLATILITY_ACCELERATION,0.4235727070453393,0.6838686385226426,0.011656555487849999,0.34343880168823,0.4102779264887021,0.7810309278350516,TRAINING_REFERENCE
2017-05-22,3.5593,NORMAL,False,0.6639265662315534,0,VOLATILITY_ACCELERATION,0.10564500107970158,0.6639265662315534,0.058282777439264,0.111878723463765,0.38341237212326584,0.6585567010309278,TRAINING_REFERENCE
2017-05-23,3.5704,NORMAL,False,0.6658733987588104,0,VOLATILITY_ACCELERATION,0.10873941316625248,0.6658733987588104,0.16531115055500598,0.0779647683533275,0.38487496066431004,0.6701030927835051,TRAINING_REFERENCE
2017-05-24,3.5604,NORMAL,False,0.6377834323755389,0,VOLATILITY_ACCELERATION,0.08907478133379908,0.6377834323755389,0.040797944207487995,0.07002016580774999,0.3802255873818059,0.6358762886597938,TRAINING_REFERENCE
2017-05-25,3.5667,NORMAL,False,0.40780059272383684,0,VOLATILITY_ACCELERATION,0.0655874726577295,0.40780059272383684,0.309428563859378,0.044236602628914996,0.37496942933908695,0.585979381443299,TRAINING_REFERENCE
2017-05-26,3.5777,NORMAL,False,0.217435073508067,0,VOLATILITY_ACCELERATION,0.09893584801562352,0.217435073508067,0.012716242350385999,0.0771020831581025,0.3597789745368106,0.43711340206185567,TRAINING_REFERENCE
2017-05-29,3.5772,NORMAL,False,0.1542659870903232,0,VOLATILITY_ACCELERATION,0.01769382804529225,0.1542659870903232,0.09484197419662399,0.00349386477346,0.36019986636121426,0.44123711340206184,TRAINING_REFERENCE
2017-05-30,3.5491,NORMAL,False,0.2723265247408659,0,LOCAL_RETURN_SHOCK,0.2723265247408659,0.26704001883950734,0.11285665085966799,0.196382645644635,0.3741494920241051,0.5785567010309278,TRAINING_REFERENCE
2017-05-31,3.527,NORMAL,False,0.31440529520460825,0,VOLATILITY_ACCELERATION,0.217581887662505,0.31440529520460825,0.17696770604286,0.155673269279535,0.37661582472648447,0.6045360824742269,TRAINING_REFERENCE
2017-06-01,3.5246,NORMAL,False,0.2951708238739798,0,VOLATILITY_ACCELERATION,0.019453809829819126,0.2951708238739798,0.06289119494970599,0.0170116246101525,0.3639684359904248,0.47917525773195874,TRAINING_REFERENCE
2017-06-02,3.5098,NORMAL,False,0.2228901154864483,0,VOLATILITY_ACCELERATION,0.12609010994332032,0.2228901154864483,0.20026337547773598,0.10497645122850749,0.3861080287897572,0.68,TRAINING_REFERENCE
2017-06-05,3.5237,NORMAL,False,0.31143250470364336,0,VOLATILITY_ACCELERATION,0.1456366648335772,0.31143250470364336,0.123334245961012,0.09900849051228,0.36994607097696186,0.5397938144329897,TRAINING_REFERENCE
2017-06-06,3.5151,NORMAL,False,0.255599587324188,0,VOLATILITY_ACCELERATION,0.0561634013941717,0.255599587324188,0.029414706566474,0.061015409938415,0.364981267354832,0.49030927835051547,TRAINING_REFERENCE
2017-06-07,3.5503,NORMAL,False,0.43741461403822895,0,LOCAL_RETURN_SHOCK,0.43741461403822895,0.38782384063269243,0.33511352867138,0.25034849648658497,0.3812495086581826,0.6445360824742268,TRAINING_REFERENCE
2017-06-08,3.5244,NORMAL,False,0.4795177568074862,0,VOLATILITY_ACCELERATION,0.25225548182356916,0.4795177568074862,0.048883339468308,0.18237895389122,0.3675442015027257,0.5150515463917525,TRAINING_REFERENCE
2017-06-09,3.5373,NORMAL,False,0.457625620831879,0,VOLATILITY_ACCELERATION,0.15841948123146748,0.457625620831879,0.197091610936534,0.091504937010555,0.3620985343435829,0.4589690721649485,TRAINING_REFERENCE
2017-06-12,3.5164,NORMAL,False,0.4955120544846427,0,VOLATILITY_ACCELERATION,0.1952146123573203,0.4955120544846427,0.010828415697794,0.147711531394,0.36669713415508604,0.5080412371134021,TRAINING_REFERENCE
2017-06-13,3.5198,NORMAL,False,0.4918377218577238,0,VOLATILITY_ACCELERATION,0.05053686920157908,0.4918377218577238,0.025182843518096,0.024172449095665,0.3572647262410842,0.3971134020618557,TRAINING_REFERENCE
2017-06-14,3.4878,NORMAL,False,0.37924836427533815,0,VOLATILITY_ACCELERATION,0.32062335886601606,0.37924836427533815,0.334878238272564,0.227285641229615,0.39535226633291387,0.7278350515463917,TRAINING_REFERENCE
2017-06-15,3.513,NORMAL,False,0.4595403710037534,0,VOLATILITY_ACCELERATION,0.3038133669631429,0.4595403710037534,0.061081790660912,0.180629623258215,0.3697708750896136,0.5381443298969072,TRAINING_REFERENCE
2017-06-16,3.5027,NORMAL,False,0.43330526155084803,0,VOLATILITY_ACCELERATION,0.058132559710375224,0.43330526155084803,0.18538859270769198,0.0732991744947325,0.3685362788159309,0.5261855670103093,TRAINING_REFERENCE
2017-06-19,3.5228,NORMAL,False,0.4523157480612301,0,VOLATILITY_ACCELERATION,0.3237955550715175,0.4523157480612301,0.034291531599111996,0.1434607588431775,0.3638102756487664,0.47670103092783506,TRAINING_REFERENCE
2017-06-20,3.5444,NORMAL,False,0.493915291360548,0,VOLATILITY_ACCELERATION,0.3097565509678672,0.493915291360548,0.13180807458408197,0.1532871579425425,0.36460935517506216,0.48536082474226805,TRAINING_REFERENCE
2017-06-21,3.531,NORMAL,False,0.37062954725696845,0,VOLATILITY_ACCELERATION,0.15586072462884196,0.37062954725696845,0.231467838293996,0.09451529172779499,0.3660524612141518,0.5018556701030927,TRAINING_REFERENCE
2017-06-22,3.5077,NORMAL,False,0.40191043566973444,0,VOLATILITY_ACCELERATION,0.2803146669122077,0.40191043566973444,0.028397674605513998,0.1649674313225725,0.3678138465519788,0.5183505154639175,TRAINING_REFERENCE
2017-06-23,3.5088,NORMAL,False,0.3897908935480614,0,VOLATILITY_ACCELERATION,0.04990822341735945,0.3897908935480614,0.032684116055402,0.00783989508795,0.354578230387838,0.3529896907216495,TRAINING_REFERENCE
2017-06-26,3.5008,NORMAL,False,0.3329346183459145,0,VOLATILITY_ACCELERATION,0.059028908406197976,0.3329346183459145,0.117877139871946,0.056999544003645,0.36068377313858846,0.448659793814433,TRAINING_REFERENCE
2017-06-27,3.5263,NORMAL,False,0.3721818225123981,0,LOCAL_RETURN_SHOCK,0.3721818225123981,0.36603741679855656,0.096980737803734,0.182101234003655,0.3681442275893289,0.5212371134020618,TRAINING_REFERENCE
2017-06-28,3.5128,NORMAL,False,0.3682440569467272,0,VOLATILITY_ACCELERATION,0.15542989116001368,0.3682440569467272,0.09751654298496999,0.0957093837733575,0.3610987773414809,0.4515463917525773,TRAINING_REFERENCE
2017-06-29,3.5265,NORMAL,False,0.3165237033302608,0,VOLATILITY_ACCELERATION,0.1838891228631456,0.3165237033302608,0.100731374072386,0.0975005693463925,0.3561362270580923,0.38103092783505155,TRAINING_REFERENCE
2017-06-30,3.5212,NORMAL,False,0.3286590182248351,0,VOLATILITY_ACCELERATION,0.06861407624710875,0.3286590182248351,0.066439842473274,0.0375726641145625,0.35165621415505777,0.3084536082474227,TRAINING_REFERENCE
2017-07-03,3.5571,NORMAL,False,0.4509789329294605,0,LOCAL_RETURN_SHOCK,0.4509789329294605,0.4033175500415784,0.30165831703593,0.2548846983982775,0.3821734444575332,0.6474226804123712,TRAINING_REFERENCE
2017-07-04,3.5594,NORMAL,False,0.3784343393384215,0,VOLATILITY_ACCELERATION,0.0066528261470598,0.3784343393384215,0.17735151498914797,0.0161648533918075,0.3535353313470382,0.3352577319587629,TRAINING_REFERENCE
2017-07-05,3.6062,NORMAL,False,0.5299923978212084,0,LOCAL_RETURN_SHOCK,0.5299923978212084,0.4311972049491188,0.5004420392745199,0.32870708546384,0.40653419179470934,0.7715463917525773,TRAINING_REFERENCE
2017-07-06,3.6212,NORMAL,False,0.507407506630592,0,DRAWDOWN_SHIFT,0.1355858190553278,0.43010708935285275,0.507407506630592,0.10398757695080751,0.37996727312226175,0.63340206185567,TRAINING_REFERENCE
2017-07-07,3.6182,NORMAL,False,0.685253031941116,0,DRAWDOWN_SHIFT,0.09276381066719243,0.4452805504367694,0.685253031941116,0.0207113663978775,0.38640974209347995,0.6837113402061855,TRAINING_REFERENCE
2017-07-10,3.6083,NORMAL,False,0.588573326510868,0,DRAWDOWN_SHIFT,0.16388511990524232,0.4674847417448162,0.588573326510868,0.0684041788734725,0.3749764957262879,0.5863917525773196,TRAINING_REFERENCE
2017-07-11,3.6139,NORMAL,False,0.606742592531662,0,DRAWDOWN_SHIFT,0.0106405050351025,0.4722017498558284,0.606742592531662,0.03879943463681,0.3709926119232601,0.5488659793814433,TRAINING_REFERENCE
2017-07-12,3.5672,NORMAL,False,0.6181773419201942,0,LOCAL_RETURN_SHOCK,0.6181773419201942,0.48493621071261,0.269719958218082,0.3230581919809625,0.3962949765004326,0.7331958762886598,TRAINING_REFERENCE
2017-07-13,3.5657,NORMAL,False,0.4283329761369653,0,VOLATILITY_ACCELERATION,0.06330289278995238,0.4283329761369653,0.188642798506236,0.0105124467369375,0.35751266920954605,0.4024742268041237,TRAINING_REFERENCE
2017-07-14,3.5381,NORMAL,False,0.43555147473856914,0,VOLATILITY_ACCELERATION,0.35320578608550623,0.43555147473856914,0.032011832612716,0.19351039066662748,0.37808992839932404,0.6177319587628866,TRAINING_REFERENCE
2017-07-17,3.5284,NORMAL,False,0.4643452001869144,0,VOLATILITY_ACCELERATION,0.1302259904813177,0.4643452001869144,0.18120195232857997,0.0685396116559725,0.36791640750934523,0.5191752577319587,TRAINING_REFERENCE
2017-07-18,3.5231,NORMAL,False,0.41240447444174705,0,VOLATILITY_ACCELERATION,0.06472010446080667,0.41240447444174705,0.240935310191656,0.0375524316970875,0.37262752928153803,0.5632989690721649,TRAINING_REFERENCE
2017-07-19,3.522,NORMAL,False,0.24276479633257855,0,VOLATILITY_ACCELERATION,0.0011664313828383,0.24276479633257855,0.16073829879869597,0.00780562572734,0.3605772766510107,0.4465979381443299,TRAINING_REFERENCE
2017-07-20,3.5264,NORMAL,False,0.27227303126611657,0,VOLATILITY_ACCELERATION,0.05700760824641692,0.27227303126611657,0.135756723863778,0.0312322544009075,0.3548958428321898,0.3575257731958763,TRAINING_REFERENCE
2017-07-21,3.5364,NORMAL,False,0.1750997084418557,0,VOLATILITY_ACCELERATION,0.1106650947976974,0.1750997084418557,0.009379051612372,0.07089382940108499,0.3509108580604838,0.29649484536082477,TRAINING_REFERENCE
2017-07-24,3.5567,NORMAL,False,0.22992702848592564,0,LOCAL_RETURN_SHOCK,0.22992702848592564,0.22343116679311634,0.156133623900032,0.143507521773555,0.3538338883177895,0.34144329896907216,TRAINING_REFERENCE
2017-07-25,3.5724,NORMAL,False,0.27199249675870996,0,DRAWDOWN_SHIFT,0.15331281721095408,0.19233377125051204,0.27199249675870996,0.1103551044507525,0.35854987161033647,0.4181443298969072,TRAINING_REFERENCE
2017-07-26,3.5385,NORMAL,False,0.4746624652617176,0,VOLATILITY_ACCELERATION,0.4417931153654713,0.4746624652617176,0.09103197153181798,0.23723547195163,0.37218945149300015,0.5579381443298969,TRAINING_REFERENCE
2017-07-27,3.5363,NORMAL,False,0.4802462515848134,0,VOLATILITY_ACCELERATION,0.041097431528127025,0.4802462515848134,0.05461918291909,0.01554330931185,0.3473745590741691,0.23711340206185566,TRAINING_REFERENCE
2017-07-28,3.5279,NORMAL,False,0.4775017120597775,0,VOLATILITY_ACCELERATION,0.10454365685623138,0.4775017120597775,0.046895258061844004,0.059384102027544995,0.35103953232501106,0.29855670103092785,TRAINING_REFERENCE
2017-07-31,3.5193,NORMAL,False,0.4035046646200996,0,VOLATILITY_ACCELERATION,0.1050443343752088,0.4035046646200996,0.20633913547212598,0.06094277048669,0.35948973559596065,0.43010309278350517,TRAINING_REFERENCE
2017-08-01,3.5271,NORMAL,False,0.3591949891821655,0,VOLATILITY_ACCELERATION,0.12202070269671232,0.3591949891821655,0.24992414002372598,0.055408746057455,0.3626247143059779,0.46350515463917524,TRAINING_REFERENCE
2017-08-02,3.5305,NORMAL,False,0.174238399532526,0,VOLATILITY_ACCELERATION,0.06234168106867032,0.174238399532526,0.044136713469969995,0.024099118255792498,0.35041767049044026,0.2890721649484536,TRAINING_REFERENCE
2017-08-03,3.5396,NORMAL,False,0.20788158041540755,0,VOLATILITY_ACCELERATION,0.1945798932578551,0.20788158041540755,0.018206394306363997,0.0644384648066875,0.3484190432574453,0.2548453608247423,TRAINING_REFERENCE
2017-08-04,3.528,NORMAL,False,0.22916877285334505,0,VOLATILITY_ACCELERATION,0.11725927783628105,0.22916877285334505,0.0005517089183759705,0.0819301616001775,0.3505558975053785,0.28989690721649486,TRAINING_REFERENCE
2017-08-07,3.5291,NORMAL,False,0.2002225400708612,0,VOLATILITY_ACCELERATION,0.08487327354618725,0.2002225400708612,0.054067474000715994,0.0077947845805,0.3478279124306459,0.24577319587628865,TRAINING_REFERENCE
2017-08-08,3.5338,NORMAL,False,0.18952514431767134,0,VOLATILITY_ACCELERATION,0.13201716710022154,0.18952514431767134,0.036964497531102,0.0332946076903425,0.3495190842263958,0.27628865979381445,TRAINING_REFERENCE
2017-08-09,3.5376,NORMAL,False,0.19345099973108146,0,VOLATILITY_ACCELERATION,0.11885240516540772,0.19345099973108146,0.0391713332046,0.0268832418359825,0.34783022044483564,0.24618556701030928,TRAINING_REFERENCE
2017-08-10,3.5418,NORMAL,False,0.18260316638332044,0,VOLATILITY_ACCELERATION,0.1085989477923599,0.18260316638332044,0.033182460679242,0.029681139755765,0.34876062899185256,0.2655670103092784,TRAINING_REFERENCE
2017-08-11,3.5369,NORMAL,False,0.1121209289406598,0,VOLATILITY_ACCELERATION,0.07130737560806355,0.1121209289406598,0.07011784311748,0.034586933197804995,0.3567821325562478,0.38969072164948454,TRAINING_REFERENCE
2017-08-14,3.5257,NORMAL,False,0.24098916431296805,0,LOCAL_RETURN_SHOCK,0.24098916431296805,0.20027822623441024,0.002191097373692,0.0791653708049425,0.3603312149884659,0.4441237113402062,TRAINING_REFERENCE
2017-08-15,3.5352,NORMAL,False,0.2329161276152643,0,VOLATILITY_ACCELERATION,0.2070963469315937,0.2329161276152643,0.028729573084712,0.067362509572565,0.34952965205731173,0.27670103092783505,TRAINING_REFERENCE
2017-08-16,3.5156,NORMAL,False,0.42980070049878427,0,LOCAL_RETURN_SHOCK,0.42980070049878427,0.32758244899888916,0.10048677418644199,0.13860601946141748,0.378822897373403,0.6255670103092783,TRAINING_REFERENCE
2017-08-17,3.5254,NORMAL,False,0.36199080738945394,0,VOLATILITY_ACCELERATION,0.20141739335649758,0.36199080738945394,0.090577709046726,0.0696893844578425,0.35538137394944413,0.36783505154639173,TRAINING_REFERENCE
2017-08-18,3.5185,NORMAL,False,0.36562939731246774,0,VOLATILITY_ACCELERATION,0.13491904514484152,0.36562939731246774,0.10162377112559799,0.0489306178022325,0.3555061482023443,0.37030927835051547,TRAINING_REFERENCE
2017-08-21,3.497,NORMAL,False,0.4215249935050959,0,VOLATILITY_ACCELERATION,0.4103319596442928,0.4215249935050959,0.158510990831772,0.1527639619155875,0.3868613630401517,0.6857731958762887,TRAINING_REFERENCE
2017-08-22,3.4944,NORMAL,False,0.3658424691662413,0,VOLATILITY_ACCELERATION,0.006887467343395125,0.3658424691662413,0.22533966640892597,0.0185873605947925,0.37336543788724535,0.5707216494845361,TRAINING_REFERENCE
2017-08-23,3.4787,NORMAL,False,0.34713788062822276,0,VOLATILITY_ACCELERATION,0.2583802929573761,0.34713788062822276,0.20379984535513,0.11232257326007501,0.3842231270891519,0.6651546391752577,TRAINING_REFERENCE
2017-08-24,3.4838,NORMAL,False,0.3018806763313738,0,VOLATILITY_ACCELERATION,0.20953420416171203,0.3018806763313738,0.22975809124047,0.03665162273263,0.3793637744984351,0.6292783505154639,TRAINING_REFERENCE
2017-08-25,3.4389,ANOMALOUS,True,1.0807355747277947,1,LOCAL_RETURN_SHOCK,1.0807355747277947,0.5313389634479445,0.439633270738978,0.322205637522245,0.4635505842729073,0.8886597938144329,TRAINING_REFERENCE
2017-08-28,3.4441,NORMAL,False,0.5812711688354946,0,VOLATILITY_ACCELERATION,0.17822721742185324,0.5812711688354946,0.29216834198608,0.03780278577452,0.39673458218192886,0.734020618556701,TRAINING_REFERENCE
2017-08-29,3.4465,NORMAL,False,0.5981511847013196,0,VOLATILITY_ACCELERATION,0.11225579203266173,0.5981511847013196,0.264553186788912,0.017421096948399998,0.39312135825279243,0.72,TRAINING_REFERENCE
2017-08-30,3.4517,NORMAL,False,0.634433356468073,0,VOLATILITY_ACCELERATION,0.17088087103970812,0.634433356468073,0.149121838064728,0.0377194255041325,0.3860264703590617,0.6791752577319587,TRAINING_REFERENCE
2017-08-31,3.4527,NORMAL,False,0.6327678132527893,0,VOLATILITY_ACCELERATION,0.09031324818868877,0.6327678132527893,0.17176626532641,0.00724280789176,0.38751201779739586,0.6903092783505155,TRAINING_REFERENCE
2017-09-01,3.4284,NORMAL,False,0.37948169168175555,0,LOCAL_RETURN_SHOCK,0.37948169168175555,0.36541184014123296,0.057991825914062,0.1759492571031375,0.39186967150541097,0.7129896907216495,TRAINING_REFERENCE
2017-09-04,3.4348,NORMAL,False,0.3740712926164525,0,VOLATILITY_ACCELERATION,0.20478887232286377,0.3740712926164525,0.05136418866674,0.0466690001166725,0.3713446316842293,0.5534020618556701,TRAINING_REFERENCE
2017-09-05,3.4375,NORMAL,False,0.374907275679972,0,VOLATILITY_ACCELERATION,0.13104454445387953,0.374907275679972,0.04970727935490799,0.019651799231395,0.36849451473768474,0.5249484536082474,TRAINING_REFERENCE
2017-09-06,3.4257,NORMAL,False,0.3822735899002463,0,VOLATILITY_ACCELERATION,0.12718825734131683,0.3822735899002463,0.14359880702529398,0.08581818181818,0.37990990909834726,0.6321649484536083,TRAINING_REFERENCE
2017-09-07,3.4045,NORMAL,False,0.4208872177967703,0,VOLATILITY_ACCELERATION,0.2846821493849126,0.4208872177967703,0.26621009610074,0.1547129053915975,0.40380134826167324,0.763298969072165,TRAINING_REFERENCE
2017-09-08,3.4117,NORMAL,False,0.38488036351107296,0,VOLATILITY_ACCELERATION,0.248900192212525,0.38488036351107296,0.09223461835855398,0.0528711998825075,0.3756522978042594,0.5946391752577319,TRAINING_REFERENCE
2017-09-11,3.406,NORMAL,False,0.3520626995548704,0,VOLATILITY_ACCELERATION,0.00721768410191555,0.3520626995548704,0.159063293935712,0.0417680335316675,0.3792137388673168,0.6276288659793814,TRAINING_REFERENCE
2017-09-12,3.4331,NORMAL,False,0.5776165349826756,0,LOCAL_RETURN_SHOCK,0.5776165349826756,0.5769748680820097,0.02430133657351,0.19891368173811,0.39179047119998317,0.7125773195876288,TRAINING_REFERENCE
2017-09-13,3.4579,NORMAL,False,0.618571430855847,0,VOLATILITY_ACCELERATION,0.46942820057707474,0.618571430855847,0.177841599469786,0.180594797704695,0.3858323514047763,0.6779381443298969,TRAINING_REFERENCE
2017-09-14,3.4331,NORMAL,False,0.6517811999780307,0,VOLATILITY_ACCELERATION,0.32428716952529374,0.6517811999780307,0.157958687727824,0.17929957488648998,0.390289388400317,0.7068041237113402,TRAINING_REFERENCE
2017-09-15,3.4376,NORMAL,False,0.6509066480013675,0,VOLATILITY_ACCELERATION,0.13071343142373174,0.6509066480013675,0.143046503921352,0.032769217325450004,0.3758666744262276,0.5979381443298969,TRAINING_REFERENCE
2017-09-18,3.4895,NORMAL,False,0.8042861222326095,0,LOCAL_RETURN_SHOCK,0.8042861222326095,0.7946871734006159,0.461173091792776,0.37744356527809997,0.43876031133938637,0.8490721649484536,TRAINING_REFERENCE
2017-09-19,3.4887,NORMAL,False,0.813205203760816,0,VOLATILITY_ACCELERATION,0.00573669414130355,0.813205203760816,0.30708052579255396,0.0057314801547475,0.3875355093325311,0.6907216494845361,TRAINING_REFERENCE
2017-09-20,3.503,NORMAL,False,0.7871844578871692,0,VOLATILITY_ACCELERATION,0.1713308999391818,0.7871844578871692,0.249088699878494,0.102473700805455,0.3838879074033008,0.6635051546391753,TRAINING_REFERENCE
2017-09-21,3.5023,NORMAL,False,0.6276985448529014,0,VOLATILITY_ACCELERATION,0.023365023181595924,0.6276985448529014,0.382193747928862,0.0049957179560375,0.37854405118910284,0.6222680412371134,TRAINING_REFERENCE
2017-09-22,3.4962,NORMAL,False,0.6713478124416451,0,VOLATILITY_ACCELERATION,0.0837127641081863,0.6713478124416451,0.323649618910858,0.0435428147217525,0.37927583694209643,0.6280412371134021,TRAINING_REFERENCE
2017-09-25,3.5494,NORMAL,False,0.6880143036133031,0,LOCAL_RETURN_SHOCK,0.6880143036133031,0.6499669316591475,0.330829559262122,0.3804130198501225,0.41188347170825906,0.7847422680412371,TRAINING_REFERENCE
2017-09-26,3.5424,NORMAL,False,0.6744382525995692,0,VOLATILITY_ACCELERATION,0.1424717037296189,0.6744382525995692,0.29658676681762997,0.049304107736515,0.3769194074400205,0.6078350515463917,TRAINING_REFERENCE
2017-09-27,3.5774,NORMAL,False,0.7513793061815696,0,VOLATILITY_ACCELERATION,0.3431899982603596,0.7513793061815696,0.41091350933392,0.247007678410115,0.3962629175320887,0.7327835051546392,TRAINING_REFERENCE
2017-09-28,3.5603,NORMAL,False,0.8338214796502338,0,VOLATILITY_ACCELERATION,0.25466948292151814,0.8338214796502338,0.33663974761710996,0.119500195672835,0.3955927280873939,0.7294845360824742,TRAINING_REFERENCE
2017-09-29,3.5637,NORMAL,False,0.8035141984412462,0,VOLATILITY_ACCELERATION,0.022680169379093174,0.8035141984412462,0.41256267029428,0.023874392607362502,0.3852778770714468,0.6721649484536083,TRAINING_REFERENCE
2017-10-02,3.5635,NORMAL,False,0.5293108877124492,0,VOLATILITY_ACCELERATION,0.0796282560082229,0.5293108877124492,0.117630581507784,0.001403036170272154,0.35527326313215424,0.3645360824742268,TRAINING_REFERENCE
2017-10-03,3.5718,NORMAL,False,0.5086841682202018,0,VOLATILITY_ACCELERATION,0.018524872278825426,0.5086841682202018,0.403907192304256,0.058229268977127505,0.3638696239339445,0.4775257731958763,TRAINING_REFERENCE
2017-10-04,3.5723,NORMAL,False,0.2712031718876856,0,VOLATILITY_ACCELERATION,0.0709849339574185,0.2712031718876856,0.213396432138622,0.00349963603785,0.34987702108252,0.28123711340206187,TRAINING_REFERENCE
2017-10-05,3.5836,NORMAL,False,0.320048642971644,0,DRAWDOWN_SHIFT,0.0421121953937225,0.140969864236041,0.320048642971644,0.07908070430814751,0.36294443079670974,0.4668041237113402,TRAINING_REFERENCE
2017-10-06,3.6149,NORMAL,False,0.3578377434427715,0,VOLATILITY_ACCELERATION,0.2604004198153517,0.3578377434427715,0.277816209635022,0.2183558432860775,0.36485609308614153,0.48783505154639173,TRAINING_REFERENCE
2017-10-09,3.7011,NORMAL,False,0.863352766783929,0,LOCAL_RETURN_SHOCK,0.863352766783929,0.8257084308841566,0.278923047123606,0.5961437384159974,0.45004294469488854,0.8692783505154639,TRAINING_REFERENCE
2017-10-10,3.7114,NORMAL,False,0.8208395045289106,0,VOLATILITY_ACCELERATION,0.04660285094987893,0.8208395045289106,0.031307653603173995,0.0695739104590525,0.3881182541055942,0.6948453608247422,TRAINING_REFERENCE
2017-10-11,3.6484,ANOMALOUS,True,1.1719847831983845,1,VOLATILITY_ACCELERATION,0.6967838734793846,1.1719847831983845,0.31098220297729195,0.42436816295737245,0.46133380985283223,0.8849484536082475,TRAINING_REFERENCE
2017-10-12,3.654,ANOMALOUS,True,1.175864220073857,1,VOLATILITY_ACCELERATION,0.0337699789396704,1.175864220073857,0.30931723877781797,0.038372985418265,0.4273354683556104,0.8305154639175257,TRAINING_REFERENCE
2017-10-13,3.6349,ANOMALOUS,True,1.184435038723207,1,VOLATILITY_ACCELERATION,0.24722216247574985,1.184435038723207,0.412243358301448,0.13067870826491249,0.43421921594444507,0.8408247422680413,TRAINING_REFERENCE
2017-10-16,3.6463,NORMAL,False,0.682479680782849,0,VOLATILITY_ACCELERATION,0.008827411953815626,0.682479680782849,0.350811014711426,0.0784065586398525,0.3814408606476429,0.6453608247422681,TRAINING_REFERENCE
2017-10-17,3.6663,NORMAL,False,0.7227373652335477,0,VOLATILITY_ACCELERATION,0.09936494012267205,0.7227373652335477,0.24303497332542798,0.1371253051038,0.37972175751181764,0.631340206185567,TRAINING_REFERENCE
2017-10-18,3.6768,NORMAL,False,0.3298644378296906,0,VOLATILITY_ACCELERATION,0.01056819743217205,0.3298644378296906,0.15304197876811998,0.0715980688977975,0.3507242360857467,0.29360824742268044,TRAINING_REFERENCE
2017-10-19,3.6456,NORMAL,False,0.483947542250561,0,VOLATILITY_ACCELERATION,0.3341348588053652,0.483947542250561,0.045265937382119995,0.2121409921671025,0.3698431745989287,0.5385567010309278,TRAINING_REFERENCE
2017-10-20,3.6714,NORMAL,False,0.4861420825658792,0,VOLATILITY_ACCELERATION,0.14757830959678164,0.4861420825658792,0.196691275529452,0.17692560895325998,0.3614525191598192,0.454020618556701,TRAINING_REFERENCE
2017-10-23,3.7163,NORMAL,False,0.595465586886877,0,VOLATILITY_ACCELERATION,0.2849295609863097,0.595465586886877,0.350811014711426,0.30574167892357,0.3834213790174151,0.6589690721649485,TRAINING_REFERENCE
2017-10-24,3.7414,NORMAL,False,0.5984513578829722,0,VOLATILITY_ACCELERATION,0.13249474023204852,0.5984513578829722,0.24303497332542798,0.1688507386378925,0.3722321841664324,0.5591752577319588,TRAINING_REFERENCE
2017-10-25,3.7668,NORMAL,False,0.5978676442607738,0,VOLATILITY_ACCELERATION,0.12059144013917693,0.5978676442607738,0.186452551597776,0.1697225637461875,0.36996552622761,0.5406185567010309,TRAINING_REFERENCE
2017-10-26,3.8203,NORMAL,False,0.3550759265158725,0,LARGE_ABSOLUTE_RETURN,0.3523538521432243,0.26251486150728237,0.354583176159938,0.3550759265158725,0.42380506766285586,0.822680412371134,TRAINING_REFERENCE
2017-10-27,3.7885,NORMAL,False,0.6452981295909781,0,VOLATILITY_ACCELERATION,0.3531007409954603,0.6452981295909781,0.049073010447831994,0.20809884040520252,0.39193595528423375,0.7134020618556701,TRAINING_REFERENCE
2017-10-30,3.7798,NORMAL,False,0.6413014815831457,0,VOLATILITY_ACCELERATION,0.15305555234262955,0.6413014815831457,0.212025233620396,0.057410584664115,0.3750226573557605,0.5868041237113402,TRAINING_REFERENCE
2017-10-31,3.792,NORMAL,False,0.6266506654710877,0,VOLATILITY_ACCELERATION,0.006754562041500825,0.6266506654710877,0.14815590398659798,0.08069210011111749,0.36875050315943214,0.5290721649484537,TRAINING_REFERENCE
2017-11-01,3.813,NORMAL,False,0.6150786395386348,0,VOLATILITY_ACCELERATION,0.0706077124662203,0.6150786395386348,0.038216893961206,0.13844936708861,0.36513290475049953,0.4927835051546392,TRAINING_REFERENCE
2017-11-02,3.7975,NORMAL,False,0.4042557205382404,0,VOLATILITY_ACCELERATION,0.20792012494435752,0.4042557205382404,0.11936235374185399,0.1016260162601625,0.3692428901413543,0.5331958762886598,TRAINING_REFERENCE
2017-11-03,3.8864,NORMAL,False,0.7304240687978008,0,VOLATILITY_ACCELERATION,0.5678716636003247,0.7304240687978008,0.166479072324162,0.5852534562212001,0.42360923671806855,0.8222680412371134,TRAINING_REFERENCE
2017-11-06,3.828,NORMAL,False,0.9096519028515485,0,VOLATILITY_ACCELERATION,0.4654159105139502,0.9096519028515485,0.08850996605025199,0.37566899958831,0.42012006091808524,0.811958762886598,TRAINING_REFERENCE
2017-11-07,3.8844,NORMAL,False,0.952690866277568,0,VOLATILITY_ACCELERATION,0.3353730432696286,0.952690866277568,0.13786360262801398,0.36833855799373,0.4254999483495457,0.8263917525773196,TRAINING_REFERENCE
2017-11-08,3.8665,NORMAL,False,0.9899287234936396,0,VOLATILITY_ACCELERATION,0.17138691432610753,0.9899287234936396,0.064191504556704,0.11520440737307999,0.4124098122358942,0.7863917525773196,TRAINING_REFERENCE
2017-11-09,3.8647,NORMAL,False,0.9694521987002744,0,VOLATILITY_ACCELERATION,0.09259158841729548,0.9694521987002744,0.007690884001217999,0.0116384326910625,0.40118236283979447,0.7529896907216495,TRAINING_REFERENCE
2017-11-10,3.8636,NORMAL,False,0.6749408862896291,0,VOLATILITY_ACCELERATION,0.08472228307280565,0.6749408862896291,0.117332235487854,0.0071156881517299994,0.37586951915658123,0.5983505154639175,TRAINING_REFERENCE
2017-11-13,3.8706,NORMAL,False,0.4682474261051113,0,VOLATILITY_ACCELERATION,0.035320521482448526,0.4682474261051113,0.219226018937838,0.0452945439486475,0.36246566252687057,0.46103092783505156,TRAINING_REFERENCE
2017-11-14,3.886,NORMAL,False,0.202661838458904,0,VOLATILITY_ACCELERATION,0.026155406617692424,0.202661838458904,0.008233841086866,0.09946778277269751,0.3565967188684076,0.38556701030927837,TRAINING_REFERENCE
2017-11-15,3.8811,NORMAL,False,0.1360334464852643,0,VOLATILITY_ACCELERATION,0.11616617299196898,0.1360334464852643,0.07513379991766399,0.03152341739578,0.36061241631970764,0.44742268041237115,TRAINING_REFERENCE
2017-11-16,3.8629,NORMAL,False,0.20756860698248056,0,VOLATILITY_ACCELERATION,0.20389355372632595,0.20756860698248056,0.009263071222724,0.117234804565715,0.36326411234011624,0.47175257731958764,TRAINING_REFERENCE
2017-11-17,3.8773,NORMAL,False,0.2406041675153709,0,VOLATILITY_ACCELERATION,0.022202708415829425,0.2406041675153709,0.070502264306298,0.09319423231250999,0.35085097252446473,0.2948453608247423,TRAINING_REFERENCE
2017-11-20,3.9285,NORMAL,False,0.4349827930144068,0,VOLATILITY_ACCELERATION,0.2945316505406846,0.4349827930144068,0.08130918073281,0.33012663451371,0.37523188347812764,0.5901030927835051,TRAINING_REFERENCE
2017-11-21,3.9566,NORMAL,False,0.45035164113543075,0,VOLATILITY_ACCELERATION,0.12155824479781188,0.45035164113543075,0.0020584602717159998,0.178821433116965,0.36282294835173007,0.46556701030927833,TRAINING_REFERENCE
2017-11-22,3.9184,NORMAL,False,0.5762842204769284,0,VOLATILITY_ACCELERATION,0.3499275914869722,0.5762842204769284,0.16582048303549798,0.24136885204468,0.38317441694415033,0.6560824742268041,TRAINING_REFERENCE
2017-11-23,3.9201,NORMAL,False,0.534439791839977,0,VOLATILITY_ACCELERATION,0.0425587194229314,0.534439791839977,0.063567304055088,0.010846263781132499,0.35851241693354124,0.41690721649484536,TRAINING_REFERENCE
2017-11-24,3.9437,NORMAL,False,0.5468172203772692,0,VOLATILITY_ACCELERATION,0.13271549159328605,0.5468172203772692,0.018377530208522,0.150506364633555,0.3635862512208552,0.4742268041237113,TRAINING_REFERENCE
2017-11-27,3.9062,NORMAL,False,0.5076336502055075,0,VOLATILITY_ACCELERATION,0.3360562481656377,0.5076336502055075,0.25476419147753,0.23772092197682498,0.38090454268785473,0.6412371134020619,TRAINING_REFERENCE
2017-11-28,3.9645,NORMAL,False,0.6422372373113059,0,VOLATILITY_ACCELERATION,0.3706463151352544,0.6422372373113059,0.0,0.37312477599713,0.3889112724485855,0.7006185567010309,TRAINING_REFERENCE
2017-11-29,3.9613,NORMAL,False,0.5531512586328134,0,VOLATILITY_ACCELERATION,0.0817349398828254,0.5531512586328134,0.176951810100874,0.0201790894185875,0.3619886373468554,0.45814432989690723,TRAINING_REFERENCE
2017-11-30,3.919,NORMAL,False,0.6521716729316724,0,VOLATILITY_ACCELERATION,0.3359390893655617,0.6521716729316724,0.045035297118013996,0.266957816878295,0.3830711470047869,0.6544329896907216,TRAINING_REFERENCE
2017-12-01,3.9131,NORMAL,False,0.6182753478482594,0,VOLATILITY_ACCELERATION,0.08030719508541305,0.6182753478482594,0.194093797638802,0.037637152334777504,0.3668635869585125,0.5092783505154639,TRAINING_REFERENCE
2017-12-04,3.8742,NORMAL,False,0.6134245447431874,0,VOLATILITY_ACCELERATION,0.3113652208826925,0.6134245447431874,0.200778752147138,0.24852418798394998,0.3846170538424433,0.6692783505154639,TRAINING_REFERENCE
2017-12-05,3.8444,NORMAL,False,0.6058771597931659,0,DRAWDOWN_SHIFT,0.26493924443229,0.27591816021220694,0.6058771597931659,0.19229776469981,0.417748741561413,0.8032989690721649,TRAINING_REFERENCE
2017-12-06,3.8506,NORMAL,False,0.558456299659478,0,DRAWDOWN_SHIFT,0.07193732223697592,0.3214582429005568,0.558456299659478,0.040318385183645,0.3987471776874937,0.7430927835051546,TRAINING_REFERENCE
2017-12-07,3.8631,NORMAL,False,0.3444144709461509,0,VOLATILITY_ACCELERATION,0.1179781008557305,0.3444144709461509,0.282002774624794,0.08115618345193,0.3691481422967921,0.5319587628865979,TRAINING_REFERENCE
2017-12-08,3.8388,NORMAL,False,0.37482658595031,0,DRAWDOWN_SHIFT,0.2155154655685657,0.34851278064206676,0.37482658595031,0.15725712510678,0.3829364410128389,0.6536082474226804,TRAINING_REFERENCE
2017-12-11,3.8367,NORMAL,False,0.29292700975491326,0,VOLATILITY_ACCELERATION,0.008449675288153276,0.29292700975491326,0.189178963299282,0.013676148796497499,0.3635436976128697,0.4738144329896907,TRAINING_REFERENCE
2017-12-12,3.8479,NORMAL,False,0.2373758709410177,0,VOLATILITY_ACCELERATION,0.1122854792188706,0.2373758709410177,0.01765670324127,0.07297938332420999,0.35542213935903627,0.3682474226804124,TRAINING_REFERENCE
2017-12-13,3.8119,NORMAL,False,0.33597127589529124,0,VOLATILITY_ACCELERATION,0.30067057373282896,0.33597127589529124,0.195232690124858,0.233893812209255,0.3810127007094277,0.6424742268041237,TRAINING_REFERENCE
2017-12-14,3.8869,NORMAL,False,0.6711185085405791,0,LOCAL_RETURN_SHOCK,0.6711185085405791,0.6531168808680635,0.12006558204060999,0.49188068941997,0.40315863354133513,0.7608247422680412,TRAINING_REFERENCE
2017-12-15,3.8617,NORMAL,False,0.6509439228614035,0,VOLATILITY_ACCELERATION,0.19276068092823592,0.6509439228614035,0.11552528692142801,0.16208289382284,0.37407256094265695,0.5781443298969072,TRAINING_REFERENCE
2017-12-18,3.83,NORMAL,False,0.7034885590759052,0,VOLATILITY_ACCELERATION,0.22479783863972275,0.7034885590759052,0.033799974776138,0.20522049874407247,0.3862669760941202,0.6828865979381443,TRAINING_REFERENCE
2017-12-19,3.8336,NORMAL,False,0.6986311406480321,0,VOLATILITY_ACCELERATION,0.06368919937255307,0.6986311406480321,0.07214024467145999,0.023498694516970002,0.3762847912676176,0.6016494845360825,TRAINING_REFERENCE
2017-12-20,3.8203,NORMAL,False,0.6564554895599215,0,VOLATILITY_ACCELERATION,0.05779424312182165,0.6564554895599215,0.042376087779037994,0.0867330968280475,0.3758266249083616,0.596701030927835,TRAINING_REFERENCE
2017-12-21,3.8175,NORMAL,False,0.350107201412536,0,DRAWDOWN_SHIFT,0.015482215252542625,0.2233439916518783,0.350107201412536,0.018323168337564998,0.37879955214139627,0.6247422680412371,TRAINING_REFERENCE
2017-12-22,3.8157,NORMAL,False,0.232059528313782,0,DRAWDOWN_SHIFT,0.025354149483881174,0.2117687355563568,0.232059528313782,0.011787819253434998,0.37108701439928554,0.5496907216494845,TRAINING_REFERENCE
2017-12-25,3.8074,NORMAL,False,0.11401185521503199,0,DRAWDOWN_SHIFT,0.017544741158200226,0.09865376334492615,0.11401185521503199,0.054380585475797494,0.3758161906188083,0.5962886597938144,TRAINING_REFERENCE
2017-12-26,3.812,NORMAL,False,0.108967082860386,0,DRAWDOWN_SHIFT,0.0797398812701659,0.10370409116718365,0.108967082860386,0.030204338918947502,0.3688360570262115,0.5294845360824743,TRAINING_REFERENCE
2017-12-27,3.8156,NORMAL,False,0.10677314587964926,0,LOCAL_RETURN_SHOCK,0.10677314587964926,0.0801653114216641,0.023710430066846,0.023609653725075,0.36457264337671985,0.4845360824742268,TRAINING_REFERENCE
2017-12-28,3.7749,NORMAL,False,0.3253216373806644,0,LOCAL_RETURN_SHOCK,0.3253216373806644,0.28200555579666325,0.214907302307982,0.2666684138798575,0.3899976613022907,0.7055670103092784,TRAINING_REFERENCE
2017-12-29,3.79,NORMAL,False,0.3271487143370785,0,VOLATILITY_ACCELERATION,0.21587756984924036,0.3271487143370785,0.12965064951444,0.10000264907679499,0.3654672156584989,0.4964948453608247,TRAINING_REFERENCE
2018-01-01,3.7875,NORMAL,False,0.34818450083961694,0,VOLATILITY_ACCELERATION,0.03314428270459858,0.34818450083961694,0.10039096985748198,0.016490765171502497,0.3585525514822999,0.41855670103092785,TRAINING_REFERENCE
2018-01-02,3.7667,NORMAL,False,0.35481963849852977,0,VOLATILITY_ACCELERATION,0.1656195283137469,0.35481963849852977,0.22852818766552999,0.137293729372935,0.37580669168086533,0.5958762886597938,TRAINING_REFERENCE
2018-01-03,3.7812,NORMAL,False,0.40339632313297774,0,VOLATILITY_ACCELERATION,0.18607337050548065,0.40339632313297774,0.17354016899987001,0.096238086388615,0.36717959175300907,0.5117525773195877,TRAINING_REFERENCE
2018-01-04,3.748,NORMAL,False,0.3582513725878023,0,VOLATILITY_ACCELERATION,0.2997448314231731,0.3582513725878023,0.135704376340018,0.21950703480376252,0.3835997638657019,0.6610309278350516,TRAINING_REFERENCE
2018-01-05,3.7367,NORMAL,False,0.30375039634174955,0,VOLATILITY_ACCELERATION,0.05663652970718577,0.30375039634174955,0.26888636650271197,0.075373532550695,0.37935128819449265,0.6288659793814433,TRAINING_REFERENCE
2018-01-08,3.7443,NORMAL,False,0.3315425312053688,0,VOLATILITY_ACCELERATION,0.12634063525311467,0.3315425312053688,0.217934165720772,0.0508470040409975,0.37356176020626536,0.5723711340206186,TRAINING_REFERENCE
2018-01-09,3.7679,NORMAL,False,0.38120809183759496,0,VOLATILITY_ACCELERATION,0.28029208459609545,0.38120809183759496,0.006053726825576,0.15757284405629501,0.36467919713343294,0.48577319587628864,TRAINING_REFERENCE
2018-01-10,3.7994,NORMAL,False,0.43915302190277256,0,VOLATILITY_ACCELERATION,0.34312274711783625,0.43915302190277256,0.09181485685458399,0.20900236205844,0.36859834813795334,0.5265979381443299,TRAINING_REFERENCE
2018-01-11,3.7741,NORMAL,False,0.39590249482727036,0,VOLATILITY_ACCELERATION,0.2377783197248276,0.39590249482727036,0.131668558456298,0.1664736537347975,0.3695775873958787,0.5364948453608247,TRAINING_REFERENCE
2018-01-12,3.7483,NORMAL,False,0.44884661601374354,0,VOLATILITY_ACCELERATION,0.2602195128631905,0.44884661601374354,0.058519359313909995,0.17090167192178,0.3761324007888912,0.6,TRAINING_REFERENCE
2018-01-15,3.8007,NORMAL,False,0.745258027154645,0,LOCAL_RETURN_SHOCK,0.745258027154645,0.5863785802120436,0.284525160802116,0.34949176960221495,0.41655947592057013,0.8,TRAINING_REFERENCE
2018-01-16,3.798,NORMAL,False,0.5839734120994575,0,VOLATILITY_ACCELERATION,0.01435611205656525,0.5839734120994575,0.151847647874888,0.017759886336725,0.36745845595446863,0.5142268041237114,TRAINING_REFERENCE
2018-01-17,3.8182,NORMAL,False,0.5560039679710644,0,VOLATILITY_ACCELERATION,0.2413997164967857,0.5560039679710644,0.09484172026737199,0.132964718272775,0.3658027581812875,0.49896907216494846,TRAINING_REFERENCE
2018-01-18,3.7701,NORMAL,False,0.6580247297597615,0,VOLATILITY_ACCELERATION,0.5190931344139335,0.6580247297597615,0.02017908941859,0.314938976481065,0.402321110748458,0.756701030927835,TRAINING_REFERENCE
2018-01-19,3.8065,NORMAL,False,0.6539760625545084,0,VOLATILITY_ACCELERATION,0.3836146191256664,0.6539760625545084,0.293605751040486,0.24137290788043247,0.39122488875514044,0.711340206185567,TRAINING_REFERENCE
2018-01-22,3.775,NORMAL,False,0.5788221419839344,0,VOLATILITY_ACCELERATION,0.2892644185518347,0.5788221419839344,0.129650649514438,0.20688296335216,0.3796848234875514,0.6305154639175258,TRAINING_REFERENCE
2018-01-23,3.7673,NORMAL,False,0.5791531504827798,0,VOLATILITY_ACCELERATION,0.0561590862089158,0.5791531504827798,0.154874511287674,0.0509933774834425,0.36795388979493904,0.52,TRAINING_REFERENCE
2018-01-24,3.7384,NORMAL,False,0.53834180505888,0,VOLATILITY_ACCELERATION,0.2437491718300685,0.53834180505888,0.402572833900868,0.1917819127757275,0.394872161498491,0.7257731958762886,TRAINING_REFERENCE
2018-01-25,3.7525,NORMAL,False,0.4795188647196634,0,VOLATILITY_ACCELERATION,0.1599996819332049,0.4795188647196634,0.088787993441794,0.094291675583135,0.3639002111327069,0.47876288659793814,TRAINING_REFERENCE
2018-01-26,3.7548,NORMAL,False,0.35449306669697184,0,VOLATILITY_ACCELERATION,0.030961077334178324,0.35449306669697184,0.260814730735276,0.015323117921382499,0.36552042137179,0.49690721649484537,TRAINING_REFERENCE
2018-01-29,3.7934,NORMAL,False,0.4607895831002939,0,VOLATILITY_ACCELERATION,0.3781651974662995,0.4607895831002939,0.092823811325512,0.2570043677426225,0.36955040010494483,0.5356701030927835,TRAINING_REFERENCE
2018-01-30,3.781,NORMAL,False,0.4892284475568865,0,VOLATILITY_ACCELERATION,0.11270879047112888,0.4892284475568865,0.06911338125866599,0.08172088364000499,0.35726392813840663,0.39670103092783504,TRAINING_REFERENCE
2018-01-31,3.7555,NORMAL,False,0.4675053097178314,0,VOLATILITY_ACCELERATION,0.2347834901395721,0.4675053097178314,0.08626560726447,0.16860618883893,0.3639993145760475,0.48,TRAINING_REFERENCE
2018-02-01,3.7315,NORMAL,False,0.4971883904324067,0,VOLATILITY_ACCELERATION,0.20213679412962945,0.4971883904324067,0.10594021944759399,0.159765677007055,0.3729011058468215,0.5670103092783505,TRAINING_REFERENCE
2018-02-02,3.7734,NORMAL,False,0.622875682038547,0,VOLATILITY_ACCELERATION,0.3863631256140473,0.622875682038547,0.093832765796442,0.2807182098351825,0.37842561594920265,0.6214432989690721,TRAINING_REFERENCE
2018-02-05,3.79,NORMAL,False,0.5374830709278109,0,VOLATILITY_ACCELERATION,0.12470913427877955,0.5374830709278109,0.0171522260058,0.10998038903905999,0.35808742774419833,0.40989690721649485,TRAINING_REFERENCE
2018-02-06,3.7695,NORMAL,False,0.5554818400971644,0,VOLATILITY_ACCELERATION,0.1931579794115467,0.5554818400971644,0.058014882078444,0.1352242744063325,0.36474194369006274,0.4861855670103093,TRAINING_REFERENCE
2018-02-07,3.8047,NORMAL,False,0.5563999266291606,0,VOLATILITY_ACCELERATION,0.29710253414622223,0.5563999266291606,0.248202799848658,0.23345271256134748,0.3735381789241016,0.571958762886598,TRAINING_REFERENCE
2018-02-08,3.8216,NORMAL,False,0.45453398915373794,0,DRAWDOWN_SHIFT,0.13790110999626537,0.4382885117306288,0.45453398915373794,0.11104686309039,0.3727581735153234,0.5657731958762887,TRAINING_REFERENCE
2018-02-09,3.8226,NORMAL,False,0.37558575083380985,0,VOLATILITY_ACCELERATION,0.01264080972657005,0.37558575083380985,0.24820279984865598,0.006541762612515,0.3539957178834336,0.34556701030927833,TRAINING_REFERENCE
2018-02-12,3.7997,NORMAL,False,0.4560687719848379,0,VOLATILITY_ACCELERATION,0.2314364176831011,0.4560687719848379,0.048934291840078,0.1497671741746425,0.3597234353724151,0.4362886597938144,TRAINING_REFERENCE
2018-02-13,3.8106,NORMAL,False,0.39688834525862704,0,VOLATILITY_ACCELERATION,0.10120654215000595,0.39688834525862704,0.20734014377601,0.0717161881201125,0.3557824819369485,0.3752577319587629,TRAINING_REFERENCE
2018-02-14,3.7824,NORMAL,False,0.37442849900472647,0,VOLATILITY_ACCELERATION,0.267768193471199,0.37442849900472647,0.11249842350864,0.18501023460872248,0.36484620846810106,0.48742268041237113,TRAINING_REFERENCE
2018-02-15,3.7644,NORMAL,False,0.30868971420878755,0,VOLATILITY_ACCELERATION,0.15032248298519385,0.30868971420878755,0.28856097868583197,0.11897208121826999,0.36909206033656466,0.5311340206185567,TRAINING_REFERENCE
2018-02-16,3.7474,NORMAL,False,0.37936688106949,0,DRAWDOWN_SHIFT,0.16723261084222033,0.28286471975339966,0.37936688106949,0.11289979810859749,0.3835773212316514,0.6602061855670103,TRAINING_REFERENCE
2018-02-19,3.7573,NORMAL,False,0.33686061584150645,0,VOLATILITY_ACCELERATION,0.1345248812369,0.33686061584150645,0.213898347837052,0.0660457917489475,0.36336985676123584,0.4725773195876289,TRAINING_REFERENCE
2018-02-20,3.7984,NORMAL,False,0.5458433267344422,0,VOLATILITY_ACCELERATION,0.456254927171104,0.5458433267344422,0.046066808746925994,0.27346764964202747,0.37312820160866317,0.568659793814433,TRAINING_REFERENCE
2018-02-21,3.7891,NORMAL,False,0.4837635826399447,0,VOLATILITY_ACCELERATION,0.10942315230161782,0.4837635826399447,0.25572883042024597,0.0612099831508,0.3567891734925544,0.39010309278350513,TRAINING_REFERENCE
2018-02-22,3.7843,NORMAL,False,0.4546187597826376,0,VOLATILITY_ACCELERATION,0.07726060299029182,0.4546187597826376,0.351157345854774,0.0316697896598125,0.35726683557865285,0.3975257731958763,TRAINING_REFERENCE
2018-02-23,3.7905,NORMAL,False,0.599194968209152,0,DRAWDOWN_SHIFT,0.04742590058611305,0.3912633845101019,0.599194968209152,0.0409586977776575,0.36561765820346914,0.49731958762886597,TRAINING_REFERENCE
2018-02-26,3.7864,NORMAL,False,0.52815521825771,0,DRAWDOWN_SHIFT,0.062277132218013426,0.4131722691248688,0.52815521825771,0.027041287429097498,0.36303663093990024,0.46804123711340206,TRAINING_REFERENCE
2018-02-27,3.8155,NORMAL,False,0.45506938146207393,0,DRAWDOWN_SHIFT,0.32956497919260036,0.3082542459952769,0.45506938146207393,0.19213500950770998,0.36536059965033924,0.4948453608247423,TRAINING_REFERENCE
2018-02-28,3.7988,NORMAL,False,0.3422194033684766,0,VOLATILITY_ACCELERATION,0.19932977420768036,0.3422194033684766,0.209606661526388,0.10942209408989749,0.3551408299299852,0.36206185567010307,TRAINING_REFERENCE
2018-03-01,3.8056,NORMAL,False,0.335495575708088,0,VOLATILITY_ACCELERATION,0.050371761586946576,0.335495575708088,0.23997337158647597,0.044750973991785,0.3477315304088676,0.24329896907216494,TRAINING_REFERENCE
2018-03-02,3.8071,NORMAL,False,0.33787888704038477,0,VOLATILITY_ACCELERATION,0.026411840470716427,0.33787888704038477,0.08541511230028999,0.0098538995165025,0.3390856077460977,0.0622680412371134,TRAINING_REFERENCE
2018-03-05,3.8084,NORMAL,False,0.32926483340420304,0,VOLATILITY_ACCELERATION,0.0055809129258833,0.32926483340420304,0.113200751241346,0.0085366814635775,0.3401805960007478,0.08041237113402062,TRAINING_REFERENCE
2018-03-06,3.7942,NORMAL,False,0.20933177601011405,0,VOLATILITY_ACCELERATION,0.19476553836219782,0.20933177601011405,0.10959890915639399,0.0932149984245325,0.35854823893731375,0.4177319587628866,TRAINING_REFERENCE
2018-03-07,3.8027,NORMAL,False,0.1819517856944304,0,VOLATILITY_ACCELERATION,0.09455516022881337,0.1819517856944304,0.020067405901878,0.056006536292235,0.3452865295128319,0.20164948453608247,TRAINING_REFERENCE
2018-03-08,3.8236,NORMAL,False,0.30018950483972995,0,LOCAL_RETURN_SHOCK,0.30018950483972995,0.28012964831548764,0.221005807956536,0.13740237199884,0.3537455277560071,0.3402061855670103,TRAINING_REFERENCE
2018-03-09,3.8111,NORMAL,False,0.32532277369574625,0,VOLATILITY_ACCELERATION,0.1777079814712189,0.32532277369574625,0.293226859120254,0.0817292603828825,0.3544589725398834,0.351340206185567,TRAINING_REFERENCE
2018-03-12,3.8438,NORMAL,False,0.4630619254501229,0,LOCAL_RETURN_SHOCK,0.4630619254501229,0.4527075749972758,0.40392086238390396,0.21450499855684502,0.37019974336193173,0.5439175257731959,TRAINING_REFERENCE
2018-03-13,3.8733,NORMAL,False,0.47698680182149994,0,DRAWDOWN_SHIFT,0.3630825532566761,0.39892331880513304,0.47698680182149994,0.19186742286279,0.37386333984581266,0.5756701030927835,TRAINING_REFERENCE
2018-03-14,3.8796,NORMAL,False,0.4332501479327959,0,DRAWDOWN_SHIFT,0.039028700821637376,0.4056833453869538,0.4332501479327959,0.0406630005421725,0.3632369416398187,0.4705154639175258,TRAINING_REFERENCE
2018-03-15,3.8956,NORMAL,False,0.3989821180576491,0,VOLATILITY_ACCELERATION,0.15032898528381955,0.3989821180576491,0.197322422767174,0.10310341272296,0.3539590900121312,0.3443298969072165,TRAINING_REFERENCE
2018-03-16,3.9196,NORMAL,False,0.2439648682509356,0,LOCAL_RETURN_SHOCK,0.2439648682509356,0.2307675274360579,0.117383138564272,0.1540199199096425,0.36567967672898555,0.4981443298969072,TRAINING_REFERENCE
2018-03-19,3.9362,NORMAL,False,0.1880563345943482,0,VOLATILITY_ACCELERATION,0.11234618833681495,0.1880563345943482,0.0,0.105878150831715,0.35705430431134466,0.39463917525773196,TRAINING_REFERENCE
2018-03-20,3.9339,NORMAL,False,0.2151887397892616,0,VOLATILITY_ACCELERATION,0.16522953466520643,0.2151887397892616,0.01168639804888,0.014607997561099999,0.35068594697570526,0.2915463917525773,TRAINING_REFERENCE
2018-03-21,3.9085,NORMAL,False,0.5176474338687393,0,LOCAL_RETURN_SHOCK,0.5176474338687393,0.41382453362666954,0.14074488084954997,0.1614174229136475,0.3743634100074957,0.5810309278350515,TRAINING_REFERENCE
2018-03-22,3.9343,NORMAL,False,0.4574314504081578,0,VOLATILITY_ACCELERATION,0.2942663839583397,0.4574314504081578,0.009653980996898,0.1650249456313125,0.35224007353159625,0.31752577319587627,TRAINING_REFERENCE
2018-03-23,3.9824,NORMAL,False,0.5877688413355253,0,LOCAL_RETURN_SHOCK,0.5877688413355253,0.5730167005170096,0.0,0.3056452227842325,0.3775541891655028,0.6144329896907217,TRAINING_REFERENCE
2018-03-26,3.9657,NORMAL,False,0.6234192805406502,0,VOLATILITY_ACCELERATION,0.3383765497312688,0.6234192805406502,0.083869023704298,0.1048362796303725,0.36905586193866013,0.530721649484536,TRAINING_REFERENCE
2018-03-27,3.9819,NORMAL,False,0.6246910558938225,0,VOLATILITY_ACCELERATION,0.0861452076893126,0.6246910558938225,0.009175349434977999,0.1021257281186175,0.35536004401336535,0.3661855670103093,TRAINING_REFERENCE
2018-03-28,4.0103,NORMAL,False,0.482698373245893,0,VOLATILITY_ACCELERATION,0.25117371535039945,0.482698373245893,0.14074488084954997,0.1783068384439575,0.36425750949420993,0.48329896907216496,TRAINING_REFERENCE
2018-03-29,3.9422,ANOMALOUS,True,1.0199907453456727,1,LOCAL_RETURN_SHOCK,1.0199907453456727,0.8749775154982937,0.329971483432196,0.4245318305363675,0.4391779152365483,0.8511340206185567,TRAINING_REFERENCE
2018-03-30,3.9552,NORMAL,False,0.743601869202241,0,VOLATILITY_ACCELERATION,0.05780341577655643,0.743601869202241,0.27479240954542,0.0824412764446225,0.3741901743451938,0.5789690721649484,TRAINING_REFERENCE
2018-04-02,3.9735,NORMAL,False,0.7533321012553043,0,VOLATILITY_ACCELERATION,0.10305821509444042,0.7533321012553043,0.09965839319717999,0.11567050970873499,0.3657016475173151,0.49855670103092786,TRAINING_REFERENCE
2018-04-03,3.9887,NORMAL,False,0.7545693092289998,0,VOLATILITY_ACCELERATION,0.06408566510157815,0.7545693092289998,0.105211565654352,0.09563357241726249,0.36537697840828126,0.4952577319587629,TRAINING_REFERENCE
2018-04-04,3.9991,NORMAL,False,0.7170162027807111,0,VOLATILITY_ACCELERATION,0.003312751490217875,0.7170162027807111,0.055856170361318,0.06518414521021751,0.361333118634059,0.45278350515463917,TRAINING_REFERENCE
2018-04-05,4.0515,NORMAL,False,0.4115550326961292,0,LOCAL_RETURN_SHOCK,0.4115550326961292,0.32972091907464685,0.33962546442909397,0.32757370408341496,0.38516500310443613,0.6717525773195876,TRAINING_REFERENCE
2018-04-06,4.0449,NORMAL,False,0.4152369056819544,0,VOLATILITY_ACCELERATION,0.16694729237107656,0.4152369056819544,0.24221188381421,0.04072565716401,0.3650123924686862,0.4911340206185567,TRAINING_REFERENCE
2018-04-09,4.0737,NORMAL,False,0.43655572487105276,0,VOLATILITY_ACCELERATION,0.15260186933130437,0.43655572487105276,0.18352741690147797,0.17800192835422,0.3630143041278957,0.4672164948453608,TRAINING_REFERENCE
2018-04-10,4.1121,NORMAL,False,0.4514445743620392,0,VOLATILITY_ACCELERATION,0.2428025600768364,0.4514445743620392,0.10772261426825598,0.2356580013255775,0.3717628055786413,0.5554639175257732,TRAINING_REFERENCE
2018-04-11,4.136,NORMAL,False,0.4260725735771251,0,VOLATILITY_ACCELERATION,0.10326606535971138,0.4260725735771251,0.055856170361318,0.1453028866029525,0.36825604940393614,0.5224742268041237,TRAINING_REFERENCE
2018-04-12,4.1102,NORMAL,False,0.529454633136748,0,VOLATILITY_ACCELERATION,0.34875637222939626,0.529454633136748,0.124758220502902,0.1559477756286275,0.3767910290835532,0.6070103092783505,TRAINING_REFERENCE
2018-04-13,4.0969,NORMAL,False,0.560240265227868,0,VOLATILITY_ACCELERATION,0.20929393528697107,0.560240265227868,0.156491040999934,0.0808963067490625,0.3667480151939296,0.5088659793814433,TRAINING_REFERENCE
2018-04-16,4.0963,NORMAL,False,0.534802593216003,0,VOLATILITY_ACCELERATION,0.08316274054243253,0.534802593216003,0.191972920696322,0.00366130488906,0.35702989930712514,0.39422680412371136,TRAINING_REFERENCE
2018-04-17,4.0976,NORMAL,False,0.3744704715180542,0,VOLATILITY_ACCELERATION,0.05933252564672448,0.3744704715180542,0.18568665377176,0.0079339892097725,0.35596611163272157,0.3777319587628866,TRAINING_REFERENCE
2018-04-18,4.0086,NORMAL,False,0.830567224733666,0,LOCAL_RETURN_SHOCK,0.830567224733666,0.6860984901821656,0.6160541586073479,0.54300078094494,0.47220526457626194,0.8931958762886598,TRAINING_REFERENCE
2018-04-19,4.0403,NORMAL,False,0.8296793397268752,0,VOLATILITY_ACCELERATION,0.18870826602248922,0.8296793397268752,0.33800773694390596,0.197699945117995,0.4006107789177207,0.7505154639175258,TRAINING_REFERENCE
2018-04-20,4.0766,NORMAL,False,0.9181313153338255,0,VOLATILITY_ACCELERATION,0.21644393074490442,0.9181313153338255,0.09816247582205,0.2246120337598675,0.39802404832233473,0.7397938144329896,TRAINING_REFERENCE
2018-04-23,4.1079,NORMAL,False,0.970288061343468,0,VOLATILITY_ACCELERATION,0.18782263095656263,0.970288061343468,0.056092843326882,0.19194917333071748,0.39049761923213433,0.7084536082474227,TRAINING_REFERENCE
2018-04-24,4.086,NORMAL,False,0.9867245801238002,0,VOLATILITY_ACCELERATION,0.20646860668041062,0.9867245801238002,0.056092843326884,0.13327977798875,0.3999475572609592,0.7472164948453608,TRAINING_REFERENCE
2018-04-25,4.0809,NORMAL,False,0.4876443833406245,0,VOLATILITY_ACCELERATION,0.0735356527219542,0.4876443833406245,0.34961315280463995,0.03120411160059,0.3656569513842771,0.4977319587628866,TRAINING_REFERENCE
2018-04-26,4.0664,NORMAL,False,0.5002399399384112,0,VOLATILITY_ACCELERATION,0.12872985010060073,0.5002399399384112,0.12620889748549,0.0888284447058225,0.3547120480139598,0.354639175257732,TRAINING_REFERENCE
2018-04-27,4.0422,NORMAL,False,0.4244161957315097,0,VOLATILITY_ACCELERATION,0.24550894158045905,0.4244161957315097,0.166344294003866,0.148780247885105,0.36719417279667127,0.5125773195876289,TRAINING_REFERENCE
2018-04-30,4.0617,NORMAL,False,0.3335001071028715,0,VOLATILITY_ACCELERATION,0.11822807059907885,0.3335001071028715,0.22340425531914598,0.12060264212557001,0.3621344475001523,0.45938144329896907,TRAINING_REFERENCE
2018-05-01,4.103,NORMAL,False,0.4995815282789111,0,VOLATILITY_ACCELERATION,0.288208284026331,0.4995815282789111,0.082205029013536,0.2542039047689325,0.35931195087996576,0.4280412371134021,TRAINING_REFERENCE
2018-05-02,4.1771,NORMAL,False,0.7213203377748763,0,VOLATILITY_ACCELERATION,0.5139921849498569,0.7213203377748763,0.26644100580270796,0.45149890324153,0.40459277876204985,0.7649484536082474,TRAINING_REFERENCE
2018-05-03,4.2131,NORMAL,False,0.6356601623675026,0,VOLATILITY_ACCELERATION,0.17988315504035873,0.6356601623675026,0.336557059961316,0.21546048694069747,0.38239255947974005,0.648659793814433,TRAINING_REFERENCE
2018-05-04,4.226,NORMAL,False,0.453578336557058,0,DRAWDOWN_SHIFT,0.030848764933519277,0.4232829190631659,0.453578336557058,0.0765469606702925,0.3887228727180043,0.6993814432989691,TRAINING_REFERENCE
2018-05-07,4.2669,NORMAL,False,0.38898139985212216,0,VOLATILITY_ACCELERATION,0.21605989480462093,0.38898139985212216,0.35928433268858595,0.241954566966395,0.39567935334658993,0.7298969072164948,TRAINING_REFERENCE
2018-05-08,4.3327,NORMAL,False,0.41573149615558397,0,VOLATILITY_ACCELERATION,0.3747672477761037,0.41573149615558397,0.159574468085108,0.3855257915582775,0.41503902199502024,0.7958762886597938,TRAINING_REFERENCE
2018-05-09,4.2876,NORMAL,False,0.6817739473728821,0,VOLATILITY_ACCELERATION,0.3601999861219657,0.6817739473728821,0.208184273086064,0.26023034135758,0.3991246570314036,0.7443298969072165,TRAINING_REFERENCE
2018-05-10,4.2352,NORMAL,False,0.825363217295957,0,VOLATILITY_ACCELERATION,0.3706864048059108,0.825363217295957,0.4500657788446,0.305532232484375,0.4113036960408373,0.7835051546391752,TRAINING_REFERENCE
2018-05-11,4.3136,NORMAL,False,0.9526533847078874,0,VOLATILITY_ACCELERATION,0.4309612418784504,0.9526533847078874,0.088166732060838,0.46278806195693,0.4270182109062034,0.8288659793814434,TRAINING_REFERENCE
2018-05-14,4.3674,NORMAL,False,0.9593256713403586,0,VOLATILITY_ACCELERATION,0.2350024125399553,0.9593256713403586,0.0,0.3118045252225525,0.41863511631876726,0.8074226804123711,TRAINING_REFERENCE
2018-05-15,4.445,NORMAL,False,0.9667972221499116,0,VOLATILITY_ACCELERATION,0.3398557390599,0.9667972221499116,0.0,0.44420021065164494,0.4391099550599543,0.8507216494845361,TRAINING_REFERENCE
2018-05-16,4.4139,NORMAL,False,0.9069072662644844,0,VOLATILITY_ACCELERATION,0.25028198928886775,0.9069072662644844,0.06825176464961799,0.1749156355455575,0.4183602358346609,0.8061855670103093,TRAINING_REFERENCE
2018-05-17,4.4606,NORMAL,False,0.64346976223248,0,VOLATILITY_ACCELERATION,0.14685584380096656,0.64346976223248,0.4500657788446,0.2645053127619575,0.42236350487739177,0.8189690721649484,TRAINING_REFERENCE
2018-05-18,4.4917,NORMAL,False,0.5795933290343895,0,VOLATILITY_ACCELERATION,0.05026963582770193,0.5795933290343895,0.088166732060838,0.1743039053042175,0.39598223475911365,0.7303092783505155,TRAINING_REFERENCE
2018-05-21,4.5749,NORMAL,False,0.6258714120373501,0,VOLATILITY_ACCELERATION,0.3493048709268776,0.6258714120373501,0.0,0.4630763408063775,0.42917414499856216,0.834639175257732,TRAINING_REFERENCE
2018-05-22,4.6691,NORMAL,False,0.6420669050620752,0,VOLATILITY_ACCELERATION,0.3711586414262246,0.6420669050620752,0.0,0.514765350062295,0.44647793677193903,0.8663917525773196,TRAINING_REFERENCE
2018-05-23,4.5762,NORMAL,False,0.8994319124870696,0,VOLATILITY_ACCELERATION,0.6401967992801723,0.8994319124870696,0.258002853838938,0.49741920284423,0.4732257478392613,0.8944329896907216,TRAINING_REFERENCE
2018-05-24,4.7073,NORMAL,False,0.98513651032572,0,VOLATILITY_ACCELERATION,0.4802952232141606,0.98513651032572,0.0,0.716205585420215,0.49626125965996326,0.9167010309278351,TRAINING_REFERENCE
2018-05-25,4.7081,ANOMALOUS,True,1.0159646563295168,1,VOLATILITY_ACCELERATION,0.14268797412632034,1.0159646563295168,0.0,0.00424872007308,0.4576438539211349,0.8783505154639175,TRAINING_REFERENCE
2018-05-28,4.5822,ANOMALOUS,True,1.170558002100823,1,VOLATILITY_ACCELERATION,0.6928914853212458,1.170558002100823,0.534822964677894,0.6685287058473676,0.5184561140736196,0.9331958762886597,TRAINING_REFERENCE
2018-05-29,4.5488,ANOMALOUS,True,1.0351259077932369,1,VOLATILITY_ACCELERATION,0.2295817466476303,1.0351259077932369,0.6767061022493159,0.182226877918905,0.48365948890206556,0.9051546391752577,TRAINING_REFERENCE
2018-05-30,4.465,NORMAL,False,0.988799644851814,0,VOLATILITY_ACCELERATION,0.3976522907482252,0.988799644851814,0.634752983341742,0.460561027084065,0.4981424358843083,0.9204123711340206,TRAINING_REFERENCE
2018-05-31,4.5245,NORMAL,False,0.779932456829718,0,DRAWDOWN_SHIFT,0.1595275087332436,0.7214478512603468,0.779932456829718,0.33314669652855,0.4801672491571086,0.9014432989690722,TRAINING_REFERENCE
2018-06-01,4.6508,NORMAL,False,0.9994244456337175,0,VOLATILITY_ACCELERATION,0.3884638859122151,0.9994244456337175,0.24341029289947,0.697867167642835,0.5000053640733192,0.9216494845360824,TRAINING_REFERENCE
2018-06-04,4.5921,NORMAL,False,0.8467488506636761,0,VOLATILITY_ACCELERATION,0.2658818782411996,0.8467488506636761,0.042055181495722,0.3155371118947275,0.4474221597540849,0.8672164948453608,TRAINING_REFERENCE
2018-06-05,4.5985,NORMAL,False,0.8260555768021655,0,VOLATILITY_ACCELERATION,0.03578896303407188,0.8260555768021655,0.211125507104776,0.0348424468108225,0.43346298134848743,0.84,TRAINING_REFERENCE
2018-06-06,4.5554,NORMAL,False,0.7242542627958874,0,VOLATILITY_ACCELERATION,0.18695987904975914,0.7242542627958874,0.384019031031622,0.23431553767532748,0.4448458400223423,0.8630927835051546,TRAINING_REFERENCE
2018-06-07,4.4844,NORMAL,False,0.751730925020255,0,VOLATILITY_ACCELERATION,0.2814878714449831,0.751730925020255,0.170344725048322,0.38964745137638745,0.45911456865998507,0.8812371134020619,TRAINING_REFERENCE
2018-06-08,4.474,NORMAL,False,0.75104606953973,0,DRAWDOWN_SHIFT,0.0789554548137424,0.300295651444,0.75104606953973,0.057978770850055,0.4627050761865468,0.8870103092783506,TRAINING_REFERENCE
2018-06-11,4.524,NORMAL,False,0.4321386452588908,0,VOLATILITY_ACCELERATION,0.1400083195430189,0.4321386452588908,0.289288672712986,0.279392042914615,0.4300752410973779,0.8358762886597938,TRAINING_REFERENCE
2018-06-12,4.5976,NORMAL,False,0.562194400345385,0,VOLATILITY_ACCELERATION,0.2188791521663757,0.562194400345385,0.0038231983177919996,0.40671971706454496,0.42657346536862845,0.8276288659793815,TRAINING_REFERENCE
2018-06-13,4.6452,NORMAL,False,0.5394619008614424,0,VOLATILITY_ACCELERATION,0.1305467061233715,0.5394619008614424,0.3814702321531,0.2588306942752725,0.4190339866949414,0.8090721649484536,TRAINING_REFERENCE
2018-06-14,4.7259,NORMAL,False,0.95027718187804,0,DRAWDOWN_SHIFT,0.22505901998406982,0.32373923601763066,0.95027718187804,0.43431929733919,0.4709631839721202,0.8915463917525773,TRAINING_REFERENCE
2018-06-15,4.7301,NORMAL,False,0.9944563624392,0,DRAWDOWN_SHIFT,0.03222210996332772,0.2714278083263061,0.9944563624392,0.0222179902240825,0.4537051228588535,0.8746391752577319,TRAINING_REFERENCE
2018-06-18,4.7042,NORMAL,False,0.67254502907543,0,DRAWDOWN_SHIFT,0.12386728128655415,0.4116482816924977,0.67254502907543,0.13688928352465998,0.4350916546686817,0.8428865979381444,TRAINING_REFERENCE
2018-06-19,4.7402,NORMAL,False,0.46940379346232997,0,DRAWDOWN_SHIFT,0.09466502654671904,0.3640067964832149,0.46940379346232997,0.1913183963266825,0.4094400194501037,0.7769072164948454,TRAINING_REFERENCE
2018-06-20,4.7327,NORMAL,False,0.37202014074640033,0,VOLATILITY_ACCELERATION,0.0392148978127552,0.37202014074640033,0.235554848011916,0.0395552930256075,0.3898949719949365,0.7051546391752578,TRAINING_REFERENCE
2018-06-21,4.7225,NORMAL,False,0.20791976232183346,0,VOLATILITY_ACCELERATION,0.06622880540227838,0.20791976232183346,0.07468039323235,0.053880448792445,0.3790224133937942,0.6263917525773196,TRAINING_REFERENCE
2018-06-22,4.6773,NORMAL,False,0.26742923052267065,0,VOLATILITY_ACCELERATION,0.18201537833410997,0.26742923052267065,0.265389646006496,0.23928004235045,0.397435902215481,0.7369072164948454,TRAINING_REFERENCE
2018-06-25,4.681,NORMAL,False,0.25964334618587026,0,VOLATILITY_ACCELERATION,0.018855338940921423,0.25964334618587026,0.140267063539328,0.01977636670729,0.3695088340723381,0.5348453608247423,TRAINING_REFERENCE
2018-06-26,4.6155,NORMAL,False,0.526138137631322,0,DRAWDOWN_SHIFT,0.3111300093091536,0.2566431730908828,0.526138137631322,0.3498184148686175,0.42730692975165174,0.8296907216494845,TRAINING_REFERENCE
2018-06-27,4.6225,NORMAL,False,0.46495928441838,0,DRAWDOWN_SHIFT,0.01430578872734325,0.28098121599832804,0.46495928441838,0.037915718773695,0.3937563379200883,0.7224742268041238,TRAINING_REFERENCE
2018-06-28,4.5853,NORMAL,False,0.5788785283321379,0,DRAWDOWN_SHIFT,0.21145634098995073,0.27960404302085545,0.5788785283321379,0.2011898323418025,0.4178759788339555,0.8041237113402062,TRAINING_REFERENCE
2018-06-29,4.5872,NORMAL,False,0.38015273617147,0,DRAWDOWN_SHIFT,0.00686167396707515,0.28407809189774613,0.38015273617147,0.0103591913288125,0.38422204087909934,0.6647422680412371,TRAINING_REFERENCE
2018-07-02,4.6161,NORMAL,False,0.33624473720822684,0,VOLATILITY_ACCELERATION,0.1814621690692729,0.33624473720822684,0.273828108518624,0.15750348796651248,0.3770426081517956,0.6094845360824742,TRAINING_REFERENCE
2018-07-03,4.6705,NORMAL,False,0.3103093819300339,0,LOCAL_RETURN_SHOCK,0.3103093819300339,0.3039245715184933,0.23205771908358,0.2946210004115975,0.3807414237855366,0.64,TRAINING_REFERENCE
2018-07-04,4.6667,NORMAL,False,0.3098532343219792,0,VOLATILITY_ACCELERATION,0.042557545445903074,0.3098532343219792,0.186490021518078,0.020340434642969998,0.35939380694088113,0.4292783505154639,TRAINING_REFERENCE
2018-07-05,4.5925,NORMAL,False,0.4605156310181418,0,LOCAL_RETURN_SHOCK,0.4605156310181418,0.4224553937636468,0.030378465043667997,0.3974971607345625,0.4007929780690409,0.7509278350515464,TRAINING_REFERENCE
2018-07-06,4.5704,NORMAL,False,0.4322802008874121,0,VOLATILITY_ACCELERATION,0.16181861526341962,0.4322802008874121,0.07088308510189,0.12030484485574248,0.38060156346081914,0.6395876288659794,TRAINING_REFERENCE
2018-07-09,4.7338,NORMAL,False,0.9207876049246032,0,LOCAL_RETURN_SHOCK,0.9207876049246032,0.755936098143464,0.49660351883886195,0.89379485384211,0.49567272921875993,0.9158762886597939,TRAINING_REFERENCE
2018-07-10,4.7077,NORMAL,False,0.7565455208611,0,VOLATILITY_ACCELERATION,0.16315407951009667,0.7565455208611,0.156955402725624,0.13783852296252,0.4121043342886746,0.7851546391752577,TRAINING_REFERENCE
2018-07-11,4.8762,NORMAL,False,0.9244163517252594,0,VOLATILITY_ACCELERATION,0.7391959821751772,0.9244163517252594,0.31011349732078797,0.8948106293943925,0.5063649751911045,0.9274226804123711,TRAINING_REFERENCE
2018-07-12,4.8552,NORMAL,False,0.8295645639510812,0,VOLATILITY_ACCELERATION,0.12277525801832324,0.8295645639510812,0.53704781224864,0.10766580534022249,0.47010600847595,0.8911340206185567,TRAINING_REFERENCE
2018-07-13,4.8552,NORMAL,False,0.8012885842744705,0,VOLATILITY_ACCELERATION,0.02655187105789545,0.8012885842744705,0.63029282300768,0.0,0.4710241724613129,0.8919587628865979,TRAINING_REFERENCE
2018-07-16,4.8463,NORMAL,False,0.6505217967636697,0,VOLATILITY_ACCELERATION,0.059606867680409625,0.6505217967636697,0.09563339918680598,0.045827154391167496,0.41290037654459655,0.7876288659793814,TRAINING_REFERENCE
2018-07-17,4.8065,NORMAL,False,0.6650647978455256,0,VOLATILITY_ACCELERATION,0.18187183188908168,0.6650647978455256,0.148753332071734,0.20531126839032,0.42051268349967785,0.8136082474226805,TRAINING_REFERENCE
2018-07-18,4.7953,NORMAL,False,0.33181575817234593,0,DRAWDOWN_SHIFT,0.05742615474100875,0.1162829170601484,0.33181575817234593,0.05825444710287749,0.3990450709014364,0.7435051546391752,TRAINING_REFERENCE
2018-07-19,4.8066,NORMAL,False,0.199335548172756,0,DRAWDOWN_SHIFT,0.029765834199675725,0.14632364721694696,0.199335548172756,0.05891185118762,0.38613829471982464,0.6804123711340206,TRAINING_REFERENCE
2018-07-20,4.7927,NORMAL,False,0.25634715557196,0,DRAWDOWN_SHIFT,0.0712973421821055,0.1406919472108729,0.25634715557196,0.07229642574793249,0.3925184812615676,0.7167010309278351,TRAINING_REFERENCE
2018-07-23,4.7395,NORMAL,False,0.43804601944137,0,DRAWDOWN_SHIFT,0.2323646676653581,0.195478812151376,0.43804601944137,0.2775053727543975,0.4157919696677718,0.797938144329897,TRAINING_REFERENCE
2018-07-24,4.8861,NORMAL,False,0.773288321552905,0,LARGE_ABSOLUTE_RETURN,0.5543510868840053,0.5777626341913,0.28587834789385197,0.773288321552905,0.4581159060650426,0.8787628865979381,TRAINING_REFERENCE
2018-07-25,4.7728,NORMAL,False,0.7092087739307583,0,VOLATILITY_ACCELERATION,0.4434946590448972,0.7092087739307583,0.13194879842698398,0.5797056957491625,0.45634718183795486,0.8775257731958763,TRAINING_REFERENCE
2018-07-26,4.8649,NORMAL,False,0.7709807329019508,0,VOLATILITY_ACCELERATION,0.277139607372038,0.7709807329019508,0.19869141751196,0.4824212202480675,0.45098912742393793,0.871340206185567,TRAINING_REFERENCE
2018-07-27,4.8529,NORMAL,False,0.7693377719522202,0,VOLATILITY_ACCELERATION,0.08597970150482735,0.7693377719522202,0.20658409570382197,0.06166622129951,0.43197745042645586,0.8375257731958763,TRAINING_REFERENCE
2018-07-30,4.8823,NORMAL,False,0.7223163187021991,0,VOLATILITY_ACCELERATION,0.04813305323385358,0.7223163187021991,0.5451281710846699,0.1514558305343175,0.4444039547790143,0.862680412371134,TRAINING_REFERENCE
2018-07-31,4.9142,NORMAL,False,0.5505823970833643,0,VOLATILITY_ACCELERATION,0.05567497110771595,0.5505823970833643,0.0,0.1633451447063875,0.40201677911234157,0.7562886597938144,TRAINING_REFERENCE
2018-08-01,4.995,NORMAL,False,0.46376455659932997,0,DRAWDOWN_SHIFT,0.21425557358293534,0.3067825707775321,0.46376455659932997,0.4110536811688525,0.43942905233756585,0.8523711340206186,TRAINING_REFERENCE
2018-08-02,5.066,NORMAL,False,0.35535535535535,0,LARGE_ABSOLUTE_RETURN,0.16349280489159868,0.2636517234757707,0.08677677493297399,0.35535535535535,0.42195961125779413,0.817319587628866,TRAINING_REFERENCE
2018-08-03,5.0815,NORMAL,False,0.2041080441678649,0,VOLATILITY_ACCELERATION,0.03121131885586335,0.2041080441678649,0.135895704140316,0.0764903276746925,0.41016764995764643,0.780618556701031,TRAINING_REFERENCE
2018-08-06,5.3301,ANOMALOUS,True,1.223064055889005,1,LARGE_ABSOLUTE_RETURN,0.6938438203289616,0.5974139918037624,0.015554327582324,1.223064055889005,0.5488395860756335,0.9579381443298969,TRAINING_REFERENCE
2018-08-07,5.2443,NORMAL,False,0.7731260272418231,0,VOLATILITY_ACCELERATION,0.3222180268859787,0.7731260272418231,0.32194517926492794,0.40243147408116,0.5044197529840476,0.9241237113402062,TRAINING_REFERENCE
2018-08-08,5.28,NORMAL,False,0.7778981619688894,0,VOLATILITY_ACCELERATION,0.01758889271639165,0.7778981619688894,0.18798896831203799,0.17018477203821,0.4747325995823032,0.8956701030927835,TRAINING_REFERENCE
2018-08-09,5.5457,ANOMALOUS,True,1.25804924242424,1,LARGE_ABSOLUTE_RETURN,0.7102600177049248,0.9012691061314893,0.0,1.25804924242424,0.5837821968323385,0.9703092783505155,TRAINING_REFERENCE
2018-08-10,6.4275,ANOMALOUS,True,3.975151919505202,3,LARGE_ABSOLUTE_RETURN,1.9900861271380772,1.2982500761282219,0.0,3.975151919505202,0.7402226079028548,0.996701030927835,TRAINING_REFERENCE
2018-08-13,6.8834,ANOMALOUS,True,1.7732399844418476,2,LARGE_ABSOLUTE_RETURN,0.360566634492238,1.2494482539384089,0.0,1.7732399844418476,0.7201491040574688,0.9962886597938144,TRAINING_REFERENCE
2018-08-14,6.3544,ANOMALOUS,True,1.9212888979283498,3,LARGE_ABSOLUTE_RETURN,0.585984696602479,1.481407668536337,1.21508593907775,1.9212888979283498,0.7429854973933284,0.9975257731958763,TRAINING_REFERENCE
2018-08-15,5.9905,ANOMALOUS,True,2.40636847132535,3,DRAWDOWN_SHIFT,0.3960830812144085,1.611502194987282,2.40636847132535,1.4316851315623824,0.7402290926415404,0.9971134020618557,TRAINING_REFERENCE
2018-08-16,5.827,ANOMALOUS,True,3.069413371299068,2,DRAWDOWN_SHIFT,0.20473624400340143,1.6376837985916695,3.069413371299068,0.6823303563976274,0.7196670023118539,0.9954639175257732,TRAINING_REFERENCE
2018-08-17,6.014,ANOMALOUS,True,2.5260772292762277,2,DRAWDOWN_SHIFT,0.10867102642540205,1.0149908668662753,2.5260772292762277,0.802299639608715,0.6851908712720123,0.9921649484536083,TRAINING_REFERENCE
2018-08-20,6.0808,ANOMALOUS,True,2.331987099398552,1,DRAWDOWN_SHIFT,0.00717034566605345,0.753464621425511,2.331987099398552,0.277685400731625,0.6688335927051877,0.9888659793814433,TRAINING_REFERENCE
2018-08-21,6.0758,NORMAL,False,0.809483685388034,0,DRAWDOWN_SHIFT,0.0739450154411631,0.5753496833295241,0.809483685388034,0.0205565057229275,0.6169727365090825,0.9802061855670103,TRAINING_REFERENCE
2018-08-22,6.0512,NORMAL,False,0.36188375619458674,0,VOLATILITY_ACCELERATION,0.08245994791595365,0.36188375619458674,0.17636633059243798,0.10122123835544501,0.5782271555672066,0.9682474226804124,TRAINING_REFERENCE
2018-08-23,6.1247,NORMAL,False,0.8649795159368919,0,DRAWDOWN_SHIFT,0.004410016030514675,0.23664633551195785,0.8649795159368919,0.30365877842411504,0.5921175591372062,0.9731958762886598,TRAINING_REFERENCE
2018-08-24,6.0068,NORMAL,False,0.4812480611295225,0,LARGE_ABSOLUTE_RETURN,0.16535760534842797,0.2134284391204564,0.020919894238314,0.4812480611295225,0.5724205902653152,0.9661855670103093,TRAINING_REFERENCE
2018-08-27,6.1217,NORMAL,False,0.4782080308983125,0,LARGE_ABSOLUTE_RETURN,0.0376678773789532,0.2485133664212286,0.11883662143707599,0.4782080308983125,0.5687651075618582,0.9641237113402061,TRAINING_REFERENCE
2018-08-28,6.273,NORMAL,False,0.6178839211330149,0,LARGE_ABSOLUTE_RETURN,0.06301977975748903,0.29892162658376376,0.5729726588604459,0.6178839211330149,0.5974434586803394,0.9756701030927835,TRAINING_REFERENCE
2018-08-29,6.4752,ANOMALOUS,True,1.23194932736729,1,DRAWDOWN_SHIFT,0.09688159781273395,0.3287165952173456,1.23194932736729,0.8058345289335226,0.6324827636572323,0.9851546391752577,TRAINING_REFERENCE
2018-08-30,6.6519,ANOMALOUS,True,1.531801144783102,1,DRAWDOWN_SHIFT,0.06719292149208192,0.3425258740485907,1.531801144783102,0.682218309859155,0.6411149617189245,0.9868041237113402,TRAINING_REFERENCE
2018-08-31,6.538,ANOMALOUS,True,1.5434233082488318,1,DRAWDOWN_SHIFT,0.1630292880156023,0.3257460821845294,1.5434233082488318,0.4280731820983475,0.638496802280464,0.9863917525773196,TRAINING_REFERENCE
2018-09-03,6.634,ANOMALOUS,True,1.488508585873264,1,DRAWDOWN_SHIFT,0.0044822123035945,0.3255235512765607,1.488508585873264,0.367084735393085,0.6268423979019123,0.9835051546391752,TRAINING_REFERENCE
2018-09-04,6.6711,ANOMALOUS,True,1.1566958189266918,1,DRAWDOWN_SHIFT,0.03331026912599017,0.3229659145877071,1.1566958189266918,0.13981006933976248,0.6101670367311005,0.9785567010309278,TRAINING_REFERENCE
2018-09-05,6.6011,NORMAL,False,0.365807595083824,0,DRAWDOWN_SHIFT,0.12245310452978997,0.29790700283004196,0.365807595083824,0.26232555350692,0.5861730746272366,0.9711340206185567,TRAINING_REFERENCE
2018-09-06,6.5827,NORMAL,False,0.2074796957157603,0,VOLATILITY_ACCELERATION,0.0776603349136818,0.2074796957157603,0.201063427957114,0.0696853554710575,0.5675765535393572,0.963298969072165,TRAINING_REFERENCE
2018-09-07,6.397,NORMAL,False,0.7052577209959424,0,LARGE_ABSOLUTE_RETURN,0.19783476221917712,0.26614661089776054,0.40968126216695,0.7052577209959424,0.5759891805287392,0.9678350515463917,TRAINING_REFERENCE
2018-09-10,6.4616,NORMAL,False,0.500915245372928,0,DRAWDOWN_SHIFT,0.0740117873170422,0.24612116814982846,0.500915245372928,0.25246209160543753,0.5417636519382357,0.9521649484536082,TRAINING_REFERENCE
2018-09-11,6.4302,NORMAL,False,0.699944794723536,0,DRAWDOWN_SHIFT,0.01827086781749235,0.22665241526690036,0.699944794723536,0.12148693821963251,0.5322008600958673,0.948041237113402,TRAINING_REFERENCE
2018-09-12,6.342,NORMAL,False,0.752825638492606,0,DRAWDOWN_SHIFT,0.15839407059025679,0.23022239629940255,0.752825638492606,0.34291312867407,0.5377813692424446,0.951340206185567,TRAINING_REFERENCE
2018-09-13,6.0812,ANOMALOUS,True,1.457128744515792,2,DRAWDOWN_SHIFT,0.5843235921137512,0.31756323781655493,1.457128744515792,1.0280668558814225,0.6267540782732699,0.9830927835051546,TRAINING_REFERENCE
2018-09-14,6.1703,NORMAL,False,0.658686114420202,0,DRAWDOWN_SHIFT,0.1520153002478023,0.35432311571221303,0.658686114420202,0.36629283694007747,0.5583624893641121,0.9604123711340207,TRAINING_REFERENCE
2018-09-17,6.3144,NORMAL,False,0.5838451939127725,0,LARGE_ABSOLUTE_RETURN,0.2841489409015064,0.4030078170403865,0.427695615538832,0.5838451939127725,0.5564691548477313,0.9591752577319588,TRAINING_REFERENCE
2018-09-18,6.3846,NORMAL,False,0.41874695433234344,0,VOLATILITY_ACCELERATION,0.11435577502778903,0.41874695433234344,0.132492663509312,0.277936145952105,0.5237714333904852,0.9381443298969072,TRAINING_REFERENCE
2018-09-19,6.2493,NORMAL,False,0.5297904332299574,0,LARGE_ABSOLUTE_RETURN,0.30035969185428985,0.4334328239601954,0.26934363831827196,0.5297904332299574,0.5474267392649954,0.9567010309278351,TRAINING_REFERENCE
2018-09-20,6.196,NORMAL,False,0.333556091466428,0,DRAWDOWN_SHIFT,0.12596603823912828,0.28911288401536034,0.333556091466428,0.21322388107468,0.5268378854556923,0.9430927835051547,TRAINING_REFERENCE
2018-09-21,6.2937,NORMAL,False,0.3942059393156874,0,LARGE_ABSOLUTE_RETURN,0.1828165796071614,0.29163464935636524,0.358543742917746,0.3942059393156874,0.5267050468138771,0.9422680412371134,TRAINING_REFERENCE
2018-09-24,6.1524,NORMAL,False,0.56127556127556,0,LARGE_ABSOLUTE_RETURN,0.3093226802956323,0.2804792341635359,0.47069762036202795,0.56127556127556,0.546681704514657,0.9550515463917526,TRAINING_REFERENCE
2018-09-25,6.1618,NORMAL,False,0.6473545050411119,0,DRAWDOWN_SHIFT,0.013114602071472326,0.2530706385136311,0.6473545050411119,0.0381964761719025,0.524864599101146,0.9397938144329897,TRAINING_REFERENCE
2018-09-26,6.107,NORMAL,False,0.4134584652933139,0,DRAWDOWN_SHIFT,0.10373791348317347,0.22302786711347194,0.4134584652933139,0.222337628615015,0.5169697994666551,0.9315463917525774,TRAINING_REFERENCE
2018-09-27,6.008,NORMAL,False,0.54624168288927,0,DRAWDOWN_SHIFT,0.18475213938803658,0.23760704680532665,0.54624168288927,0.40527263795644247,0.536577663144932,0.9509278350515464,TRAINING_REFERENCE
2018-09-28,6.056,NORMAL,False,0.690647063950956,0,DRAWDOWN_SHIFT,0.1904468813620157,0.1962948474403741,0.690647063950956,0.1997336884154475,0.5246253669861071,0.9393814432989691,TRAINING_REFERENCE
2018-10-01,5.936,NORMAL,False,0.6287590434959479,0,DRAWDOWN_SHIFT,0.23788839879218,0.1850436136242049,0.6287590434959479,0.4953764861294575,0.5409030546244162,0.9517525773195876,TRAINING_REFERENCE
2018-10-02,5.9846,NORMAL,False,0.514861841531802,0,DRAWDOWN_SHIFT,0.20306825009322282,0.20892268772505024,0.514861841531802,0.204683288409705,0.515717850905247,0.9307216494845361,TRAINING_REFERENCE
2018-10-03,6.0458,NORMAL,False,0.25565618420612496,0,LARGE_ABSOLUTE_RETURN,0.2302137553464324,0.23511432983360184,0.177819101025658,0.25565618420612496,0.5006507662636288,0.9220618556701031,TRAINING_REFERENCE
2018-10-04,6.1627,NORMAL,False,0.4833934301498575,0,LARGE_ABSOLUTE_RETURN,0.3440129740113236,0.23415543104063094,0.44948717203707395,0.4833934301498575,0.5177395001867796,0.9323711340206186,TRAINING_REFERENCE
2018-10-05,6.1333,NORMAL,False,0.2418105845050737,0,VOLATILITY_ACCELERATION,0.022775422913222675,0.2418105845050737,0.224598308975218,0.11926590617748749,0.4817393471078345,0.9030927835051547,TRAINING_REFERENCE
2018-10-08,6.1106,NORMAL,False,0.507307435279076,0,DRAWDOWN_SHIFT,0.02561276709879555,0.16094475987845955,0.507307435279076,0.0925276767808525,0.48908082050381096,0.9117525773195876,TRAINING_REFERENCE
2018-10-09,6.1011,NORMAL,False,0.338495510939362,0,DRAWDOWN_SHIFT,0.016468940679628275,0.1669918599420338,0.338495510939362,0.038866887048735,0.47770936835467764,0.8981443298969072,TRAINING_REFERENCE
2018-10-10,6.076,NORMAL,False,0.1637569007445698,0,VOLATILITY_ACCELERATION,0.024313404809838474,0.1637569007445698,0.08774733416625599,0.1028503056825825,0.4691181864960095,0.8903092783505154,TRAINING_REFERENCE
2018-10-11,5.9258,NORMAL,False,0.68832263125781,0,DRAWDOWN_SHIFT,0.3441737273914678,0.1507863203335246,0.68832263125781,0.6180052666227775,0.5472900217942794,0.9562886597938144,TRAINING_REFERENCE
2018-10-12,5.8721,NORMAL,False,0.7589272743121159,0,DRAWDOWN_SHIFT,0.1332810213549594,0.1483369975896055,0.7589272743121159,0.2265516892233975,0.5334183038311575,0.9488659793814433,TRAINING_REFERENCE
2018-10-15,5.7867,NORMAL,False,0.941104686637416,0,DRAWDOWN_SHIFT,0.21162568639352808,0.1454786747741294,0.941104686637416,0.363583726435175,0.5643547121457975,0.962061855670103,TRAINING_REFERENCE
2018-10-16,5.6856,ANOMALOUS,True,1.2072522300026138,1,DRAWDOWN_SHIFT,0.2489082097054338,0.1247507683877004,1.2072522300026138,0.4367774379179825,0.5935952976775477,0.9736082474226804,TRAINING_REFERENCE
2018-10-17,5.5835,ANOMALOUS,True,1.430978876717898,1,DRAWDOWN_SHIFT,0.2347920621010239,0.09007755073132565,1.430978876717898,0.44894118474743006,0.6124754601762425,0.979381443298969,TRAINING_REFERENCE
2018-10-18,5.6425,NORMAL,False,0.823139727460264,0,DRAWDOWN_SHIFT,0.3128689788639547,0.18819905751061894,0.823139727460264,0.2641712187695875,0.5783935998753157,0.968659793814433,TRAINING_REFERENCE
2018-10-19,5.6425,NORMAL,False,0.6671121829328499,0,DRAWDOWN_SHIFT,0.0859238075976438,0.2007099081064174,0.6671121829328499,0.0,0.5452523957515184,0.954639175257732,TRAINING_REFERENCE
2018-10-22,5.6689,NORMAL,False,0.342272714065722,0,DRAWDOWN_SHIFT,0.2008627944901335,0.2068141965047562,0.342272714065722,0.116969428444835,0.5267764222515352,0.942680412371134,TRAINING_REFERENCE
2018-10-23,5.737,NORMAL,False,0.333337027575082,0,LOCAL_RETURN_SHOCK,0.333337027575082,0.19141891802220454,0.149344800534618,0.3003228139497975,0.5290813534524412,0.9451546391752578,TRAINING_REFERENCE
2018-10-24,5.7023,NORMAL,False,0.345178254932154,0,DRAWDOWN_SHIFT,0.05117400669579675,0.11887881655514546,0.345178254932154,0.1512114345476725,0.5253417447127401,0.9402061855670103,TRAINING_REFERENCE
2018-10-25,5.6345,NORMAL,False,0.2972484786840375,0,LARGE_ABSOLUTE_RETURN,0.17156797253882944,0.1470467069784839,0.023244326931457997,0.2972484786840375,0.5244797159208259,0.9389690721649484,TRAINING_REFERENCE
2018-10-26,5.5929,NORMAL,False,0.184577158576625,0,LARGE_ABSOLUTE_RETURN,0.08676766894457867,0.1552302362825423,0.14411482697504,0.184577158576625,0.5223558926487785,0.9369072164948453,TRAINING_REFERENCE
2018-10-29,5.5611,NORMAL,False,0.31321730540139997,0,DRAWDOWN_SHIFT,0.03720451127945337,0.14823538638947656,0.31321730540139997,0.1421445046398125,0.529512354616605,0.945979381443299,TRAINING_REFERENCE
2018-10-30,5.4746,NORMAL,False,0.762413923351834,0,DRAWDOWN_SHIFT,0.27088287990990506,0.06907263422161256,0.762413923351834,0.3888619158080225,0.5972267582146795,0.9752577319587629,TRAINING_REFERENCE
2018-10-31,5.5835,NORMAL,False,0.5325295431267424,0,LOCAL_RETURN_SHOCK,0.5325295431267424,0.225060542010585,0.345178254932154,0.49729660614474247,0.5630292071179334,0.9616494845360825,TRAINING_REFERENCE
2018-11-01,5.5118,NORMAL,False,0.35650986431124,0,DRAWDOWN_SHIFT,0.18291804970502562,0.2319384735662968,0.35650986431124,0.3210351929793125,0.5423927074771281,0.9529896907216495,TRAINING_REFERENCE
2018-11-02,5.4296,NORMAL,False,0.47447482348839,0,DRAWDOWN_SHIFT,0.21249403376696654,0.3352230827722925,0.47447482348839,0.37283645995863496,0.5577938234625277,0.9595876288659794,TRAINING_REFERENCE
2018-11-05,5.3134,NORMAL,False,0.5350302048032974,0,LARGE_ABSOLUTE_RETURN,0.3415791488685652,0.4080384938445131,0.228396500846214,0.5350302048032974,0.5858014400070143,0.9707216494845361,TRAINING_REFERENCE
2018-11-06,5.356,NORMAL,False,0.4897307355353358,0,VOLATILITY_ACCELERATION,0.3172542106347603,0.4897307355353358,0.15064785357897598,0.20043663191177002,0.5595730830593463,0.9612371134020619,TRAINING_REFERENCE
2018-11-07,5.3612,NORMAL,False,0.3720688355547559,0,VOLATILITY_ACCELERATION,0.15182798742244683,0.3720688355547559,0.150175913881376,0.024271844660195,0.5313170795118575,0.9468041237113402,TRAINING_REFERENCE
2018-11-08,5.4583,NORMAL,False,0.5036116306859972,0,VOLATILITY_ACCELERATION,0.494477540617421,0.5036116306859972,0.34925778047635,0.45279042005521003,0.5505873030742573,0.9583505154639175,TRAINING_REFERENCE
2018-11-09,5.4606,NORMAL,False,0.59498865424641,0,DRAWDOWN_SHIFT,0.0882271869844492,0.4672215307244339,0.59498865424641,0.0105344154773475,0.5120213320990902,0.928659793814433,TRAINING_REFERENCE
2018-11-12,5.4685,NORMAL,False,0.464990781130548,0,DRAWDOWN_SHIFT,0.09933014459786922,0.24398401290677976,0.464990781130548,0.03616818664615,0.5007062240160702,0.9224742268041237,TRAINING_REFERENCE
2018-11-13,5.4776,NORMAL,False,0.364557569216468,0,DRAWDOWN_SHIFT,0.0893897240580435,0.24604716996072395,0.364557569216468,0.0416019018012225,0.4865186002816349,0.9084536082474227,TRAINING_REFERENCE
2018-11-14,5.4624,NORMAL,False,0.303398240170286,0,DRAWDOWN_SHIFT,0.020627475684397125,0.2654182702745093,0.303398240170286,0.0693734482255,0.4809354594497539,0.902680412371134,TRAINING_REFERENCE
2018-11-15,5.3481,NORMAL,False,0.523121704745165,0,LARGE_ABSOLUTE_RETURN,0.4414843895899473,0.30881579697819433,0.33038029710243,0.523121704745165,0.533858510158382,0.9496907216494845,TRAINING_REFERENCE
2018-11-16,5.3318,NORMAL,False,0.38614321476218194,0,DRAWDOWN_SHIFT,0.0093160128890826,0.3029450341868468,0.38614321476218194,0.07619528430657249,0.4969249745975648,0.9183505154639175,TRAINING_REFERENCE
2018-11-19,5.3075,NORMAL,False,0.482679018452728,0,DRAWDOWN_SHIFT,0.03825680101816755,0.28712274118230663,0.482679018452728,0.113939007464645,0.5059075441067206,0.9261855670103093,TRAINING_REFERENCE
2018-11-20,5.3776,NORMAL,False,0.4064596598406586,0,VOLATILITY_ACCELERATION,0.3540418906470184,0.4064596598406586,0.299800632579332,0.330193122939235,0.5187557959190465,0.9336082474226804,TRAINING_REFERENCE
2018-11-21,5.308,NORMAL,False,0.46289217670249194,0,DRAWDOWN_SHIFT,0.20913730665179317,0.44844779992047235,0.46289217670249194,0.323564415352575,0.5179078533595141,0.9327835051546391,TRAINING_REFERENCE
2018-11-22,5.296,NORMAL,False,0.3471341031018315,0,VOLATILITY_ACCELERATION,0.02627788105561615,0.3471341031018315,0.15619612957383,0.056518462697812494,0.4851214950810103,0.9076288659793814,TRAINING_REFERENCE
2018-11-23,5.2875,NORMAL,False,0.3492367348514627,0,VOLATILITY_ACCELERATION,0.030364328746002676,0.3492367348514627,0.132811680232646,0.0401246223564975,0.48256385868470536,0.9039175257731958,TRAINING_REFERENCE
2018-11-26,5.2477,NORMAL,False,0.36645867129250087,0,VOLATILITY_ACCELERATION,0.10255287911500242,0.36645867129250087,0.179280778282442,0.18817966903073,0.4917692270912607,0.914639175257732,TRAINING_REFERENCE
2018-11-27,5.2716,NORMAL,False,0.2479358215579073,0,VOLATILITY_ACCELERATION,0.15774728072301936,0.2479358215579073,0.150195343619842,0.11385940507269499,0.4846367249623537,0.9072164948453608,TRAINING_REFERENCE
2018-11-28,5.2219,NORMAL,False,0.235696942104865,0,LARGE_ABSOLUTE_RETURN,0.16651372596913933,0.20672908714979046,0.047891273514774,0.235696942104865,0.49664597604452976,0.917938144329897,TRAINING_REFERENCE
2018-11-29,5.1631,NORMAL,False,0.28150673126639497,0,LARGE_ABSOLUTE_RETURN,0.19328382672439068,0.24290699670458976,0.103430109344996,0.28150673126639497,0.5008224583501247,0.9228865979381443,TRAINING_REFERENCE
2018-11-30,5.2128,NORMAL,False,0.3561223976251059,0,VOLATILITY_ACCELERATION,0.313568526602118,0.3561223976251059,0.28274503138216195,0.24064999709476498,0.49650327470416933,0.9171134020618557,TRAINING_REFERENCE
2018-12-03,5.2501,NORMAL,False,0.596869839977614,0,DRAWDOWN_SHIFT,0.22338327576620318,0.3744342319913696,0.596869839977614,0.1788865868631075,0.4783497012072926,0.8985567010309279,TRAINING_REFERENCE
2018-12-04,5.3875,NORMAL,False,0.904663216507492,0,DRAWDOWN_SHIFT,0.7161272842957848,0.5667029109440709,0.904663216507492,0.6542732519380575,0.5440798214576807,0.9538144329896907,TRAINING_REFERENCE
2018-12-05,5.3262,NORMAL,False,0.8189958275823159,0,DRAWDOWN_SHIFT,0.2677364636823059,0.5848174628130809,0.8189958275823159,0.28445475638051,0.5125559974166203,0.9290721649484536,TRAINING_REFERENCE
2018-12-06,5.3386,NORMAL,False,0.742493987724756,0,DRAWDOWN_SHIFT,0.0576366421506153,0.5383497546351169,0.742493987724756,0.05820284630693,0.48461205130917523,0.9068041237113402,TRAINING_REFERENCE
2018-12-07,5.3029,NORMAL,False,0.5892006148079338,0,VOLATILITY_ACCELERATION,0.13503228424263208,0.5892006148079338,0.476830524681908,0.167178661072185,0.47919253727529376,0.9002061855670103,TRAINING_REFERENCE
2018-12-10,5.3248,NORMAL,False,0.6054679104666655,0,VOLATILITY_ACCELERATION,0.13204515898378613,0.6054679104666655,0.350628942798992,0.103245394029675,0.47239953469913615,0.8936082474226804,TRAINING_REFERENCE
2018-12-11,5.3653,NORMAL,False,0.3330256282386025,0,VOLATILITY_ACCELERATION,0.21056003529914386,0.3330256282386025,0.17320147038531597,0.19014798677884748,0.4289252462794518,0.8338144329896907,TRAINING_REFERENCE
2018-12-12,5.3482,NORMAL,False,0.310885975140588,0,DRAWDOWN_SHIFT,0.051466856052634825,0.2461766724415107,0.310885975140588,0.07967867593610749,0.4263633579474659,0.8272164948453609,TRAINING_REFERENCE
2018-12-13,5.3392,NORMAL,False,0.24758984745775486,0,VOLATILITY_ACCELERATION,0.01588898869539795,0.24758984745775486,0.24344247944786598,0.0420702292360075,0.4189576155210816,0.8082474226804124,TRAINING_REFERENCE
2018-12-14,5.3635,NORMAL,False,0.7947976366560459,0,DRAWDOWN_SHIFT,0.11893611777637066,0.1989094941046417,0.7947976366560459,0.1137810908001175,0.4377834774979036,0.8478350515463917,TRAINING_REFERENCE
2018-12-17,5.3686,NORMAL,False,0.742746248689818,0,DRAWDOWN_SHIFT,0.015769411749055575,0.19959014807860084,0.742746248689818,0.02377179080824,0.4298318976000788,0.8354639175257732,TRAINING_REFERENCE
2018-12-18,5.345,NORMAL,False,0.29654486005688396,0,DRAWDOWN_SHIFT,0.13044724555270312,0.1607453586801331,0.29654486005688396,0.1098982975077275,0.42012763165584965,0.8123711340206186,TRAINING_REFERENCE
2018-12-19,5.2861,NORMAL,False,0.29263985467724435,0,LOCAL_RETURN_SHOCK,0.29263985467724435,0.2638753448850629,0.15973493143492398,0.2754911131898925,0.42895693591096756,0.8342268041237113,TRAINING_REFERENCE
2018-12-20,5.2649,NORMAL,False,0.2687267794763064,0,VOLATILITY_ACCELERATION,0.1060559264211958,0.2687267794763064,0.11953394749175,0.100262953784455,0.41317811499761725,0.7892783505154639,TRAINING_REFERENCE
2018-12-21,5.3181,NORMAL,False,0.35532629581627134,0,VOLATILITY_ACCELERATION,0.28500852281583666,0.35532629581627134,0.147338017427426,0.252616383976905,0.42119799044082734,0.8152577319587628,TRAINING_REFERENCE
2018-12-24,5.289,NORMAL,False,0.36261275535889065,0,VOLATILITY_ACCELERATION,0.15481890631063955,0.36261275535889065,0.25832833011504597,0.1367969763637425,0.41653602242779963,0.7995876288659793,TRAINING_REFERENCE
2018-12-25,5.3101,NORMAL,False,0.38755380052692634,0,VOLATILITY_ACCELERATION,0.09572026124405608,0.38755380052692634,0.113262044233858,0.09973529967858251,0.4056689042472675,0.768659793814433,TRAINING_REFERENCE
2018-12-26,5.2766,NORMAL,False,0.3351309340081662,0,VOLATILITY_ACCELERATION,0.18091710752533088,0.3351309340081662,0.030830642413227995,0.1577183103896325,0.41139102490042545,0.7843298969072164,TRAINING_REFERENCE
2018-12-27,5.285,NORMAL,False,0.33320925326446943,0,VOLATILITY_ACCELERATION,0.02824970464999285,0.33320925326446943,0.14744728866141998,0.0397983550013225,0.3978373488128755,0.7385567010309279,TRAINING_REFERENCE
2018-12-28,5.2725,NORMAL,False,0.2166827833312224,0,VOLATILITY_ACCELERATION,0.10260991203236312,0.2166827833312224,0.002095773286682,0.059129612109745,0.4032096389046435,0.7612371134020619,TRAINING_REFERENCE
2018-12-31,5.2887,NORMAL,False,0.2080702809228565,0,VOLATILITY_ACCELERATION,0.07267215964993702,0.2080702809228565,0.172319181299862,0.07681365576102499,0.39680864615443334,0.7344329896907217,TRAINING_REFERENCE
2019-01-01,5.2933,NORMAL,False,0.19060299303462197,0,DRAWDOWN_SHIFT,0.014038983845450674,0.18199503157994895,0.19060299303462197,0.0217444740673525,0.3961739138699316,0.7315463917525773,TRAINING_REFERENCE
2019-01-02,5.4003,ANOMALOUS,True,1.102087415455068,1,DRAWDOWN_SHIFT,0.9101153056484578,0.41665229824780303,1.102087415455068,0.5053558271777501,0.48972420539835676,0.9121649484536083,TRAINING_REFERENCE
2019-01-03,5.4664,ANOMALOUS,True,1.3844222286465997,1,DRAWDOWN_SHIFT,0.41387491986135744,0.4441920521671194,1.3844222286465997,0.30600151843415996,0.4625973440793894,0.8865979381443299,TRAINING_REFERENCE
2019-01-04,5.3311,ANOMALOUS,True,1.168456843018966,1,DRAWDOWN_SHIFT,0.8745807769339525,0.7859999955297192,1.168456843018966,0.6187801843992374,0.518921551077021,0.934020618556701,TRAINING_REFERENCE
2019-01-07,5.3848,ANOMALOUS,True,1.43530690366882,1,DRAWDOWN_SHIFT,0.2626780484572366,0.8052762855156685,1.43530690366882,0.25182420138433004,0.47291611058244715,0.894020618556701,TRAINING_REFERENCE
2019-01-08,5.4811,ANOMALOUS,True,1.6842621432340958,1,DRAWDOWN_SHIFT,0.4539640799330176,0.8444212003597308,1.6842621432340958,0.4470918139949425,0.5052753533983451,0.9257731958762887,TRAINING_REFERENCE
2019-01-09,5.4768,NORMAL,False,0.86650588884714,0,DRAWDOWN_SHIFT,0.04675629223982275,0.7978454499602597,0.86650588884714,0.01961285143493,0.4359880549268792,0.8445360824742268,TRAINING_REFERENCE
2019-01-10,5.4168,NORMAL,False,0.7980172067017397,0,VOLATILITY_ACCELERATION,0.30091034304690945,0.7980172067017397,0.265525602130262,0.27388255915863,0.4270597583226857,0.829278350515464,TRAINING_REFERENCE
2019-01-11,5.455,NORMAL,False,0.591553098871374,0,DRAWDOWN_SHIFT,0.14981064739418723,0.5173830492312149,0.591553098871374,0.17630335253285748,0.3980924087202067,0.7402061855670103,TRAINING_REFERENCE
2019-01-14,5.4447,NORMAL,False,0.5101779462092298,0,VOLATILITY_ACCELERATION,0.0661143251080079,0.5101779462092298,0.208819940735574,0.047204399633362495,0.3774870651879212,0.614020618556701,TRAINING_REFERENCE
2019-01-15,5.4466,NORMAL,False,0.30781420333304216,0,VOLATILITY_ACCELERATION,0.009662634015223975,0.30781420333304216,0.004727216190061999,0.00872408029827,0.36061305248041176,0.44783505154639175,TRAINING_REFERENCE
2019-01-16,5.3363,NORMAL,False,0.5063897552230305,0,LOCAL_RETURN_SHOCK,0.5063897552230305,0.4941242478112567,0.15138471306523799,0.5062791466235824,0.4261357688252562,0.8268041237113402,TRAINING_REFERENCE
2019-01-17,5.348,NORMAL,False,0.4900178819531234,0,VOLATILITY_ACCELERATION,0.0369753955038415,0.4900178819531234,0.240509668074302,0.0548132601240575,0.3844866244593704,0.6672164948453608,TRAINING_REFERENCE
2019-01-18,5.3283,NORMAL,False,0.42296012731475263,0,VOLATILITY_ACCELERATION,0.10125309207251318,0.42296012731475263,0.06897024196286,0.092090501121915,0.38191646216236463,0.6470103092783506,TRAINING_REFERENCE
2019-01-21,5.3247,NORMAL,False,0.428878368180518,0,VOLATILITY_ACCELERATION,0.018844744227110174,0.428878368180518,0.091982373111568,0.0168909408254,0.37828737327442835,0.6185567010309279,TRAINING_REFERENCE
2019-01-22,5.3435,NORMAL,False,0.4603604711808584,0,VOLATILITY_ACCELERATION,0.07181910593622368,0.4603604711808584,0.037155272666821997,0.08826788363663249,0.3751216074656796,0.5880412371134021,TRAINING_REFERENCE
2019-01-23,5.286,NORMAL,False,0.2792190274827511,0,VOLATILITY_ACCELERATION,0.2549715514482749,0.2792190274827511,0.23914594598455,0.2690184336109275,0.3905082497771969,0.7088659793814432,TRAINING_REFERENCE
2019-01-24,5.265,NORMAL,False,0.2598607809166644,0,VOLATILITY_ACCELERATION,0.09279316182127245,0.2598607809166644,0.087225336827436,0.09931895573212,0.3776744210529634,0.6148453608247423,TRAINING_REFERENCE
2019-01-25,5.2688,NORMAL,False,0.2767606412982729,0,VOLATILITY_ACCELERATION,0.01913903479059095,0.2767606412982729,0.139459946111096,0.01804368471035,0.37235368967466614,0.56,TRAINING_REFERENCE
2019-01-28,5.3279,NORMAL,False,0.42713638013405786,0,VOLATILITY_ACCELERATION,0.2516096173880201,0.42713638013405786,0.36800522678910597,0.2804243850592125,0.38361530838525965,0.6614432989690722,TRAINING_REFERENCE
2019-01-29,5.3098,NORMAL,False,0.4224261950977136,0,VOLATILITY_ACCELERATION,0.0840629641438967,0.4224261950977136,0.23461881646921398,0.08493027271532749,0.37585581570741283,0.5971134020618557,TRAINING_REFERENCE
2019-01-30,5.2252,NORMAL,False,0.4989073530279627,0,VOLATILITY_ACCELERATION,0.3536706630171746,0.4989073530279627,0.114421106194774,0.3983200873855875,0.4106887850607938,0.7818556701030928,TRAINING_REFERENCE
2019-01-31,5.1645,NORMAL,False,0.5558154410560555,0,VOLATILITY_ACCELERATION,0.2292407180182511,0.5558154410560555,0.36671471055079796,0.2904195054734725,0.41845147915721925,0.8065979381443299,TRAINING_REFERENCE
2019-02-01,5.2084,NORMAL,False,0.6193989739048186,0,VOLATILITY_ACCELERATION,0.264993212110068,0.6193989739048186,0.220393716589732,0.2125084712944125,0.410563382214107,0.7814432989690722,TRAINING_REFERENCE
2019-02-04,5.2182,NORMAL,False,0.5118383352244074,0,VOLATILITY_ACCELERATION,0.07836266721733096,0.5118383352244074,0.40028461440221597,0.0470393978957075,0.39739683333203246,0.7364948453608248,TRAINING_REFERENCE
2019-02-05,5.1985,NORMAL,False,0.5114201737655407,0,VOLATILITY_ACCELERATION,0.06075431241170338,0.5114201737655407,0.40612285855029195,0.094381204246675,0.39775840514236394,0.7381443298969073,TRAINING_REFERENCE
2019-02-06,5.2168,NORMAL,False,0.3975341656200063,0,VOLATILITY_ACCELERATION,0.19076431449907125,0.3975341656200063,0.030650781777377997,0.08800615562181,0.36724427701974777,0.51340206185567,TRAINING_REFERENCE
2019-02-07,5.2668,NORMAL,False,0.37328273521738,0,DRAWDOWN_SHIFT,0.3677401478578048,0.2872319689401116,0.37328273521738,0.2396104891887725,0.3880801404247974,0.6944329896907216,TRAINING_REFERENCE
2019-02-08,5.2474,NORMAL,False,0.2964350578300985,0,VOLATILITY_ACCELERATION,0.06965070153311985,0.2964350578300985,0.14230720110926198,0.0920862762968,0.3602982042591,0.44288659793814433,TRAINING_REFERENCE
2019-02-11,5.2779,NORMAL,False,0.3136963514253872,0,VOLATILITY_ACCELERATION,0.2390307038748186,0.3136963514253872,0.21783948477495396,0.145310058314595,0.3686063530769233,0.5270103092783505,TRAINING_REFERENCE
2019-02-12,5.2516,NORMAL,False,0.33607610611310007,0,VOLATILITY_ACCELERATION,0.10480262855196212,0.33607610611310007,0.193756727664154,0.12457606244908,0.36669434364468895,0.5076288659793814,TRAINING_REFERENCE
2019-02-13,5.285,NORMAL,False,0.35593609572782914,0,VOLATILITY_ACCELERATION,0.2460718701558234,0.35593609572782914,0.24885515681159,0.15899916216010498,0.36915650635987446,0.5323711340206185,TRAINING_REFERENCE
2019-02-14,5.2729,NORMAL,False,0.29581574369058133,0,VOLATILITY_ACCELERATION,0.06335744738181015,0.29581574369058133,0.022258305814525998,0.057237464522232495,0.3521564178187851,0.31628865979381443,TRAINING_REFERENCE
2019-02-15,5.2714,NORMAL,False,0.27304871237448225,0,VOLATILITY_ACCELERATION,0.013788541527136725,0.27304871237448225,0.08757366222108799,0.007111835991579999,0.3518120915716784,0.311340206185567,TRAINING_REFERENCE
2019-02-18,5.3083,NORMAL,False,0.2902218732886976,0,VOLATILITY_ACCELERATION,0.2617406954583807,0.2902218732886976,0.110926638813372,0.175000948514625,0.3595764716933142,0.43216494845360826,TRAINING_REFERENCE
2019-02-19,5.2828,NORMAL,False,0.28725780881170493,0,VOLATILITY_ACCELERATION,0.15862438241760948,0.28725780881170493,0.113845760887412,0.12009494565115,0.35918398951287156,0.4263917525773196,TRAINING_REFERENCE
2019-02-20,5.3244,NORMAL,False,0.3101887559067195,0,VOLATILITY_ACCELERATION,0.2849689610606258,0.3101887559067195,0.14376676214628,0.19686529870522748,0.36402391270492196,0.48041237113402063,TRAINING_REFERENCE
2019-02-21,5.3214,NORMAL,False,0.3011679918395076,0,VOLATILITY_ACCELERATION,0.03297539238259028,0.3011679918395076,0.17697177573844597,0.014086094207797498,0.35384721934760793,0.34185567010309276,TRAINING_REFERENCE
2019-02-22,5.3186,NORMAL,False,0.30521010657044517,0,VOLATILITY_ACCELERATION,0.03795976749522347,0.30521010657044517,0.17222820236814,0.013154433043935,0.35265526862646107,0.32329896907216493,TRAINING_REFERENCE
2019-02-25,5.3026,NORMAL,False,0.273587404350899,0,VOLATILITY_ACCELERATION,0.1226812179743078,0.273587404350899,0.020798744777506,0.07520776144098,0.3537557834413931,0.3406185567010309,TRAINING_REFERENCE
2019-02-26,5.3066,NORMAL,False,0.25147786463696997,0,VOLATILITY_ACCELERATION,0.03617418066710822,0.25147786463696997,0.08684388170257999,0.01885867310376,0.3492935420806959,0.2734020618556701,TRAINING_REFERENCE
2019-02-27,5.3136,NORMAL,False,0.10330637654265895,0,VOLATILITY_ACCELERATION,0.04977555201468607,0.10330637654265895,0.039408147999488,0.032977801228655,0.3581776797974028,0.4111340206185567,TRAINING_REFERENCE
2019-02-28,5.3371,NORMAL,False,0.1676840048820835,0,VOLATILITY_ACCELERATION,0.16167536149927603,0.1676840048820835,0.057287770702962,0.1105653417645275,0.35641560794513527,0.3835051546391753,TRAINING_REFERENCE
2019-03-01,5.3742,NORMAL,False,0.2805786330003108,0,LOCAL_RETURN_SHOCK,0.2805786330003108,0.2342355576620381,0.202878984145518,0.17378351539225,0.3636372606507647,0.4754639175257732,TRAINING_REFERENCE
2019-03-04,5.3769,NORMAL,False,0.27111346262611397,0,DRAWDOWN_SHIFT,0.05831540938671757,0.1738579510763418,0.27111346262611397,0.012560008931559999,0.36287043694946386,0.4663917525773196,TRAINING_REFERENCE
2019-03-05,5.387,NORMAL,False,0.293371768440638,0,DRAWDOWN_SHIFT,0.01998996611942265,0.1648628067956364,0.293371768440638,0.0469601443210725,0.3638589180302147,0.47711340206185565,TRAINING_REFERENCE
2019-03-06,5.4288,NORMAL,False,0.420353578661218,0,DRAWDOWN_SHIFT,0.3355025820847162,0.19428992283839605,0.420353578661218,0.193985520697975,0.3843672312447698,0.6663917525773196,TRAINING_REFERENCE
2019-03-07,5.4712,NORMAL,False,0.489317837660322,0,DRAWDOWN_SHIFT,0.3134731420912945,0.21615282311209724,0.489317837660322,0.1952549366342475,0.389439892711685,0.702680412371134,TRAINING_REFERENCE
2019-03-08,5.4303,NORMAL,False,0.522545772072387,0,LOCAL_RETURN_SHOCK,0.522545772072387,0.38598840347501173,0.204703435441788,0.186887702880535,0.38019743636203096,0.6354639175257732,TRAINING_REFERENCE
2019-03-11,5.4455,NORMAL,False,0.38192019650664094,0,VOLATILITY_ACCELERATION,0.055796505052452,0.38192019650664094,0.250314717848608,0.06997771762149249,0.3526454815873074,0.32288659793814434,TRAINING_REFERENCE
2019-03-12,5.4572,NORMAL,False,0.3824652694487735,0,VOLATILITY_ACCELERATION,0.030374454295165925,0.3824652694487735,0.25615296199668,0.0537140758424425,0.3536233528881866,0.33814432989690724,TRAINING_REFERENCE
2019-03-13,5.4564,NORMAL,False,0.34750304864734777,0,VOLATILITY_ACCELERATION,0.116410453465917,0.34750304864734777,0.10070971155425,0.0036648830902275002,0.34289392847166716,0.14144329896907218,TRAINING_REFERENCE
2019-03-14,5.4671,NORMAL,False,0.265580686576136,0,VOLATILITY_ACCELERATION,0.020354013556111224,0.265580686576136,0.014960500629433998,0.049024998167289995,0.3416219520299398,0.11175257731958763,TRAINING_REFERENCE
2019-03-15,5.4467,NORMAL,False,0.3255950521422606,0,LOCAL_RETURN_SHOCK,0.3255950521422606,0.1683366346504234,0.05984200251774199,0.09328528836129,0.3604909180874507,0.44536082474226807,TRAINING_REFERENCE
2019-03-18,5.4683,NORMAL,False,0.18641783682813026,0,VOLATILITY_ACCELERATION,0.13125248978846493,0.18641783682813026,0.083194979110032,0.09914260010648751,0.34548765848314,0.20824742268041238,TRAINING_REFERENCE
2019-03-19,5.4764,NORMAL,False,0.1829048074259838,0,VOLATILITY_ACCELERATION,0.000778784488981525,0.1829048074259838,0.07005892977686799,0.037031618601754995,0.3422707185949424,0.12412371134020618,TRAINING_REFERENCE
2019-03-20,5.4208,NORMAL,False,0.745827862710492,0,LOCAL_RETURN_SHOCK,0.745827862710492,0.3590729596423583,0.129900932294616,0.25381637572127497,0.38795498443058585,0.6931958762886598,TRAINING_REFERENCE
2019-03-21,5.4652,NORMAL,False,0.4435361965024912,0,VOLATILITY_ACCELERATION,0.39909821560967834,0.4435361965024912,0.006932914925834,0.204766824085005,0.35693904002762555,0.3917525773195876,TRAINING_REFERENCE
2019-03-22,5.7627,ANOMALOUS,True,2.750186108907983,3,LOCAL_RETURN_SHOCK,2.750186108907983,1.175146778337527,0.125522249183556,1.36088340774354,0.5901050666064583,0.9727835051546392,TRAINING_REFERENCE
2019-03-25,5.5503,ANOMALOUS,True,1.4238060700610546,1,VOLATILITY_ACCELERATION,0.8006484897253205,1.4238060700610546,0.690448505662834,0.921443073559265,0.5673309599831466,0.9628865979381444,TRAINING_REFERENCE
2019-03-26,5.3279,ANOMALOUS,True,1.50619721855356,3,VOLATILITY_ACCELERATION,0.6768269301310541,1.50619721855356,1.4918650293162439,1.001747653280005,0.6126549473214984,0.9797938144329897,TRAINING_REFERENCE
2019-03-27,5.3278,ANOMALOUS,True,1.5356779210897462,2,VOLATILITY_ACCELERATION,0.005156136541357775,1.5356779210897462,1.28933310470879,0.00046922802605098296,0.5737775533781819,0.9670103092783505,TRAINING_REFERENCE
2019-03-28,5.561,ANOMALOUS,True,1.6071903525155484,2,VOLATILITY_ACCELERATION,0.5925744531575652,1.6071903525155484,0.6420015370531259,1.09426029505612,0.6038432573369288,0.9764948453608248,TRAINING_REFERENCE
2019-03-29,5.5555,ANOMALOUS,True,1.281921299582808,1,VOLATILITY_ACCELERATION,0.03912701441456142,1.281921299582808,0.719107362868098,0.0247257687466275,0.5268584968847043,0.9435051546391753,TRAINING_REFERENCE
2019-04-01,5.4863,ANOMALOUS,True,1.1330373819391188,1,VOLATILITY_ACCELERATION,0.17259170223201528,1.1330373819391188,0.222118104360802,0.31140311403113996,0.4960673844607039,0.9162886597938145,TRAINING_REFERENCE
2019-04-02,5.605,NORMAL,False,0.961701979974668,0,DRAWDOWN_SHIFT,0.2432519528350949,0.8321142244213068,0.961701979974668,0.5408927692616176,0.5046370107062577,0.9249484536082474,TRAINING_REFERENCE
2019-04-03,5.626,ANOMALOUS,True,1.0349315425061199,1,DRAWDOWN_SHIFT,0.01796707906290805,0.8177125678801329,1.0349315425061199,0.09366636931311,0.49037946964710305,0.9134020618556701,TRAINING_REFERENCE
2019-04-04,5.5925,NORMAL,False,0.4821751482269813,0,VOLATILITY_ACCELERATION,0.09276631384862424,0.4821751482269813,0.109323754490082,0.14886242445787248,0.41106719981528805,0.7830927835051547,TRAINING_REFERENCE
2019-04-05,5.6262,NORMAL,False,0.4855926201156963,0,VOLATILITY_ACCELERATION,0.05487048688429395,0.4855926201156963,0.245371093411074,0.1506481895395575,0.41227886748363296,0.7859793814432989,TRAINING_REFERENCE
2019-04-08,5.6903,NORMAL,False,0.708001457650056,0,DRAWDOWN_SHIFT,0.10991514556390836,0.3774645523894656,0.708001457650056,0.284828125555435,0.43573896509879806,0.8437113402061855,TRAINING_REFERENCE
2019-04-09,5.6943,NORMAL,False,0.309924167490932,0,DRAWDOWN_SHIFT,0.019959848186383,0.23915236709142196,0.309924167490932,0.0175737658822925,0.40253497785730175,0.7583505154639175,TRAINING_REFERENCE
2019-04-10,5.6818,NORMAL,False,0.25966688901220253,0,VOLATILITY_ACCELERATION,0.0528219861940049,0.25966688901220253,0.19365922223957396,0.0548794408443525,0.39599132475989646,0.7307216494845361,TRAINING_REFERENCE
2019-04-11,5.7388,NORMAL,False,0.5077481041872759,0,DRAWDOWN_SHIFT,0.09050148919231482,0.2216676793246116,0.5077481041872759,0.250800802562565,0.4246752540389798,0.8243298969072165,TRAINING_REFERENCE
2019-04-12,5.7693,NORMAL,False,0.47373626945702396,0,DRAWDOWN_SHIFT,0.030891990728970524,0.22113621977194875,0.47373626945702396,0.132867498431725,0.41656076199607683,0.8004123711340206,TRAINING_REFERENCE
2019-04-15,5.8041,NORMAL,False,0.251271105558158,0,DRAWDOWN_SHIFT,0.03403313138106435,0.18089031802319536,0.251271105558158,0.1507981904217125,0.4129137469575769,0.788041237113402,TRAINING_REFERENCE
2019-04-16,5.7703,NORMAL,False,0.244769381733574,0,VOLATILITY_ACCELERATION,0.104736855056391,0.244769381733574,0.120919331709492,0.1455867404076425,0.4009947372269657,0.751340206185567,TRAINING_REFERENCE
2019-04-17,5.7387,NORMAL,False,0.2740028958346178,0,VOLATILITY_ACCELERATION,0.09605899049992968,0.2740028958346178,0.05541322966257199,0.136907959724795,0.3999663171667356,0.7476288659793815,TRAINING_REFERENCE
2019-04-18,5.8018,NORMAL,False,0.28362634456782754,0,VOLATILITY_ACCELERATION,0.09206634848057857,0.28362634456782754,0.075021797575044,0.2748880408454875,0.4013771532580726,0.7538144329896908,TRAINING_REFERENCE
2019-04-19,5.8112,NORMAL,False,0.2759529884264217,0,VOLATILITY_ACCELERATION,0.01845965873082355,0.2759529884264217,0.0,0.040504670964185,0.3814977911941944,0.6457731958762887,TRAINING_REFERENCE
2019-04-22,5.8272,NORMAL,False,0.26293512673384023,0,VOLATILITY_ACCELERATION,0.030514862039160776,0.26293512673384023,0.0,0.068832599118945,0.37399111886127373,0.5773195876288659,TRAINING_REFERENCE
2019-04-23,5.8287,NORMAL,False,0.2254042835237538,0,VOLATILITY_ACCELERATION,0.03688019085984402,0.2254042835237538,0.11646939232611399,0.0064353377265224995,0.36812636005365135,0.5208247422680412,TRAINING_REFERENCE
2019-04-24,5.8753,NORMAL,False,0.225357936631002,0,DRAWDOWN_SHIFT,0.07180909264753885,0.1761454552638802,0.225357936631002,0.1998730420162275,0.3906374985736131,0.7101030927835051,TRAINING_REFERENCE
2019-04-25,5.9268,NORMAL,False,0.2191377461576425,0,LARGE_ABSOLUTE_RETURN,0.07974563358376792,0.1498241838413372,0.00792543202219,0.2191377461576425,0.38329628875266397,0.6564948453608247,TRAINING_REFERENCE
2019-04-26,5.9382,NORMAL,False,0.14816268424614565,0,VOLATILITY_ACCELERATION,0.041822945179058026,0.14816268424614565,0.0,0.04808665721806,0.3751855939853791,0.589278350515464,TRAINING_REFERENCE
2019-04-29,5.9483,NORMAL,False,0.1534641614438767,0,VOLATILITY_ACCELERATION,0.05410491141857548,0.1534641614438767,0.0,0.0425213027516725,0.3730584788857828,0.5678350515463918,TRAINING_REFERENCE
2019-04-30,5.9656,NORMAL,False,0.1340750129351122,0,VOLATILITY_ACCELERATION,0.043121007920987574,0.1340750129351122,0.0,0.072709849873075,0.3772628982123579,0.6131958762886598,TRAINING_REFERENCE
2019-05-01,5.9665,NORMAL,False,0.13992789682065918,0,LOCAL_RETURN_SHOCK,0.13992789682065918,0.12955836783366054,0.0,0.0037716239774700003,0.37222666610994243,0.5587628865979382,TRAINING_REFERENCE
2019-05-02,5.9645,NORMAL,False,0.1531711552334541,0,LOCAL_RETURN_SHOCK,0.1531711552334541,0.05216435421326485,0.0067040978798279995,0.008380122349785,0.38019525587274317,0.634639175257732,TRAINING_REFERENCE
2019-05-03,5.9648,NORMAL,False,0.1588123435113366,0,LOCAL_RETURN_SHOCK,0.1588123435113366,0.05354040930070545,0.005698483197852,0.0012574398524589638,0.380195432801246,0.6350515463917525,TRAINING_REFERENCE
2019-05-06,6.0803,NORMAL,False,0.8180539183261872,0,LOCAL_RETURN_SHOCK,0.8180539183261872,0.32603366326212274,0.0,0.484089994635195,0.4248602972949468,0.8247422680412371,TRAINING_REFERENCE
2019-05-07,6.1511,NORMAL,False,0.3487328413263262,0,LOCAL_RETURN_SHOCK,0.3487328413263262,0.3447408141573723,0.0,0.29110405736558753,0.40117764402162487,0.7525773195876289,TRAINING_REFERENCE
2019-05-08,6.186,NORMAL,False,0.3213187970254008,0,VOLATILITY_ACCELERATION,0.07219454133077867,0.3213187970254008,0.0,0.14184454812960248,0.39240425502493864,0.7154639175257732,TRAINING_REFERENCE
2019-05-09,6.1926,NORMAL,False,0.31002353330911286,0,VOLATILITY_ACCELERATION,0.13288330830638664,0.31002353330911286,0.0067040978798279995,0.0266731328806925,0.39286092313473675,0.7191752577319588,TRAINING_REFERENCE
2019-05-10,5.9851,ANOMALOUS,True,1.576247125878589,1,LOCAL_RETURN_SHOCK,1.576247125878589,0.7402595486161603,0.664456217574034,0.8376933759648575,0.5276548044608086,0.9443298969072165,TRAINING_REFERENCE
2019-05-13,6.0594,NORMAL,False,0.6873948505374463,0,VOLATILITY_ACCELERATION,0.2576060171344872,0.6873948505374463,0.43019087297742203,0.31035404588059995,0.44431374445730637,0.8622680412371134,TRAINING_REFERENCE
2019-05-14,6.0306,NORMAL,False,0.6420026877072104,0,VOLATILITY_ACCELERATION,0.1665268542231213,0.6420026877072104,0.5232051157833519,0.118823645905535,0.43264676520420187,0.8387628865979382,TRAINING_REFERENCE
2019-05-15,6.0007,NORMAL,False,0.619771985918674,0,DRAWDOWN_SHIFT,0.17338926817613548,0.6124283706322353,0.619771985918674,0.1239511823035825,0.44506370750038693,0.8639175257731959,TRAINING_REFERENCE
2019-05-16,6.0457,NORMAL,False,0.6438754914703624,0,VOLATILITY_ACCELERATION,0.12544359463372998,0.6438754914703624,0.47443723153441003,0.1874781275517875,0.4338184757391786,0.8404123711340206,TRAINING_REFERENCE
2019-05-17,6.055,NORMAL,False,0.27529368602895854,0,VOLATILITY_ACCELERATION,0.0139671114344145,0.27529368602895854,0.22575331847688998,0.0384570852010475,0.376212242134471,0.6008247422680413,TRAINING_REFERENCE
2019-05-20,6.0272,NORMAL,False,0.1987641281593908,0,VOLATILITY_ACCELERATION,0.16317767232463054,0.1987641281593908,0.10399509091496399,0.11478117258464,0.3830743298163033,0.6548453608247423,TRAINING_REFERENCE
2019-05-21,6.0525,NORMAL,False,0.1969872498415102,0,VOLATILITY_ACCELERATION,0.05924322051435992,0.1969872498415102,0.07072958046700999,0.104940934430585,0.3699757679232437,0.5410309278350516,TRAINING_REFERENCE
2019-05-22,6.1002,NORMAL,False,0.32135129024965,0,DRAWDOWN_SHIFT,0.1431893144759578,0.18448906312761876,0.32135129024965,0.19702602230483,0.38856972961199227,0.6977319587628866,TRAINING_REFERENCE
2019-05-23,6.0964,NORMAL,False,0.1704029827173634,0,VOLATILITY_ACCELERATION,0.06156271417200615,0.1704029827173634,0.163743823272938,0.015573259893115,0.36964752317359256,0.5377319587628866,TRAINING_REFERENCE
2019-05-24,6.0825,NORMAL,False,0.18215857370119196,0,VOLATILITY_ACCELERATION,0.09118420549379347,0.18215857370119196,0.08881568323482598,0.057000852962402496,0.369560663764243,0.5360824742268041,TRAINING_REFERENCE
2019-05-27,6.0629,NORMAL,False,0.16942958039568876,0,VOLATILITY_ACCELERATION,0.10867373321004074,0.16942958039568876,0.11529890514485,0.0805589806822825,0.3724974796337387,0.5616494845360824,TRAINING_REFERENCE
2019-05-28,6.0319,NORMAL,False,0.1813445104340742,0,VOLATILITY_ACCELERATION,0.14793406700546738,0.1813445104340742,0.066531020895908,0.127826617625225,0.3808431836943126,0.6408247422680412,TRAINING_REFERENCE
2019-05-29,6.0121,NORMAL,False,0.284533152472304,0,DRAWDOWN_SHIFT,0.09328235447095405,0.05881062952988115,0.284533152472304,0.0820636946898975,0.40626403221490065,0.7698969072164948,TRAINING_REFERENCE
2019-05-30,5.8772,NORMAL,False,0.707941736911798,0,DRAWDOWN_SHIFT,0.5469298581366654,0.29997324322728103,0.707941736911798,0.560952079972055,0.48050896103249435,0.9022680412371133,TRAINING_REFERENCE
2019-05-31,5.8382,NORMAL,False,0.789006233246132,0,DRAWDOWN_SHIFT,0.12807991843276764,0.2852462748551747,0.789006233246132,0.16589532430409248,0.45580191413281856,0.8762886597938144,TRAINING_REFERENCE
2019-06-03,5.8339,NORMAL,False,0.7395924167554819,0,DRAWDOWN_SHIFT,0.00575719159387205,0.30070082018005256,0.7395924167554819,0.0184132095508875,0.44499098942301374,0.8635051546391752,TRAINING_REFERENCE
2019-06-04,5.7824,NORMAL,False,0.8058004715305379,0,DRAWDOWN_SHIFT,0.15936808440405686,0.295483240011441,0.8058004715305379,0.22069284698057498,0.46325853586884724,0.8878350515463918,TRAINING_REFERENCE
2019-06-05,5.731,NORMAL,False,0.9078577657203759,0,DRAWDOWN_SHIFT,0.14224129914756792,0.2772799490103474,0.9078577657203759,0.222226065301605,0.4787903446533556,0.8993814432989691,TRAINING_REFERENCE
2019-06-06,5.7801,NORMAL,False,0.313600103349156,0,DRAWDOWN_SHIFT,0.3035636712669278,0.2580432029530893,0.313600103349156,0.2141860059326475,0.4273141047530012,0.8301030927835051,TRAINING_REFERENCE
2019-06-07,5.831,NORMAL,False,0.30475380322953055,0,VOLATILITY_ACCELERATION,0.2910018112709003,0.30475380322953055,0.02325356070148,0.22015190048615252,0.3976994791075934,0.737319587628866,TRAINING_REFERENCE
2019-06-10,5.7747,NORMAL,False,0.33740661517465914,0,VOLATILITY_ACCELERATION,0.2597190533831775,0.33740661517465914,0.19119594354551997,0.24138226719258998,0.4125898850147001,0.7872164948453608,TRAINING_REFERENCE
2019-06-11,5.7976,NORMAL,False,0.3173328187994366,0,VOLATILITY_ACCELERATION,0.20875900962828073,0.3173328187994366,0.04909085036979599,0.09913934923026499,0.39322513554414434,0.7208247422680413,TRAINING_REFERENCE
2019-06-12,5.808,NORMAL,False,0.2615373554207693,0,VOLATILITY_ACCELERATION,0.12122482659903958,0.2615373554207693,0.24868391305751797,0.04484614323168,0.3969119302462242,0.7352577319587629,TRAINING_REFERENCE
2019-06-13,5.8682,NORMAL,False,0.3881094788081408,0,LOCAL_RETURN_SHOCK,0.3881094788081408,0.2744704849112446,0.284533152472304,0.25912534435261747,0.40264262602498463,0.7591752577319587,TRAINING_REFERENCE
2019-06-14,5.9015,NORMAL,False,0.29506427515214034,0,VOLATILITY_ACCELERATION,0.22544031342684126,0.29506427515214034,0.227691115202016,0.14186633039092,0.3783332672350591,0.619381443298969,TRAINING_REFERENCE
2019-06-17,5.8733,NORMAL,False,0.318444595161968,0,DRAWDOWN_SHIFT,0.10956368453170602,0.2380817590821032,0.318444595161968,0.11946115394391,0.38190331411572004,0.6465979381443299,TRAINING_REFERENCE
2019-06-18,5.8284,NORMAL,False,0.35456935170687603,0,VOLATILITY_ACCELERATION,0.19822783737771885,0.35456935170687603,0.09947356522300599,0.19111913234468,0.3770891400726403,0.6107216494845361,TRAINING_REFERENCE
2019-06-19,5.7914,NORMAL,False,0.3849906743943911,0,VOLATILITY_ACCELERATION,0.13935430988792033,0.3849906743943911,0.053612376061750004,0.15870564820534,0.38252771429753596,0.6498969072164948,TRAINING_REFERENCE
2019-06-20,5.7644,NORMAL,False,0.33523883344637195,0,DRAWDOWN_SHIFT,0.06736681018867074,0.2980174432680386,0.33523883344637195,0.11655212901888999,0.3925982287578517,0.7171134020618557,TRAINING_REFERENCE
2019-06-21,5.8214,NORMAL,False,0.4065961318213239,0,LOCAL_RETURN_SHOCK,0.4065961318213239,0.39837128767049595,0.258695862803992,0.247206994656855,0.40189397528608445,0.7554639175257732,TRAINING_REFERENCE
2019-06-24,5.809,NORMAL,False,0.40032377248221324,0,VOLATILITY_ACCELERATION,0.00086288627872535,0.40032377248221324,0.20766721570907198,0.05325179510083249,0.37910072209791235,0.6268041237113402,TRAINING_REFERENCE
2019-06-25,5.7949,NORMAL,False,0.38122776961286375,0,VOLATILITY_ACCELERATION,0.009762549708209525,0.38122776961286375,0.10819365048606398,0.0606817008090875,0.3737498049974016,0.5727835051546392,TRAINING_REFERENCE
2019-06-26,5.7749,NORMAL,False,0.35260521822940855,0,VOLATILITY_ACCELERATION,0.0449088650473499,0.35260521822940855,0.053289409940897994,0.0862827658803425,0.3767989080713028,0.6074226804123711,TRAINING_REFERENCE
2019-06-27,5.7725,NORMAL,False,0.32752469435654563,0,VOLATILITY_ACCELERATION,0.047356598636818875,0.32752469435654563,0.026160255789166,0.0103897902993975,0.36922920587530395,0.5327835051546391,TRAINING_REFERENCE
2019-06-28,5.7921,NORMAL,False,0.1614884075241523,0,VOLATILITY_ACCELERATION,0.15945998976487574,0.1614884075241523,0.094629073410198,0.08488523170203499,0.3835957070962076,0.660618556701031,TRAINING_REFERENCE
2019-07-01,5.6507,NORMAL,False,0.9078066739346927,0,LOCAL_RETURN_SHOCK,0.9078066739346927,0.6192378529406352,0.511255369311764,0.610314048445295,0.5025354127417974,0.9232989690721649,TRAINING_REFERENCE
2019-07-02,5.6528,NORMAL,False,0.63420399007807,0,VOLATILITY_ACCELERATION,0.05659846177081585,0.63420399007807,0.458934857733424,0.009290884315219999,0.4365671989660896,0.8457731958762886,TRAINING_REFERENCE
2019-07-03,5.6249,NORMAL,False,0.631280889819204,0,VOLATILITY_ACCELERATION,0.11468061362495015,0.631280889819204,0.48444918128088,0.1233901783187075,0.4395293139482184,0.8536082474226804,TRAINING_REFERENCE
2019-07-04,5.5953,NORMAL,False,0.618977938551212,0,VOLATILITY_ACCELERATION,0.13271138993017356,0.618977938551212,0.572295966153152,0.13155789436256748,0.4527076345310315,0.8738144329896907,TRAINING_REFERENCE
2019-07-05,5.6288,NORMAL,False,0.653616856388341,0,VOLATILITY_ACCELERATION,0.2382722248680541,0.653616856388341,0.527403675354452,0.14967919503869248,0.45018204929196554,0.8696907216494846,TRAINING_REFERENCE
2019-07-08,5.7367,NORMAL,False,0.6714795366248382,0,LOCAL_RETURN_SHOCK,0.6714795366248382,0.5564874624103383,0.277750863934372,0.479231807845365,0.43895014238178715,0.8498969072164948,TRAINING_REFERENCE
2019-07-09,5.7322,NORMAL,False,0.5633029101250397,0,VOLATILITY_ACCELERATION,0.01390748721879385,0.5633029101250397,0.256435099958014,0.019610577509717498,0.39207858993965117,0.7142268041237113,TRAINING_REFERENCE
2019-07-10,5.6741,NORMAL,False,0.6242651541004879,0,VOLATILITY_ACCELERATION,0.27352297086213506,0.6242651541004879,0.158899331460128,0.25339311259202246,0.41459161858239485,0.7950515463917526,TRAINING_REFERENCE
2019-07-11,5.6734,NORMAL,False,0.6002720478882034,0,VOLATILITY_ACCELERATION,0.027827587600755724,0.6002720478882034,0.252236540386912,0.0030841895631024997,0.4025245967773938,0.7579381443298969,TRAINING_REFERENCE
2019-07-12,5.72,NORMAL,False,0.6074325478656832,0,VOLATILITY_ACCELERATION,0.2865304536779581,0.6074325478656832,0.294545102218774,0.2053442380230525,0.40904944972427176,0.7752577319587629,TRAINING_REFERENCE
2019-07-15,5.7148,NORMAL,False,0.35877668635931736,0,VOLATILITY_ACCELERATION,0.017600292524336376,0.35877668635931736,0.070729580467004,0.02272727272727,0.3716465356431112,0.5550515463917526,TRAINING_REFERENCE
2019-07-16,5.7118,NORMAL,False,0.35882279197377814,0,VOLATILITY_ACCELERATION,0.023142576705713326,0.35882279197377814,0.065885088654198,0.0131238188563025,0.37037509118478124,0.5463917525773195,TRAINING_REFERENCE
2019-07-17,5.6842,NORMAL,False,0.2651714912864939,0,VOLATILITY_ACCELERATION,0.1124092357742597,0.2651714912864939,0.032619578206246,0.1208025491088625,0.3745673092402417,0.5818556701030928,TRAINING_REFERENCE
2019-07-18,5.6181,NORMAL,False,0.3994236985182161,0,VOLATILITY_ACCELERATION,0.3142775777145961,0.3994236985182161,0.17860026483221597,0.2907181309594975,0.40651657301112115,0.770721649484536,TRAINING_REFERENCE
2019-07-19,5.6551,NORMAL,False,0.3668024343960143,0,VOLATILITY_ACCELERATION,0.22168399796192673,0.3668024343960143,0.209605012434196,0.16464641070824498,0.39035230399357257,0.7076288659793815,TRAINING_REFERENCE
2019-07-22,5.677,NORMAL,False,0.39713932179771394,0,VOLATILITY_ACCELERATION,0.15286377950613703,0.39713932179771394,0.122081193682786,0.0968152640978925,0.37669297061059426,0.605360824742268,TRAINING_REFERENCE
2019-07-23,5.7178,NORMAL,False,0.44805023974863106,0,VOLATILITY_ACCELERATION,0.2379064627871719,0.44805023974863106,0.019377967251234,0.1796723621631175,0.3802413963113016,0.6362886597938144,TRAINING_REFERENCE
2019-07-24,5.7085,NORMAL,False,0.427290795380216,0,VOLATILITY_ACCELERATION,0.027920481327236873,0.427290795380216,0.078480767367502,0.040662492567072495,0.3700387455550542,0.5426804123711341,TRAINING_REFERENCE
2019-07-25,5.7027,NORMAL,False,0.27322933824241796,0,DRAWDOWN_SHIFT,0.01337981488896225,0.22668284987779175,0.27322933824241796,0.0254007182272025,0.3809742622251575,0.6420618556701031,TRAINING_REFERENCE
2019-07-26,5.6718,NORMAL,False,0.2700415122429647,0,VOLATILITY_ACCELERATION,0.13637563222748475,0.2700415122429647,0.053935342182608,0.13546214950812752,0.37588588712244075,0.5987628865979382,TRAINING_REFERENCE
2019-07-29,5.6148,NORMAL,False,0.35959390398445484,0,VOLATILITY_ACCELERATION,0.25392655043161877,0.35959390398445484,0.20088492717113798,0.251242991642865,0.3944981068640348,0.7245360824742269,TRAINING_REFERENCE
2019-07-30,5.5597,NORMAL,False,0.510609437070052,0,DRAWDOWN_SHIFT,0.3235196303788424,0.24655005646985476,0.510609437070052,0.2453337607750925,0.4344964077531842,0.8412371134020619,TRAINING_REFERENCE
2019-07-31,5.5864,NORMAL,False,0.394341633562636,0,DRAWDOWN_SHIFT,0.18304139362518917,0.3601990242908741,0.394341633562636,0.1200604349155525,0.4051742174344935,0.7670103092783506,TRAINING_REFERENCE
2019-08-01,5.6039,NORMAL,False,0.4034667722658601,0,VOLATILITY_ACCELERATION,0.11212415334348175,0.4034667722658601,0.044948739190232,0.078315194042675,0.3805721970908921,0.6383505154639175,TRAINING_REFERENCE
2019-08-02,5.5597,NORMAL,False,0.4728043011275259,0,VOLATILITY_ACCELERATION,0.26176943100984845,0.4728043011275259,0.090065489378122,0.19718410392762,0.4000394050473143,0.7484536082474227,TRAINING_REFERENCE
2019-08-05,5.5715,NORMAL,False,0.4501873309118938,0,VOLATILITY_ACCELERATION,0.08804502975866338,0.4501873309118938,0.132712455664148,0.053060416928972495,0.3780443622854902,0.617319587628866,TRAINING_REFERENCE
2019-08-06,5.5209,NORMAL,False,0.43259875427709676,0,VOLATILITY_ACCELERATION,0.308385913967381,0.43259875427709676,0.14477058813007,0.2270483711747275,0.40467544154083923,0.7653608247422681,TRAINING_REFERENCE
2019-08-07,5.4938,NORMAL,False,0.3724119469602266,0,VOLATILITY_ACCELERATION,0.11882942423340895,0.3724119469602266,0.030310912054451997,0.122715499284535,0.397251771377847,0.7360824742268042,TRAINING_REFERENCE
2019-08-08,5.4782,NORMAL,False,0.41211763548736197,0,DRAWDOWN_SHIFT,0.050438600000876924,0.2967134341417435,0.41211763548736197,0.0709891150023675,0.41437191156316366,0.7938144329896907,TRAINING_REFERENCE
2019-08-09,5.4917,NORMAL,False,0.3249459683159147,0,VOLATILITY_ACCELERATION,0.1701648690271466,0.3249459683159147,0.22294351004885402,0.0616078273885525,0.39773889382651534,0.7377319587628866,TRAINING_REFERENCE
2019-08-12,5.564,NORMAL,False,0.6546290117706522,0,LOCAL_RETURN_SHOCK,0.6546290117706522,0.5539704170342508,0.024589357725978,0.3291330553380525,0.417086129692883,0.8016494845360824,TRAINING_REFERENCE
2019-08-13,5.5629,NORMAL,False,0.4587702035913616,0,VOLATILITY_ACCELERATION,0.0415504921723242,0.4587702035913616,0.13770040326546598,0.0049424874191224995,0.37265251461524035,0.5641237113402062,TRAINING_REFERENCE
2019-08-14,5.6128,NORMAL,False,0.4280367856643422,0,VOLATILITY_ACCELERATION,0.3818182560307017,0.4280367856643422,0.401621465153308,0.22425353682432,0.3995238165379496,0.745979381443299,TRAINING_REFERENCE
2019-08-15,5.568,NORMAL,False,0.5282245792686034,0,VOLATILITY_ACCELERATION,0.2617525470284827,0.5282245792686034,0.34753880641297,0.19954389965792502,0.4017108872679401,0.7546391752577319,TRAINING_REFERENCE
2019-08-16,5.5785,NORMAL,False,0.5286436481736895,0,VOLATILITY_ACCELERATION,0.0851825125748423,0.5286436481736895,0.397101367733278,0.0471443965517225,0.3908033067035089,0.7109278350515464,TRAINING_REFERENCE
2019-08-19,5.6609,NORMAL,False,0.5838357090057523,0,LOCAL_RETURN_SHOCK,0.5838357090057523,0.54212078673213,0.527848654216298,0.36927489468495,0.42243619522241554,0.8193814432989691,TRAINING_REFERENCE
2019-08-20,5.729,NORMAL,False,0.8198141518175379,0,DRAWDOWN_SHIFT,0.41016531990561456,0.556747068064688,0.8198141518175379,0.30074723100567,0.4253414526995847,0.825979381443299,TRAINING_REFERENCE
2019-08-21,5.7162,NORMAL,False,0.958534133196848,0,DRAWDOWN_SHIFT,0.07637190210374067,0.5833990623136048,0.958534133196848,0.05585617036132,0.4062446819414235,0.7694845360824742,TRAINING_REFERENCE
2019-08-22,5.7688,ANOMALOUS,True,1.242022420473882,1,DRAWDOWN_SHIFT,0.2943139239476067,0.4553055356210212,1.242022420473882,0.23004793394212752,0.43624993179124033,0.8449484536082474,TRAINING_REFERENCE
2019-08-23,5.7599,ANOMALOUS,True,1.118037191981548,1,DRAWDOWN_SHIFT,0.0672455717516806,0.5066528006453075,1.118037191981548,0.03856954652614,0.4201457399380252,0.8127835051546392,TRAINING_REFERENCE
2019-08-26,5.8252,NORMAL,False,0.971548166595646,0,DRAWDOWN_SHIFT,0.3341352722075642,0.4469855196254784,0.971548166595646,0.2834250594628375,0.4198341433780489,0.8111340206185567,TRAINING_REFERENCE
2019-08-27,5.8275,NORMAL,False,0.6909837366118319,0,DRAWDOWN_SHIFT,0.0473701967342797,0.40702382449190566,0.6909837366118319,0.0098709057199775,0.38335743334370537,0.657319587628866,TRAINING_REFERENCE
2019-08-28,5.8134,NORMAL,False,0.4140761059080146,0,VOLATILITY_ACCELERATION,0.1644388241684527,0.4140761059080146,0.329407777683638,0.060489060489060005,0.3699006817289215,0.5393814432989691,TRAINING_REFERENCE
2019-08-29,5.84,NORMAL,False,0.36758087154430735,0,VOLATILITY_ACCELERATION,0.08696356503862505,0.36758087154430735,0.24129458612216997,0.1143908900127275,0.3618708220089417,0.45649484536082474,TRAINING_REFERENCE
2019-08-30,5.8306,NORMAL,False,0.3722654653550371,0,VOLATILITY_ACCELERATION,0.12556991652131416,0.3722654653550371,0.23960010166906398,0.0402397260273975,0.3607108802985685,0.44948453608247424,TRAINING_REFERENCE
2019-09-02,5.8068,NORMAL,False,0.2301242283288786,0,LOCAL_RETURN_SHOCK,0.2301242283288786,0.2214271550340407,0.062357027874265995,0.10204781669124749,0.3621608544107593,0.45979381443298967,TRAINING_REFERENCE
2019-09-03,5.7293,NORMAL,False,0.536498640198184,0,LOCAL_RETURN_SHOCK,0.536498640198184,0.42040678782751767,0.332796746589848,0.3336605359233975,0.3968831425696693,0.7348453608247423,TRAINING_REFERENCE
2019-09-04,5.667,NORMAL,False,0.496145047869184,0,DRAWDOWN_SHIFT,0.4198086050034078,0.4620352686071612,0.496145047869184,0.2718482188050925,0.4029703932164317,0.7604123711340206,TRAINING_REFERENCE
2019-09-05,5.6917,NORMAL,False,0.5025840887909859,0,DRAWDOWN_SHIFT,0.08689763194158072,0.4634799021331212,0.5025840887909859,0.10896417857772998,0.38618912410721185,0.6816494845360824,TRAINING_REFERENCE
2019-09-06,5.7155,NORMAL,False,0.5358013847620351,0,VOLATILITY_ACCELERATION,0.07050627702843895,0.5358013847620351,0.297069081547288,0.1045381871848425,0.37029416661585923,0.5455670103092783,TRAINING_REFERENCE
2019-09-09,5.75,NORMAL,False,0.6070900447630816,0,VOLATILITY_ACCELERATION,0.12598526129144208,0.6070900447630816,0.012716177335923999,0.15090543259557498,0.35973541535560033,0.4367010309278351,TRAINING_REFERENCE
2019-09-10,5.7683,NORMAL,False,0.4517740434950504,0,VOLATILITY_ACCELERATION,0.049818698312873826,0.4517740434950504,0.33803250044393396,0.0795652173913025,0.3529797350902796,0.3270103092783505,TRAINING_REFERENCE
2019-09-11,5.7515,NORMAL,False,0.491631016725492,0,DRAWDOWN_SHIFT,0.15699505149596335,0.2257047727938226,0.491631016725492,0.0728117469618425,0.369964721837966,0.5402061855670103,TRAINING_REFERENCE
2019-09-12,5.6566,NORMAL,False,0.5957963332815602,0,LOCAL_RETURN_SHOCK,0.5957963332815602,0.581543409792603,0.08292348474209799,0.41250108667304003,0.4003324654871371,0.7501030927835052,TRAINING_REFERENCE
2019-09-13,5.6861,NORMAL,False,0.597783919422114,0,VOLATILITY_ACCELERATION,0.1338251960802866,0.597783919422114,0.01029218247705,0.1303786727009125,0.36511461168221776,0.49237113402061855,TRAINING_REFERENCE
2019-09-16,5.729,NORMAL,False,0.6122791554790349,0,VOLATILITY_ACCELERATION,0.1983532207296915,0.6122791554790349,0.071917808219178,0.1886178575825275,0.3653320964834753,0.49443298969072164,TRAINING_REFERENCE
2019-09-17,5.7016,NORMAL,False,0.6018649025392225,0,VOLATILITY_ACCELERATION,0.17398998769742222,0.6018649025392225,0.22842465753424399,0.1195671146797,0.373318896567931,0.5703092783505155,TRAINING_REFERENCE
2019-09-18,5.6768,NORMAL,False,0.6041910153567859,0,VOLATILITY_ACCELERATION,0.14022768400744265,0.6041910153567859,0.255821917808218,0.108741405921145,0.3772635704924724,0.6136082474226804,TRAINING_REFERENCE
2019-09-19,5.7187,NORMAL,False,0.3921427855221061,0,VOLATILITY_ACCELERATION,0.2594826460889908,0.3921427855221061,0.212671232876714,0.18452297068770998,0.36304699220211323,0.46845360824742266,TRAINING_REFERENCE
2019-09-20,5.7439,NORMAL,False,0.3862233981077955,0,VOLATILITY_ACCELERATION,0.1648284137485501,0.3862233981077955,0.197945205479454,0.11016489761658749,0.35207033584457925,0.31422680412371135,TRAINING_REFERENCE
2019-09-23,5.7174,NORMAL,False,0.3976908940481592,0,VOLATILITY_ACCELERATION,0.15248366705993024,0.3976908940481592,0.03972602739725999,0.11533975173662499,0.35073091439971776,0.2944329896907216,TRAINING_REFERENCE
2019-09-24,5.6973,NORMAL,False,0.3822282942480279,0,VOLATILITY_ACCELERATION,0.09405613659687967,0.3822282942480279,0.01472602739726,0.087889600167905,0.34831483609357217,0.25402061855670105,TRAINING_REFERENCE
2019-09-25,5.6706,NORMAL,False,0.3867804428637587,0,VOLATILITY_ACCELERATION,0.12896694934526684,0.3867804428637587,0.021232876712324,0.11716076036017,0.35153250490996474,0.30556701030927835,TRAINING_REFERENCE
2019-09-26,5.6655,NORMAL,False,0.26135650811309447,0,VOLATILITY_ACCELERATION,0.011464435695628624,0.26135650811309447,0.182191780821922,0.0224843931859075,0.3568685718529324,0.3909278350515464,TRAINING_REFERENCE
2019-09-27,5.6708,NORMAL,False,0.25034246575342395,0,DRAWDOWN_SHIFT,0.088665366887127,0.1704650866000512,0.25034246575342395,0.0233871679463425,0.36775085315689887,0.5179381443298969,TRAINING_REFERENCE
2019-09-30,5.6489,NORMAL,False,0.234589041095888,0,DRAWDOWN_SHIFT,0.09083254705923252,0.1710570050853829,0.234589041095888,0.09654722437751,0.3749644219578584,0.5855670103092784,TRAINING_REFERENCE
2019-10-01,5.7231,NORMAL,False,0.5276856478548201,0,LOCAL_RETURN_SHOCK,0.5276856478548201,0.5087993966762727,0.08835616438355999,0.3283825169501975,0.37273505914196553,0.5649484536082474,TRAINING_REFERENCE
2019-10-02,5.702,NORMAL,False,0.5035534857186694,0,VOLATILITY_ACCELERATION,0.13088005929297225,0.5035534857186694,0.10753424657533799,0.092170327270185,0.3517274529622575,0.31051546391752577,TRAINING_REFERENCE
2019-10-03,5.6947,NORMAL,False,0.5055108741805705,0,VOLATILITY_ACCELERATION,0.06122671599311045,0.5055108741805705,0.09999999999999999,0.0320063135741825,0.34850665832614747,0.25896907216494847,TRAINING_REFERENCE
2019-10-04,5.6962,NORMAL,False,0.512211679908193,0,VOLATILITY_ACCELERATION,0.008333735887051476,0.512211679908193,0.08698630136986599,0.00658507032855,0.3487750929785343,0.26639175257731956,TRAINING_REFERENCE
2019-10-07,5.8328,NORMAL,False,0.9375057607385822,0,LOCAL_RETURN_SHOCK,0.9375057607385822,0.7792248118197924,0.6297945205479439,0.5995224886766625,0.46028991715447937,0.8824742268041237,TRAINING_REFERENCE
2019-10-08,5.8311,NORMAL,False,0.7546106655421154,0,VOLATILITY_ACCELERATION,0.031235306293979675,0.7546106655421154,0.369863013698632,0.00728638046907,0.38342371673260056,0.6593814432989691,TRAINING_REFERENCE
2019-10-09,5.8712,NORMAL,False,0.7013682511938996,0,VOLATILITY_ACCELERATION,0.18982525859561422,0.7013682511938996,0.472602739726026,0.17192296479223002,0.3931297421534918,0.7204123711340206,TRAINING_REFERENCE
2019-10-10,5.8365,NORMAL,False,0.7763628829425657,0,VOLATILITY_ACCELERATION,0.20822987176916827,0.7763628829425657,0.379398624723984,0.1477551437525525,0.3992264966689559,0.7451546391752577,TRAINING_REFERENCE
2019-10-11,5.8853,NORMAL,False,0.755906988916847,0,VOLATILITY_ACCELERATION,0.2258427619428681,0.755906988916847,0.49246575342465393,0.20902938404865748,0.39919401805944726,0.7447422680412371,TRAINING_REFERENCE
2019-10-14,5.9271,NORMAL,False,0.409105794311471,0,VOLATILITY_ACCELERATION,0.17595556802770668,0.409105794311471,0.024657534246574,0.17756104191799998,0.357286814967661,0.3979381443298969,TRAINING_REFERENCE
2019-10-15,5.9165,NORMAL,False,0.42787921468042833,0,VOLATILITY_ACCELERATION,0.1158749983370893,0.42787921468042833,0.005288461427348,0.044709891852674995,0.3528988622148047,0.32618556701030926,TRAINING_REFERENCE
2019-10-16,5.887,NORMAL,False,0.450239152263288,0,VOLATILITY_ACCELERATION,0.2293903435234705,0.450239152263288,0.13531069156923398,0.12465139863094749,0.3596296783784608,0.4334020618556701,TRAINING_REFERENCE
2019-10-17,5.8299,NORMAL,False,0.5119972067569704,0,VOLATILITY_ACCELERATION,0.38434177195290076,0.5119972067569704,0.209780902966272,0.2424834380839075,0.373495988247154,0.5715463917525773,TRAINING_REFERENCE
2019-10-18,5.7919,NORMAL,False,0.45620961347033,0,DRAWDOWN_SHIFT,0.24032979752148576,0.42110691241718823,0.45620961347033,0.16295305236796498,0.37835194227122665,0.6206185567010309,TRAINING_REFERENCE
2019-10-21,5.8582,NORMAL,False,0.5379030708407906,0,VOLATILITY_ACCELERATION,0.346295325194834,0.5379030708407906,0.232491437633918,0.28617552098620247,0.3765172886641309,0.6037113402061856,TRAINING_REFERENCE
2019-10-22,5.8084,NORMAL,False,0.5683695524605331,0,VOLATILITY_ACCELERATION,0.296856284408176,0.5683695524605331,0.36476523088863194,0.21252261786897,0.3851541581127162,0.671340206185567,TRAINING_REFERENCE
2019-10-23,5.7351,NORMAL,False,0.6149333289445766,0,VOLATILITY_ACCELERATION,0.4036189214774489,0.6149333289445766,0.512560948862004,0.315491357344535,0.41460182878193297,0.7954639175257732,TRAINING_REFERENCE
2019-10-24,5.7647,NORMAL,False,0.6482294402944146,0,VOLATILITY_ACCELERATION,0.12816281042513114,0.6482294402944146,0.220006411229774,0.12903000819514998,0.3758656076589232,0.5975257731958763,TRAINING_REFERENCE
2019-10-25,5.7748,NORMAL,False,0.6412204580129337,0,VOLATILITY_ACCELERATION,0.023656128933088726,0.6412204580129337,0.057701067975906,0.043801065103124995,0.36150400683193096,0.45484536082474225,TRAINING_REFERENCE
2019-10-28,5.7312,NORMAL,False,0.4806643367549892,0,VOLATILITY_ACCELERATION,0.2375388304182281,0.4806643367549892,0.42854009549357797,0.18875112558010498,0.3905835466725939,0.7096907216494845,TRAINING_REFERENCE
2019-10-29,5.7373,NORMAL,False,0.4802839868434614,0,VOLATILITY_ACCELERATION,0.008308379421608725,0.4802839868434614,0.23991496684719,0.0266087381351175,0.36608222480586405,0.5022680412371134,TRAINING_REFERENCE
2019-10-30,5.702,NORMAL,False,0.35479243391679643,0,VOLATILITY_ACCELERATION,0.1833262201011843,0.35479243391679643,0.111690371345176,0.1538179980130025,0.36867073350895546,0.5278350515463918,TRAINING_REFERENCE
2019-10-31,5.713,NORMAL,False,0.30319350165190256,0,VOLATILITY_ACCELERATION,0.05452200305108185,0.30319350165190256,0.174452936511956,0.0482286916871275,0.3638879825084377,0.4779381443298969,TRAINING_REFERENCE
2019-11-01,5.7124,NORMAL,False,0.284531915983925,0,VOLATILITY_ACCELERATION,0.0086660170061272,0.284531915983925,0.21055828314015398,0.00262559075792,0.3649138401117252,0.488659793814433,TRAINING_REFERENCE
2019-11-04,5.7387,NORMAL,False,0.26508718026015676,0,VOLATILITY_ACCELERATION,0.12738855336807525,0.26508718026015676,0.025307485954342,0.11510048315944,0.3510136360926717,0.2981443298969072,TRAINING_REFERENCE
2019-11-05,5.7533,NORMAL,False,0.27338481156960714,0,VOLATILITY_ACCELERATION,0.12336898576268925,0.27338481156960714,0.053989303369268,0.06360325509261999,0.3470094379685421,0.22969072164948454,TRAINING_REFERENCE
2019-11-06,5.7508,NORMAL,False,0.16466737527626998,0,DRAWDOWN_SHIFT,0.00790017082002615,0.13855157143540164,0.16466737527626998,0.01086333061026,0.35519049778221423,0.3624742268041237,TRAINING_REFERENCE
2019-11-07,5.7522,NORMAL,False,0.146250255920687,0,VOLATILITY_ACCELERATION,0.0479137522402178,0.146250255920687,0.13227379325471197,0.006086109758645,0.3518428333891327,0.3117525773195876,TRAINING_REFERENCE
2019-11-08,5.7668,NORMAL,False,0.183563631455518,0,DRAWDOWN_SHIFT,0.12544172950538185,0.13720832367708055,0.183563631455518,0.0634539828239625,0.35849466413589093,0.4156701030927835,TRAINING_REFERENCE
2019-11-11,5.7733,NORMAL,False,0.11675186853604601,0,DRAWDOWN_SHIFT,0.08623504776844973,0.094098314703069,0.11675186853604601,0.028178539224525,0.3553347886490713,0.36536082474226805,TRAINING_REFERENCE
2019-11-12,5.7776,NORMAL,False,0.08671010185904855,0,LOCAL_RETURN_SHOCK,0.08671010185904855,0.0799933602828405,0.081996254492076,0.018620199885675003,0.3547632096182399,0.3554639175257732,TRAINING_REFERENCE
2019-11-13,5.7403,NORMAL,False,0.25080052769565075,0,VOLATILITY_ACCELERATION,0.22382270391226894,0.25080052769565075,0.035430480336078,0.16139919689836,0.35930200804910634,0.42762886597938143,TRAINING_REFERENCE
2019-11-14,5.7477,NORMAL,False,0.2599096381023075,0,VOLATILITY_ACCELERATION,0.10621384248652202,0.2599096381023075,0.015184491572604,0.0322282807518775,0.346368513460972,0.22061855670103092,TRAINING_REFERENCE
2019-11-15,5.7453,NORMAL,False,0.2364471123499001,0,VOLATILITY_ACCELERATION,0.01228137686858755,0.2364471123499001,0.072548126402454,0.01043895819197,0.3471831565037323,0.2329896907216495,TRAINING_REFERENCE
2019-11-18,5.7369,NORMAL,False,0.2294948688756972,0,VOLATILITY_ACCELERATION,0.04900946843391502,0.2294948688756972,0.12282566516508599,0.036551616103595,0.3531282225295467,0.3303092783505155,TRAINING_REFERENCE
2019-11-19,5.699,NORMAL,False,0.2957635907723802,0,LOCAL_RETURN_SHOCK,0.2957635907723802,0.26562536536531584,0.265222452801538,0.1651588837176875,0.38284369715429334,0.6531958762886598,TRAINING_REFERENCE
2019-11-20,5.6997,NORMAL,False,0.22608102994182305,0,VOLATILITY_ACCELERATION,0.0581829249050339,0.22608102994182305,0.136997857299526,0.0030707141603799996,0.3602686781315149,0.4420618556701031,TRAINING_REFERENCE
2019-11-21,5.6966,NORMAL,False,0.20413132516243235,0,VOLATILITY_ACCELERATION,0.01648714042155125,0.20413132516243235,0.17242833763560597,0.013597206870534999,0.36703059547409433,0.5101030927835052,TRAINING_REFERENCE
2019-11-22,5.7132,NORMAL,False,0.25704825430670447,0,VOLATILITY_ACCELERATION,0.2563568990730223,0.25704825430670447,0.108316039884598,0.07285047221149249,0.36076346617453675,0.44989690721649483,TRAINING_REFERENCE
2019-11-25,5.7416,NORMAL,False,0.39668769658195324,0,LOCAL_RETURN_SHOCK,0.39668769658195324,0.3236062616276416,0.015859357864722,0.12427361198628,0.356693476864757,0.38762886597938145,TRAINING_REFERENCE
2019-11-26,5.7597,NORMAL,False,0.2346391634911032,0,LOCAL_RETURN_SHOCK,0.2346391634911032,0.1740757021222564,0.20482191965716798,0.07881078445032749,0.3659172120649443,0.500618556701031,TRAINING_REFERENCE
2019-11-27,5.7779,NORMAL,False,0.26387272021730596,0,DRAWDOWN_SHIFT,0.2227182981728759,0.1564922192863304,0.26387272021730596,0.078997169991495,0.36999610468879923,0.5414432989690722,TRAINING_REFERENCE
2019-11-28,5.7585,NORMAL,False,0.3325809826711217,0,LOCAL_RETURN_SHOCK,0.3325809826711217,0.2493083113992566,0.20887111740986,0.083940532027205,0.3708171001252494,0.548041237113402,TRAINING_REFERENCE
2019-11-29,5.747,NORMAL,False,0.28411744399557426,0,VOLATILITY_ACCELERATION,0.19113877092247386,0.28411744399557426,0.11405240336758199,0.04992619605799999,0.35338693712670816,0.334020618556701,TRAINING_REFERENCE
2019-12-02,5.7415,NORMAL,False,0.2364931983587674,0,VOLATILITY_ACCELERATION,0.09931488695396667,0.2364931983587674,0.00033743314605996777,0.0239255263615775,0.34994135744787586,0.28288659793814436,TRAINING_REFERENCE
2019-12-03,5.7431,NORMAL,False,0.1956004448107936,0,VOLATILITY_ACCELERATION,0.02065413227345405,0.1956004448107936,0.056013902245616,0.0069668205172825,0.35199434007878266,0.3129896907216495,TRAINING_REFERENCE
2019-12-04,5.7508,NORMAL,False,0.1459331853525466,0,VOLATILITY_ACCELERATION,0.12005682930334495,0.1459331853525466,0.0914443825817,0.03351848304922,0.3590760241628297,0.42391752577319586,TRAINING_REFERENCE
2019-12-05,5.7485,NORMAL,False,0.1058335736332448,0,VOLATILITY_ACCELERATION,0.033869030142781975,0.1058335736332448,0.033743314605791996,0.009998608889195,0.3564293866406298,0.3839175257731959,TRAINING_REFERENCE
2019-12-06,5.7766,NORMAL,False,0.4118570871337738,0,LOCAL_RETURN_SHOCK,0.4118570871337738,0.19525916701671134,0.099880211233148,0.12220579281551501,0.35967882698972575,0.43422680412371134,TRAINING_REFERENCE
2019-12-09,5.8113,NORMAL,False,0.4721762967782964,0,LOCAL_RETURN_SHOCK,0.4721762967782964,0.2416008698392153,0.23552833594843997,0.15017484333345,0.3724791132782814,0.5612371134020618,TRAINING_REFERENCE
2019-12-10,5.8057,NORMAL,False,0.2663246966611708,0,VOLATILITY_ACCELERATION,0.09546635596517915,0.2663246966611708,0.21123314943226798,0.024090995130177498,0.35547948655775913,0.3698969072164948,TRAINING_REFERENCE
2019-12-11,5.8074,NORMAL,False,0.2766015850474677,0,VOLATILITY_ACCELERATION,0.0032777706197663,0.2766015850474677,0.19098716066879398,0.007320392028524999,0.3501679767104281,0.2861855670103093,TRAINING_REFERENCE
2019-12-12,5.7914,NORMAL,False,0.3273235727774881,0,VOLATILITY_ACCELERATION,0.27645603204217944,0.3273235727774881,0.14475881965885598,0.06887763887453749,0.3559652232571335,0.37731958762886597,TRAINING_REFERENCE
2019-12-13,5.8082,NORMAL,False,0.29719817014573674,0,VOLATILITY_ACCELERATION,0.20265800739732032,0.29719817014573674,0.10662887415431,0.0725213247228625,0.3450524527375254,0.19670103092783506,TRAINING_REFERENCE
2019-12-16,5.8498,NORMAL,False,0.5250269644016256,0,LOCAL_RETURN_SHOCK,0.5250269644016256,0.33214841918162186,0.129911761232304,0.17905719500017,0.35970216182593634,0.4354639175257732,TRAINING_REFERENCE
2019-12-17,5.886,NORMAL,False,0.37887160191481123,0,LOCAL_RETURN_SHOCK,0.37887160191481123,0.35268769875582195,0.27095881628452195,0.15470614379978748,0.36520244994928164,0.4931958762886598,TRAINING_REFERENCE
2019-12-18,5.9261,NORMAL,False,0.41519117350794604,0,LOCAL_RETURN_SHOCK,0.41519117350794604,0.35668198907377885,0.400533144370772,0.170319401970775,0.3777523792692879,0.6156701030927835,TRAINING_REFERENCE
2019-12-19,5.9417,NORMAL,False,0.45789677920062,0,DRAWDOWN_SHIFT,0.0511786007511444,0.18784811114748526,0.45789677920062,0.0658105668146,0.37968057790453535,0.6301030927835052,TRAINING_REFERENCE
2019-12-20,5.94,NORMAL,False,0.395485742625118,0,DRAWDOWN_SHIFT,0.18402012637933213,0.27606167192920844,0.395485742625118,0.0071528350472075,0.37392402166246735,0.5769072164948453,TRAINING_REFERENCE
2019-12-23,5.9486,NORMAL,False,0.26291776004449463,0,VOLATILITY_ACCELERATION,0.0383474386680461,0.26291776004449463,0.260835821902784,0.0361952861952825,0.35913358746908125,0.42556701030927835,TRAINING_REFERENCE
2019-12-24,5.9468,NORMAL,False,0.2622444730660503,0,VOLATILITY_ACCELERATION,0.1614612908819552,0.2622444730660503,0.13263317889842,0.007564805164239999,0.34720598097976096,0.23422680412371133,TRAINING_REFERENCE
2019-12-25,5.935,NORMAL,False,0.2773026186794075,0,LOCAL_RETURN_SHOCK,0.2773026186794075,0.1597998784577857,0.042350713087718,0.0496065110647725,0.35036378546989166,0.28865979381443296,TRAINING_REFERENCE
2019-12-26,5.9335,NORMAL,False,0.1208937421928473,0,LOCAL_RETURN_SHOCK,0.1208937421928473,0.10900117553526854,0.05076824799112199,0.006318449873624999,0.3472444757988221,0.23505154639175257,TRAINING_REFERENCE
2019-12-27,5.9502,NORMAL,False,0.164922116021485,0,VOLATILITY_ACCELERATION,0.10426593884518955,0.164922116021485,0.0057222680377659995,0.0703631920451625,0.3425248657805023,0.13154639175257732,TRAINING_REFERENCE
2019-12-30,5.9479,NORMAL,False,0.18689218904314736,0,VOLATILITY_ACCELERATION,0.17479429244667322,0.18689218904314736,0.007730832577054,0.0096635407213175,0.34292839228060074,0.14309278350515464,TRAINING_REFERENCE
2019-12-31,5.9489,NORMAL,False,0.18625239370167945,0,VOLATILITY_ACCELERATION,0.13265997724019052,0.18625239370167945,0.0016822431095779994,0.0042031641419675,0.3399126183633407,0.07505154639175257,TRAINING_REFERENCE
2020-01-01,5.9466,NORMAL,False,0.17791899799215855,0,LOCAL_RETURN_SHOCK,0.17791899799215855,0.14977898690527655,0.033624610949427994,0.009665652473565,0.34344475095784177,0.1558762886597938,TRAINING_REFERENCE
2020-01-02,5.9566,NORMAL,False,0.1570004783434704,0,VOLATILITY_ACCELERATION,0.0001434115629336,0.1570004783434704,0.05076824799112199,0.042040830054145,0.3401664312141253,0.08,TRAINING_REFERENCE
2020-01-03,5.9723,NORMAL,False,0.15384101419897145,0,VOLATILITY_ACCELERATION,0.07044123933821278,0.15384101419897145,0.0,0.0658932948326175,0.34392222890089313,0.1694845360824742,TRAINING_REFERENCE
2020-01-06,5.969,NORMAL,False,0.18896791671809932,0,LOCAL_RETURN_SHOCK,0.18896791671809932,0.16130524433766785,0.0033201862933939998,0.013813773588060001,0.34329454109206387,0.15175257731958763,TRAINING_REFERENCE
2020-01-07,5.9727,NORMAL,False,0.1581305114021741,0,VOLATILITY_ACCELERATION,0.06470458340248303,0.1581305114021741,0.004369601021814,0.0154967331211225,0.34028098323684686,0.08247422680412371,TRAINING_REFERENCE
2020-01-08,5.9091,ANOMALOUS,True,1.097925955545607,1,LOCAL_RETURN_SHOCK,1.097925955545607,0.6011624126691222,0.20086857539204,0.266211261238635,0.42410978791735865,0.8235051546391753,TRAINING_REFERENCE
2020-01-09,5.8739,NORMAL,False,0.6217262647424145,0,VOLATILITY_ACCELERATION,0.4433784249808103,0.6217262647424145,0.330838649187134,0.1489228478110025,0.39399402952034335,0.723298969072165,TRAINING_REFERENCE
2020-01-10,5.8777,NORMAL,False,0.5829411660983508,0,VOLATILITY_ACCELERATION,0.0042026446712595,0.5829411660983508,0.31811408575685796,0.0161732409472425,0.37882085825265394,0.6251546391752577,TRAINING_REFERENCE
2020-01-13,5.8671,NORMAL,False,0.602820044088018,0,VOLATILITY_ACCELERATION,0.14893148047327975,0.602820044088018,0.342557901718228,0.045085662759239996,0.38539669495143597,0.6742268041237114,TRAINING_REFERENCE
2020-01-14,5.8819,NORMAL,False,0.683831595797329,0,VOLATILITY_ACCELERATION,0.15743437630803403,0.683831595797329,0.304050094597082,0.0630635237169975,0.38882868363884027,0.6997938144329897,TRAINING_REFERENCE
2020-01-15,5.8758,NORMAL,False,0.4536489023257682,0,VOLATILITY_ACCELERATION,0.07133180274365955,0.4536489023257682,0.111507358481088,0.02592699637872,0.3599247796841961,0.43876288659793816,TRAINING_REFERENCE
2020-01-16,5.8597,NORMAL,False,0.30158055347028395,0,VOLATILITY_ACCELERATION,0.1841097348835983,0.30158055347028395,0.047549684397338,0.06850131045985,0.36336146960757243,0.47216494845360824,TRAINING_REFERENCE
2020-01-17,5.8908,NORMAL,False,0.4831843166812053,0,LOCAL_RETURN_SHOCK,0.4831843166812053,0.4784586012966598,0.043866258141204,0.13268597368465748,0.3632085903850726,0.47010309278350515,TRAINING_REFERENCE
2020-01-20,5.9132,NORMAL,False,0.4959120237144396,0,VOLATILITY_ACCELERATION,0.311508281236295,0.4959120237144396,0.15436904582517,0.0950634888300375,0.3559473554050714,0.3769072164948454,TRAINING_REFERENCE
2020-01-21,5.9376,NORMAL,False,0.5184131049379712,0,VOLATILITY_ACCELERATION,0.3166865654194567,0.5184131049379712,0.186515311333232,0.10315903402556749,0.3579188354747055,0.40824742268041236,TRAINING_REFERENCE
2020-01-22,5.9222,NORMAL,False,0.5878003413086867,0,VOLATILITY_ACCELERATION,0.17393434838612087,0.5878003413086867,0.15537361662229798,0.064841013203985,0.35283786301289627,0.325360824742268,TRAINING_REFERENCE
2020-01-23,5.9344,NORMAL,False,0.464444947858131,0,VOLATILITY_ACCELERATION,0.14825915689933034,0.464444947858131,0.250138128484604,0.0515011313363275,0.35536657947445244,0.36742268041237114,TRAINING_REFERENCE
2020-01-24,5.9391,NORMAL,False,0.4087198753140161,0,VOLATILITY_ACCELERATION,0.05290040375700333,0.4087198753140161,0.16173589833743598,0.0197998112698825,0.3426562502744875,0.1352577319587629,TRAINING_REFERENCE
2020-01-27,5.944,NORMAL,False,0.37111255702353263,0,VOLATILITY_ACCELERATION,0.06294270768207995,0.37111255702353263,0.10313593517169599,0.0206260207775575,0.33971161904729535,0.07175257731958763,TRAINING_REFERENCE
2020-01-28,5.9403,NORMAL,False,0.27037133289441245,0,VOLATILITY_ACCELERATION,0.041068732290376574,0.27037133289441245,0.009041137174141999,0.01556191117093,0.3410700197942908,0.10103092783505155,TRAINING_REFERENCE
2020-01-29,5.9567,NORMAL,False,0.19780697297808994,0,VOLATILITY_ACCELERATION,0.19469546953299227,0.19780697297808994,0.115525641669596,0.06902008316078,0.3473264165223175,0.23587628865979382,TRAINING_REFERENCE
2020-01-30,5.9725,NORMAL,False,0.21579750416308155,0,VOLATILITY_ACCELERATION,0.1738474749762317,0.21579750416308155,0.127580491235118,0.0663118840969025,0.34660417209810945,0.22309278350515463,TRAINING_REFERENCE
2020-01-31,5.9822,NORMAL,False,0.2127522915211736,0,VOLATILITY_ACCELERATION,0.0999790658815931,0.2127522915211736,0.11251192927821599,0.0406027626622,0.34509761697034885,0.19711340206185568,TRAINING_REFERENCE
2020-02-03,5.9844,NORMAL,False,0.2225151393540456,0,VOLATILITY_ACCELERATION,0.018906238306145375,0.2225151393540456,0.096103939591808,0.0091939420280175,0.34356223470860475,0.15958762886597938,TRAINING_REFERENCE
2020-02-04,5.9801,NORMAL,False,0.2271646554038085,0,VOLATILITY_ACCELERATION,0.05800955715811248,0.2271646554038085,0.09412294894379798,0.0179633714323875,0.3440136740211334,0.1711340206185567,TRAINING_REFERENCE
2020-02-05,5.9827,NORMAL,False,0.20424977874973954,0,VOLATILITY_ACCELERATION,0.0248740215872078,0.20424977874973954,0.04789567077358,0.010869383455125,0.34152690683388315,0.10845360824742269,TRAINING_REFERENCE
2020-02-06,5.9874,NORMAL,False,0.13318404525572786,0,VOLATILITY_ACCELERATION,0.015192129199073725,0.13318404525572786,0.000669713864749344,0.019639961890115,0.34367943726008293,0.16329896907216496,TRAINING_REFERENCE
2020-02-07,6.0153,NORMAL,False,0.4220484069069426,0,LOCAL_RETURN_SHOCK,0.4220484069069426,0.3219010043619976,0.0,0.11649463874135249,0.3484948459095131,0.2585567010309278,TRAINING_REFERENCE
2020-02-10,6.0108,NORMAL,False,0.3467147379969597,0,VOLATILITY_ACCELERATION,0.2038643497048864,0.3467147379969597,0.01496184728941,0.0187023091117625,0.34305015743319345,0.14680412371134022,TRAINING_REFERENCE
2020-02-11,6.0163,NORMAL,False,0.33401457806953083,0,VOLATILITY_ACCELERATION,0.03266537663530623,0.33401457806953083,0.014370697145910001,0.0228754907832575,0.3364549689762406,0.016494845360824743,TRAINING_REFERENCE
2020-02-12,6.042,NORMAL,False,0.38464956920260807,0,VOLATILITY_ACCELERATION,0.3471239135006425,0.38464956920260807,0.0056814384065199995,0.106793211774675,0.34633092989561465,0.2202061855670103,TRAINING_REFERENCE
2020-02-13,6.0405,NORMAL,False,0.4124125870453212,0,VOLATILITY_ACCELERATION,0.1786587088737837,0.4124125870453212,0.004965243296919999,0.006206554121149999,0.3414478993392353,0.10680412371134021,TRAINING_REFERENCE
2020-02-14,6.0505,NORMAL,False,0.3220491351750009,0,VOLATILITY_ACCELERATION,0.015590484004625175,0.3220491351750009,0.0,0.0413873023756325,0.3356531657960088,0.009484536082474227,TRAINING_REFERENCE
2020-02-17,6.0449,NORMAL,False,0.33320173477725695,0,VOLATILITY_ACCELERATION,0.2927079367948476,0.33320173477725695,0.0035490195810959995,0.023138583588132502,0.34218491412787966,0.12247422680412372,TRAINING_REFERENCE
2020-02-18,6.0642,NORMAL,False,0.3639230991054694,0,VOLATILITY_ACCELERATION,0.27386059902482346,0.3639230991054694,0.0,0.0798193518503175,0.3409144109762281,0.09690721649484536,TRAINING_REFERENCE
2020-02-19,6.0823,NORMAL,False,0.30761171330530046,0,VOLATILITY_ACCELERATION,0.262001607510167,0.30761171330530046,0.0,0.0746182513769325,0.34065585898444567,0.08948453608247423,TRAINING_REFERENCE
2020-02-20,6.1004,NORMAL,False,0.2898952075883198,0,VOLATILITY_ACCELERATION,0.2451986132449856,0.2898952075883198,0.004965243296919999,0.07439619880637,0.34345537806492277,0.15670103092783505,TRAINING_REFERENCE
2020-02-21,6.0964,NORMAL,False,0.3546426633329903,0,VOLATILITY_ACCELERATION,0.29873077346688964,0.3546426633329903,0.013113894170872,0.01639236771359,0.34413073900044316,0.17443298969072166,TRAINING_REFERENCE
2020-02-24,6.1177,NORMAL,False,0.3100790228612693,0,LOCAL_RETURN_SHOCK,0.3100790228612693,0.2887742445745092,0.018510866870505998,0.087346630798505,0.3471974387122949,0.2334020618556701,TRAINING_REFERENCE
2020-02-25,6.1441,NORMAL,False,0.3940061702344625,0,LOCAL_RETURN_SHOCK,0.3940061702344625,0.3180985521540505,0.0,0.10788368177582751,0.351118362822681,0.2997938144329897,TRAINING_REFERENCE
2020-02-26,6.159,NORMAL,False,0.31593621014704454,0,VOLATILITY_ACCELERATION,0.0987277489796545,0.31593621014704454,0.0,0.060627268436385,0.34434462950045236,0.18103092783505154,TRAINING_REFERENCE
2020-02-27,6.2078,NORMAL,False,0.843060443660788,0,LOCAL_RETURN_SHOCK,0.843060443660788,0.4970204851904965,0.0,0.19808410456242748,0.38641068221219554,0.6841237113402062,TRAINING_REFERENCE
2020-02-28,6.2427,NORMAL,False,0.39767440295943246,0,LOCAL_RETURN_SHOCK,0.39767440295943246,0.3374834836772918,0.013113894170872,0.14054898675859248,0.36852788354388216,0.5253608247422681,TRAINING_REFERENCE
2020-03-02,6.1743,ANOMALOUS,True,1.3323490152138238,2,LOCAL_RETURN_SHOCK,1.3323490152138238,1.0756134001393456,0.219135950790524,0.273919938488155,0.45845078575587733,0.8791752577319588,TRAINING_REFERENCE
2020-03-03,6.107,ANOMALOUS,True,1.2057960485115313,1,VOLATILITY_ACCELERATION,0.8171200675251451,1.2057960485115313,0.43474778541336195,0.2725005263754575,0.4622329804993731,0.8861855670103093,TRAINING_REFERENCE
2020-03-04,6.0773,ANOMALOUS,True,1.1656237864916963,1,VOLATILITY_ACCELERATION,0.3143964335541534,1.1656237864916963,0.529898921940826,0.12158179138693,0.43778123816551184,0.8474226804123711,TRAINING_REFERENCE
2020-03-05,6.1105,ANOMALOUS,True,1.0718006893218623,1,VOLATILITY_ACCELERATION,0.2384252865624702,1.0718006893218623,0.423534688516186,0.1365738074473875,0.4216222792794647,0.8160824742268041,TRAINING_REFERENCE
2020-03-06,6.0919,NORMAL,False,0.87004496475618,0,VOLATILITY_ACCELERATION,0.20356059353054445,0.87004496475618,0.48312428916975,0.07609851894280249,0.41363038019962106,0.7917525773195876,TRAINING_REFERENCE
2020-03-09,6.1442,ANOMALOUS,True,1.0057700082896246,1,VOLATILITY_ACCELERATION,0.39656046224603736,1.0057700082896246,0.096432633315712,0.2146292618066575,0.39822898781924876,0.7410309278350515,TRAINING_REFERENCE
2020-03-10,6.1575,NORMAL,False,0.7277069261614314,0,VOLATILITY_ACCELERATION,0.0497171716467911,0.7277069261614314,0.161788969516392,0.05411607695062,0.3589568196577624,0.4222680412371134,TRAINING_REFERENCE
2020-03-11,6.2091,NORMAL,False,0.6205855263675155,0,VOLATILITY_ACCELERATION,0.33986660652835715,0.6205855263675155,0.42225319172793796,0.2095006090134,0.3827893960603169,0.6523711340206185,TRAINING_REFERENCE
2020-03-12,6.3159,NORMAL,False,0.855100430780975,0,VOLATILITY_ACCELERATION,0.7187831519840492,0.855100430780975,0.423534688516186,0.43001401169251247,0.42961691580725375,0.8350515463917526,TRAINING_REFERENCE
2020-03-13,6.3321,NORMAL,False,0.6837338923151648,0,VOLATILITY_ACCELERATION,0.012005921617754,0.6837338923151648,0.48312428916975,0.0641238778321325,0.39266460827883526,0.7179381443298969,TRAINING_REFERENCE
2020-03-16,6.4315,NORMAL,False,0.7314148145775654,0,VOLATILITY_ACCELERATION,0.5138962767867816,0.7314148145775654,0.31556858410623795,0.3924448445223525,0.4224970511210022,0.8197938144329897,TRAINING_REFERENCE
2020-03-17,6.3974,NORMAL,False,0.952756245420448,0,VOLATILITY_ACCELERATION,0.2960696447001229,0.952756245420448,0.166918234384104,0.13255072689108,0.40661360118127704,0.7719587628865979,TRAINING_REFERENCE
2020-03-18,6.4752,NORMAL,False,0.940605162835415,0,VOLATILITY_ACCELERATION,0.3210778127993867,0.940605162835415,0.107645730212888,0.30402976209085,0.4106909195197892,0.7822680412371134,TRAINING_REFERENCE
2020-03-19,6.5439,NORMAL,False,0.8104798210135324,0,VOLATILITY_ACCELERATION,0.2429865665171074,0.8104798210135324,0.0,0.2652427724240175,0.3979413881744079,0.7389690721649484,TRAINING_REFERENCE
2020-03-20,6.5525,NORMAL,False,0.8286149544849742,0,VOLATILITY_ACCELERATION,0.07110751715482935,0.8286149544849742,0.0,0.032855025290727494,0.3906823755696475,0.7105154639175257,TRAINING_REFERENCE
2020-03-23,6.5617,NORMAL,False,0.6966474441091587,0,VOLATILITY_ACCELERATION,0.07177965779500055,0.6966474441091587,0.0,0.03510110644792,0.3761847670685392,0.6004123711340206,TRAINING_REFERENCE
2020-03-24,6.4203,ANOMALOUS,True,1.120751022794922,1,VOLATILITY_ACCELERATION,0.8027302256006006,1.120751022794922,0.32494529105064596,0.5387323407043875,0.4672858925070719,0.8890721649484536,TRAINING_REFERENCE
2020-03-25,6.417,NORMAL,False,0.9895485685766766,0,VOLATILITY_ACCELERATION,0.0717639171161529,0.9895485685766766,0.441044241583736,0.012849866828652499,0.4134198787700757,0.7905154639175258,TRAINING_REFERENCE
2020-03-26,6.3979,NORMAL,False,0.8051148384841768,0,VOLATILITY_ACCELERATION,0.13172438083691443,0.8051148384841768,0.4992608622765439,0.074411718871745,0.4070900693715471,0.7727835051546392,TRAINING_REFERENCE
2020-03-27,6.455,NORMAL,False,0.9252707492850686,0,VOLATILITY_ACCELERATION,0.19212649384914982,0.9252707492850686,0.32522059832055594,0.22312008627831,0.4099586898438648,0.7793814432989691,TRAINING_REFERENCE
2020-03-30,6.5773,ANOMALOUS,True,1.157577964144785,1,VOLATILITY_ACCELERATION,0.44430779574900786,1.157577964144785,0.0,0.4736638264910925,0.4394413690485023,0.8527835051546392,TRAINING_REFERENCE
2020-03-31,6.6143,NORMAL,False,0.6617978495730052,0,VOLATILITY_ACCELERATION,0.0606703558447385,0.6617978495730052,0.43098587256350995,0.1406352150578475,0.3882982847831276,0.6956701030927835,TRAINING_REFERENCE
2020-04-01,6.703,NORMAL,False,0.63531740421717,0,VOLATILITY_ACCELERATION,0.2498869936166249,0.63531740421717,0.441044241583736,0.335258455165325,0.4179131667156844,0.8045360824742268,TRAINING_REFERENCE
2020-04-02,6.6153,NORMAL,False,0.9064378518261412,0,VOLATILITY_ACCELERATION,0.4821690105116912,0.9064378518261412,0.2375869849082,0.32709234671042753,0.4283384652901838,0.8321649484536082,TRAINING_REFERENCE
2020-04-03,6.731,NORMAL,False,0.93668681108081,0,VOLATILITY_ACCELERATION,0.33059149226141715,0.93668681108081,0.32522059832055594,0.437243964748385,0.4400792511897908,0.8552577319587629,TRAINING_REFERENCE
2020-04-06,6.7815,NORMAL,False,0.838611820605954,0,VOLATILITY_ACCELERATION,0.05854019306581295,0.838611820605954,0.0,0.187564997771505,0.39619549968087087,0.7319587628865979,TRAINING_REFERENCE
2020-04-07,6.754,NORMAL,False,0.8949698678431648,0,VOLATILITY_ACCELERATION,0.21667692098198466,0.8949698678431648,0.08110300081103,0.1013787510137875,0.4033055737580803,0.7624742268041237,TRAINING_REFERENCE
2020-04-08,6.7737,NORMAL,False,0.820430215959969,0,VOLATILITY_ACCELERATION,0.041661646561922575,0.820430215959969,0.023003760230038,0.07291975125851499,0.3838245371263472,0.6630927835051547,TRAINING_REFERENCE
2020-04-09,6.6746,NORMAL,False,0.8213905935041546,0,VOLATILITY_ACCELERATION,0.4493244106087286,0.8213905935041546,0.05359560578434999,0.3657528381829725,0.4109340895463636,0.7826804123711341,TRAINING_REFERENCE
2020-04-10,6.7001,NORMAL,False,0.5950776172719396,0,VOLATILITY_ACCELERATION,0.0227573622842771,0.5950776172719396,0.24006488240064996,0.09551134150361,0.37647910391151457,0.603298969072165,TRAINING_REFERENCE
2020-04-13,6.7721,NORMAL,False,0.6462903383930712,0,VOLATILITY_ACCELERATION,0.17928334980590033,0.6462903383930712,0.027722480277223998,0.26865270667602,0.38093632983337866,0.6416494845360825,TRAINING_REFERENCE
2020-04-14,6.8155,NORMAL,False,0.651703622883044,0,VOLATILITY_ACCELERATION,0.08802084990184708,0.651703622883044,0.08110300081103,0.1602161810959675,0.37545379268097245,0.5929896907216495,TRAINING_REFERENCE
2020-04-15,6.9118,NORMAL,False,0.7393477070111228,0,VOLATILITY_ACCELERATION,0.2579061794154303,0.7393477070111228,0.023003760230038,0.35323894064999,0.4017948834416132,0.7550515463917525,TRAINING_REFERENCE
2020-04-16,6.9397,NORMAL,False,0.315269483152694,0,DRAWDOWN_SHIFT,0.016745539799285676,0.29661723860180184,0.315269483152694,0.1009143783095575,0.3944658824659243,0.7241237113402061,TRAINING_REFERENCE
2020-04-17,6.9317,NORMAL,False,0.3905669914493255,0,VOLATILITY_ACCELERATION,0.09841779300873922,0.3905669914493255,0.21700913071109598,0.028819689611939998,0.3810876321203242,0.643298969072165,TRAINING_REFERENCE
2020-04-20,6.9402,NORMAL,False,0.38785972742271857,0,VOLATILITY_ACCELERATION,0.038888589342509,0.38785972742271857,0.027722480277223998,0.030656260369025,0.36844183503479494,0.5245360824742268,TRAINING_REFERENCE
2020-04-21,6.9812,NORMAL,False,0.3860786614327682,0,VOLATILITY_ACCELERATION,0.07206569699301008,0.3860786614327682,0.0,0.1476902682919825,0.36896487146741114,0.5298969072164949,TRAINING_REFERENCE
2020-04-22,6.9787,NORMAL,False,0.1962038618440981,0,VOLATILITY_ACCELERATION,0.12929671128738837,0.1962038618440981,0.007162092476938,0.0089526155961725,0.36498068238867537,0.48989690721649487,TRAINING_REFERENCE
2020-04-23,6.9462,NORMAL,False,0.25179195100535257,0,VOLATILITY_ACCELERATION,0.250680944457877,0.25179195100535257,0.100269294677132,0.1164256953300725,0.3746366954224759,0.582680412371134,TRAINING_REFERENCE
2020-04-24,6.9742,NORMAL,False,0.26726230418761315,0,VOLATILITY_ACCELERATION,0.003538802007045975,0.26726230418761315,0.0030018927541259994,0.10077452420027999,0.3579675157208408,0.408659793814433,TRAINING_REFERENCE
2020-04-27,6.9861,NORMAL,False,0.26778547688961674,0,VOLATILITY_ACCELERATION,0.062101650011602075,0.26778547688961674,0.0,0.042657222333745,0.35574706898722597,0.37402061855670105,TRAINING_REFERENCE
2020-04-28,6.9868,NORMAL,False,0.209110958097932,0,VOLATILITY_ACCELERATION,0.09046494212564345,0.209110958097932,0.0,0.002504974162975,0.35787107712961475,0.4074226804123711,TRAINING_REFERENCE
2020-04-29,6.952,NORMAL,False,0.25727086853626396,0,VOLATILITY_ACCELERATION,0.2377148009498288,0.25727086853626396,0.092454327057038,0.12452052441747001,0.37026089953244445,0.5447422680412372,TRAINING_REFERENCE
2020-04-30,6.9864,NORMAL,False,0.25501227177579,0,VOLATILITY_ACCELERATION,0.09753761305834703,0.25501227177579,0.09912427836064999,0.12370540851553251,0.35736021256951156,0.3987628865979381,TRAINING_REFERENCE
2020-05-01,7.012,NORMAL,False,0.250964087914918,0,VOLATILITY_ACCELERATION,0.0318452893757445,0.250964087914918,0.020053858935425998,0.091606549868315,0.35232617959248824,0.31958762886597936,TRAINING_REFERENCE
2020-05-04,7.043,NORMAL,False,0.270024724876543,0,VOLATILITY_ACCELERATION,0.09445509843897235,0.270024724876543,0.0,0.11052481460354,0.3534419692796443,0.33484536082474226,TRAINING_REFERENCE
2020-05-05,7.0746,NORMAL,False,0.27384879015607827,0,VOLATILITY_ACCELERATION,0.1050256948568651,0.27384879015607827,0.0,0.11216811018032,0.3554373590730307,0.368659793814433,TRAINING_REFERENCE
2020-05-06,7.1968,NORMAL,False,0.623470914395404,0,LOCAL_RETURN_SHOCK,0.623470914395404,0.3654660950973019,0.099616419533976,0.431826534362365,0.40888096914763655,0.7744329896907216,TRAINING_REFERENCE
2020-05-07,7.1195,NORMAL,False,0.6125674792283563,0,VOLATILITY_ACCELERATION,0.5029162610823749,0.6125674792283563,0.213672680437628,0.2685221209426375,0.40322729940125523,0.7616494845360825,TRAINING_REFERENCE
2020-05-08,7.084,NORMAL,False,0.6545311122107683,0,VOLATILITY_ACCELERATION,0.3233603104790499,0.6545311122107683,0.31347265451311596,0.12465763045158,0.38931945651444794,0.7018556701030928,TRAINING_REFERENCE
2020-05-11,7.0762,NORMAL,False,0.653461305203602,0,VOLATILITY_ACCELERATION,0.14757965641461826,0.653461305203602,0.33514895509115,0.02752682100508,0.3780137296758325,0.6169072164948454,TRAINING_REFERENCE
2020-05-12,6.9971,NORMAL,False,0.6965128022991388,0,VOLATILITY_ACCELERATION,0.5228670574564547,0.6965128022991388,0.5549688750555779,0.2794579011333775,0.42489082362158326,0.8251546391752578,TRAINING_REFERENCE
2020-05-13,6.9748,NORMAL,False,0.6169408626056,0,DRAWDOWN_SHIFT,0.1620749248915262,0.2699010044400033,0.6169408626056,0.07967586571579251,0.40899593986027205,0.7748453608247423,TRAINING_REFERENCE
2020-05-14,6.922,NORMAL,False,0.5488550466874179,0,DRAWDOWN_SHIFT,0.31630048895894686,0.23105588567969354,0.5488550466874179,0.189252738429775,0.42034612450307973,0.8131958762886597,TRAINING_REFERENCE
2020-05-15,6.9012,NORMAL,False,0.508003557136504,0,DRAWDOWN_SHIFT,0.11073119512766,0.2408133243378962,0.508003557136504,0.07512279687951,0.40124190912639496,0.7534020618556702,TRAINING_REFERENCE
2020-05-18,6.8851,NORMAL,False,0.531069364161848,0,DRAWDOWN_SHIFT,0.0811565874155255,0.2237962073732542,0.531069364161848,0.05832319016982499,0.4060248462769221,0.7690721649484537,TRAINING_REFERENCE
2020-05-19,6.7775,NORMAL,False,0.6102712316585139,0,DRAWDOWN_SHIFT,0.5795883657817283,0.31716735824663356,0.6102712316585139,0.39069875528315,0.4544933371431333,0.8758762886597938,TRAINING_REFERENCE
2020-05-20,6.7912,NORMAL,False,0.5102267674522,0,DRAWDOWN_SHIFT,0.1202710738882493,0.3802362044407569,0.5102267674522,0.05053485798598249,0.40642433334094763,0.7703092783505154,TRAINING_REFERENCE
2020-05-21,6.7916,NORMAL,False,0.3943298275715696,0,VOLATILITY_ACCELERATION,0.04799835469412703,0.3943298275715696,0.36238328145842397,0.0014724938155241671,0.38760011761731883,0.6911340206185567,TRAINING_REFERENCE
2020-05-22,6.8147,NORMAL,False,0.4367533303410417,0,VOLATILITY_ACCELERATION,0.15570705123528591,0.4367533303410417,0.24038461538461198,0.08503150951175,0.3812107625228724,0.6441237113402062,TRAINING_REFERENCE
2020-05-25,6.81,NORMAL,False,0.44683182403222566,0,VOLATILITY_ACCELERATION,0.015328710259535624,0.44683182403222566,0.20870386838594998,0.017242138318637502,0.37561721837579537,0.5942268041237113,TRAINING_REFERENCE
2020-05-26,6.7275,NORMAL,False,0.3785079314587729,0,LOCAL_RETURN_SHOCK,0.3785079314587729,0.3568309060037031,0.138950644730992,0.302863436123345,0.4050211365627601,0.7657731958762887,TRAINING_REFERENCE
2020-05-27,6.7739,NORMAL,False,0.4151595517673884,0,VOLATILITY_ACCELERATION,0.2895235262279441,0.4151595517673884,0.048076923076922004,0.1724266072092125,0.37917594305209523,0.6272164948453608,TRAINING_REFERENCE
2020-05-28,6.8138,NORMAL,False,0.4476959057174774,0,VOLATILITY_ACCELERATION,0.2303471244156888,0.4476959057174774,0.06169408626056,0.14725638110984252,0.36817239769486554,0.5216494845360825,TRAINING_REFERENCE
2020-05-29,6.8202,NORMAL,False,0.44076883410255213,0,VOLATILITY_ACCELERATION,0.0691372200696096,0.44076883410255213,0.015284570920408,0.023481757609555,0.3592198343058338,0.4268041237113402,TRAINING_REFERENCE
2020-06-01,6.8142,NORMAL,False,0.44304883862930544,0,VOLATILITY_ACCELERATION,0.015412628073767474,0.44304883862930544,0.011671854157404,0.0219934899269825,0.3586474952998176,0.41896907216494844,TRAINING_REFERENCE
2020-06-02,6.7145,NORMAL,False,0.4884740827715076,0,VOLATILITY_ACCELERATION,0.4264136032132241,0.4884740827715076,0.036127167630054,0.3657802823515575,0.4141264045159112,0.7929896907216495,TRAINING_REFERENCE
2020-06-03,6.744,NORMAL,False,0.4640362139223783,0,VOLATILITY_ACCELERATION,0.21760713181787142,0.4640362139223783,0.083092485549132,0.1098369200982925,0.375143483796489,0.5884536082474227,TRAINING_REFERENCE
2020-06-04,6.7558,NORMAL,False,0.43801600711143834,0,VOLATILITY_ACCELERATION,0.18420411620683405,0.43801600711143834,0.16118274788794798,0.04374258600237,0.37116705629974656,0.5505154639175258,TRAINING_REFERENCE
2020-06-05,6.77,NORMAL,False,0.44504553136634045,0,VOLATILITY_ACCELERATION,0.1782428777154339,0.44504553136634045,0.139506447309914,0.052547440717602506,0.368427453676674,0.5241237113402062,TRAINING_REFERENCE
2020-06-08,6.7876,NORMAL,False,0.469768117040263,0,VOLATILITY_ACCELERATION,0.18215794928870413,0.469768117040263,0.07392174299688399,0.0649926144756275,0.365309033743164,0.49402061855670104,TRAINING_REFERENCE
2020-06-09,6.7973,NORMAL,False,0.23010226767452,0,DRAWDOWN_SHIFT,0.12952126851618515,0.07046217159108595,0.23010226767452,0.035726913783955,0.3904210022588397,0.708041237113402,TRAINING_REFERENCE
2020-06-10,6.7768,NORMAL,False,0.1390099151534826,0,VOLATILITY_ACCELERATION,0.0618910002431307,0.1390099151534826,0.091151622943528,0.075397584334955,0.37400877594101173,0.5777319587628866,TRAINING_REFERENCE
2020-06-11,6.8414,NORMAL,False,0.4269667817810228,0,LOCAL_RETURN_SHOCK,0.4269667817810228,0.27638924127266074,0.237883503779458,0.2383130681147475,0.388079235694994,0.694020618556701,TRAINING_REFERENCE
2020-06-12,6.8126,NORMAL,False,0.33282680609897375,0,VOLATILITY_ACCELERATION,0.1363587072884545,0.33282680609897375,0.11838594931080398,0.1052416172128525,0.36325988570258194,0.471340206185567,TRAINING_REFERENCE
2020-06-15,6.8363,NORMAL,False,0.33665281257379426,0,VOLATILITY_ACCELERATION,0.15282472047253864,0.33665281257379426,0.135337927967982,0.086971200422745,0.36001487698030216,0.4395876288659794,TRAINING_REFERENCE
2020-06-16,6.8439,NORMAL,False,0.36056960291209383,0,VOLATILITY_ACCELERATION,0.053456719592747,0.36056960291209383,0.12950200088928399,0.0277928119011725,0.35583486656740854,0.3756701030927835,TRAINING_REFERENCE
2020-06-17,6.8448,NORMAL,False,0.33005824399303185,0,VOLATILITY_ACCELERATION,0.016236003474670524,0.33005824399303185,0.18897287683414998,0.00328759917591,0.3605814979563594,0.4470103092783505,TRAINING_REFERENCE
2020-06-18,6.8562,NORMAL,False,0.18812953239560284,0,VOLATILITY_ACCELERATION,0.05499819246426465,0.18812953239560284,0.041129390840372,0.0416374474053275,0.3589029116223491,0.4218556701030928,TRAINING_REFERENCE
2020-06-19,6.8531,NORMAL,False,0.11255002223210599,0,DRAWDOWN_SHIFT,0.04114407476265345,0.1008233309277905,0.11255002223210599,0.0113036375835,0.36627469433782756,0.5043298969072165,TRAINING_REFERENCE
2020-06-22,6.8483,NORMAL,False,0.07051272499444325,0,VOLATILITY_ACCELERATION,0.04386977573339005,0.07051272499444325,0.033348154735438,0.017510323795069997,0.36962952430364215,0.537319587628866,TRAINING_REFERENCE
2020-06-23,6.8511,NORMAL,False,0.0647292972859368,0,VOLATILITY_ACCELERATION,0.004973780509762825,0.0647292972859368,0.020008892841261998,0.010221514828495,0.36670829379005887,0.5084536082474227,TRAINING_REFERENCE
2020-06-24,6.8558,NORMAL,False,0.0681087303334164,0,VOLATILITY_ACCELERATION,0.012106252635664574,0.0681087303334164,0.030569141840816,0.017150530571735,0.36648735035979785,0.5055670103092783,TRAINING_REFERENCE
2020-06-25,6.8549,NORMAL,False,0.0430721219780566,0,VOLATILITY_ACCELERATION,0.0397944637855629,0.0430721219780566,0.003612716763008,0.00328189270399,0.371103944627044,0.5501030927835051,TRAINING_REFERENCE
2020-06-26,6.8546,NORMAL,False,0.0419901959921586,0,VOLATILITY_ACCELERATION,0.01968019856461705,0.0419901959921586,0.004168519341924,0.0010941078644466362,0.3713435761985406,0.5529896907216495,TRAINING_REFERENCE
2020-06-29,6.8548,NORMAL,False,0.02751015938045985,0,VOLATILITY_ACCELERATION,0.01290080221070955,0.02751015938045985,0.018063583815027998,0.000729437166285818,0.3753656342190688,0.5921649484536082,TRAINING_REFERENCE
2020-06-30,6.8525,NORMAL,False,0.03576258960782808,0,LOCAL_RETURN_SHOCK,0.03576258960782808,0.0308189900416124,0.003890618052468,0.0083882826632425,0.37529375459039277,0.591340206185567,TRAINING_REFERENCE
2020-07-01,6.8479,NORMAL,False,0.15061594066429265,0,LOCAL_RETURN_SHOCK,0.15061594066429265,0.0225464329418746,0.021954201867496,0.01678219627873,0.38156526828242054,0.6461855670103093,TRAINING_REFERENCE
2020-07-02,6.851,NORMAL,False,0.0353900629080488,0,VOLATILITY_ACCELERATION,0.02903860316664785,0.0353900629080488,0.010838150289016,0.0113173381620625,0.3737520999443984,0.5731958762886598,TRAINING_REFERENCE
2020-07-03,6.8623,NORMAL,False,0.08735795232667552,0,LOCAL_RETURN_SHOCK,0.08735795232667552,0.075945643819031,0.021398399288576,0.041234856225367496,0.3670624558144344,0.5105154639175258,TRAINING_REFERENCE
2020-07-06,6.8609,NORMAL,False,0.0820177057911441,0,LOCAL_RETURN_SHOCK,0.0820177057911441,0.07962289048851315,0.016951978657179997,0.0051003307928825,0.36542433880120556,0.4960824742268041,TRAINING_REFERENCE
2020-07-07,6.8595,NORMAL,False,0.0789601479655922,0,VOLATILITY_ACCELERATION,0.0698636627724066,0.0789601479655922,0.019453090262336,0.0051013715401774995,0.3649353666815726,0.4890721649484536,TRAINING_REFERENCE
2020-07-08,6.8605,NORMAL,False,0.07096617015253025,0,VOLATILITY_ACCELERATION,0.029419068263186725,0.07096617015253025,0.035015562472212,0.0036445805087824998,0.36766720739426034,0.5171134020618556,TRAINING_REFERENCE
2020-07-09,6.8619,NORMAL,False,0.0714368227730621,0,VOLATILITY_ACCELERATION,0.040730239582965,0.0714368227730621,0.030291240551353998,0.005101668974565,0.3686136642701962,0.5274226804123712,TRAINING_REFERENCE
2020-07-10,6.8658,NORMAL,False,0.0734834641833018,0,LOCAL_RETURN_SHOCK,0.0734834641833018,0.0300356199349321,0.009726545131168,0.014208892580767499,0.38103916289365836,0.6428865979381443,TRAINING_REFERENCE
2020-07-13,6.8602,NORMAL,False,0.3060971271102695,0,LOCAL_RETURN_SHOCK,0.3060971271102695,0.0485908806996944,0.0019453090262340489,0.02039092312622,0.3862639495137037,0.6824742268041237,TRAINING_REFERENCE
2020-07-14,6.8642,NORMAL,False,0.14519087461121094,0,LOCAL_RETURN_SHOCK,0.14519087461121094,0.0535726129094746,0.013061360604714,0.0145768344946225,0.37715435851003065,0.6119587628865979,TRAINING_REFERENCE
2020-07-15,6.8558,NORMAL,False,0.5078690515467664,0,LOCAL_RETURN_SHOCK,0.5078690515467664,0.0783211658243769,0.013061360604714,0.030593514174995,0.39282241790500594,0.7187628865979382,TRAINING_REFERENCE
2020-07-16,6.8572,NORMAL,False,0.07877966790684035,0,VOLATILITY_ACCELERATION,0.041668639755542726,0.07877966790684035,0.013061360604711999,0.0051051664284199995,0.3727542104283373,0.565360824742268,TRAINING_REFERENCE
2020-07-17,6.8587,NORMAL,False,0.08214635766613845,0,LOCAL_RETURN_SHOCK,0.08214635766613845,0.0733529899891862,0.019730991551803998,0.0054687044274625,0.37479652393391605,0.5843298969072165,TRAINING_REFERENCE
2020-07-20,6.8578,NORMAL,False,0.06780046103646355,0,LOCAL_RETURN_SHOCK,0.06780046103646355,0.0659793732598306,0.006669630947086,0.0032805050519774995,0.3743036656586533,0.5793814432989691,TRAINING_REFERENCE
2020-07-21,6.8254,ANOMALOUS,True,1.9566669327595676,1,LOCAL_RETURN_SHOCK,1.9566669327595676,0.1981885750191207,0.10782570031125199,0.11811368077225749,0.45086862376090975,0.8709278350515464,TRAINING_REFERENCE
2020-07-22,6.8506,NORMAL,False,0.789382401152386,0,LOCAL_RETURN_SHOCK,0.789382401152386,0.2843569395433412,0.014450867052021999,0.0923022826501025,0.3828082055484,0.6527835051546391,TRAINING_REFERENCE
2020-07-23,6.8439,NORMAL,False,0.2878490275893239,0,VOLATILITY_ACCELERATION,0.15729356536824643,0.2878490275893239,0.036960871498441995,0.0244504131025025,0.36082819351152307,0.4503092783505155,TRAINING_REFERENCE
2020-07-24,6.8484,NORMAL,False,0.2919236950290156,0,VOLATILITY_ACCELERATION,0.12193008427318265,0.2919236950290156,0.028623832814582,0.016437995879539997,0.3571147821954659,0.3954639175257732,TRAINING_REFERENCE
2020-07-27,6.8625,NORMAL,False,0.34599669742207506,0,LOCAL_RETURN_SHOCK,0.34599669742207506,0.3111162286357563,0.013061360604711999,0.051471876642715,0.3588585582693193,0.4214432989690722,TRAINING_REFERENCE
2020-07-28,6.9355,ANOMALOUS,True,1.6627132159745455,1,LOCAL_RETURN_SHOCK,1.6627132159745455,0.4213497001151906,0.305969319697644,0.2659380692167575,0.4396314760261265,0.8540206185567011,TRAINING_REFERENCE
2020-07-29,6.983,NORMAL,False,0.578640369883236,0,DRAWDOWN_SHIFT,0.5484696349265178,0.4885282366989442,0.578640369883236,0.1712205320452725,0.3934521185105142,0.7216494845360825,TRAINING_REFERENCE
2020-07-30,6.9955,NORMAL,False,0.7308548136959799,0,DRAWDOWN_SHIFT,0.06416038439026903,0.44675453191018816,0.7308548136959799,0.044751539452957505,0.38720643640975544,0.6882474226804124,TRAINING_REFERENCE
2020-07-31,6.972,NORMAL,False,0.673699740545244,0,DRAWDOWN_SHIFT,0.3497453948217992,0.5684533720145941,0.673699740545244,0.08398256021728,0.39530485926410236,0.7274226804123711,TRAINING_REFERENCE
2020-08-03,6.9578,NORMAL,False,0.816691758738466,0,DRAWDOWN_SHIFT,0.21501678384648346,0.6292838182426339,0.816691758738466,0.050917957544464994,0.39381287153671957,0.7228865979381444,TRAINING_REFERENCE
2020-08-04,6.9008,NORMAL,False,0.6639519691879073,0,LOCAL_RETURN_SHOCK,0.6639519691879073,0.6141909590289105,0.45541059012751,0.20480611687602002,0.40357656358491684,0.7628865979381443,TRAINING_REFERENCE
2020-08-05,7.0476,ANOMALOUS,True,1.345083749577556,2,LOCAL_RETURN_SHOCK,1.345083749577556,1.0648789185444694,0.383453894234146,0.5318223974031975,0.47955060398363536,0.900618556701031,TRAINING_REFERENCE
2020-08-06,7.2389,ANOMALOUS,True,1.273990665925702,2,VOLATILITY_ACCELERATION,1.0575263285319347,1.273990665925702,0.24985883681535598,0.6785998070265025,0.502880683046218,0.9237113402061856,TRAINING_REFERENCE
2020-08-07,7.2941,ANOMALOUS,True,1.182817405023685,1,VOLATILITY_ACCELERATION,0.14670698734235402,1.182817405023685,0.294508351940304,0.1906366989459725,0.4481255077501928,0.8676288659793815,TRAINING_REFERENCE
2020-08-10,7.3329,ANOMALOUS,True,1.0982764424044444,1,VOLATILITY_ACCELERATION,0.06690867409888697,1.0982764424044444,0.112332251932942,0.1329841927036925,0.4317670908665134,0.8371134020618557,TRAINING_REFERENCE
2020-08-11,7.2025,ANOMALOUS,True,1.3497909959973524,1,VOLATILITY_ACCELERATION,0.6301970919262367,1.3497909959973524,0.084911900517608,0.4445717246928225,0.48857419311198474,0.911340206185567,TRAINING_REFERENCE
2020-08-12,7.3282,ANOMALOUS,True,1.237025902000484,1,VOLATILITY_ACCELERATION,0.3895518644404686,1.237025902000484,0.01281893930096,0.436306837903505,0.45380567157611584,0.8750515463917525,TRAINING_REFERENCE
2020-08-13,7.3354,NORMAL,False,0.954548230920946,0,VOLATILITY_ACCELERATION,0.05923519234472877,0.954548230920946,0.0,0.0245626483993325,0.3920441827420753,0.7138144329896907,TRAINING_REFERENCE
2020-08-14,7.3664,NORMAL,False,0.9365374123466255,0,VOLATILITY_ACCELERATION,0.0197723158818907,0.9365374123466255,0.0,0.10565204351500751,0.3896779899127847,0.7039175257731959,TRAINING_REFERENCE
2020-08-17,7.3787,NORMAL,False,0.9275589127830222,0,VOLATILITY_ACCELERATION,0.04837809485099985,0.9275589127830222,0.0,0.041743592528235,0.38574342499852193,0.6771134020618557,TRAINING_REFERENCE
2020-08-18,7.3696,NORMAL,False,0.5664694224638722,0,VOLATILITY_ACCELERATION,0.12276061507966445,0.5664694224638722,0.330991788254402,0.03083198937482,0.3770627456806757,0.6103092783505155,TRAINING_REFERENCE
2020-08-19,7.2905,NORMAL,False,0.42991652189138924,0,VOLATILITY_ACCELERATION,0.36730072936800373,0.42991652189138924,0.22624756292842998,0.2683320668693025,0.3859455446193506,0.6787628865979382,TRAINING_REFERENCE
2020-08-20,7.2938,NORMAL,False,0.4285772459588607,0,VOLATILITY_ACCELERATION,0.06480450257052554,0.4285772459588607,0.23012183717999,0.0113160962896925,0.36403300892062423,0.4808247422680412,TRAINING_REFERENCE
2020-08-21,7.3365,NORMAL,False,0.4575001920775099,0,VOLATILITY_ACCELERATION,0.06253037941852685,0.4575001920775099,0.11438329244989,0.1463571800707425,0.36480984350620094,0.48701030927835054,TRAINING_REFERENCE
2020-08-24,7.3768,NORMAL,False,0.5005074793777059,0,VOLATILITY_ACCELERATION,0.047689424571091425,0.5005074793777059,0.005149958664804,0.1373270633135675,0.35917107970603296,0.42597938144329894,TRAINING_REFERENCE
2020-08-25,7.3893,NORMAL,False,0.5265237645318435,0,VOLATILITY_ACCELERATION,0.04728718930954405,0.5265237645318435,0.024665591499855997,0.0423625420236425,0.3576548212069459,0.4045360824742268,TRAINING_REFERENCE
2020-08-26,7.3662,NORMAL,False,0.2913336144597372,0,VOLATILITY_ACCELERATION,0.1537031004646728,0.2913336144597372,0.17654366515415998,0.0781535463440375,0.36399518539319287,0.4795876288659794,TRAINING_REFERENCE
2020-08-27,7.3587,NORMAL,False,0.30744680140367003,0,VOLATILITY_ACCELERATION,0.09011962845681568,0.30744680140367003,0.147299377677734,0.025454101164780002,0.3569907317236174,0.39257731958762887,TRAINING_REFERENCE
2020-08-28,7.3329,NORMAL,False,0.2903682311708519,0,VOLATILITY_ACCELERATION,0.14617329759537623,0.2903682311708519,0.03826986820132,0.0876513514615325,0.3591089565356503,0.42515463917525775,TRAINING_REFERENCE
2020-08-31,7.3466,NORMAL,False,0.1981844654241442,0,VOLATILITY_ACCELERATION,0.017021336198255375,0.1981844654241442,0.110422558353048,0.04670730543168,0.364182783071114,0.4824742268041237,TRAINING_REFERENCE
2020-09-01,7.3652,NORMAL,False,0.2154505464007439,0,VOLATILITY_ACCELERATION,0.005820205819306375,0.2154505464007439,0.065229453398836,0.0632945852503225,0.3614016403162385,0.4531958762886598,TRAINING_REFERENCE
2020-09-02,7.3822,NORMAL,False,0.20444828654838035,0,VOLATILITY_ACCELERATION,0.024922693336369626,0.20444828654838035,0.043305861177647995,0.0577037962309225,0.35470718587655936,0.3542268041237113,TRAINING_REFERENCE
2020-09-03,7.4335,NORMAL,False,0.29123374985434486,0,VOLATILITY_ACCELERATION,0.12591059413487438,0.29123374985434486,0.082822459502254,0.17372869876188748,0.3560307016790131,0.37938144329896906,TRAINING_REFERENCE
2020-09-04,7.4331,NORMAL,False,0.2030839538569612,0,VOLATILITY_ACCELERATION,0.049338972306085124,0.2030839538569612,0.15157695159760198,0.0013452613170122918,0.3548645169213671,0.3562886597938144,TRAINING_REFERENCE
2020-09-07,7.4542,NORMAL,False,0.1996941009923975,0,VOLATILITY_ACCELERATION,0.06712361846725727,0.1996941009923975,0.115572517017852,0.07096635320391499,0.35519726063322626,0.3628865979381443,TRAINING_REFERENCE
2020-09-08,7.4817,NORMAL,False,0.2002149365195152,0,VOLATILITY_ACCELERATION,0.1029649891908992,0.2002149365195152,0.065229453398836,0.092229883823885,0.3575032038586391,0.40164948453608246,TRAINING_REFERENCE
2020-09-09,7.4848,NORMAL,False,0.22246993032694726,0,VOLATILITY_ACCELERATION,0.0701258057954722,0.22246993032694726,0.019216975897582,0.0103586083376775,0.3500529390013744,0.28494845360824744,TRAINING_REFERENCE
2020-09-10,7.4481,NORMAL,False,0.38084766441423823,0,LOCAL_RETURN_SHOCK,0.38084766441423823,0.26254550703618196,0.09806541256947199,0.12258176571184,0.36839751703981694,0.5237113402061856,TRAINING_REFERENCE
2020-09-11,7.4724,NORMAL,False,0.27895302534646516,0,VOLATILITY_ACCELERATION,0.1505010259525735,0.27895302534646516,0.032057608817272,0.0815644258267175,0.3458413308084566,0.21278350515463917,TRAINING_REFERENCE
2020-09-14,7.484,NORMAL,False,0.27016419151144894,0,VOLATILITY_ACCELERATION,0.050567277988314174,0.27016419151144894,0.002137665669088,0.038809485573575,0.34105650973078455,0.10061855670103093,TRAINING_REFERENCE
2020-09-15,7.4854,NORMAL,False,0.2388341110055218,0,VOLATILITY_ACCELERATION,0.03229075423088515,0.2388341110055218,0.0,0.0046766435061449995,0.3405520158324886,0.08742268041237114,TRAINING_REFERENCE
2020-09-16,7.5054,NORMAL,False,0.25577810605507784,0,VOLATILITY_ACCELERATION,0.11551526164898494,0.25577810605507784,0.0,0.06679669757126751,0.34144537491515164,0.10639175257731959,TRAINING_REFERENCE
2020-09-17,7.5464,NORMAL,False,0.32733739970451414,0,LOCAL_RETURN_SHOCK,0.32733739970451414,0.1539278098965522,0.09806541256947199,0.13656833746369249,0.36255001236355433,0.462680412371134,TRAINING_REFERENCE
2020-09-18,7.5555,NORMAL,False,0.1577819775899969,0,VOLATILITY_ACCELERATION,0.0395815113441583,0.1577819775899969,0.033133817870881994,0.030146824976145,0.3462766071273775,0.21896907216494846,TRAINING_REFERENCE
2020-09-21,7.6321,NORMAL,False,0.7166381539996733,0,LOCAL_RETURN_SHOCK,0.7166381539996733,0.30787437216845154,0.002137665669088,0.253457746012835,0.3833796577479491,0.6581443298969072,TRAINING_REFERENCE
2020-09-22,7.6622,NORMAL,False,0.2641894212587437,0,VOLATILITY_ACCELERATION,0.1601728799217055,0.2641894212587437,0.0,0.0985967165000425,0.3564478679922855,0.3843298969072165,TRAINING_REFERENCE
2020-09-23,7.7009,NORMAL,False,0.2494650525656995,0,VOLATILITY_ACCELERATION,0.2290863457090637,0.2494650525656995,0.0,0.1262692177181425,0.36421892718167836,0.4828865979381443,TRAINING_REFERENCE
2020-09-24,7.6254,NORMAL,False,0.8867816630077103,0,LOCAL_RETURN_SHOCK,0.8867816630077103,0.5551044621775897,0.196080977548078,0.2451012219350975,0.4066389702373492,0.7723711340206185,TRAINING_REFERENCE
2020-09-25,7.6582,NORMAL,False,0.5570962190537422,0,VOLATILITY_ACCELERATION,0.14645551891522396,0.5570962190537422,0.11089612902387999,0.10753534240826501,0.35802823254713445,0.4090721649484536,TRAINING_REFERENCE
2020-09-28,7.8006,NORMAL,False,0.993253933960141,0,LOCAL_RETURN_SHOCK,0.993253933960141,0.7166584834251344,0.0,0.46486119453657493,0.42383111305769966,0.8230927835051547,TRAINING_REFERENCE
2020-09-29,7.8168,NORMAL,False,0.721398654423898,0,VOLATILITY_ACCELERATION,0.04256187875597992,0.721398654423898,0.0,0.05191908314745,0.37076633806253345,0.5472164948453608,TRAINING_REFERENCE
2020-09-30,7.7213,NORMAL,False,0.854024259286365,0,VOLATILITY_ACCELERATION,0.6881543611103831,0.854024259286365,0.244345512230066,0.3054318902875825,0.4098637661990947,0.7785567010309279,TRAINING_REFERENCE
2020-10-01,7.746,NORMAL,False,0.7541988226525296,0,VOLATILITY_ACCELERATION,0.03585122318405942,0.7541988226525296,0.014932681570185999,0.0799735795785675,0.3660840973833401,0.502680412371134,TRAINING_REFERENCE
2020-10-02,7.758,NORMAL,False,0.7543952946025962,0,VOLATILITY_ACCELERATION,0.02074761587730765,0.7543952946025962,0.039549065940809994,0.0387296669248625,0.3650565609044447,0.4915463917525773,TRAINING_REFERENCE
2020-10-05,7.7646,NORMAL,False,0.44117582693282664,0,VOLATILITY_ACCELERATION,0.0512946245986453,0.44117582693282664,0.13355848940742998,0.0212683681361175,0.35277638968645114,0.3249484536082474,TRAINING_REFERENCE
2020-10-06,7.7978,NORMAL,False,0.4634638450261311,0,VOLATILITY_ACCELERATION,0.08665602796195268,0.4634638450261311,0.048613243270901996,0.10689539705844249,0.34964842893822756,0.27835051546391754,TRAINING_REFERENCE
2020-10-07,7.8818,NORMAL,False,0.3392308569616361,0,LOCAL_RETURN_SHOCK,0.3392308569616361,0.2704403171869019,0.244345512230066,0.26930672753853496,0.37480208857228736,0.5847422680412371,TRAINING_REFERENCE
2020-10-08,7.9435,NORMAL,False,0.28721447124248645,0,VOLATILITY_ACCELERATION,0.19567689013727949,0.28721447124248645,0.18114829597789,0.19570402699890999,0.364609233670317,0.4849484536082474,TRAINING_REFERENCE
2020-10-09,7.8564,NORMAL,False,0.5595039875215597,0,VOLATILITY_ACCELERATION,0.5448717985784836,0.5595039875215597,0.068853602794482,0.2741234971989675,0.38253449959751784,0.6503092783505154,TRAINING_REFERENCE
2020-10-12,7.8888,NORMAL,False,0.5572039151137296,0,VOLATILITY_ACCELERATION,0.0548166254615646,0.5572039151137296,0.0041641769235319995,0.10310065678936749,0.355366267397096,0.3670103092783505,TRAINING_REFERENCE
2020-10-13,7.9191,NORMAL,False,0.5605826726664761,0,VOLATILITY_ACCELERATION,0.040599890707555174,0.5605826726664761,0.012820633483675998,0.09602220870094501,0.35597875735573103,0.3781443298969072,TRAINING_REFERENCE
2020-10-14,7.9106,NORMAL,False,0.4859599739189446,0,VOLATILITY_ACCELERATION,0.13534466742003604,0.4859599739189446,0.082835022345314,0.026833857382785,0.35295512491044084,0.3265979381443299,TRAINING_REFERENCE
2020-10-15,7.9324,NORMAL,False,0.42383789986394893,0,VOLATILITY_ACCELERATION,0.003362741190129475,0.42383789986394893,0.027947378359664,0.0688949005132375,0.34807232343015054,0.2511340206185567,TRAINING_REFERENCE
2020-10-16,7.9333,NORMAL,False,0.19361742305029397,0,DRAWDOWN_SHIFT,0.08294119867091422,0.15499718589926756,0.19361742305029397,0.0028364681559125,0.3587926028848397,0.4210309278350515,TRAINING_REFERENCE
2020-10-19,7.8766,NORMAL,False,0.33038646950743344,0,LOCAL_RETURN_SHOCK,0.33038646950743344,0.2841540181332152,0.030716938377288,0.17867722133286001,0.3653783779364952,0.49567010309278353,TRAINING_REFERENCE
2020-10-20,7.8627,NORMAL,False,0.241832446366074,0,VOLATILITY_ACCELERATION,0.11467937419767432,0.241832446366074,0.14200289544911,0.04411802046568,0.35391781732854416,0.34309278350515465,TRAINING_REFERENCE
2020-10-21,7.8122,NORMAL,False,0.2802817043506399,0,VOLATILITY_ACCELERATION,0.2630114832861696,0.2802817043506399,0.247749732485678,0.1605682526358625,0.375025065100224,0.5872164948453609,TRAINING_REFERENCE
2020-10-22,7.9378,NORMAL,False,0.6039932555632762,0,VOLATILITY_ACCELERATION,0.5112744758864167,0.6039932555632762,0.013596021904702,0.40193543432067497,0.38496936938592874,0.6705154639175258,TRAINING_REFERENCE
2020-10-23,7.9671,NORMAL,False,0.6147900870397573,0,VOLATILITY_ACCELERATION,0.0529173743487179,0.6147900870397573,0.025681374708879996,0.092279976819775,0.3547912671259297,0.3558762886597938,TRAINING_REFERENCE
2020-10-26,8.0834,NORMAL,False,0.627402924448554,0,VOLATILITY_ACCELERATION,0.40351284550430805,0.627402924448554,0.16843960470825198,0.364938308794915,0.3884166358200776,0.6960824742268041,TRAINING_REFERENCE
2020-10-27,8.1848,NORMAL,False,0.5992763665583175,0,VOLATILITY_ACCELERATION,0.36303784865350525,0.5992763665583175,0.203436772203688,0.3136056609842375,0.39474597161079217,0.7249484536082474,TRAINING_REFERENCE
2020-10-28,8.2566,NORMAL,False,0.3308356891119021,0,VOLATILITY_ACCELERATION,0.20712975582641086,0.3308356891119021,0.330584754830994,0.2193089629557275,0.40944131769616143,0.777319587628866,TRAINING_REFERENCE
2020-10-29,8.2883,NORMAL,False,0.36354610265013265,0,VOLATILITY_ACCELERATION,0.016155325476704226,0.36354610265013265,0.014351356454962,0.095983819005395,0.37714430171185287,0.6115463917525773,TRAINING_REFERENCE
2020-10-30,8.3456,NORMAL,False,0.3166750689724922,0,VOLATILITY_ACCELERATION,0.12335498354753098,0.3166750689724922,0.0,0.1728339949084825,0.3887196321393452,0.6989690721649484,TRAINING_REFERENCE
2020-11-02,8.44,NORMAL,False,0.2827837423312875,0,LARGE_ABSOLUTE_RETURN,0.2678641867141634,0.25221244950147126,0.0,0.2827837423312875,0.4050227777317144,0.7661855670103093,TRAINING_REFERENCE
2020-11-03,8.4112,NORMAL,False,0.44181142771482684,0,VOLATILITY_ACCELERATION,0.2613868710239735,0.44181142771482684,0.06824644549763,0.0853080568720375,0.3842875763668827,0.6655670103092783,TRAINING_REFERENCE
2020-11-04,8.4215,NORMAL,False,0.4562095290841539,0,VOLATILITY_ACCELERATION,0.08672857216943478,0.4562095290841539,0.043838862559239994,0.030613943313677502,0.3692808157874876,0.5336082474226804,TRAINING_REFERENCE
2020-11-05,8.416,NORMAL,False,0.486185686197644,0,VOLATILITY_ACCELERATION,0.13651875526105828,0.486185686197644,0.05687203791469,0.016327257614435,0.36643268406969476,0.5047422680412371,TRAINING_REFERENCE
2020-11-06,8.5193,NORMAL,False,0.573668545327943,0,VOLATILITY_ACCELERATION,0.3208969133956241,0.573668545327943,0.0,0.30685598859315,0.38961240878019915,0.7035051546391753,TRAINING_REFERENCE
2020-11-09,8.0525,ANOMALOUS,True,2.1661435201786916,4,LOCAL_RETURN_SHOCK,2.1661435201786916,1.3551581366234555,1.095864683718144,1.36983085464768,0.6112971359639079,0.9789690721649484,TRAINING_REFERENCE
2020-11-10,8.156,ANOMALOUS,True,1.43401689396904,1,VOLATILITY_ACCELERATION,0.19776150621441504,1.43401689396904,0.78464052878429,0.32132877988202246,0.5355193550616051,0.9505154639175257,TRAINING_REFERENCE
2020-11-11,7.793,ANOMALOUS,True,1.66123080278885,3,DRAWDOWN_SHIFT,0.766352100500615,1.4227510520300528,1.66123080278885,1.1126777832270724,0.6295388857611927,0.9843298969072165,TRAINING_REFERENCE
2020-11-12,7.6888,ANOMALOUS,True,1.892818664373054,2,DRAWDOWN_SHIFT,0.17525861552168945,1.3637437768956489,1.892818664373054,0.3342743487745425,0.6063331155319986,0.9777319587628865,TRAINING_REFERENCE
2020-11-13,7.6804,ANOMALOUS,True,1.9694106323289458,2,DRAWDOWN_SHIFT,0.004074237242447,1.247379069680595,1.9694106323289458,0.027312454479240002,0.5936171524512329,0.9740206185567011,TRAINING_REFERENCE
2020-11-16,7.7068,NORMAL,False,0.9667791738843894,0,VOLATILITY_ACCELERATION,0.06632876630412855,0.9667791738843894,0.81156902562417,0.0859330243216475,0.5293108484875212,0.9455670103092784,TRAINING_REFERENCE
2020-11-17,7.6995,ANOMALOUS,True,1.071684293310484,1,DRAWDOWN_SHIFT,0.000314787806041525,0.8526621584112762,1.071684293310484,0.02368038615249,0.5330183089595504,0.9484536082474226,TRAINING_REFERENCE
2020-11-18,7.716,NORMAL,False,0.2905198068094497,0,VOLATILITY_ACCELERATION,0.04108968333732557,0.2905198068094497,0.180766025377668,0.0535749074615225,0.44052169471951946,0.857319587628866,TRAINING_REFERENCE
2020-11-19,7.5499,NORMAL,False,0.538167444271645,0,LARGE_ABSOLUTE_RETURN,0.286678737829681,0.4314457899578955,0.326083128895566,0.538167444271645,0.4973967837059657,0.9191752577319587,TRAINING_REFERENCE
2020-11-20,7.619,NORMAL,False,0.4948168182689444,0,VOLATILITY_ACCELERATION,0.15508177256271188,0.4948168182689444,0.1441432981583,0.22881097762883998,0.4688631181211848,0.8898969072164948,TRAINING_REFERENCE
2020-11-23,7.8873,NORMAL,False,0.88036487728048,0,LARGE_ABSOLUTE_RETURN,0.499638227810137,0.8072106335703852,0.423743734813892,0.88036487728048,0.5211667472833678,0.9356701030927835,TRAINING_REFERENCE
2020-11-24,8.0054,NORMAL,False,0.804153999937426,0,VOLATILITY_ACCELERATION,0.1987457074734446,0.804153999937426,0.718134119000386,0.3743359578055875,0.49087032721494767,0.9138144329896907,TRAINING_REFERENCE
2020-11-25,7.9522,NORMAL,False,0.8394882415876282,0,VOLATILITY_ACCELERATION,0.07089890475059127,0.8394882415876282,0.554505651872804,0.16613785694656,0.4819124278363587,0.9035051546391752,TRAINING_REFERENCE
2020-11-26,7.8717,NORMAL,False,0.7554611294355159,0,DRAWDOWN_SHIFT,0.1048458904188811,0.7067955328326676,0.7554611294355159,0.2530746208596375,0.4873701831271287,0.9092783505154639,TRAINING_REFERENCE
2020-11-27,7.8137,NORMAL,False,0.7546911441631096,0,VOLATILITY_ACCELERATION,0.0618393728279415,0.7546911441631096,0.45707980702639994,0.184204174447705,0.48035879132150683,0.9018556701030928,TRAINING_REFERENCE
2020-11-30,7.8256,NORMAL,False,0.39355275189523564,0,VOLATILITY_ACCELERATION,0.057474623743144077,0.39355275189523564,0.14484758137405598,0.03807415181028,0.4205651146955371,0.814020618556701,TRAINING_REFERENCE
2020-12-01,7.8314,NORMAL,False,0.408484265139156,0,DRAWDOWN_SHIFT,0.05451778844448995,0.20076573123098,0.408484265139156,0.01852893068902,0.43481448497208713,0.8416494845360825,TRAINING_REFERENCE
2020-12-02,7.8616,NORMAL,False,0.23530573649709535,0,VOLATILITY_ACCELERATION,0.0910722571555536,0.23530573649709535,0.212693531158662,0.096406772735395,0.4191365637954546,0.8094845360824743,TRAINING_REFERENCE
2020-12-03,7.7718,NORMAL,False,0.2855652793324525,0,LARGE_ABSOLUTE_RETURN,0.10281203026404725,0.2504532042402106,0.234526310847136,0.2855652793324525,0.4392779978213446,0.8515463917525773,TRAINING_REFERENCE
2020-12-04,7.813,NORMAL,False,0.2545874771733819,0,VOLATILITY_ACCELERATION,0.11375081162164424,0.2545874771733819,0.001643327503433878,0.13253043053089,0.4174700047537409,0.8024742268041237,TRAINING_REFERENCE
2020-12-07,7.8097,NORMAL,False,0.2524738450753874,0,VOLATILITY_ACCELERATION,0.046989968530923826,0.2524738450753874,0.037327010435124,0.010559324203247499,0.40196892626972175,0.7558762886597938,TRAINING_REFERENCE
2020-12-08,7.8191,NORMAL,False,0.253360736360335,0,VOLATILITY_ACCELERATION,0.0416024212881007,0.253360736360335,0.028875611846041996,0.030090784537177503,0.4032766637248509,0.7620618556701031,TRAINING_REFERENCE
2020-12-09,7.8244,NORMAL,False,0.23974653159373974,0,VOLATILITY_ACCELERATION,0.04345638222487505,0.23974653159373974,0.087331118753886,0.0169456842859125,0.3954066243607324,0.7282474226804124,TRAINING_REFERENCE
2020-12-10,7.8903,NORMAL,False,0.27819187022408,0,DRAWDOWN_SHIFT,0.17477762124732862,0.1419824884187829,0.27819187022408,0.2105592761106275,0.4151141371337968,0.7967010309278351,TRAINING_REFERENCE
2020-12-11,7.8421,NORMAL,False,0.19798827284714335,0,VOLATILITY_ACCELERATION,0.16453727808448013,0.19798827284714335,0.06831547192844399,0.152719161502095,0.39796230584655834,0.739381443298969,TRAINING_REFERENCE
2020-12-14,7.8508,NORMAL,False,0.19727145918121455,0,VOLATILITY_ACCELERATION,0.00011573359436195,0.19727145918121455,0.09648680055872799,0.027734917942894996,0.3864992030401468,0.6849484536082474,TRAINING_REFERENCE
2020-12-15,7.8362,NORMAL,False,0.20342594620072435,0,VOLATILITY_ACCELERATION,0.062228829455995525,0.20342594620072435,0.04014414329816,0.046492077240532496,0.38584023205395807,0.6783505154639176,TRAINING_REFERENCE
2020-12-16,7.8026,NORMAL,False,0.2186441095431957,0,VOLATILITY_ACCELERATION,0.1141982569370363,0.2186441095431957,0.051177913678355995,0.10719481381281501,0.39268540730267115,0.7183505154639175,TRAINING_REFERENCE
2020-12-17,7.7027,NORMAL,False,0.44041177092014594,0,DRAWDOWN_SHIFT,0.2917296657501928,0.20018170582807934,0.44041177092014594,0.3200856124881425,0.44007935551044003,0.8556701030927835,TRAINING_REFERENCE
2020-12-18,7.6433,NORMAL,False,0.46670501097507994,0,DRAWDOWN_SHIFT,0.203699930944708,0.2053852606138687,0.46670501097507994,0.1927895413296625,0.43725278307721777,0.8470103092783505,TRAINING_REFERENCE
2020-12-21,7.6412,NORMAL,False,0.49205920674233394,0,DRAWDOWN_SHIFT,0.0113501618305277,0.1943622590467791,0.49205920674233394,0.006868760875535,0.4268455413079311,0.8284536082474226,TRAINING_REFERENCE
2020-12-22,7.6593,NORMAL,False,0.415292336224806,0,DRAWDOWN_SHIFT,0.14198775261436894,0.23326005435895275,0.415292336224806,0.0592184473642825,0.41987824862113127,0.8115463917525774,TRAINING_REFERENCE
2020-12-23,7.6405,NORMAL,False,0.380547697580786,0,DRAWDOWN_SHIFT,0.011310143163440475,0.2378732833656643,0.380547697580786,0.06136330996304999,0.4175931440071297,0.8028865979381443,TRAINING_REFERENCE
2020-12-24,7.5623,NORMAL,False,0.3603100196158253,0,LOCAL_RETURN_SHOCK,0.3603100196158253,0.2031492387602093,0.329604544974354,0.255873306720765,0.4430097893366678,0.8610309278350515,TRAINING_REFERENCE
2020-12-25,7.5863,NORMAL,False,0.22497588347412967,0,LOCAL_RETURN_SHOCK,0.22497588347412967,0.20913635153487875,0.13381381099386,0.07934094124803501,0.40951133340525037,0.7777319587628866,TRAINING_REFERENCE
2020-12-28,7.4382,NORMAL,False,0.7923706104996823,0,LOCAL_RETURN_SHOCK,0.7923706104996823,0.36519281750515603,0.476564975995682,0.4880508284671025,0.49719376804627374,0.9187628865979381,TRAINING_REFERENCE
2020-12-29,7.3954,NORMAL,False,0.6195344687943819,0,DRAWDOWN_SHIFT,0.11696004587917187,0.32702982172167294,0.6195344687943819,0.14385200720604252,0.46822542114264243,0.8894845360824742,TRAINING_REFERENCE
2020-12-30,7.3832,NORMAL,False,0.604040238047724,0,DRAWDOWN_SHIFT,0.0428966595155879,0.33358524364435327,0.604040238047724,0.0412418530437825,0.4630199291228057,0.8874226804123712,TRAINING_REFERENCE
2020-12-31,7.4349,NORMAL,False,0.394461144538139,0,VOLATILITY_ACCELERATION,0.3747476350724323,0.394461144538139,0.299085605624874,0.17505959475566,0.44653615858024537,0.8668041237113402,TRAINING_REFERENCE
2021-01-01,7.4299,NORMAL,False,0.3779344099057578,0,VOLATILITY_ACCELERATION,0.05574530545916748,0.3779344099057578,0.36716631648139797,0.01681260003497,0.42844576207871743,0.8329896907216495,TRAINING_REFERENCE
2021-01-04,7.4222,NORMAL,False,0.17912501025727434,0,VOLATILITY_ACCELERATION,0.05512080454116392,0.17912501025727434,0.037561771507045996,0.02590882784425,0.41381807876279714,0.7925773195876289,TRAINING_REFERENCE
2021-01-05,7.3866,NORMAL,False,0.1689824283389988,0,VOLATILITY_ACCELERATION,0.08641629096455895,0.1689824283389988,0.020658974328877998,0.1199105386543075,0.42113441092908094,0.8148453608247422,TRAINING_REFERENCE
2021-01-06,7.3059,NORMAL,False,0.3097225243684319,0,LOCAL_RETURN_SHOCK,0.3097225243684319,0.25234609350565446,0.181470308593428,0.27312972138737246,0.44952588421913026,0.8688659793814433,TRAINING_REFERENCE
2021-01-07,7.3481,NORMAL,False,0.34104276297677916,0,LOCAL_RETURN_SHOCK,0.34104276297677916,0.23590017037910355,0.203772610425738,0.14440383799394998,0.43642920317065,0.845360824742268,TRAINING_REFERENCE
2021-01-08,7.3732,NORMAL,False,0.26707449412532624,0,LOCAL_RETURN_SHOCK,0.26707449412532624,0.2559431697029065,0.133109527778106,0.085396224874455,0.42351252697393016,0.8218556701030928,TRAINING_REFERENCE
2021-01-11,7.4836,NORMAL,False,0.6774996622601467,0,LOCAL_RETURN_SHOCK,0.6774996622601467,0.3793740499258262,0.144143298158296,0.374328649704335,0.4517826745662504,0.8729896907216494,TRAINING_REFERENCE
2021-01-12,7.4544,NORMAL,False,0.37394317610965977,0,VOLATILITY_ACCELERATION,0.049664518503161524,0.37394317610965977,0.15916800676111598,0.09754663530921,0.4135384577051483,0.791340206185567,TRAINING_REFERENCE
2021-01-13,7.4028,NORMAL,False,0.32763318080232756,0,VOLATILITY_ACCELERATION,0.14376195743232623,0.32763318080232756,0.22748347868956398,0.17305215711525748,0.430090246427504,0.8362886597938144,TRAINING_REFERENCE
2021-01-14,7.3609,NORMAL,False,0.35031610373147193,0,VOLATILITY_ACCELERATION,0.09810468140431143,0.35031610373147193,0.030049417205638,0.1415005133192825,0.423262628285142,0.8214432989690722,TRAINING_REFERENCE
2021-01-15,7.4586,NORMAL,False,0.5192603739952973,0,LOCAL_RETURN_SHOCK,0.5192603739952973,0.4131255326469318,0.20048595541887398,0.331820837125895,0.45186724488526614,0.8734020618556702,TRAINING_REFERENCE
2021-01-18,7.4731,NORMAL,False,0.3204016741141975,0,VOLATILITY_ACCELERATION,0.09668596637291123,0.3204016741141975,0.024649912551502,0.048601614243957494,0.4054873337009002,0.7678350515463918,TRAINING_REFERENCE
2021-01-19,7.4647,NORMAL,False,0.31516667843935003,0,VOLATILITY_ACCELERATION,0.001348739241058825,0.31516667843935003,0.024180390407664,0.0281007881602,0.4027683708932548,0.76,TRAINING_REFERENCE
2021-01-20,7.4186,NORMAL,False,0.3102351905777667,0,VOLATILITY_ACCELERATION,0.15198790268398768,0.3102351905777667,0.037092249363206,0.154393344675605,0.4143696896553201,0.7934020618556701,TRAINING_REFERENCE
2021-01-21,7.3679,NORMAL,False,0.3197708882559243,0,VOLATILITY_ACCELERATION,0.16511955922593619,0.3197708882559243,0.016433275034333998,0.1708543390936275,0.41894394179651256,0.8078350515463918,TRAINING_REFERENCE
2021-01-22,7.4103,NORMAL,False,0.21935763989325538,0,LOCAL_RETURN_SHOCK,0.21935763989325538,0.21028101121207846,0.11338959773690199,0.1438673163316575,0.41606731416632897,0.7987628865979381,TRAINING_REFERENCE
2021-01-25,7.4046,NORMAL,False,0.20117926064018676,0,VOLATILITY_ACCELERATION,0.011494941323210075,0.20117926064018676,0.160811334264548,0.019229990688635,0.409999057256502,0.7802061855670103,TRAINING_REFERENCE
2021-01-26,7.3439,NORMAL,False,0.2916414273124043,0,LOCAL_RETURN_SHOCK,0.2916414273124043,0.22820096917161425,0.28359137487821595,0.2049401723253125,0.435728009503617,0.843298969072165,TRAINING_REFERENCE
2021-01-27,7.4139,NORMAL,False,0.3532335591866532,0,LOCAL_RETURN_SHOCK,0.3532335591866532,0.3033960166302948,0.01103377038019,0.23829300507904747,0.41962272945689977,0.8103092783505155,TRAINING_REFERENCE
2021-01-28,7.3342,NORMAL,False,0.37583719528262066,0,LOCAL_RETURN_SHOCK,0.37583719528262066,0.3409691824804372,0.079114481236722,0.26875193892553,0.43714557124061354,0.8465979381443299,TRAINING_REFERENCE
2021-01-29,7.3193,NORMAL,False,0.5517592380482259,0,DRAWDOWN_SHIFT,0.045798124338491224,0.3120491351124203,0.5517592380482259,0.050789452155652504,0.41777121074333395,0.8037113402061856,TRAINING_REFERENCE
2021-02-01,7.1865,NORMAL,False,0.5790358476983155,0,LOCAL_RETURN_SHOCK,0.5790358476983155,0.4805961765166255,0.23949079080037997,0.4535952891669975,0.4783755706296886,0.8989690721649485,TRAINING_REFERENCE
2021-02-02,7.2023,NORMAL,False,0.75298595642253,0,DRAWDOWN_SHIFT,0.1114498250248445,0.5093636561099202,0.75298595642253,0.05496416892784999,0.45170682311596233,0.8725773195876289,TRAINING_REFERENCE
2021-02-03,7.1645,NORMAL,False,0.49421695055167,0,DRAWDOWN_SHIFT,0.1185622898145699,0.4353591348119753,0.49421695055167,0.13120808630576,0.441720074535991,0.859381443298969,TRAINING_REFERENCE
2021-02-04,7.1358,NORMAL,False,0.609619923452116,0,DRAWDOWN_SHIFT,0.09303800843537152,0.42647337060493534,0.609619923452116,0.1001465559355175,0.4388942806711974,0.8494845360824742,TRAINING_REFERENCE
2021-02-05,7.0564,NORMAL,False,0.4258401348564909,0,VOLATILITY_ACCELERATION,0.2993597385931748,0.4258401348564909,0.319158593207062,0.278174836738695,0.4589169386068375,0.8808247422680412,TRAINING_REFERENCE
2021-02-08,7.0732,NORMAL,False,0.3128648078837907,0,VOLATILITY_ACCELERATION,0.13700455523366048,0.3128648078837907,0.048462904263507994,0.05952043534946751,0.41310441632097544,0.7884536082474227,TRAINING_REFERENCE
2021-02-09,7.0686,NORMAL,False,0.33402453343992794,0,DRAWDOWN_SHIFT,0.07287640049368803,0.2819374627734667,0.33402453343992794,0.01625855341288,0.4210425259151385,0.8144329896907216,TRAINING_REFERENCE
2021-02-10,7.0578,NORMAL,False,0.28200443270930875,0,VOLATILITY_ACCELERATION,0.03740593140839065,0.28200443270930875,0.266570065205984,0.038197097020625,0.4131442226129486,0.7888659793814433,TRAINING_REFERENCE
2021-02-11,7.0258,NORMAL,False,0.2963125425588117,0,VOLATILITY_ACCELERATION,0.07467472621545315,0.2963125425588117,0.274814500212352,0.1133497690498425,0.42220610935031766,0.8181443298969072,TRAINING_REFERENCE
2021-02-12,7.0357,NORMAL,False,0.1582391414912303,0,VOLATILITY_ACCELERATION,0.1277544301989559,0.1582391414912303,0.05171509231268799,0.03522730507558,0.4150581449472376,0.7962886597938145,TRAINING_REFERENCE
2021-02-15,6.9642,NORMAL,False,0.3139392879873263,0,VOLATILITY_ACCELERATION,0.2861204865763233,0.3139392879873263,0.272316186574064,0.25406142956635247,0.4438102803015306,0.8618556701030928,TRAINING_REFERENCE
2021-02-16,6.993,NORMAL,False,0.40392345336350644,0,VOLATILITY_ACCELERATION,0.2963845328024117,0.40392345336350644,0.07199395833983399,0.10338588782631249,0.4182292132404138,0.8057731958762887,TRAINING_REFERENCE
2021-02-17,6.966,NORMAL,False,0.4076709605690333,0,VOLATILITY_ACCELERATION,0.02345493896755435,0.4076709605690333,0.024525306943987996,0.096525096525095,0.41458866608599,0.794639175257732,TRAINING_REFERENCE
2021-02-18,6.9644,NORMAL,False,0.4092473928011588,0,VOLATILITY_ACCELERATION,0.10932544752362497,0.4092473928011588,0.100415730781794,0.00574217628481,0.4093421220616397,0.7764948453608247,TRAINING_REFERENCE
2021-02-19,6.9814,NORMAL,False,0.4222020314272458,0,VOLATILITY_ACCELERATION,0.19871276600218543,0.4222020314272458,0.118773309506012,0.061024639595657494,0.40998626118917847,0.7797938144329897,TRAINING_REFERENCE
2021-02-22,7.021,NORMAL,False,0.397779146187334,0,DRAWDOWN_SHIFT,0.3373203529010211,0.2774928717258852,0.397779146187334,0.1418053685507175,0.4228726889012364,0.8210309278350515,TRAINING_REFERENCE
2021-02-23,7.1052,NORMAL,False,0.5484373859663245,0,LOCAL_RETURN_SHOCK,0.5484373859663245,0.4299052228180787,0.42237577311210595,0.299814841190715,0.43233538047310893,0.8379381443298969,TRAINING_REFERENCE
2021-02-24,7.1692,NORMAL,False,0.51506279862616,0,DRAWDOWN_SHIFT,0.3650682174526871,0.34474037302636895,0.51506279862616,0.2251871868490675,0.4279399776777257,0.831340206185567,TRAINING_REFERENCE
2021-02-25,7.3527,NORMAL,False,0.98424647985501,0,DRAWDOWN_SHIFT,0.9408514937734093,0.5720690263769171,0.98424647985501,0.6398900853651676,0.5240869991493532,0.9385567010309278,TRAINING_REFERENCE
2021-02-26,7.4249,ANOMALOUS,True,1.124165114127474,1,DRAWDOWN_SHIFT,0.2638681882443127,0.4882375464903126,1.124165114127474,0.2454880520081075,0.4837536684897784,0.9059793814432989,TRAINING_REFERENCE
2021-03-01,7.296,NORMAL,False,0.953469830857917,0,VOLATILITY_ACCELERATION,0.4830223622174486,0.953469830857917,0.6970584134950519,0.434012579293995,0.5051964753175787,0.925360824742268,TRAINING_REFERENCE
2021-03-02,7.3601,NORMAL,False,0.9335566785002708,0,VOLATILITY_ACCELERATION,0.21483578417846252,0.9335566785002708,0.6461097803632319,0.2196408991228075,0.4712012152004751,0.8923711340206185,TRAINING_REFERENCE
2021-03-03,7.4455,NORMAL,False,0.9234452068264603,0,VOLATILITY_ACCELERATION,0.2767647879926391,0.9234452068264603,0.7003535987224819,0.290077580467655,0.47716090861346183,0.8977319587628866,TRAINING_REFERENCE
2021-03-04,7.5113,NORMAL,False,0.7220701723410532,0,VOLATILITY_ACCELERATION,0.1785873506191755,0.7220701723410532,0.49780581720809197,0.2209388221073125,0.4283556182612163,0.8325773195876288,TRAINING_REFERENCE
2021-03-05,7.532,NORMAL,False,0.700299088154056,0,VOLATILITY_ACCELERATION,0.0037534697254235,0.700299088154056,0.367529778582934,0.06889619639742749,0.40995657188268775,0.7789690721649485,TRAINING_REFERENCE
2021-03-08,7.7454,ANOMALOUS,True,1.274661622076062,1,DRAWDOWN_SHIFT,0.690203778830311,0.5239680061891325,1.274661622076062,0.7083112055230975,0.5334604654779541,0.9492783505154639,TRAINING_REFERENCE
2021-03-09,7.6072,NORMAL,False,0.8797111439845746,0,VOLATILITY_ACCELERATION,0.5271296334426672,0.8797111439845746,0.8430699330888559,0.446071216463965,0.4952151367746168,0.9154639175257732,TRAINING_REFERENCE
2021-03-10,7.5045,NORMAL,False,0.9630187872596357,0,VOLATILITY_ACCELERATION,0.3674925623631752,0.9630187872596357,0.5054136652236779,0.33750920180881,0.4589070157294491,0.8804123711340206,TRAINING_REFERENCE
2021-03-11,7.4759,NORMAL,False,0.9568979757323182,0,VOLATILITY_ACCELERATION,0.14131881324260245,0.9568979757323182,0.16898309276617798,0.0952761676327525,0.42826448680688206,0.8317525773195876,TRAINING_REFERENCE
2021-03-12,7.5668,NORMAL,False,0.996251916350003,0,VOLATILITY_ACCELERATION,0.1827401193207202,0.996251916350003,0.35096957619218,0.30397677871560247,0.4462254984318164,0.865979381443299,TRAINING_REFERENCE
2021-03-15,7.5327,NORMAL,False,0.6003487977892852,0,VOLATILITY_ACCELERATION,0.1653568405734482,0.6003487977892852,0.31748424149065796,0.11266321298302999,0.40533619422358297,0.7674226804123712,TRAINING_REFERENCE
2021-03-16,7.4852,NORMAL,False,0.488192615568358,0,VOLATILITY_ACCELERATION,0.21183103551017293,0.488192615568358,0.17102397771077,0.15764599678734,0.3865172228549997,0.685360824742268,TRAINING_REFERENCE
2021-03-17,7.4954,NORMAL,False,0.3886038493776206,0,VOLATILITY_ACCELERATION,0.042739424359825424,0.3886038493776206,0.023497818059752002,0.0340672259926275,0.3616511131924037,0.4556701030927835,TRAINING_REFERENCE
2021-03-18,7.3226,NORMAL,False,0.6421760985332683,0,VOLATILITY_ACCELERATION,0.5458464116435182,0.6421760985332683,0.395847858083508,0.5763534968113749,0.4482628422854635,0.8680412371134021,TRAINING_REFERENCE
2021-03-19,7.2131,NORMAL,False,0.9133162909597959,0,DRAWDOWN_SHIFT,0.3215969648946733,0.4715885901399694,0.9133162909597959,0.37384262420451997,0.4760448779778102,0.8964948453608247,TRAINING_REFERENCE
2021-03-22,7.7886,ANOMALOUS,True,1.9946347617529225,3,LARGE_ABSOLUTE_RETURN,1.3743372653713615,1.4518344319007128,0.5492292199240819,1.9946347617529225,0.6285079625270957,0.9839175257731959,TRAINING_REFERENCE
2021-03-23,7.94,ANOMALOUS,True,1.4164435282695345,1,VOLATILITY_ACCELERATION,0.15547943904507192,1.4164435282695345,0.6718826658403699,0.48596666923452,0.5705632904480646,0.9657731958762886,TRAINING_REFERENCE
2021-03-24,7.921,ANOMALOUS,True,1.426147149975668,1,VOLATILITY_ACCELERATION,0.09034499668382957,1.426147149975668,0.597685510125488,0.059823677581862494,0.5584172323762053,0.9608247422680413,TRAINING_REFERENCE
2021-03-25,7.9417,ANOMALOUS,True,1.2891161757148994,2,VOLATILITY_ACCELERATION,0.028835645563284527,1.2891161757148994,1.09174477754538,0.065332660017675,0.570106511026244,0.965360824742268,TRAINING_REFERENCE
2021-03-26,8.0803,ANOMALOUS,True,1.37449324760503,2,DRAWDOWN_SHIFT,0.15020633048851909,1.1265390483962243,1.37449324760503,0.4363045695505975,0.5817910545238552,0.9698969072164948,TRAINING_REFERENCE
2021-03-29,8.1995,NORMAL,False,0.36879818818608495,0,LARGE_ABSOLUTE_RETURN,0.11469870099271147,0.32930858582235834,0.0,0.36879818818608495,0.45888822415655856,0.88,TRAINING_REFERENCE
2021-03-30,8.3233,NORMAL,False,0.3774620403683125,0,LARGE_ABSOLUTE_RETURN,0.10295796410415828,0.2985481517108141,0.0,0.3774620403683125,0.46164534137939844,0.8857731958762887,TRAINING_REFERENCE
2021-03-31,8.2399,NORMAL,False,0.39338184685621386,0,VOLATILITY_ACCELERATION,0.1865273583878673,0.39338184685621386,0.152542341079414,0.25050160393112997,0.4612574244977258,0.8841237113402062,TRAINING_REFERENCE
2021-04-01,8.1056,NORMAL,False,0.5366912040862846,0,VOLATILITY_ACCELERATION,0.2427299433027297,0.5366912040862846,0.5231098242283679,0.4074685372395275,0.47341044399199705,0.8948453608247423,TRAINING_REFERENCE
2021-04-02,8.1525,NORMAL,False,0.481309104133199,0,VOLATILITY_ACCELERATION,0.01904280826967895,0.481309104133199,0.4104141386229,0.14465307935254,0.4457817539157927,0.8651546391752577,TRAINING_REFERENCE
2021-04-05,8.1021,NORMAL,False,0.531519950019822,0,DRAWDOWN_SHIFT,0.1141337391495862,0.4247026136155777,0.531519950019822,0.154553817847285,0.45037898393158887,0.8701030927835052,TRAINING_REFERENCE
2021-04-06,8.1282,NORMAL,False,0.46880444054641596,0,DRAWDOWN_SHIFT,0.008388696857499526,0.3091375740642533,0.46880444054641596,0.0805346761950575,0.44071505863012184,0.8585567010309278,TRAINING_REFERENCE
2021-04-07,8.1464,NORMAL,False,0.3052669580710343,0,VOLATILITY_ACCELERATION,0.01496443469255665,0.3052669580710343,0.224670503285956,0.05597795329839,0.42282121559097974,0.8206185567010309,TRAINING_REFERENCE
2021-04-08,8.1325,NORMAL,False,0.15827305830026675,0,VOLATILITY_ACCELERATION,0.07094519742887077,0.15827305830026675,0.06463782394002399,0.0426568791122425,0.4144960171382878,0.7942268041237114,TRAINING_REFERENCE
2021-04-09,8.1546,NORMAL,False,0.13575719186454724,0,VOLATILITY_ACCELERATION,0.02013290838770405,0.13575719186454724,0.005046075474872,0.06793728865662,0.413321564020393,0.7896907216494845,TRAINING_REFERENCE
2021-04-12,8.1432,NORMAL,False,0.09875890572248999,0,DRAWDOWN_SHIFT,0.06333475726788823,0.0805239212085028,0.09875890572248999,0.034949598999335,0.4193061591680316,0.8098969072164949,TRAINING_REFERENCE
2021-04-13,8.1047,NORMAL,False,0.11819677767953748,0,LARGE_ABSOLUTE_RETURN,0.10486144469886495,0.10448206303329295,0.056467987456899994,0.11819677767953748,0.42276702121617143,0.8202061855670103,TRAINING_REFERENCE
2021-04-14,8.0651,NORMAL,False,0.195355207670036,0,DRAWDOWN_SHIFT,0.10787042134981067,0.1052569741464601,0.195355207670036,0.12215134428171001,0.4323559574401056,0.8383505154639175,TRAINING_REFERENCE
2021-04-15,8.0123,NORMAL,False,0.288827748609326,0,DRAWDOWN_SHIFT,0.12336994765214995,0.1251523874906397,0.288827748609326,0.16366815042590752,0.4400359667195976,0.8548453608247423,TRAINING_REFERENCE
2021-04-16,8.0605,NORMAL,False,0.22611223913592202,0,DRAWDOWN_SHIFT,0.016195642669914623,0.1702033526065024,0.22611223913592202,0.15039376957927,0.4279246525482968,0.8309278350515464,TRAINING_REFERENCE
2021-04-19,8.0896,NORMAL,False,0.1933350709138562,0,VOLATILITY_ACCELERATION,0.027015963027325524,0.1933350709138562,0.12879506926339,0.09025494696359,0.3923009767623553,0.7150515463917526,TRAINING_REFERENCE
2021-04-20,8.1068,NORMAL,False,0.1869794566660725,0,VOLATILITY_ACCELERATION,0.004985172233711075,0.1869794566660725,0.005046075474872,0.053154667721514996,0.37931027922522154,0.6284536082474227,TRAINING_REFERENCE
2021-04-21,8.1807,NORMAL,False,0.27777444042627397,0,DRAWDOWN_SHIFT,0.23870543048839996,0.20067642326207896,0.27777444042627397,0.22789510040953,0.3990788061854925,0.7439175257731959,TRAINING_REFERENCE
2021-04-22,8.3095,NORMAL,False,0.714139824348514,0,DRAWDOWN_SHIFT,0.4114068672370643,0.1838312180230216,0.714139824348514,0.39360934883322746,0.4516816418783998,0.8721649484536083,TRAINING_REFERENCE
2021-04-23,8.3682,NORMAL,False,0.63148030228395,0,DRAWDOWN_SHIFT,0.13033005331309888,0.18232590976268964,0.63148030228395,0.176605090559,0.42184656689262967,0.8164948453608247,TRAINING_REFERENCE
2021-04-26,8.2709,NORMAL,False,0.3947876490998588,0,LOCAL_RETURN_SHOCK,0.3947876490998588,0.35192379103205607,0.32900909030602,0.2906837790683775,0.41822370157122707,0.805360824742268,TRAINING_REFERENCE
2021-04-27,8.2069,NORMAL,False,0.3990265511346926,0,VOLATILITY_ACCELERATION,0.2435460262798702,0.3990265511346926,0.13471931397773798,0.19344932232283998,0.3913643005832934,0.7117525773195876,TRAINING_REFERENCE
2021-04-28,8.188,NORMAL,False,0.38214519915724643,0,VOLATILITY_ACCELERATION,0.05176639614895868,0.38214519915724643,0.08802548939317799,0.05757350522120999,0.37889361634216456,0.625979381443299,TRAINING_REFERENCE
2021-04-29,8.1953,NORMAL,False,0.380071116773946,0,DRAWDOWN_SHIFT,0.039001621123548574,0.25060291561012693,0.380071116773946,0.0222887151929625,0.3874281923907085,0.6890721649484536,TRAINING_REFERENCE
2021-04-30,8.2822,NORMAL,False,0.3823311446568869,0,LOCAL_RETURN_SHOCK,0.3823311446568869,0.2950174560721241,0.205540020554002,0.26509096677363997,0.3951945814210475,0.7265979381443299,TRAINING_REFERENCE
2021-05-03,8.2474,NORMAL,False,0.2399774424167516,0,VOLATILITY_ACCELERATION,0.18313088484591794,0.2399774424167516,0.056165005616496,0.10504455337952999,0.3724500200924376,0.5608247422680412,TRAINING_REFERENCE
2021-05-04,8.3244,NORMAL,False,0.31199523037901955,0,LOCAL_RETURN_SHOCK,0.31199523037901955,0.2320021955623132,0.280825028082504,0.2334068918689525,0.3843112511858367,0.6659793814432989,TRAINING_REFERENCE
2021-05-05,8.3127,NORMAL,False,0.2980330298033,0,DRAWDOWN_SHIFT,0.0937022848954885,0.226452529747296,0.2980330298033,0.0351376675796475,0.3733934945268866,0.5711340206185567,TRAINING_REFERENCE
2021-05-06,8.2727,NORMAL,False,0.2572843187887692,0,VOLATILITY_ACCELERATION,0.208347170611422,0.2572843187887692,0.184986018498602,0.12029785749515501,0.3745888085472005,0.5822680412371134,TRAINING_REFERENCE
2021-05-07,8.2343,NORMAL,False,0.20640192380372574,0,VOLATILITY_ACCELERATION,0.19405113772110807,0.20640192380372574,0.11448101144810201,0.1160443386077125,0.3746874671640518,0.5830927835051546,TRAINING_REFERENCE
2021-05-10,8.2744,NORMAL,False,0.2150829994051309,0,VOLATILITY_ACCELERATION,0.15130417343774702,0.2150829994051309,0.064530006452998,0.12174683943990501,0.36284094317355353,0.465979381443299,TRAINING_REFERENCE
2021-05-11,8.277,NORMAL,False,0.13808800703583554,0,VOLATILITY_ACCELERATION,0.0175900255199222,0.13808800703583554,0.11328601132860198,0.0078555544812875,0.36755998087620945,0.5158762886597938,TRAINING_REFERENCE
2021-05-12,8.4186,NORMAL,False,0.5617521376134639,0,LOCAL_RETURN_SHOCK,0.5617521376134639,0.31074281678367216,0.13264501326450198,0.4276911924610375,0.4026934009778188,0.7595876288659794,TRAINING_REFERENCE
2021-05-13,8.502,NORMAL,False,0.288856441619271,0,VOLATILITY_ACCELERATION,0.2468750220452223,0.288856441619271,0.2282450228245,0.247665882688335,0.3862463381523878,0.6820618556701031,TRAINING_REFERENCE
2021-05-14,8.4554,NORMAL,False,0.2967534251327097,0,VOLATILITY_ACCELERATION,0.2743510143067212,0.2967534251327097,0.21039976641753397,0.1370265819807125,0.3897760414927535,0.7047422680412371,TRAINING_REFERENCE
2021-05-17,8.3117,NORMAL,False,0.6132600112478912,0,LOCAL_RETURN_SHOCK,0.6132600112478912,0.44653074426401634,0.223477351846676,0.4248764103413175,0.4244841826058509,0.8239175257731959,TRAINING_REFERENCE
2021-05-18,8.3548,NORMAL,False,0.4518516460154916,0,VOLATILITY_ACCELERATION,0.10511504319897505,0.4518516460154916,0.128303443740722,0.1296365364486175,0.38640737838196126,0.6832989690721649,TRAINING_REFERENCE
2021-05-19,8.4125,NORMAL,False,0.3742694646248108,0,VOLATILITY_ACCELERATION,0.1479389031952308,0.3742694646248108,0.21053869677722997,0.1726552401014975,0.3827356554160784,0.6515463917525773,TRAINING_REFERENCE
2021-05-20,8.3805,NORMAL,False,0.330021332398496,0,VOLATILITY_ACCELERATION,0.1459990260026933,0.330021332398496,0.285815102328864,0.095096582466565,0.3829599791766308,0.654020618556701,TRAINING_REFERENCE
2021-05-21,8.4154,NORMAL,False,0.3411140943912972,0,VOLATILITY_ACCELERATION,0.11058684087096304,0.3411140943912972,0.094095506939542,0.10411073324980501,0.3714185072666367,0.5542268041237114,TRAINING_REFERENCE
2021-05-24,8.389,NORMAL,False,0.181839567160666,0,DRAWDOWN_SHIFT,0.10417819866032955,0.174047518221216,0.181839567160666,0.07842764455641,0.3675889040370515,0.5162886597938144,TRAINING_REFERENCE
2021-05-25,8.4618,NORMAL,False,0.2530812934039603,0,LOCAL_RETURN_SHOCK,0.2530812934039603,0.2009878070786323,0.25170548106328394,0.21695076886399248,0.3782041519907865,0.6181443298969073,TRAINING_REFERENCE
2021-05-26,8.4559,NORMAL,False,0.18586282959558745,0,VOLATILITY_ACCELERATION,0.07261947308479037,0.18586282959558745,0.10209362502940199,0.01743127939682,0.35907684168372905,0.4243298969072165,TRAINING_REFERENCE
2021-05-27,8.4982,NORMAL,False,0.27687602916960596,0,DRAWDOWN_SHIFT,0.10870670110224145,0.1656731719085278,0.27687602916960596,0.12506060856916498,0.3731103187778981,0.5682474226804124,TRAINING_REFERENCE
2021-05-28,8.5647,NORMAL,False,0.20371677252411396,0,DRAWDOWN_SHIFT,0.19246979779988335,0.183738056749895,0.20371677252411396,0.19562966275211,0.3778686074347381,0.6160824742268042,TRAINING_REFERENCE
2021-05-31,8.4919,NORMAL,False,0.3345636801664986,0,LOCAL_RETURN_SHOCK,0.3345636801664986,0.25726766744693585,0.095819690345888,0.21250014594790498,0.3800073295708468,0.6338144329896908,TRAINING_REFERENCE
2021-06-01,8.519,NORMAL,False,0.2316944042225405,0,VOLATILITY_ACCELERATION,0.0540846827192771,0.2316944042225405,0.012151121787505999,0.0797819098199475,0.35587220353310733,0.3764948453608247,TRAINING_REFERENCE
2021-06-02,8.5927,NORMAL,False,0.2557862060822954,0,VOLATILITY_ACCELERATION,0.2439279313019969,0.2557862060822954,0.10844507174782599,0.21628125366827,0.3700021136180817,0.5418556701030928,TRAINING_REFERENCE
2021-06-03,8.7025,NORMAL,False,0.3553588844070823,0,LOCAL_RETURN_SHOCK,0.3553588844070823,0.30137192317682293,0.008939073159256,0.31945721368137747,0.38454528620805734,0.668041237113402,TRAINING_REFERENCE
2021-06-04,8.6668,NORMAL,False,0.32463036990523453,0,VOLATILITY_ACCELERATION,0.20786264674776306,0.32463036990523453,0.08204538925596198,0.1025567365699525,0.37199296504603335,0.5575257731958763,TRAINING_REFERENCE
2021-06-07,8.6126,NORMAL,False,0.29967655594025994,0,VOLATILITY_ACCELERATION,0.2766169561582659,0.29967655594025994,0.036607179995482,0.1563437485577125,0.3753457345109639,0.5917525773195876,TRAINING_REFERENCE
2021-06-08,8.6052,NORMAL,False,0.3064425957781683,0,VOLATILITY_ACCELERATION,0.08816120168907575,0.3064425957781683,0.116896797788812,0.021480156979309998,0.36229218672914326,0.4602061855670103,TRAINING_REFERENCE
2021-06-09,8.5899,NORMAL,False,0.2763478245214226,0,VOLATILITY_ACCELERATION,0.11410507530891748,0.2763478245214226,0.258776213731688,0.04444986752196,0.36586407819893696,0.49938144329896905,TRAINING_REFERENCE
2021-06-10,8.4279,NORMAL,False,0.667637174246722,0,LOCAL_RETURN_SHOCK,0.667637174246722,0.2722426651295123,0.6310830221200819,0.47148395208326244,0.4561376971526107,0.8771134020618556,TRAINING_REFERENCE
2021-06-11,8.3942,NORMAL,False,0.626486641769608,0,DRAWDOWN_SHIFT,0.10740451598033482,0.2760006135894917,0.626486641769608,0.0999655904792375,0.41380997633566646,0.7921649484536083,TRAINING_REFERENCE
2021-06-14,8.4692,NORMAL,False,0.5850439402735444,0,VOLATILITY_ACCELERATION,0.2782021023027803,0.5850439402735444,0.329560471128984,0.223368516356535,0.3856621536941787,0.6754639175257732,TRAINING_REFERENCE
2021-06-15,8.5574,NORMAL,False,0.710690976503283,0,VOLATILITY_ACCELERATION,0.31162691076906196,0.710690976503283,0.109853490376328,0.260355169319415,0.3824153888221945,0.6490721649484537,TRAINING_REFERENCE
2021-06-16,8.6159,NORMAL,False,0.7385677512720588,0,VOLATILITY_ACCELERATION,0.17931812906740544,0.7385677512720588,0.059752944556162,0.1709047140486575,0.36820534822805084,0.5220618556701031,TRAINING_REFERENCE
2021-06-17,8.7193,NORMAL,False,0.6310830221200819,0,DRAWDOWN_SHIFT,0.3446860033460464,0.3765159328729166,0.6310830221200819,0.30002669483165,0.3985645008231236,0.7418556701030928,TRAINING_REFERENCE
2021-06-18,8.7373,NORMAL,False,0.7085320310255699,0,DRAWDOWN_SHIFT,0.0015419276983466,0.2355588796542901,0.7085320310255699,0.0516096475634475,0.3948940224062293,0.7261855670103092,TRAINING_REFERENCE
2021-06-21,8.77,NORMAL,False,0.53616776788279,0,DRAWDOWN_SHIFT,0.05685424736694675,0.26498347633734026,0.53616776788279,0.09356437343344,0.3821747742925445,0.6478350515463918,TRAINING_REFERENCE
2021-06-22,8.6499,NORMAL,False,0.6032237707873674,0,VOLATILITY_ACCELERATION,0.4996371775608896,0.6032237707873674,0.059579139010697994,0.3423603192702375,0.38421671116072925,0.6643298969072164,TRAINING_REFERENCE
2021-06-23,8.64,NORMAL,False,0.5930253905065958,0,VOLATILITY_ACCELERATION,0.0664371118542344,0.5930253905065958,0.09744195317338399,0.0286130475496825,0.3540730877715532,0.3472164948453608,TRAINING_REFERENCE
2021-06-24,8.7087,NORMAL,False,0.5403462924449358,0,VOLATILITY_ACCELERATION,0.1991939760972221,0.5403462924449358,0.139794754846064,0.1987847222222225,0.36002155417602344,0.44,TRAINING_REFERENCE
2021-06-25,8.7643,NORMAL,False,0.5734560781935246,0,VOLATILITY_ACCELERATION,0.14762183871515253,0.5734560781935246,0.012998859749141998,0.15961050443809,0.35220312881704324,0.316701030927835,TRAINING_REFERENCE
2021-06-28,8.6845,NORMAL,False,0.6162683445340242,0,VOLATILITY_ACCELERATION,0.2982914493276598,0.6162683445340242,0.194982896237172,0.22762799082642252,0.3777387441428442,0.6152577319587629,TRAINING_REFERENCE
2021-06-29,8.7318,NORMAL,False,0.4598085893161673,0,VOLATILITY_ACCELERATION,0.12375991421911928,0.4598085893161673,0.186773090079818,0.13616212792906748,0.35354420593966374,0.3356701030927835,TRAINING_REFERENCE
2021-06-30,8.7026,NORMAL,False,0.4779810146896538,0,VOLATILITY_ACCELERATION,0.1325132000358477,0.4779810146896538,0.14275940706955198,0.0836024645548425,0.35243912022785734,0.3216494845360825,TRAINING_REFERENCE
2021-07-01,8.6551,NORMAL,False,0.4414259814354175,0,VOLATILITY_ACCELERATION,0.17851769641237664,0.4414259814354175,0.122234891676168,0.1364534736745375,0.3566447119094774,0.38597938144329896,TRAINING_REFERENCE
2021-07-02,8.6796,NORMAL,False,0.3860883605422908,0,VOLATILITY_ACCELERATION,0.09378231590951724,0.3860883605422908,0.19315849486887,0.070767524349805,0.3543709383724138,0.35051546391752575,TRAINING_REFERENCE
2021-07-05,8.6658,NORMAL,False,0.2892441413186909,0,VOLATILITY_ACCELERATION,0.05192390141057305,0.2892441413186909,0.04264538198402999,0.039748375501175,0.34330991332051497,0.15257731958762888,TRAINING_REFERENCE
2021-07-06,8.6893,NORMAL,False,0.2386536321741274,0,VOLATILITY_ACCELERATION,0.07381040421617735,0.2386536321741274,0.096921322690992,0.0677952410625625,0.34787651786136686,0.24865979381443298,TRAINING_REFERENCE
2021-07-07,8.6814,NORMAL,False,0.22417692670136355,0,VOLATILITY_ACCELERATION,0.0443032203811519,0.22417692670136355,0.048346636259977996,0.022729103610184997,0.34413565521979217,0.17484536082474228,TRAINING_REFERENCE
2021-07-08,8.6943,NORMAL,False,0.1348486991340445,0,VOLATILITY_ACCELERATION,0.028773589993745224,0.1348486991340445,0.08939566704675199,0.0371483862049875,0.34527384509132986,0.20123711340206185,TRAINING_REFERENCE
2021-07-09,8.6581,NORMAL,False,0.21707193270765424,0,LOCAL_RETURN_SHOCK,0.21707193270765424,0.1769448077595532,0.049030786773092,0.10409118617945248,0.35644795286032865,0.3847422680412371,TRAINING_REFERENCE
2021-07-12,8.6353,NORMAL,False,0.18609368981022045,0,VOLATILITY_ACCELERATION,0.15872729495211443,0.18609368981022045,0.069555302166478,0.06583430544807249,0.3551150137445449,0.3616494845360825,TRAINING_REFERENCE
2021-07-13,8.621,NORMAL,False,0.15575826681869598,0,DRAWDOWN_SHIFT,0.1026776477785909,0.13761634959722815,0.15575826681869598,0.0413998355586975,0.3638928959482144,0.47835051546391755,TRAINING_REFERENCE
2021-07-14,8.5851,NORMAL,False,0.21961231470923398,0,DRAWDOWN_SHIFT,0.187444793666711,0.15382904347964765,0.21961231470923398,0.10410625217491999,0.3772302156950455,0.6127835051546392,TRAINING_REFERENCE
2021-07-15,8.5629,NORMAL,False,0.299657924743442,0,DRAWDOWN_SHIFT,0.1017765312735432,0.07473666319525375,0.299657924743442,0.0646468882132975,0.3897228343325887,0.7043298969072165,TRAINING_REFERENCE
2021-07-16,8.5178,NORMAL,False,0.319954389965792,0,DRAWDOWN_SHIFT,0.2089444905274231,0.09811362995156266,0.319954389965792,0.1316726809842475,0.3984708821008651,0.7414432989690721,TRAINING_REFERENCE
2021-07-19,8.5854,NORMAL,False,0.43585893892921385,0,LOCAL_RETURN_SHOCK,0.43585893892921385,0.3647020463467031,0.11379703534777799,0.19840803963464998,0.36486369173076544,0.4882474226804124,TRAINING_REFERENCE
2021-07-20,8.5646,NORMAL,False,0.3704670200238651,0,VOLATILITY_ACCELERATION,0.06180836211538108,0.3704670200238651,0.128620296465224,0.06056794092296,0.35210053319594004,0.3150515463917526,TRAINING_REFERENCE
2021-07-21,8.5578,NORMAL,False,0.3536017880975666,0,VOLATILITY_ACCELERATION,0.0163849108699724,0.3536017880975666,0.06225769669327,0.0198491464867,0.346620176349887,0.22350515463917525,TRAINING_REFERENCE
2021-07-22,8.5648,NORMAL,False,0.346474194961349,0,VOLATILITY_ACCELERATION,0.06815120589717827,0.346474194961349,0.004332953249712,0.02044918086424,0.3438459026564181,0.1665979381443299,TRAINING_REFERENCE
2021-07-23,8.5504,NORMAL,False,0.29768027415947906,0,VOLATILITY_ACCELERATION,0.04989564264652375,0.29768027415947906,0.07434435575826599,0.042032505137305,0.3490624219682668,0.26969072164948454,TRAINING_REFERENCE
2021-07-26,8.5497,NORMAL,False,0.09132600597403685,0,VOLATILITY_ACCELERATION,0.07253478115181677,0.09132600597403685,0.08141391106043398,0.0020466878742519956,0.3631003813744097,0.4688659793814433,TRAINING_REFERENCE
2021-07-27,8.5594,NORMAL,False,0.1369046722678575,0,LOCAL_RETURN_SHOCK,0.1369046722678575,0.08370732793838565,0.011858608893956001,0.0283635683123375,0.35943916264605297,0.4296907216494845,TRAINING_REFERENCE
2021-07-28,8.5488,NORMAL,False,0.0894409606822763,0,VOLATILITY_ACCELERATION,0.019237903728629324,0.0894409606822763,0.020524515393386,0.0309601140266825,0.35995826422304095,0.43917525773195876,TRAINING_REFERENCE
2021-07-29,8.4521,NORMAL,False,0.8250565941382333,0,LOCAL_RETURN_SHOCK,0.8250565941382333,0.35312177528346894,0.257012542759406,0.2827882275874975,0.42200821328825155,0.8177319587628866,TRAINING_REFERENCE
2021-07-30,8.4457,NORMAL,False,0.35895314615738877,0,VOLATILITY_ACCELERATION,0.02768913189618255,0.35895314615738877,0.238768529076394,0.0189302066941925,0.3702938157773691,0.5451546391752577,TRAINING_REFERENCE
2021-08-02,8.3466,NORMAL,False,0.7023710295553548,0,LOCAL_RETURN_SHOCK,0.7023710295553548,0.4343765528410765,0.463169897377418,0.2933445421930675,0.4349037159002711,0.8424742268041238,TRAINING_REFERENCE
2021-08-03,8.4026,NORMAL,False,0.5434429267009416,0,VOLATILITY_ACCELERATION,0.4914221275724916,0.5434429267009416,0.35758266818699996,0.16773296911317,0.4011040963285723,0.7517525773195877,TRAINING_REFERENCE
2021-08-04,8.4732,NORMAL,False,0.6891386972211851,0,VOLATILITY_ACCELERATION,0.5396356040401291,0.6891386972211851,0.17240592930444598,0.2100540308952,0.39668840439493486,0.7336082474226804,TRAINING_REFERENCE
2021-08-05,8.5199,NORMAL,False,0.5995269714813916,0,VOLATILITY_ACCELERATION,0.3239287450352319,0.5995269714813916,0.154618015963508,0.13778737666996752,0.3664928289339592,0.505979381443299,TRAINING_REFERENCE
2021-08-06,8.615,NORMAL,False,0.6492068247075491,0,VOLATILITY_ACCELERATION,0.5667138677350028,0.6492068247075491,0.386088939566702,0.2790525710395675,0.3985789515467021,0.742680412371134,TRAINING_REFERENCE
2021-08-09,8.6303,NORMAL,False,0.6469783352337479,0,DRAWDOWN_SHIFT,0.084377035570723,0.2639984751883725,0.6469783352337479,0.0443993035403375,0.3905442122115666,0.709278350515464,TRAINING_REFERENCE
2021-08-10,8.592,NORMAL,False,0.4609002723793831,0,VOLATILITY_ACCELERATION,0.1862834013407692,0.4609002723793831,0.431927023945268,0.110946317045755,0.3771679467666116,0.6123711340206186,TRAINING_REFERENCE
2021-08-11,8.625,NORMAL,False,0.4326452840144068,0,VOLATILITY_ACCELERATION,0.1660025029799309,0.4326452840144068,0.34618015963512,0.0960195530726225,0.3640871499266846,0.4816494845360825,TRAINING_REFERENCE
2021-08-12,8.5436,NORMAL,False,0.593027227402442,0,VOLATILITY_ACCELERATION,0.4037925471723707,0.593027227402442,0.054047890535916,0.23594202898550748,0.3771012876952304,0.6111340206185567,TRAINING_REFERENCE
2021-08-13,8.5124,NORMAL,False,0.39658985566766763,0,VOLATILITY_ACCELERATION,0.1400235971645379,0.39658985566766763,0.23397947548460798,0.0912964090079125,0.3634567919964465,0.4729896907216495,TRAINING_REFERENCE
2021-08-16,8.4553,NORMAL,False,0.39908779931585,0,DRAWDOWN_SHIFT,0.2659409140358705,0.37026436875737284,0.39908779931585,0.16769653681688,0.3888957872768616,0.7002061855670103,TRAINING_REFERENCE
2021-08-17,8.4291,NORMAL,False,0.37573916436496185,0,VOLATILITY_ACCELERATION,0.09535010570710087,0.37573916436496185,0.371493728620296,0.07746620462904749,0.37700986196502495,0.6090721649484536,TRAINING_REFERENCE
2021-08-18,8.4512,NORMAL,False,0.39635119726339796,0,DRAWDOWN_SHIFT,0.1375182934154026,0.34061168293018174,0.39635119726339796,0.06554673689955,0.38058961468876645,0.6391752577319587,TRAINING_REFERENCE
2021-08-19,8.5025,NORMAL,False,0.38919255123924396,0,VOLATILITY_ACCELERATION,0.2680329932341281,0.38919255123924396,0.09372862029646199,0.1517535971223,0.35669673283317843,0.38804123711340205,TRAINING_REFERENCE
2021-08-20,8.4813,NORMAL,False,0.38382355738048546,0,VOLATILITY_ACCELERATION,0.08389510970932543,0.38382355738048546,0.0709236031927,0.06233460746839,0.3509624658384851,0.2977319587628866,TRAINING_REFERENCE
2021-08-23,8.4198,NORMAL,False,0.3978244959989354,0,VOLATILITY_ACCELERATION,0.2676664430532066,0.3978244959989354,0.08095781071835599,0.1812811715185125,0.3677146901423222,0.5175257731958763,TRAINING_REFERENCE
2021-08-24,8.3956,NORMAL,False,0.39634373186561705,0,VOLATILITY_ACCELERATION,0.08076516738938347,0.39634373186561705,0.07639680729760799,0.0718544383477025,0.35849521297621334,0.4160824742268041,TRAINING_REFERENCE
2021-08-25,8.3731,NORMAL,False,0.3759989877815813,0,VOLATILITY_ACCELERATION,0.0657906629749237,0.3759989877815813,0.178107183580388,0.0669993806279425,0.36608906194248125,0.5030927835051546,TRAINING_REFERENCE
2021-08-26,8.388,NORMAL,False,0.261117445838082,0,DRAWDOWN_SHIFT,0.10586555384246223,0.25693163749206693,0.261117445838082,0.044487704673295,0.37277320306716755,0.5661855670103093,TRAINING_REFERENCE
2021-08-27,8.3468,NORMAL,False,0.30672748004561,0,DRAWDOWN_SHIFT,0.18450484211146212,0.2678258131509278,0.30672748004561,0.1227944682880275,0.3824622249055704,0.6494845360824743,TRAINING_REFERENCE
2021-08-30,8.3709,NORMAL,False,0.26855856027805497,0,VOLATILITY_ACCELERATION,0.13835648331668907,0.26855856027805497,0.11151653363739998,0.072183351703645,0.36427785579126204,0.48371134020618556,TRAINING_REFERENCE
2021-08-31,8.3069,NORMAL,False,0.35431676950956353,0,VOLATILITY_ACCELERATION,0.342121301271688,0.35431676950956353,0.20228050171037398,0.1911383483257475,0.38780956007274425,0.6927835051546392,TRAINING_REFERENCE
2021-09-01,8.2837,NORMAL,False,0.3543613565643573,0,VOLATILITY_ACCELERATION,0.09738318755778512,0.3543613565643573,0.20387685290764,0.06982147371462501,0.3754722357288549,0.5934020618556701,TRAINING_REFERENCE
2021-09-02,8.2742,NORMAL,False,0.342266468598562,0,VOLATILITY_ACCELERATION,0.00140795069920915,0.342266468598562,0.25952109464081796,0.02867076306481,0.3811810061777061,0.6437113402061856,TRAINING_REFERENCE
2021-09-03,8.3145,NORMAL,False,0.4228493435296989,0,VOLATILITY_ACCELERATION,0.3085225144282946,0.4228493435296989,0.07366020524514999,0.1217640376108875,0.3722326560598914,0.5595876288659793,TRAINING_REFERENCE
2021-09-06,8.2763,NORMAL,False,0.40743083296889393,0,VOLATILITY_ACCELERATION,0.15879131180617584,0.40743083296889393,0.215735461801594,0.1148595826568025,0.3799577577464767,0.6329896907216495,TRAINING_REFERENCE
2021-09-07,8.3478,NORMAL,False,0.6068499915373,0,LOCAL_RETURN_SHOCK,0.6068499915373,0.4906803889672303,0.093272519954388,0.21597815448931998,0.38477203301350577,0.6696907216494845,TRAINING_REFERENCE
2021-09-08,8.4597,NORMAL,False,0.744388698286053,0,LOCAL_RETURN_SHOCK,0.744388698286053,0.6186744518802434,0.40136830102622795,0.335118234744485,0.4165880747346962,0.8012371134020618,TRAINING_REFERENCE
2021-09-09,8.4375,NORMAL,False,0.6690825276050077,0,VOLATILITY_ACCELERATION,0.07102906011372585,0.6690825276050077,0.372405929304446,0.06560516330366,0.3833725550353405,0.6577319587628866,TRAINING_REFERENCE
2021-09-10,8.456,NORMAL,False,0.6700566477693122,0,VOLATILITY_ACCELERATION,0.12597909013009043,0.6700566477693122,0.322690992018242,0.0548148148148125,0.378788769727325,0.6243298969072165,TRAINING_REFERENCE
2021-09-13,8.4255,NORMAL,False,0.6494086078802362,0,VOLATILITY_ACCELERATION,0.14824426007748814,0.6494086078802362,0.35274722030759,0.09017265846735999,0.3805134169753311,0.6375257731958763,TRAINING_REFERENCE
2021-09-14,8.4336,NORMAL,False,0.6314114403250699,0,VOLATILITY_ACCELERATION,0.05203805720603157,0.6314114403250699,0.208175425466256,0.0240341819476625,0.3672412166690397,0.5129896907216495,TRAINING_REFERENCE
2021-09-15,8.4278,NORMAL,False,0.22456626241697486,0,VOLATILITY_ACCELERATION,0.0339548883979121,0.22456626241697486,0.06024822817340599,0.017193132232975,0.3562253458329817,0.38268041237113404,TRAINING_REFERENCE
2021-09-16,8.5237,NORMAL,False,0.5398682023946513,0,LOCAL_RETURN_SHOCK,0.5398682023946513,0.5158496268750647,0.20922125887217197,0.2844751892546125,0.3853911048926041,0.6738144329896907,TRAINING_REFERENCE
2021-09-17,8.6468,NORMAL,False,0.6907531607209472,0,VOLATILITY_ACCELERATION,0.620047823908722,0.6907531607209472,0.5213868661770079,0.36105212525076996,0.4196933039571442,0.8107216494845361,TRAINING_REFERENCE
2021-09-20,8.6661,NORMAL,False,0.622652037906458,0,DRAWDOWN_SHIFT,0.0475222426035258,0.6027692706817047,0.622652037906458,0.0558009899616,0.3922075164186179,0.7146391752577319,TRAINING_REFERENCE
2021-09-21,8.6273,NORMAL,False,0.717172808367836,0,VOLATILITY_ACCELERATION,0.23721039963464766,0.717172808367836,0.581600664988208,0.11193039544893249,0.3996642569660051,0.7463917525773196,TRAINING_REFERENCE
2021-09-22,8.6503,NORMAL,False,0.6801753087153932,0,VOLATILITY_ACCELERATION,0.0507714207736516,0.6801753087153932,0.666672169855744,0.0666488936283625,0.3960281342369335,0.7311340206185567,TRAINING_REFERENCE
2021-09-23,8.7616,NORMAL,False,0.6846492933213676,0,VOLATILITY_ACCELERATION,0.4480929489943465,0.6846492933213676,0.5490455598279379,0.32166514456146,0.40915776743871396,0.7756701030927835,TRAINING_REFERENCE
2021-09-24,8.8718,NORMAL,False,0.6199917793131609,0,VOLATILITY_ACCELERATION,0.384634004216756,0.6199917793131609,0.194690670881144,0.3144402848794725,0.3917711747721673,0.7121649484536082,TRAINING_REFERENCE
2021-09-27,8.8202,NORMAL,False,0.7397456434372406,0,VOLATILITY_ACCELERATION,0.322022428551226,0.7397456434372406,0.034160804015848,0.14540454022859,0.38775481320144517,0.6923711340206186,TRAINING_REFERENCE
2021-09-28,8.869,NORMAL,False,0.6368356402753084,0,VOLATILITY_ACCELERATION,0.100576890504668,0.6368356402753084,0.16673959658670998,0.13831885898278748,0.37381340644192745,0.5744329896907217,TRAINING_REFERENCE
2021-09-29,8.9093,NORMAL,False,0.6238642768071712,0,VOLATILITY_ACCELERATION,0.045796392917110025,0.6238642768071712,0.101215739047422,0.1135979253579875,0.37001576057520824,0.5422680412371134,TRAINING_REFERENCE
2021-09-30,8.8805,NORMAL,False,0.6008395289405392,0,VOLATILITY_ACCELERATION,0.2599811432041007,0.6008395289405392,0.064651543892336,0.08081442986541999,0.3643116039143132,0.4841237113402062,TRAINING_REFERENCE
2021-10-01,8.8493,NORMAL,False,0.4220126592915743,0,VOLATILITY_ACCELERATION,0.26285177898324374,0.4220126592915743,0.134690716442368,0.08783289229209999,0.36164236267236904,0.4552577319587629,TRAINING_REFERENCE
2021-10-04,8.8495,NORMAL,False,0.3469952799299339,0,VOLATILITY_ACCELERATION,0.11303951184948542,0.3469952799299339,0.017918115204686,0.0005650164419834791,0.34491434332995696,0.19463917525773197,TRAINING_REFERENCE
2021-10-05,8.8668,NORMAL,False,0.28163256201289594,0,VOLATILITY_ACCELERATION,0.052945999483637526,0.28163256201289594,0.08909378906698799,0.04887281767331,0.3486879211399622,0.26350515463917523,TRAINING_REFERENCE
2021-10-06,8.8701,NORMAL,False,0.1969974594177664,0,VOLATILITY_ACCELERATION,0.10115885167942623,0.1969974594177664,0.08799793474234399,0.0093043713628375,0.353772659332671,0.34103092783505157,TRAINING_REFERENCE
2021-10-07,8.8715,NORMAL,False,0.16573500707335045,0,VOLATILITY_ACCELERATION,0.09076729108896202,0.16573500707335045,0.020203607466355997,0.003945840520395,0.34695662734636407,0.2288659793814433,TRAINING_REFERENCE
2021-10-08,8.9521,NORMAL,False,0.3162782880203543,0,VOLATILITY_ACCELERATION,0.2706127592536525,0.3162782880203543,0.134690716442368,0.227131826635855,0.359696078604998,0.43463917525773194,TRAINING_REFERENCE
2021-10-11,9.0012,NORMAL,False,0.31511797959598353,0,VOLATILITY_ACCELERATION,0.10478906403098852,0.31511797959598353,0.13424174738755998,0.137118664894275,0.35725435062097777,0.39628865979381445,TRAINING_REFERENCE
2021-10-12,9.0376,NORMAL,False,0.30809478607508856,0,VOLATILITY_ACCELERATION,0.029537754531376026,0.30809478607508856,0.095405924146678,0.101097631426915,0.35505295040059315,0.36041237113402064,TRAINING_REFERENCE
2021-10-13,9.0824,NORMAL,False,0.26309616879122366,0,VOLATILITY_ACCELERATION,0.061080961700621876,0.26309616879122366,0.08799793474234399,0.12392670620518999,0.3636855634373321,0.4758762886597938,TRAINING_REFERENCE
2021-10-14,9.1834,NORMAL,False,0.30832621879990624,0,LOCAL_RETURN_SHOCK,0.30832621879990624,0.2428748667714435,0.084855151358692,0.27801021756363997,0.3902528456717429,0.7063917525773196,TRAINING_REFERENCE
2021-10-15,9.2566,NORMAL,False,0.22811105895426584,0,VOLATILITY_ACCELERATION,0.1773740267513908,0.22811105895426584,0.0,0.1992726005618825,0.38708860801513395,0.6870103092783505,TRAINING_REFERENCE
2021-10-18,9.3302,NORMAL,False,0.22194189443285414,0,VOLATILITY_ACCELERATION,0.20583487061024788,0.22194189443285414,0.0,0.19877708877989247,0.39525831174636805,0.7270103092783505,TRAINING_REFERENCE
2021-10-19,9.2911,NORMAL,False,0.4611377969563768,0,VOLATILITY_ACCELERATION,0.3543215414824978,0.4611377969563768,0.08381385179309798,0.10476731474137249,0.38935843873063236,0.7022680412371134,TRAINING_REFERENCE
2021-10-20,9.2051,NORMAL,False,0.6839502259669605,0,VOLATILITY_ACCELERATION,0.5843227294007874,0.6839502259669605,0.268161454202482,0.2314042470751575,0.4056353961378816,0.7682474226804124,TRAINING_REFERENCE
2021-10-21,9.5061,ANOMALOUS,True,1.179145797885392,2,LOCAL_RETURN_SHOCK,1.179145797885392,1.084929013081354,0.0,0.8174816134534124,0.5061657387910992,0.9270103092783505,TRAINING_REFERENCE
2021-10-22,9.6026,ANOMALOUS,True,1.0796695976782527,1,VOLATILITY_ACCELERATION,0.16924475678756015,1.0796695976782527,0.0,0.253784412114325,0.4417270894570122,0.8597938144329897,TRAINING_REFERENCE
2021-10-25,9.5845,ANOMALOUS,True,1.144638690176028,1,VOLATILITY_ACCELERATION,0.16725823159003178,1.144638690176028,0.037698123424906,0.0471226542811325,0.43931316812053695,0.8519587628865979,TRAINING_REFERENCE
2021-10-26,9.5312,ANOMALOUS,True,1.1514440461346467,1,VOLATILITY_ACCELERATION,0.28337678044329656,1.1514440461346467,0.06489587265653,0.1390265532891625,0.4430583121278732,0.8614432989690721,TRAINING_REFERENCE
2021-10-27,9.4835,ANOMALOUS,True,1.094495426329604,1,VOLATILITY_ACCELERATION,0.2436749258647764,1.094495426329604,0.0201036365281,0.1251154104414975,0.43275422798300356,0.8391752577319588,TRAINING_REFERENCE
2021-10-28,9.527,NORMAL,False,0.4574558137297112,0,VOLATILITY_ACCELERATION,0.0391257920234166,0.4574558137297112,0.157457355299608,0.1146728528496825,0.37191974714199894,0.5567010309278351,TRAINING_REFERENCE
2021-10-29,9.5896,NORMAL,False,0.379922935180172,0,VOLATILITY_ACCELERATION,0.08413637444367154,0.379922935180172,0.027076000249931998,0.1642699695601975,0.36835224427423613,0.523298969072165,TRAINING_REFERENCE
2021-11-01,9.5363,NORMAL,False,0.40998958789594386,0,VOLATILITY_ACCELERATION,0.27273732305996234,0.40998958789594386,0.100389477849748,0.1389526153332775,0.37843943342862413,0.6218556701030927,TRAINING_REFERENCE
2021-11-02,9.6024,NORMAL,False,0.4255780023732277,0,VOLATILITY_ACCELERATION,0.08710211352633684,0.4255780023732277,0.148293170599624,0.17328523641243998,0.365941202170249,0.5010309278350515,TRAINING_REFERENCE
2021-11-03,9.6391,NORMAL,False,0.3469819280847017,0,VOLATILITY_ACCELERATION,0.0057829238134234,0.3469819280847017,0.24805781767438198,0.0955490294093125,0.3664607834742567,0.5051546391752577,TRAINING_REFERENCE
2021-11-04,9.6919,NORMAL,False,0.3586429240046777,0,VOLATILITY_ACCELERATION,0.0353338944498107,0.3586429240046777,0.157457355299608,0.13694224564534252,0.36587232662938984,0.4997938144329897,TRAINING_REFERENCE
2021-11-05,9.6745,NORMAL,False,0.3659436588245341,0,VOLATILITY_ACCELERATION,0.17470397655978964,0.3659436588245341,0.008830271998026,0.044882840309949996,0.3623795399899193,0.4606185567010309,TRAINING_REFERENCE
2021-11-08,9.6775,NORMAL,False,0.25482047190263707,0,VOLATILITY_ACCELERATION,0.10042982447501307,0.25482047190263707,0.10837206562117001,0.007752338622149999,0.3626692308906394,0.4643298969072165,TRAINING_REFERENCE
2021-11-09,9.7322,NORMAL,False,0.2330061576398614,0,VOLATILITY_ACCELERATION,0.0549740806935668,0.2330061576398614,0.00041655385000227696,0.14130715577369998,0.3631446637298884,0.4692783505154639,TRAINING_REFERENCE
2021-11-10,9.8378,NORMAL,False,0.3469952370590025,0,VOLATILITY_ACCELERATION,0.19646640154389775,0.3469952370590025,0.0,0.2712644623004,0.376979358461507,0.6082474226804123,TRAINING_REFERENCE
2021-11-11,9.9049,NORMAL,False,0.35555782576977163,0,VOLATILITY_ACCELERATION,0.07570615477391668,0.35555782576977163,0.0,0.170515765719975,0.3695345304504167,0.5352577319587629,TRAINING_REFERENCE
2021-11-12,9.9909,NORMAL,False,0.2757184256147876,0,VOLATILITY_ACCELERATION,0.13412605692748886,0.2757184256147876,0.035906272247959996,0.21706428131531,0.38550451742529573,0.674639175257732,TRAINING_REFERENCE
2021-11-15,10.0604,NORMAL,False,0.1739082565134275,0,LARGE_ABSOLUTE_RETURN,0.0852822759721042,0.14276744240517766,0.029715535653484,0.1739082565134275,0.4038862102878387,0.7637113402061856,TRAINING_REFERENCE
2021-11-16,10.3168,NORMAL,False,0.63715160430997,0,LARGE_ABSOLUTE_RETURN,0.5988585487912605,0.5152585521310592,0.0,0.63715160430997,0.45963242538270116,0.8816494845360825,TRAINING_REFERENCE
2021-11-17,10.6327,NORMAL,False,0.76549899193548,0,LARGE_ABSOLUTE_RETURN,0.6302703267197215,0.6857745932245544,0.0,0.76549899193548,0.4978085570987785,0.92,TRAINING_REFERENCE
2021-11-18,11.036,NORMAL,False,0.948253971239665,0,LARGE_ABSOLUTE_RETURN,0.701261417846674,0.7246969317673518,0.0,0.948253971239665,0.5556439212688165,0.9587628865979382,TRAINING_REFERENCE
2021-11-19,11.2495,NORMAL,False,0.6175796897069548,0,VOLATILITY_ACCELERATION,0.2540671053719348,0.6175796897069548,0.0,0.483644436389995,0.530466136176185,0.9463917525773196,TRAINING_REFERENCE
2021-11-22,11.4062,NORMAL,False,0.4900825651118943,0,VOLATILITY_ACCELERATION,0.12440499725699163,0.4900825651118943,0.0,0.34823769945331245,0.5272880212756427,0.9439175257731959,TRAINING_REFERENCE
2021-11-23,12.8129,ANOMALOUS,True,3.0831915975522075,3,LARGE_ABSOLUTE_RETURN,2.4421940817521195,1.2501881393252605,0.0,3.0831915975522075,0.7200056922381141,0.9958762886597938,TRAINING_REFERENCE
2021-11-24,11.8876,ANOMALOUS,True,1.8054070507067075,3,LARGE_ABSOLUTE_RETURN,0.7863678427545753,1.6911243955888338,1.444325640565366,1.8054070507067075,0.719214632177326,0.9950515463917525,TRAINING_REFERENCE
2021-11-25,11.9998,ANOMALOUS,True,1.6875418700946414,2,VOLATILITY_ACCELERATION,0.01810832414453165,1.6875418700946414,1.2691896448110878,0.23596016016689747,0.6739041660124523,0.9892783505154639,TRAINING_REFERENCE
2021-11-26,12.369,ANOMALOUS,True,1.6734054485840528,1,VOLATILITY_ACCELERATION,0.13801632785815457,1.6734054485840528,0.6928954413130519,0.7691794863247725,0.67878402560057,0.9901030927835052,TRAINING_REFERENCE
2021-11-29,12.817,ANOMALOUS,True,1.654255963627442,1,VOLATILITY_ACCELERATION,0.1683204798324103,1.654255963627442,0.0,0.9054895302773074,0.6853233308810397,0.9925773195876288,TRAINING_REFERENCE
2021-11-30,13.6848,ANOMALOUS,True,1.6926737926191748,2,LARGE_ABSOLUTE_RETURN,0.3838972886602497,1.1713808386175457,0.0,1.6926737926191748,0.6762012618533652,0.9896907216494846,TRAINING_REFERENCE
2021-12-01,13.3044,NORMAL,False,0.8883803582083,0,DRAWDOWN_SHIFT,0.3220991512308993,0.7694123949302986,0.8883803582083,0.6949316029463325,0.6616215433079004,0.9884536082474227,TRAINING_REFERENCE
2021-12-02,13.6765,ANOMALOUS,True,1.2570593981140221,1,DRAWDOWN_SHIFT,0.07436463322022455,0.7475196471544068,1.2570593981140221,0.69920477436036,0.6567388031604878,0.9880412371134021,TRAINING_REFERENCE
2021-12-03,13.7212,NORMAL,False,0.7781635135000002,0,VOLATILITY_ACCELERATION,0.09897935873797062,0.7781635135000002,0.6928954413130519,0.0817095016999925,0.6382280642549678,0.985979381443299,TRAINING_REFERENCE
2021-12-06,13.7985,NORMAL,False,0.7681590422444174,0,VOLATILITY_ACCELERATION,0.08508366066665375,0.7681590422444174,0.0,0.14084045127248251,0.6172232950471793,0.9806185567010309,TRAINING_REFERENCE
2021-12-07,13.4845,NORMAL,False,0.568902416929375,0,LARGE_ABSOLUTE_RETURN,0.2790090957165578,0.4879910425342104,0.4551219335435,0.568902416929375,0.605955277139884,0.977319587628866,TRAINING_REFERENCE
2021-12-08,13.6624,NORMAL,False,0.39621982719232596,0,VOLATILITY_ACCELERATION,0.0257344747929139,0.39621982719232596,0.358677463391234,0.32982313026067,0.589669897407848,0.9723711340206186,TRAINING_REFERENCE
2021-12-09,13.7773,NORMAL,False,0.3017846826944319,0,VOLATILITY_ACCELERATION,0.057960094159654724,0.3017846826944319,0.018597730981666,0.210248565405785,0.5678519507779738,0.9637113402061855,TRAINING_REFERENCE
2021-12-10,13.8803,NORMAL,False,0.3073648489653256,0,VOLATILITY_ACCELERATION,0.06465813502532428,0.3073648489653256,0.0,0.18690164255695751,0.5691508539477044,0.9645360824742268,TRAINING_REFERENCE
2021-12-13,13.8319,NORMAL,False,0.3082655319910256,0,VOLATILITY_ACCELERATION,0.13631980252147327,0.3082655319910256,0.069739126675938,0.0871739083449225,0.5731189821791571,0.9665979381443299,TRAINING_REFERENCE
2021-12-14,14.3961,ANOMALOUS,True,1.0197442144607751,1,LARGE_ABSOLUTE_RETURN,0.15733380949640177,0.3495892885973271,0.4551219335435,1.0197442144607751,0.6297618971622079,0.9847422680412371,TRAINING_REFERENCE
2021-12-15,14.8062,NORMAL,False,0.7121720465959525,0,LARGE_ABSOLUTE_RETURN,0.07127545919720177,0.37598608293405567,0.19726781896583,0.7121720465959525,0.6237354736509227,0.982680412371134,TRAINING_REFERENCE
2021-12-16,15.6828,ANOMALOUS,True,1.4801231916359325,1,LARGE_ABSOLUTE_RETURN,0.27128199755836624,0.5111614230253264,0.030727977678731998,1.4801231916359325,0.6789494283672786,0.9905154639175258,TRAINING_REFERENCE
2021-12-17,16.5047,ANOMALOUS,True,1.310193332823215,1,LARGE_ABSOLUTE_RETURN,0.21537265164218886,0.4897180052001822,0.0,1.310193332823215,0.6895652390310223,0.9934020618556701,TRAINING_REFERENCE
2021-12-20,13.437,ANOMALOUS,True,4.646706695668505,4,LARGE_ABSOLUTE_RETURN,1.2825176610900888,1.4544882979804725,3.6476262298588655,4.646706695668505,0.7698670532407156,0.9983505154639175,TRAINING_REFERENCE
2021-12-21,12.557,ANOMALOUS,True,4.78372827134089,3,DRAWDOWN_SHIFT,0.3091435764972754,1.4087091290635865,4.78372827134089,1.6372702240083323,0.7774619329504749,0.9995876288659794,TRAINING_REFERENCE
2021-12-22,12.19,ANOMALOUS,True,5.22845007785661,2,DRAWDOWN_SHIFT,0.13069521842751639,1.3455233791423196,5.22845007785661,0.73066815322131,0.7727534642014849,0.9991752577319588,TRAINING_REFERENCE
2021-12-23,11.2898,ANOMALOUS,True,6.319290868661652,3,DRAWDOWN_SHIFT,0.3480416597441954,1.113659779452684,6.319290868661652,1.8461853978671026,0.7890225764755151,1.0,TRAINING_REFERENCE
2021-12-24,10.9914,ANOMALOUS,True,6.680884838864079,1,DRAWDOWN_SHIFT,0.10881247354104218,0.8348747572636775,6.680884838864079,0.660773441513575,0.7708372601879158,0.9987628865979381,TRAINING_REFERENCE
2021-12-27,11.567,ANOMALOUS,True,2.2660211939629296,2,DRAWDOWN_SHIFT,0.24652762321831864,0.6346179428339654,2.2660211939629296,1.30920537875066,0.7432115680608586,0.9979381443298969,TRAINING_REFERENCE
2021-12-28,11.828,NORMAL,False,0.8833847328336759,0,DRAWDOWN_SHIFT,0.11175808429034187,0.6238102823618884,0.8833847328336759,0.5641047808420501,0.7091502759461954,0.9942268041237113,TRAINING_REFERENCE
2021-12-29,12.668,ANOMALOUS,True,1.7754480892796725,1,LARGE_ABSOLUTE_RETURN,0.3422255358374088,0.7351549752556205,0.57922894690603,1.7754480892796725,0.714124574510289,0.9946391752577319,TRAINING_REFERENCE
2021-12-30,13.1706,ANOMALOUS,True,2.279108375190096,1,DRAWDOWN_SHIFT,0.17329499766549164,0.4578466364663326,2.279108375190096,0.9918692769182225,0.7088601810682069,0.9938144329896907,TRAINING_REFERENCE
2021-12-31,13.2844,ANOMALOUS,True,2.778602458693582,1,DRAWDOWN_SHIFT,0.0374002115359938,0.3022167701597954,2.778602458693582,0.21601141937345,0.6863303961958854,0.9929896907216494,TRAINING_REFERENCE
2022-01-03,13.0819,ANOMALOUS,True,1.835719522317882,1,DRAWDOWN_SHIFT,0.06555523708867837,0.4002999607408295,1.835719522317882,0.3810860859353825,0.6850162049578581,0.9917525773195877,TRAINING_REFERENCE
2022-01-04,13.4246,ANOMALOUS,True,1.934721624749312,1,DRAWDOWN_SHIFT,0.11534653743346822,0.3991355487726567,1.934721624749312,0.6549125127083975,0.6833124608419247,0.9913402061855671,TRAINING_REFERENCE
2022-01-05,13.643,ANOMALOUS,True,1.1814816385635618,1,DRAWDOWN_SHIFT,0.06261140631335207,0.25267992659588495,1.1814816385635618,0.4067160287829825,0.6422222425292564,0.9872164948453608,TRAINING_REFERENCE
2022-01-06,13.8301,NORMAL,False,0.799166298084788,0,DRAWDOWN_SHIFT,0.051065125486689074,0.1898192173065014,0.799166298084788,0.34284981309095997,0.6206415541846202,0.9814432989690721,TRAINING_REFERENCE
2022-01-07,13.8328,NORMAL,False,0.6645379800905179,0,DRAWDOWN_SHIFT,0.007496072376049425,0.19742360797106295,0.6645379800905179,0.004880658852795,0.6079461194344818,0.9781443298969072,TRAINING_REFERENCE
2022-01-10,13.8227,NORMAL,False,0.897683690100396,0,DRAWDOWN_SHIFT,0.009881596025739675,0.14006245072799614,0.897683690100396,0.0182537158059125,0.6219351116550833,0.9818556701030928,TRAINING_REFERENCE
2022-01-11,13.8005,NORMAL,False,0.455506613267736,0,DRAWDOWN_SHIFT,0.0141889224376142,0.10653460484702915,0.455506613267736,0.040151345250925,0.5954997149377584,0.9748453608247423,TRAINING_REFERENCE
2022-01-12,13.2242,ANOMALOUS,True,1.043983913626315,1,LARGE_ABSOLUTE_RETURN,0.17791282375818665,0.25439275552888146,0.507491805364532,1.043983913626315,0.6499473200895642,0.9876288659793815,TRAINING_REFERENCE
2022-01-13,13.5696,NORMAL,False,0.65296955581434,0,LARGE_ABSOLUTE_RETURN,0.1284431023193795,0.2959947403471456,0.31566765830339194,0.65296955581434,0.6353353907871085,0.9855670103092784,TRAINING_REFERENCE
2022-01-14,13.5384,NORMAL,False,0.356746866044218,0,DRAWDOWN_SHIFT,0.014267336667651075,0.29503138026041353,0.356746866044218,0.057481429076759995,0.6234517989524104,0.9822680412371134,TRAINING_REFERENCE
2022-01-17,13.4402,NORMAL,False,0.463504335128776,0,DRAWDOWN_SHIFT,0.00466873685403085,0.2942687465317591,0.463504335128776,0.1813360515275025,0.6043419849919391,0.9769072164948454,TRAINING_REFERENCE
2022-01-18,13.528,NORMAL,False,0.33020897077802,0,DRAWDOWN_SHIFT,0.040515417028978526,0.3015730022028777,0.33020897077802,0.1633160220830025,0.5997458268772333,0.9760824742268042,TRAINING_REFERENCE
2022-01-19,13.4321,NORMAL,False,0.25192823862293795,0,DRAWDOWN_SHIFT,0.08627986419332455,0.17006423451056465,0.25192823862293795,0.17722501478415,0.5759636427941947,0.9674226804123711,TRAINING_REFERENCE
2022-01-20,13.3634,NORMAL,False,0.249868219355696,0,DRAWDOWN_SHIFT,0.0817286036028021,0.06947326564769946,0.249868219355696,0.127865337512375,0.5647511518938775,0.9624742268041238,TRAINING_REFERENCE
2022-01-21,13.4644,NORMAL,False,0.1889489201849825,0,LARGE_ABSOLUTE_RETURN,0.0117246735869887,0.09078193075088765,0.089671426926872,0.1889489201849825,0.5422554033835227,0.9525773195876288,TRAINING_REFERENCE
2022-01-24,13.5109,NORMAL,False,0.08633878969727499,0,LARGE_ABSOLUTE_RETURN,0.07062848746795983,0.08215585963990694,0.085672565996348,0.08633878969727499,0.5253948680789338,0.9406185567010309,TRAINING_REFERENCE
2022-01-25,13.4821,NORMAL,False,0.11111678239166604,0,LOCAL_RETURN_SHOCK,0.11111678239166604,0.07391837713048845,0.055620520215451996,0.0532903063452425,0.5313613659890062,0.9472164948453609,TRAINING_REFERENCE
2022-01-26,13.5904,NORMAL,False,0.20082183042701,0,LARGE_ABSOLUTE_RETURN,0.0134808753804052,0.07102361172336315,0.19182414706114198,0.20082183042701,0.5144788135563526,0.9303092783505155,TRAINING_REFERENCE
2022-01-27,13.6469,NORMAL,False,0.343538507213094,0,DRAWDOWN_SHIFT,0.007340587091338,0.04962539638141085,0.343538507213094,0.10393365905345,0.521902034528412,0.9360824742268041,TRAINING_REFERENCE
2022-01-28,13.5203,NORMAL,False,0.23192080252657998,0,LARGE_ABSOLUTE_RETURN,0.18906352587567904,0.081671684353576,0.06773828061097599,0.23192080252657998,0.5235814874792775,0.9377319587628866,TRAINING_REFERENCE
2022-01-31,13.3266,NORMAL,False,0.35816512947198,0,LARGE_ABSOLUTE_RETURN,0.2574957136513981,0.1119543149848523,0.22333032408950398,0.35816512947198,0.5471965153273012,0.9558762886597938,TRAINING_REFERENCE
2022-02-01,13.3612,NORMAL,False,0.14650372318188198,0,DRAWDOWN_SHIFT,0.026395703978741376,0.1157156185301442,0.14650372318188198,0.06490777842810751,0.5175431068541793,0.931958762886598,TRAINING_REFERENCE
2022-02-02,13.4673,NORMAL,False,0.198522587791515,0,LARGE_ABSOLUTE_RETURN,0.14874153429443632,0.11544106326195686,0.14916963046889797,0.198522587791515,0.5193206413518873,0.9344329896907216,TRAINING_REFERENCE
2022-02-03,13.5672,NORMAL,False,0.18544919917132752,0,LARGE_ABSOLUTE_RETURN,0.15132165275310977,0.122731009884605,0.096578550352322,0.18544919917132752,0.5144565745770733,0.9298969072164949,TRAINING_REFERENCE
2022-02-04,13.5595,NORMAL,False,0.1098742699499434,0,VOLATILITY_ACCELERATION,0.006038758624901725,0.1098742699499434,0.04750162075045,0.014188631405152499,0.4985307752811349,0.9212371134020618,TRAINING_REFERENCE
2022-02-07,13.59,NORMAL,False,0.319181808818096,0,DRAWDOWN_SHIFT,0.06137526309444773,0.0441640147373713,0.319181808818096,0.056233636933515,0.5198057273789863,0.9352577319587629,TRAINING_REFERENCE
2022-02-08,13.5614,NORMAL,False,0.24259756311838399,0,DRAWDOWN_SHIFT,0.02585803037358395,0.0554073408373624,0.24259756311838399,0.052612214863865,0.5143668379403703,0.9294845360824743,TRAINING_REFERENCE
2022-02-09,13.5412,NORMAL,False,0.08955024932292,0,DRAWDOWN_SHIFT,0.0134722824682075,0.04756180929331685,0.08955024932292,0.03723804326987,0.5044228307239113,0.9245360824742268,TRAINING_REFERENCE
2022-02-10,13.5115,NORMAL,False,0.09895919452724175,0,LOCAL_RETURN_SHOCK,0.09895919452724175,0.0224712173621104,0.067495925403066,0.054832658848547496,0.5256999695005621,0.9414432989690722,TRAINING_REFERENCE
2022-02-11,13.501,NORMAL,False,0.070888898313814,0,DRAWDOWN_SHIFT,0.022926320529516073,0.02243576324389935,0.070888898313814,0.0194278947563175,0.5222515105743691,0.9364948453608247,TRAINING_REFERENCE
2022-02-14,13.5948,NORMAL,False,0.27926987119860736,0,LOCAL_RETURN_SHOCK,0.27926987119860736,0.04762095371293005,0.00581652498985,0.1736908377157225,0.5166321508340019,0.9311340206185567,TRAINING_REFERENCE
2022-02-15,13.6078,NORMAL,False,0.056226408235228,0,DRAWDOWN_SHIFT,0.014547999338062424,0.0490280763733427,0.056226408235228,0.02390619942919,0.4874645423355602,0.9096907216494845,TRAINING_REFERENCE
2022-02-16,13.6015,NORMAL,False,0.073070095185006,0,DRAWDOWN_SHIFT,0.03163398960865845,0.0490227992829772,0.073070095185006,0.011574244183480001,0.4868948341299356,0.9088659793814433,TRAINING_REFERENCE
2022-02-17,13.5839,NORMAL,False,0.08773258526358799,0,DRAWDOWN_SHIFT,0.08240678044499962,0.04660407157415345,0.08773258526358799,0.0323493732308925,0.49006428808354613,0.9125773195876289,TRAINING_REFERENCE
2022-02-18,13.6522,NORMAL,False,0.18322053718031797,0,DRAWDOWN_SHIFT,0.182633456666197,0.0495532935102119,0.18322053718031797,0.125700277534435,0.49233220540167216,0.9150515463917526,TRAINING_REFERENCE
2022-02-21,13.6754,NORMAL,False,0.097669148787922,0,DRAWDOWN_SHIFT,0.04417835134285875,0.03408950688597225,0.097669148787922,0.04248399525351,0.48751160839371666,0.9101030927835052,TRAINING_REFERENCE
2022-02-22,13.8129,NORMAL,False,0.4227283668355977,0,LOCAL_RETURN_SHOCK,0.4227283668355977,0.0665287998298409,0.24853526571219398,0.2513637626687375,0.506164717526794,0.9265979381443299,TRAINING_REFERENCE
2022-02-23,13.8286,NORMAL,False,0.275194338582344,0,DRAWDOWN_SHIFT,0.003919665624815825,0.06330029001555375,0.275194338582344,0.028415466701412498,0.48371483672989685,0.9055670103092783,TRAINING_REFERENCE
2022-02-24,14.0966,NORMAL,False,0.8115159764956958,0,LOCAL_RETURN_SHOCK,0.8115159764956958,0.1092333198866563,0.6212775754785019,0.484503131191875,0.5482078135411448,0.9571134020618557,TRAINING_REFERENCE
2022-02-25,13.8788,NORMAL,False,0.6087439949539472,0,LOCAL_RETURN_SHOCK,0.6087439949539472,0.1859600217742029,0.274588450562566,0.3862633542840125,0.5260760384556387,0.9418556701030928,TRAINING_REFERENCE
2022-02-28,13.8723,NORMAL,False,0.238598702187858,0,DRAWDOWN_SHIFT,0.0591121293935262,0.18752235961409525,0.238598702187858,0.011708505058075,0.48793718643463924,0.9109278350515464,TRAINING_REFERENCE
2022-03-01,13.9088,NORMAL,False,0.1794451627249818,0,VOLATILITY_ACCELERATION,0.022391405170254175,0.1794451627249818,0.116209322193068,0.0657785659191325,0.4770863072592058,0.897319587628866,TRAINING_REFERENCE
2022-03-02,14.0869,NORMAL,False,0.40124500914977174,0,LOCAL_RETURN_SHOCK,0.40124500914977174,0.19378873972970134,0.313001751016376,0.3201210744277025,0.5074756806104044,0.9278350515463918,TRAINING_REFERENCE
2022-03-03,14.1434,NORMAL,False,0.14928213358595446,0,VOLATILITY_ACCELERATION,0.061830921107085525,0.14928213358595446,0.056711118651048,0.1002704640481575,0.4712985877938487,0.8927835051546392,TRAINING_REFERENCE
2022-03-04,14.2244,NORMAL,False,0.418789799269296,0,DRAWDOWN_SHIFT,0.13071670849818318,0.0717985537722518,0.418789799269296,0.14317632252499,0.4875384007034852,0.9105154639175258,TRAINING_REFERENCE
2022-03-07,14.3929,NORMAL,False,0.6308506061909639,0,DRAWDOWN_SHIFT,0.3394100366397869,0.06724441551208304,0.6308506061909639,0.2961460588847325,0.5232976654893897,0.937319587628866,TRAINING_REFERENCE
2022-03-08,14.5004,NORMAL,False,0.7168867049991839,0,DRAWDOWN_SHIFT,0.15746078461265187,0.05610174676785755,0.7168867049991839,0.1867240097548125,0.5195160143833608,0.9348453608247422,TRAINING_REFERENCE
2022-03-09,14.6594,NORMAL,False,0.69374178264373,0,DRAWDOWN_SHIFT,0.26258476599168035,0.0493958745354998,0.69374178264373,0.27413036881741,0.5321761430012716,0.9476288659793815,TRAINING_REFERENCE
2022-03-10,14.8751,NORMAL,False,0.8866565281404679,0,DRAWDOWN_SHIFT,0.3659842370333075,0.0540019799160664,0.8866565281404679,0.3678527088421075,0.5486864536964188,0.9575257731958763,TRAINING_REFERENCE
2022-03-11,14.7786,ANOMALOUS,True,2.633465876080528,1,DRAWDOWN_SHIFT,0.3758484838549666,0.12883512677150974,2.633465876080528,0.1621837836384275,0.5467270658765842,0.9554639175257732,TRAINING_REFERENCE
2022-03-14,14.7808,ANOMALOUS,True,2.432239576723758,1,DRAWDOWN_SHIFT,0.1402485908547554,0.1985883779189304,2.432239576723758,0.00372159744495,0.49660645758618416,0.9175257731958762,TRAINING_REFERENCE
2022-03-15,14.7037,ANOMALOUS,True,2.198310483820912,1,DRAWDOWN_SHIFT,0.29855462814331035,0.2441193340652891,2.198310483820912,0.1304056613985675,0.4856168768951886,0.908041237113402,TRAINING_REFERENCE
2022-03-16,14.6193,ANOMALOUS,True,1.8921598648143,1,DRAWDOWN_SHIFT,0.2959709064995992,0.23228978232178524,1.8921598648143,0.1435012955922625,0.47648103216880394,0.8969072164948454,TRAINING_REFERENCE
2022-03-17,14.7144,ANOMALOUS,True,1.7586444597068078,1,DRAWDOWN_SHIFT,0.08519784266668888,0.1690133020820233,1.7586444597068078,0.16262748558412,0.461539532346682,0.8853608247422681,TRAINING_REFERENCE
2022-03-18,14.7905,NORMAL,False,0.18006256411435745,0,VOLATILITY_ACCELERATION,0.03405896393574945,0.18006256411435745,0.015999892437697998,0.12929511227097,0.3825370493270127,0.650721649484536,TRAINING_REFERENCE
2022-03-21,14.8331,NORMAL,False,0.20022887683353766,0,VOLATILITY_ACCELERATION,0.03498512858792735,0.20022887683353766,0.070318854999294,0.072005679321185,0.373181231155272,0.5694845360824742,TRAINING_REFERENCE
2022-03-22,14.8285,NORMAL,False,0.17107593730735515,0,VOLATILITY_ACCELERATION,0.13278856717326204,0.17107593730735515,0.16779719127938597,0.0077529309449799995,0.3752572666659902,0.5905154639175257,TRAINING_REFERENCE
2022-03-23,14.8296,NORMAL,False,0.28275440165107596,0,DRAWDOWN_SHIFT,0.10650643532161015,0.13377495025316086,0.28275440165107596,0.0018545368715650046,0.37869690804252765,0.6239175257731959,TRAINING_REFERENCE
2022-03-24,14.8366,NORMAL,False,0.16430141646106797,0,DRAWDOWN_SHIFT,0.0926042212572577,0.1141533710447815,0.16430141646106797,0.0118007228785675,0.3695944478426971,0.5369072164948454,TRAINING_REFERENCE
2022-03-25,14.8317,NORMAL,False,0.09870286372780553,0,LOCAL_RETURN_SHOCK,0.09870286372780553,0.06596829863804085,0.055394585582618,0.0082566086569725,0.37278454210356915,0.5665979381443299,TRAINING_REFERENCE
2022-03-28,14.829,NORMAL,False,0.14424596942293402,0,LOCAL_RETURN_SHOCK,0.14424596942293402,0.0169586966732329,0.005512567982736,0.0045510629260275,0.38569447591248873,0.6758762886597938,TRAINING_REFERENCE
2022-03-29,14.5738,NORMAL,False,0.8427758800033422,0,LOCAL_RETURN_SHOCK,0.8427758800033422,0.39717874534733133,0.342451479317786,0.43023804706992996,0.4403571294981437,0.8564948453608248,TRAINING_REFERENCE
2022-03-30,14.6667,NORMAL,False,0.4646399271130696,0,VOLATILITY_ACCELERATION,0.13111773034961302,0.4646399271130696,0.21902373765554198,0.159361319628375,0.37669415544555773,0.6057731958762886,TRAINING_REFERENCE
2022-03-31,14.6724,NORMAL,False,0.4713007048743566,0,VOLATILITY_ACCELERATION,0.05662465135142245,0.4713007048743566,0.220771625064708,0.0097158870093475,0.3724474137851101,0.5604123711340206,TRAINING_REFERENCE
2022-04-01,14.6857,NORMAL,False,0.475698647299679,0,VOLATILITY_ACCELERATION,0.03274726428188585,0.475698647299679,0.19630120133645798,0.022661595921594998,0.37079822544988555,0.5476288659793814,TRAINING_REFERENCE
2022-04-04,14.6795,NORMAL,False,0.47514701438547,0,VOLATILITY_ACCELERATION,0.07051032437206868,0.47514701438547,0.20100705205342997,0.010554484975177499,0.372538558371,0.5624742268041237,TRAINING_REFERENCE
2022-04-05,14.722,NORMAL,False,0.199259164644268,0,DRAWDOWN_SHIFT,0.0689036685690415,0.1449771185458174,0.199259164644268,0.07237984944991,0.3700716903826916,0.5430927835051547,TRAINING_REFERENCE
2022-04-06,14.7139,NORMAL,False,0.09276292402935955,0,VOLATILITY_ACCELERATION,0.04968708999210905,0.09276292402935955,0.063461758240278,0.013754924602632501,0.3635949718283187,0.47463917525773197,TRAINING_REFERENCE
2022-04-07,14.7429,NORMAL,False,0.1100822832652371,0,VOLATILITY_ACCELERATION,0.07066069258283603,0.1100822832652371,0.094789278727542,0.0492731362860975,0.35756675048072684,0.40371134020618554,TRAINING_REFERENCE
2022-04-08,14.7443,NORMAL,False,0.11404334922729965,0,VOLATILITY_ACCELERATION,0.025065292577482925,0.11404334922729965,0.07878938628983799,0.002374024106521766,0.3541611515843563,0.34845360824742266,TRAINING_REFERENCE
2022-04-11,14.6631,NORMAL,False,0.2664559457457122,0,LOCAL_RETURN_SHOCK,0.2664559457457122,0.24196739455337835,0.022050271930945997,0.1376803239217875,0.3614662882829115,0.45443298969072166,TRAINING_REFERENCE
2022-04-12,14.6013,NORMAL,False,0.23059392217856886,0,VOLATILITY_ACCELERATION,0.18366326275576006,0.23059392217856886,0.162284623296646,0.10536653231580999,0.36871635529329805,0.5282474226804124,TRAINING_REFERENCE
2022-04-13,14.6003,NORMAL,False,0.23731096309530555,0,VOLATILITY_ACCELERATION,0.012974673171958525,0.23731096309530555,0.152738468985084,0.0017121763130678591,0.35781664390324885,0.4057731958762887,TRAINING_REFERENCE
2022-04-14,14.6048,NORMAL,False,0.20901258815329696,0,VOLATILITY_ACCELERATION,0.018035891709869575,0.20901258815329696,0.18567942400387596,0.007705321123534999,0.36142146832328526,0.4536082474226804,TRAINING_REFERENCE
2022-04-15,14.6352,NORMAL,False,0.2454639447990964,0,VOLATILITY_ACCELERATION,0.1282172259540581,0.2454639447990964,0.14668808949183598,0.05203768624014,0.35601427822534215,0.37896907216494846,TRAINING_REFERENCE
2022-04-18,14.64,NORMAL,False,0.1779181564649004,0,VOLATILITY_ACCELERATION,0.0456933499949629,0.1779181564649004,0.031058614732,0.008199409642504998,0.3476462657826812,0.2420618556701031,TRAINING_REFERENCE
2022-04-19,14.6554,NORMAL,False,0.09300569896002822,0,LOCAL_RETURN_SHOCK,0.09300569896002822,0.0651055466153815,0.072739006796592,0.026297814207647503,0.35667295924336284,0.3872164948453608,TRAINING_REFERENCE
2022-04-20,14.6728,NORMAL,False,0.097478336280094,0,DRAWDOWN_SHIFT,0.09636675536272753,0.05632459626706275,0.097478336280094,0.029681891998854997,0.3582388421406728,0.41237113402061853,TRAINING_REFERENCE
2022-04-21,14.7041,NORMAL,False,0.14452074137291582,0,LOCAL_RETURN_SHOCK,0.14452074137291582,0.05862268010254725,0.133511707484322,0.0533299711029925,0.35991920563051755,0.4383505154639175,TRAINING_REFERENCE
2022-04-22,14.7517,NORMAL,False,0.198642540138358,0,LOCAL_RETURN_SHOCK,0.198642540138358,0.08872487611442985,0.15663760243628597,0.08092980869281251,0.3571235277812655,0.3958762886597938,TRAINING_REFERENCE
2022-04-25,14.7686,NORMAL,False,0.172906400629238,0,DRAWDOWN_SHIFT,0.07478629195158082,0.07845843303657855,0.172906400629238,0.028640766826874997,0.3549173467739606,0.3579381443298969,TRAINING_REFERENCE
2022-04-26,14.8077,NORMAL,False,0.204771732627006,0,DRAWDOWN_SHIFT,0.15083339695866096,0.07626541690263855,0.204771732627006,0.06618772260065,0.36650208841068216,0.5063917525773196,TRAINING_REFERENCE
2022-04-27,14.8168,NORMAL,False,0.19361214378390798,0,DRAWDOWN_SHIFT,0.018384198350926924,0.0904809575634082,0.19361214378390798,0.01536362838253,0.35700441581725373,0.39298969072164947,TRAINING_REFERENCE
2022-04-28,14.7915,NORMAL,False,0.2586813235475199,0,LOCAL_RETURN_SHOCK,0.2586813235475199,0.16445875618064976,0.11751181504661799,0.0426880298040075,0.3530264661492967,0.32824742268041235,TRAINING_REFERENCE
2022-04-29,14.8562,NORMAL,False,0.4505962571389434,0,LOCAL_RETURN_SHOCK,0.4505962571389434,0.19290612996567544,0.14050325712095998,0.1093533448264175,0.35629901306986683,0.38309278350515463,TRAINING_REFERENCE
2022-05-02,14.8784,NORMAL,False,0.192508718112608,0,VOLATILITY_ACCELERATION,0.0963424727256586,0.192508718112608,0.143192314673514,0.037358140035807494,0.34456695842177687,0.18721649484536082,TRAINING_REFERENCE
2022-05-03,14.7987,NORMAL,False,0.6366985132919135,0,LOCAL_RETURN_SHOCK,0.6366985132919135,0.3067245083788538,0.016513936304276,0.13391896978169499,0.3738249355318784,0.5748453608247422,TRAINING_REFERENCE
2022-05-04,14.7399,NORMAL,False,0.39783297985156946,0,LOCAL_RETURN_SHOCK,0.39783297985156946,0.3329671774803378,0.107789905239054,0.0993330495246175,0.3665290216937409,0.5068041237113402,TRAINING_REFERENCE
2022-05-05,14.8667,NORMAL,False,0.7537966152158793,0,LOCAL_RETURN_SHOCK,0.7537966152158793,0.4808926103043288,0.096675108116384,0.21506251738478246,0.3754454665259363,0.5925773195876288,TRAINING_REFERENCE
2022-05-06,14.953,NORMAL,False,0.4992312999963529,0,VOLATILITY_ACCELERATION,0.397108636835972,0.4992312999963529,0.025411593871637998,0.14512299299776998,0.3561787060972372,0.3822680412371134,TRAINING_REFERENCE
2022-05-09,15.0973,NORMAL,False,0.6221175015613369,0,LOCAL_RETURN_SHOCK,0.6221175015613369,0.5827971575880915,0.0,0.24125593526382746,0.3755504426832819,0.5938144329896907,TRAINING_REFERENCE
2022-05-10,15.2561,NORMAL,False,0.594689866283827,0,LOCAL_RETURN_SHOCK,0.594689866283827,0.4771451429756945,0.10713517582535599,0.26296092678822997,0.38563322363990027,0.6750515463917526,TRAINING_REFERENCE
2022-05-11,15.3022,NORMAL,False,0.24848773649752295,0,VOLATILITY_ACCELERATION,0.0503174367916499,0.24848773649752295,0.18617593289600798,0.07554355307057249,0.3725254798598592,0.5620618556701031,TRAINING_REFERENCE
2022-05-12,15.3562,NORMAL,False,0.27875415179882945,0,VOLATILITY_ACCELERATION,0.07258512207266413,0.27875415179882945,0.015727497580384,0.08822260851380999,0.3624865439811033,0.46144329896907216,TRAINING_REFERENCE
2022-05-13,15.4792,NORMAL,False,0.34227873619735716,0,LOCAL_RETURN_SHOCK,0.34227873619735716,0.2794671589460554,0.0,0.2002448522420925,0.37678315657401884,0.6065979381443299,TRAINING_REFERENCE
2022-05-16,15.56,NORMAL,False,0.2539244098052933,0,VOLATILITY_ACCELERATION,0.14341003850547165,0.2539244098052933,0.0,0.13049770013953998,0.3693447688496008,0.5344329896907216,TRAINING_REFERENCE
2022-05-17,15.9107,ANOMALOUS,True,1.1646442653686664,1,LOCAL_RETURN_SHOCK,1.1646442653686664,0.605984062686517,0.0,0.5634640102827749,0.4558437523121732,0.876701030927835,TRAINING_REFERENCE
2022-05-18,15.95,NORMAL,False,0.613328299058208,0,VOLATILITY_ACCELERATION,0.06933235646188594,0.613328299058208,0.0,0.061750897194967506,0.38733803738262895,0.688659793814433,TRAINING_REFERENCE
2022-05-19,15.8538,NORMAL,False,0.8153593994785538,0,VOLATILITY_ACCELERATION,0.4279910149637375,0.8153593994785538,0.12062695924764799,0.15078369905956,0.41344789292113954,0.7909278350515464,TRAINING_REFERENCE
2022-05-20,15.9051,NORMAL,False,0.8763466426712735,0,VOLATILITY_ACCELERATION,0.021704313937566024,0.8763466426712735,0.056300940438870004,0.08089543200999,0.3924054415091612,0.7158762886597938,TRAINING_REFERENCE
2022-05-23,15.9263,NORMAL,False,0.8918440825260904,0,VOLATILITY_ACCELERATION,0.09616486244954105,0.8918440825260904,0.029717868338556,0.0333226449377875,0.38903139476300985,0.7014432989690722,TRAINING_REFERENCE
2022-05-24,16.064,NORMAL,False,0.43764034454211426,0,VOLATILITY_ACCELERATION,0.18975919613072711,0.43764034454211426,0.0,0.2161518996879375,0.3737790195065284,0.5736082474226805,TRAINING_REFERENCE
2022-05-25,16.3832,NORMAL,False,0.7671411166033278,0,VOLATILITY_ACCELERATION,0.6095534973743878,0.7671411166033278,0.0,0.49676294820716754,0.43015435247798206,0.8367010309278351,TRAINING_REFERENCE
2022-05-26,16.3659,NORMAL,False,0.6615909808577148,0,VOLATILITY_ACCELERATION,0.20949113853501908,0.6615909808577148,0.099507763974444,0.026398994091504997,0.3934977695191565,0.7220618556701031,TRAINING_REFERENCE
2022-05-27,16.1993,NORMAL,False,0.8672340517245531,0,VOLATILITY_ACCELERATION,0.5251835769237224,0.8672340517245531,0.16819732607804597,0.25449257297184746,0.4180281017481069,0.8049484536082474,TRAINING_REFERENCE
2022-05-30,16.38,NORMAL,False,0.8950451438692839,0,VOLATILITY_ACCELERATION,0.2111769920006753,0.8950451438692839,0.02581142759438,0.27887007463285246,0.40429281246272447,0.7645360824742268,TRAINING_REFERENCE
2022-05-31,16.4148,NORMAL,False,0.8964053117309502,0,VOLATILITY_ACCELERATION,0.0836865370570745,0.8964053117309502,0.0,0.053113553113552495,0.39246537401393666,0.7162886597938144,TRAINING_REFERENCE
2022-06-01,16.4018,NORMAL,False,0.6032919717496015,0,VOLATILITY_ACCELERATION,0.19247122250083495,0.6032919717496015,0.015839364475958,0.0197992055949475,0.37121386514590377,0.5517525773195876,TRAINING_REFERENCE
2022-06-02,16.4566,NORMAL,False,0.6306643292389558,0,VOLATILITY_ACCELERATION,0.0667616258435395,0.6306643292389558,0.021119195273203998,0.083527417722445,0.36789380899818824,0.5187628865979381,TRAINING_REFERENCE
2022-06-03,16.4174,NORMAL,False,0.43426773268287844,0,VOLATILITY_ACCELERATION,0.246075286253301,0.43426773268287844,0.176857806154508,0.059550575453010006,0.3726721963522009,0.5645360824742268,TRAINING_REFERENCE
2022-06-06,16.5859,NORMAL,False,0.3985816326927563,0,VOLATILITY_ACCELERATION,0.1779337823715204,0.3985816326927563,0.003906440744176,0.256587522993895,0.3743273178678573,0.5802061855670103,TRAINING_REFERENCE
2022-06-07,16.7654,NORMAL,False,0.4954912033043786,0,VOLATILITY_ACCELERATION,0.19432498075482518,0.4954912033043786,0.0,0.270561139280955,0.3853869272170826,0.6734020618556701,TRAINING_REFERENCE
2022-06-08,17.1627,NORMAL,False,0.7320928253024694,0,VOLATILITY_ACCELERATION,0.6043671346310385,0.7320928253024694,0.015839364475958,0.5924403831701,0.45436049779871507,0.8754639175257732,TRAINING_REFERENCE
2022-06-09,17.2662,NORMAL,False,0.7077673127370626,0,VOLATILITY_ACCELERATION,0.006744010912680825,0.7077673127370626,0.0,0.15076299183695,0.4165758389574532,0.8008247422680412,TRAINING_REFERENCE
2022-06-10,17.125,NORMAL,False,0.8400565919054769,0,VOLATILITY_ACCELERATION,0.39716814934633476,0.8400565919054769,0.11591608363684999,0.2044456799990725,0.4348323014965763,0.842061855670103,TRAINING_REFERENCE
2022-06-13,17.271,NORMAL,False,0.8316981993876135,0,VOLATILITY_ACCELERATION,0.09099716128702424,0.8316981993876135,0.0,0.21313868613138498,0.41337013613858087,0.7901030927835051,TRAINING_REFERENCE
2022-06-14,17.2711,NORMAL,False,0.860598037951061,0,VOLATILITY_ACCELERATION,0.13968856466245794,0.860598037951061,0.0,0.00014475131723812318,0.40652614998391773,0.7711340206185567,TRAINING_REFERENCE
2022-06-15,17.2215,NORMAL,False,0.489704663380666,0,VOLATILITY_ACCELERATION,0.20496439284070928,0.489704663380666,0.057436990116438,0.0717962376455475,0.3827074234973321,0.6511340206185567,TRAINING_REFERENCE
2022-06-16,17.3002,NORMAL,False,0.4706824883269537,0,VOLATILITY_ACCELERATION,0.01988962436454025,0.4706824883269537,0.0,0.11424672647563,0.37589504852707184,0.5991752577319588,TRAINING_REFERENCE
2022-06-17,17.3156,NORMAL,False,0.3209358664326878,0,VOLATILITY_ACCELERATION,0.10498135425295925,0.3209358664326878,0.163556543999258,0.0222540779875375,0.375218855947606,0.5896907216494846,TRAINING_REFERENCE
2022-06-20,17.3282,NORMAL,False,0.19342829328464484,0,VOLATILITY_ACCELERATION,0.1059054892709077,0.19342829328464484,0.0,0.018191688419687498,0.3725431872310826,0.5628865979381443,TRAINING_REFERENCE
2022-06-21,17.3358,NORMAL,False,0.2071939832073117,0,VOLATILITY_ACCELERATION,0.11343247329397706,0.2071939832073117,0.0,0.0109647857250025,0.37098458322041256,0.5484536082474227,TRAINING_REFERENCE
2022-06-22,17.3456,NORMAL,False,0.13836798503885575,0,VOLATILITY_ACCELERATION,0.09778248742244584,0.13836798503885575,0.057436990116438,0.0141326042063275,0.3719266736918645,0.5571134020618557,TRAINING_REFERENCE
2022-06-23,17.3501,NORMAL,False,0.08723543949555818,0,LOCAL_RETURN_SHOCK,0.08723543949555818,0.01930439530091565,0.0,0.006485794668385,0.3902993871164598,0.7072164948453609,TRAINING_REFERENCE
2022-06-24,16.8875,NORMAL,False,0.9879636681591876,0,LOCAL_RETURN_SHOCK,0.9879636681591876,0.8200605461657877,0.533253410643168,0.66656676330396,0.49778742823247724,0.9195876288659793,TRAINING_REFERENCE
2022-06-27,16.5309,NORMAL,False,0.94431732381946,0,DRAWDOWN_SHIFT,0.604103260388438,0.841577939225781,0.94431732381946,0.527905255366395,0.5095488021752339,0.9282474226804124,TRAINING_REFERENCE
2022-06-28,16.6728,NORMAL,False,0.9514197471071536,0,VOLATILITY_ACCELERATION,0.18904339627997147,0.9514197471071536,0.7807447795689939,0.21459811625501,0.47898495319944984,0.8997938144329897,TRAINING_REFERENCE
2022-06-29,16.6478,NORMAL,False,0.9350114247795271,0,VOLATILITY_ACCELERATION,0.053952948214969425,0.9350114247795271,0.8095630572734439,0.0374862050765275,0.47482509649320187,0.8960824742268041,TRAINING_REFERENCE
2022-06-30,16.6919,NORMAL,False,0.957645861179304,0,VOLATILITY_ACCELERATION,0.04267624423122425,0.957645861179304,0.758727615402794,0.0662249666622575,0.4694178636461449,0.8907216494845361,TRAINING_REFERENCE
2022-07-01,16.7427,NORMAL,False,0.7115744310131763,0,VOLATILITY_ACCELERATION,0.0526170762392624,0.7115744310131763,0.16691546446418,0.0760848076012875,0.40156374071461104,0.7542268041237113,TRAINING_REFERENCE
2022-07-04,16.8367,NORMAL,False,0.352505172880848,0,DRAWDOWN_SHIFT,0.1058968839544665,0.2342545603286539,0.352505172880848,0.1403596791437475,0.3954361622235641,0.728659793814433,TRAINING_REFERENCE
2022-07-05,16.9942,NORMAL,False,0.37048777816842393,0,DRAWDOWN_SHIFT,0.20078262435359753,0.2503681819134493,0.37048777816842393,0.2338641182654525,0.39554081752746434,0.7290721649484536,TRAINING_REFERENCE
2022-07-06,17.232,NORMAL,False,0.6734255133976159,0,DRAWDOWN_SHIFT,0.3134330487298416,0.29349743859475785,0.6734255133976159,0.3498252344917675,0.42186698029316266,0.8169072164948453,TRAINING_REFERENCE
2022-07-07,17.2726,NORMAL,False,0.669390954518996,0,DRAWDOWN_SHIFT,0.0546572352671859,0.29786009941937935,0.669390954518996,0.0589020427112325,0.39344467981567516,0.7212371134020619,TRAINING_REFERENCE
2022-07-08,17.289,NORMAL,False,0.6297370043976699,0,DRAWDOWN_SHIFT,0.0231739265629554,0.3273856026057761,0.6297370043976699,0.023737017009599997,0.388671190200538,0.6985567010309278,TRAINING_REFERENCE
2022-07-11,17.3744,NORMAL,False,0.591812150938612,0,DRAWDOWN_SHIFT,0.11793264566080072,0.3296312315169006,0.591812150938612,0.1234889235930325,0.38609329667438125,0.6795876288659793,TRAINING_REFERENCE
2022-07-12,17.2915,NORMAL,False,0.4198073282098347,0,VOLATILITY_ACCELERATION,0.13822873591727072,0.4198073282098347,0.314829245621952,0.1192846947232725,0.3685333356030811,0.5257731958762887,TRAINING_REFERENCE
2022-07-13,17.4303,NORMAL,False,0.2918283203480415,0,VOLATILITY_ACCELERATION,0.21275405613602627,0.2918283203480415,0.136137543875828,0.200676633027785,0.35705774163765647,0.39505154639175255,TRAINING_REFERENCE
2022-07-14,17.4493,NORMAL,False,0.2935403922236349,0,VOLATILITY_ACCELERATION,0.011759810295586376,0.2935403922236349,0.08933666088379799,0.027251395558312498,0.34746402912511226,0.23917525773195877,TRAINING_REFERENCE
2022-07-15,17.405,NORMAL,False,0.318727570093769,0,VOLATILITY_ACCELERATION,0.08002306587306204,0.318727570093769,0.019656194894602,0.06346959476884251,0.3495151199680515,0.2758762886597938,TRAINING_REFERENCE
2022-07-18,17.4615,NORMAL,False,0.30421555264338623,0,VOLATILITY_ACCELERATION,0.07812013035024197,0.30421555264338623,0.0,0.0811548405630575,0.34602745526055256,0.21525773195876288,TRAINING_REFERENCE
2022-07-19,17.5517,NORMAL,False,0.24354901430761075,0,VOLATILITY_ACCELERATION,0.12537587448919812,0.24354901430761075,0.09542775577861799,0.1291412536150925,0.3520829769747009,0.31463917525773194,TRAINING_REFERENCE
2022-07-20,17.6228,NORMAL,False,0.18477835300145445,0,VOLATILITY_ACCELERATION,0.0890764059614716,0.18477835300145445,0.0,0.1012722414353,0.3533243709514954,0.3323711340206186,TRAINING_REFERENCE
2022-07-21,17.7149,NORMAL,False,0.1960647368005104,0,VOLATILITY_ACCELERATION,0.11502819121507157,0.1960647368005104,0.0,0.13065460653244249,0.3566630077322856,0.3868041237113402,TRAINING_REFERENCE
2022-07-22,17.7289,NORMAL,False,0.11085818585801195,0,VOLATILITY_ACCELERATION,0.007684866191077325,0.11085818585801195,0.050775675815074,0.019757379381194998,0.35865649247340525,0.4197938144329897,TRAINING_REFERENCE
2022-07-25,17.8005,NORMAL,False,0.1099932768415781,0,VOLATILITY_ACCELERATION,0.05620836500401935,0.1099932768415781,0.0,0.10096509089678,0.3625122273813957,0.4618556701030928,TRAINING_REFERENCE
2022-07-26,17.8623,NORMAL,False,0.10146152745631365,0,VOLATILITY_ACCELERATION,0.01409985317828885,0.10146152745631365,0.0,0.08679531473835249,0.36303521835795427,0.46762886597938147,TRAINING_REFERENCE
2022-07-27,17.89,NORMAL,False,0.11459507484577845,0,LOCAL_RETURN_SHOCK,0.11459507484577845,0.1124468672368596,0.0,0.0387688035695275,0.35535079370046097,0.36577319587628865,TRAINING_REFERENCE
2022-07-28,17.9301,NORMAL,False,0.08509930468428648,0,LOCAL_RETURN_SHOCK,0.08509930468428648,0.0830522641139754,0.0,0.056036892118497494,0.35854622046096396,0.417319587628866,TRAINING_REFERENCE
2022-07-29,17.8963,NORMAL,False,0.3394812038109831,0,LOCAL_RETURN_SHOCK,0.3394812038109831,0.14385631642842855,0.037701964852398,0.0471274560654975,0.36408489912284575,0.4812371134020619,TRAINING_REFERENCE
2022-08-01,17.8957,NORMAL,False,0.20041213826908472,0,LOCAL_RETURN_SHOCK,0.20041213826908472,0.1294083250259758,0.038371230500663996,0.0008381620781927612,0.3515764936141391,0.30721649484536084,TRAINING_REFERENCE
2022-08-02,17.9369,NORMAL,False,0.11209973576980754,0,VOLATILITY_ACCELERATION,0.04482048174055502,0.11209973576980754,0.0,0.057555725677115,0.3477390459754195,0.24371134020618557,TRAINING_REFERENCE
2022-08-03,17.924,NORMAL,False,0.2155060276872992,0,LOCAL_RETURN_SHOCK,0.2155060276872992,0.1156837313828662,0.014383756390457999,0.0179796954880725,0.35172582597731716,0.3101030927835052,TRAINING_REFERENCE
2022-08-04,17.9173,NORMAL,False,0.19380168311898954,0,LOCAL_RETURN_SHOCK,0.19380168311898954,0.09588196349666644,0.021854389554494,0.009345012274045,0.3536136398877601,0.3377319587628866,TRAINING_REFERENCE
2022-08-05,17.9111,NORMAL,False,0.1777192666873376,0,LOCAL_RETURN_SHOCK,0.1777192666873376,0.07639585570175934,0.008934452071482,0.008650856992959999,0.3559867050030616,0.3785567010309278,TRAINING_REFERENCE
2022-08-08,17.9482,NORMAL,False,0.0922542336439826,0,VOLATILITY_ACCELERATION,0.0239603969463215,0.0922542336439826,0.038371230500663996,0.05178353088308,0.3518758274104721,0.31216494845360826,TRAINING_REFERENCE
2022-08-09,17.9694,NORMAL,False,0.08011811851197714,0,VOLATILITY_ACCELERATION,0.037208548128772,0.08011811851197714,0.0,0.029529423563367498,0.35126304829880994,0.302680412371134,TRAINING_REFERENCE
2022-08-10,17.8566,NORMAL,False,0.7829700540396133,0,LOCAL_RETURN_SHOCK,0.7829700540396133,0.21472722938001415,0.11116300643968599,0.15693345353768,0.4002173127009127,0.7488659793814433,TRAINING_REFERENCE
2022-08-11,17.9495,NORMAL,False,0.3546416913351709,0,LOCAL_RETURN_SHOCK,0.3546416913351709,0.2808228449253776,0.00029437445543399696,0.13006395394419748,0.3544652472510586,0.35175257731958764,TRAINING_REFERENCE
2022-08-12,17.9542,NORMAL,False,0.2796211114464294,0,VOLATILITY_ACCELERATION,0.09799643259124563,0.2796211114464294,0.011849863888911998,0.0065461433466075,0.34379349732071063,0.16494845360824742,TRAINING_REFERENCE
2022-08-15,17.9724,NORMAL,False,0.27472483469427056,0,VOLATILITY_ACCELERATION,0.048351924079438724,0.27472483469427056,0.0,0.025342259749805,0.34276910271035943,0.1377319587628866,TRAINING_REFERENCE
2022-08-16,17.9548,NORMAL,False,0.2758583700347307,0,VOLATILITY_ACCELERATION,0.21741349491334805,0.2758583700347307,0.019585586788632,0.02448198348579,0.3484274919205845,0.2556701030927835,TRAINING_REFERENCE
2022-08-17,17.9614,NORMAL,False,0.16619013241796685,0,VOLATILITY_ACCELERATION,0.0715938744412056,0.16619013241796685,0.113305771087252,0.0091897431327575,0.3486684247838225,0.26309278350515464,TRAINING_REFERENCE
2022-08-18,18.0848,NORMAL,False,0.5665096162373997,0,LOCAL_RETURN_SHOCK,0.5665096162373997,0.2159599793485221,0.022148764009927997,0.1717572126894325,0.36754833621151,0.5154639175257731,TRAINING_REFERENCE
2022-08-19,18.0917,NORMAL,False,0.2203750706956222,0,VOLATILITY_ACCELERATION,0.05914193287370927,0.2203750706956222,0.016917648892004,0.009538396885777501,0.3423930598979603,0.12783505154639174,TRAINING_REFERENCE
2022-08-22,18.0851,NORMAL,False,0.23221844977422584,0,VOLATILITY_ACCELERATION,0.124439287213936,0.23221844977422584,0.00729616343406,0.009120204292575,0.3420623881823947,0.12041237113402062,TRAINING_REFERENCE
2022-08-23,18.1129,NORMAL,False,0.21387121417406524,0,VOLATILITY_ACCELERATION,0.06861431874392282,0.21387121417406524,0.019585586788632,0.0384294253280275,0.3419821246689646,0.11835051546391752,TRAINING_REFERENCE
2022-08-24,18.1457,NORMAL,False,0.2066967086812113,0,VOLATILITY_ACCELERATION,0.1055727482952786,0.2066967086812113,0.012240991742892,0.0452716020074125,0.3430296871001403,0.1463917525773196,TRAINING_REFERENCE
2022-08-25,18.1663,NORMAL,False,0.06480487988170675,0,VOLATILITY_ACCELERATION,0.0400444230159149,0.06480487988170675,0.0,0.0283813796105925,0.34909488874840133,0.2705154639175258,TRAINING_REFERENCE
2022-08-26,18.1894,NORMAL,False,0.06195259756048505,0,VOLATILITY_ACCELERATION,0.05872024323659743,0.06195259756048505,0.0,0.031789632451295,0.34849425021266855,0.2581443298969072,TRAINING_REFERENCE
2022-08-29,18.1993,NORMAL,False,0.0353191240627759,0,VOLATILITY_ACCELERATION,0.026649613531723175,0.0353191240627759,0.00729616343406,0.013606825953575,0.35544681152964164,0.36907216494845363,TRAINING_REFERENCE
2022-08-30,18.2148,NORMAL,False,0.03581841933226265,0,VOLATILITY_ACCELERATION,0.0007023475674214,0.03581841933226265,0.0,0.0212920277153525,0.35486506389263045,0.35670103092783506,TRAINING_REFERENCE
2022-08-31,18.2064,NORMAL,False,0.12254542333722905,0,LOCAL_RETURN_SHOCK,0.12254542333722905,0.05793366344299585,0.009223268990052,0.011529086237565,0.3507119332527102,0.29237113402061854,TRAINING_REFERENCE
2022-09-01,18.2107,NORMAL,False,0.0552584930624643,0,VOLATILITY_ACCELERATION,0.05469100505317547,0.0552584930624643,0.004501833673716,0.00590451709289,0.34877103335800635,0.26597938144329897,TRAINING_REFERENCE
2022-09-02,18.2191,NORMAL,False,0.0424377658255214,0,VOLATILITY_ACCELERATION,0.035454741073598674,0.0424377658255214,0.0,0.011531681923265,0.3535873652796063,0.337319587628866,TRAINING_REFERENCE
2022-09-05,18.2251,NORMAL,False,0.05298627665145383,0,LOCAL_RETURN_SHOCK,0.05298627665145383,0.04177766284337845,0.0,0.008233117991555,0.35335044952580597,0.3336082474226804,TRAINING_REFERENCE
2022-09-06,18.2302,NORMAL,False,0.0494872034888904,0,LOCAL_RETURN_SHOCK,0.0494872034888904,0.0316794467433483,0.0,0.006995846387675,0.35604771423107934,0.3797938144329897,TRAINING_REFERENCE
2022-09-07,18.2348,NORMAL,False,0.04770358389360053,0,LOCAL_RETURN_SHOCK,0.04770358389360053,0.00796227235478245,0.009223268990052,0.006308213842962499,0.3597007493228549,0.4350515463917526,TRAINING_REFERENCE
2022-09-08,18.2354,NORMAL,False,0.137505904342308,0,LOCAL_RETURN_SHOCK,0.137505904342308,0.01369141538310185,0.004501833673716,0.0008226029350466568,0.3618791437969485,0.45690721649484534,TRAINING_REFERENCE
2022-09-09,18.24,NORMAL,False,0.0853356647682163,0,LOCAL_RETURN_SHOCK,0.0853356647682163,0.0100560432799611,0.0,0.00630641499501,0.36029321665657926,0.44247422680412374,TRAINING_REFERENCE
2022-09-12,18.2352,NORMAL,False,0.16678856470988818,0,LOCAL_RETURN_SHOCK,0.16678856470988818,0.0203816118623267,0.005263157894735999,0.006578947368419999,0.36254831397139536,0.4622680412371134,TRAINING_REFERENCE
2022-09-13,18.255,NORMAL,False,0.05613960975489887,0,LOCAL_RETURN_SHOCK,0.05613960975489887,0.04415198158586285,0.0,0.027145301395102503,0.3530397812924986,0.3290721649484536,TRAINING_REFERENCE
2022-09-14,18.2448,NORMAL,False,0.2246108549985672,0,LOCAL_RETURN_SHOCK,0.2246108549985672,0.05502151361441335,0.011175020542314,0.0139687756778925,0.35576879242306286,0.3748453608247423,TRAINING_REFERENCE
2022-09-15,18.2711,NORMAL,False,0.10435832284303538,0,LOCAL_RETURN_SHOCK,0.10435832284303538,0.07536019307587705,0.0,0.036037665526615,0.3484531710148801,0.2569072164948454,TRAINING_REFERENCE
2022-09-16,18.2628,NORMAL,False,0.35081654112873306,0,LOCAL_RETURN_SHOCK,0.35081654112873306,0.1069821106186827,0.009085386211013999,0.0113567327637675,0.3535755648560565,0.33690721649484534,TRAINING_REFERENCE
2022-09-19,18.2802,NORMAL,False,0.16679158904423014,0,LOCAL_RETURN_SHOCK,0.16679158904423014,0.1428057061822124,0.005263157894735999,0.023818910572315,0.34216000296037996,0.1220618556701031,TRAINING_REFERENCE
2022-09-20,18.3132,NORMAL,False,0.4519282029410006,0,LOCAL_RETURN_SHOCK,0.4519282029410006,0.17370664378417405,0.0,0.0451307972560425,0.35116338752220627,0.3002061855670103,TRAINING_REFERENCE
2022-09-21,18.3347,NORMAL,False,0.2153913023508426,0,LOCAL_RETURN_SHOCK,0.2153913023508426,0.1391948760347558,0.011175020542314,0.029350413909095,0.3444354746807921,0.18268041237113403,TRAINING_REFERENCE
2022-09-22,18.3371,NORMAL,False,0.1430716301178825,0,VOLATILITY_ACCELERATION,0.14286963032367433,0.1430716301178825,0.0,0.0032724833239674996,0.3422861947557433,0.12536082474226803,TRAINING_REFERENCE
2022-09-23,18.418,ANOMALOUS,True,1.4777513730709426,1,LOCAL_RETURN_SHOCK,1.4777513730709426,0.26129661663823894,0.009085386211013999,0.110295521102025,0.40027633679819846,0.7496907216494846,TRAINING_REFERENCE
2022-09-26,18.4774,NORMAL,False,0.5924210293369406,0,LOCAL_RETURN_SHOCK,0.5924210293369406,0.2736723234611629,0.0,0.0806276468671925,0.3550676687297952,0.36082474226804123,TRAINING_REFERENCE
2022-09-27,18.4431,NORMAL,False,0.5268927143370136,0,LOCAL_RETURN_SHOCK,0.5268927143370136,0.4219048462642291,0.037126435537463996,0.046408044421830004,0.357908273816084,0.40783505154639177,TRAINING_REFERENCE
2022-09-28,18.5488,NORMAL,False,0.93108211780343,0,LOCAL_RETURN_SHOCK,0.93108211780343,0.6243813600519555,0.0,0.143278516084605,0.38031488648555933,0.636701030927835,TRAINING_REFERENCE
2022-09-29,18.5075,NORMAL,False,0.7231834902172698,0,VOLATILITY_ACCELERATION,0.449386005388065,0.7231834902172698,0.044531182610194,0.055663978262742504,0.36715192843644745,0.511340206185567,TRAINING_REFERENCE
2022-09-30,18.502,NORMAL,False,0.6776144987242566,0,VOLATILITY_ACCELERATION,0.14644941206569959,0.6776144987242566,0.050461485379108,0.0074294205052025004,0.3483737773516332,0.25443298969072164,TRAINING_REFERENCE
2022-10-03,18.5568,NORMAL,False,0.679334902248056,0,VOLATILITY_ACCELERATION,0.2872391641850063,0.679334902248056,0.0,0.074046049075775,0.3511732215203626,0.30061855670103094,TRAINING_REFERENCE
2022-10-04,18.5681,NORMAL,False,0.644530725367868,0,VOLATILITY_ACCELERATION,0.03757792974662048,0.644530725367868,0.037126435537463996,0.015223529918955,0.34588446138890505,0.2131958762886598,TRAINING_REFERENCE
2022-10-05,18.594,NORMAL,False,0.4370061473631929,0,VOLATILITY_ACCELERATION,0.060526782916722977,0.4370061473631929,0.0,0.034871634685295,0.3354696780415392,0.00865979381443299,TRAINING_REFERENCE
2022-10-06,18.584,NORMAL,False,0.3194170333941064,0,VOLATILITY_ACCELERATION,0.19375229438793634,0.3194170333941064,0.033775024709794,0.0134451973755,0.3372551828767935,0.02597938144329897,TRAINING_REFERENCE
2022-10-07,18.616,NORMAL,False,0.29969107331579586,0,VOLATILITY_ACCELERATION,0.09787351212381867,0.29969107331579586,0.050461485379108,0.0430477830391725,0.33747295369851504,0.029690721649484535,TRAINING_REFERENCE
2022-10-10,18.5806,NORMAL,False,0.3703304829560396,0,LOCAL_RETURN_SHOCK,0.3703304829560396,0.33996666154581595,0.038031800601632,0.04753975075204,0.3478426348250122,0.24701030927835052,TRAINING_REFERENCE
2022-10-11,18.5902,NORMAL,False,0.3496096494116749,0,VOLATILITY_ACCELERATION,0.05140082066618825,0.3496096494116749,0.0277180919639,0.012916698061414999,0.33434512527369037,0.004536082474226804,TRAINING_REFERENCE
2022-10-12,18.5589,NORMAL,False,0.36082718615431203,0,VOLATILITY_ACCELERATION,0.31441825178392535,0.36082718615431203,0.061345079501501996,0.04209207001538,0.35061847120469636,0.2907216494845361,TRAINING_REFERENCE
2022-10-13,18.553,NORMAL,False,0.37333510920777463,0,VOLATILITY_ACCELERATION,0.13837686102281932,0.37333510920777463,0.05692755503470799,0.007947669312295,0.3420642275048116,0.12082474226804124,TRAINING_REFERENCE
2022-10-14,18.5606,NORMAL,False,0.2805363556101853,0,VOLATILITY_ACCELERATION,0.0420274670699453,0.2805363556101853,0.059518693596903996,0.010240931385757499,0.3430996986124216,0.14927835051546393,TRAINING_REFERENCE
2022-10-17,18.5815,NORMAL,False,0.27058404799587116,0,VOLATILITY_ACCELERATION,0.03722892462006872,0.27058404799587116,0.0009669101847860004,0.02815102960033,0.3378441036890786,0.03505154639175258,TRAINING_REFERENCE
2022-10-18,18.5829,NORMAL,False,0.2661791798318818,0,VOLATILITY_ACCELERATION,0.0879927428306616,0.2661791798318818,0.007842715943275999,0.0018835938971561994,0.33816751004999174,0.04164948453608248,TRAINING_REFERENCE
2022-10-19,18.5791,NORMAL,False,0.14822186362848724,0,VOLATILITY_ACCELERATION,0.1112142176337111,0.14822186362848724,0.021701761925224,0.0051122268321925,0.34559266601428823,0.20989690721649484,TRAINING_REFERENCE
2022-10-20,18.5913,NORMAL,False,0.13243711689329274,0,VOLATILITY_ACCELERATION,0.000919649270751625,0.13243711689329274,0.04114740008594799,0.0164162957301475,0.34544859254645344,0.2065979381443299,TRAINING_REFERENCE
2022-10-21,18.5868,NORMAL,False,0.1542671015221298,0,VOLATILITY_ACCELERATION,0.11042133191956208,0.1542671015221298,0.028147829823808,0.0060512175049625,0.34556508788421286,0.20948453608247422,TRAINING_REFERENCE
2022-10-24,18.603,NORMAL,False,0.1320709774373334,0,VOLATILITY_ACCELERATION,0.053605582478620475,0.1320709774373334,0.023098409969921997,0.021789657176062502,0.34478002698490534,0.19175257731958764,TRAINING_REFERENCE
2022-10-25,18.5947,NORMAL,False,0.15515558469881646,0,VOLATILITY_ACCELERATION,0.10805510034241123,0.15515558469881646,0.012677266867208,0.0111541149277025,0.34448386967848316,0.1847422680412371,TRAINING_REFERENCE
2022-10-26,18.6016,NORMAL,False,0.14918730255802135,0,VOLATILITY_ACCELERATION,0.005663309294310225,0.14918730255802135,0.024172754619681998,0.0092768369481625,0.3447320047203395,0.19051546391752577,TRAINING_REFERENCE
2022-10-27,18.5956,NORMAL,False,0.1466281044776501,0,VOLATILITY_ACCELERATION,0.09439191409386385,0.1466281044776501,0.004619681993984,0.008063822466885,0.34744577385453024,0.23835051546391753,TRAINING_REFERENCE
2022-10-28,18.589,NORMAL,False,0.1509799799692062,0,VOLATILITY_ACCELERATION,0.13389612935588374,0.1509799799692062,0.0023635582294739997,0.008873066746975,0.3494324221168576,0.2754639175257732,TRAINING_REFERENCE
2022-10-31,18.6139,NORMAL,False,0.2490134468261379,0,LOCAL_RETURN_SHOCK,0.2490134468261379,0.19942795236332606,0.011710356682424,0.0334875463984075,0.3437339249214552,0.16412371134020617,TRAINING_REFERENCE
2022-11-01,18.5776,NORMAL,False,0.5559952816298365,0,LOCAL_RETURN_SHOCK,0.5559952816298365,0.31272288328914644,0.018371293510955997,0.0487538882233175,0.36719007999585257,0.5121649484536083,TRAINING_REFERENCE
2022-11-02,18.6281,NORMAL,False,0.6417053554191027,0,LOCAL_RETURN_SHOCK,0.6417053554191027,0.5192016102847388,0.015470562956593999,0.0679581862027375,0.36023770525651144,0.4416494845360825,TRAINING_REFERENCE
2022-11-03,18.6173,NORMAL,False,0.5578813464692399,0,VOLATILITY_ACCELERATION,0.14310449424618962,0.5578813464692399,0.010321245389133999,0.014494231832552499,0.3434542930901234,0.15628865979381443,TRAINING_REFERENCE
2022-11-04,18.5622,NORMAL,False,0.6886142958322776,0,VOLATILITY_ACCELERATION,0.6487471031116985,0.6886142958322776,0.04174601873528799,0.0739903208306225,0.3856961681273266,0.6762886597938145,TRAINING_REFERENCE
2022-11-07,18.4998,NORMAL,False,0.6956992573075711,0,VOLATILITY_ACCELERATION,0.6219445238011967,0.6956992573075711,0.13549276098488197,0.0840417622911075,0.3961960644750243,0.7323711340206186,TRAINING_REFERENCE
2022-11-08,18.5269,NORMAL,False,0.7591152669446999,0,VOLATILITY_ACCELERATION,0.2936746154788488,0.7591152669446999,0.067398221853108,0.036622017535325,0.3722133795962483,0.5583505154639176,TRAINING_REFERENCE
2022-11-09,18.588,NORMAL,False,0.7950779884758112,0,VOLATILITY_ACCELERATION,0.588745558718706,0.7950779884758112,0.043053236776694,0.0824476841781375,0.3783823092546705,0.6210309278350515,TRAINING_REFERENCE
2022-11-10,18.4871,ANOMALOUS,True,1.0300637723850234,1,VOLATILITY_ACCELERATION,0.8515503500553103,1.0300637723850234,0.13978881367396398,0.1357058317193875,0.43906326736583434,0.8503092783505155,TRAINING_REFERENCE
2022-11-11,18.5474,ANOMALOUS,True,1.1122833372327234,1,VOLATILITY_ACCELERATION,0.4226728628711706,1.1122833372327234,0.01588997267569,0.08154334644156999,0.40857122718153577,0.7736082474226804,TRAINING_REFERENCE
2022-11-14,18.6007,ANOMALOUS,True,1.018499614338358,1,VOLATILITY_ACCELERATION,0.3346328314333574,1.018499614338358,0.10833096236331,0.07184295372936,0.3877386784648113,0.691958762886598,TRAINING_REFERENCE
2022-11-15,18.603,ANOMALOUS,True,1.0253158385856886,1,VOLATILITY_ACCELERATION,0.007717432070964075,1.0253158385856886,0.08170452166350799,0.0030912815109125,0.3799523798499643,0.6325773195876289,TRAINING_REFERENCE
2022-11-16,18.5863,NORMAL,False,0.9626504297973086,0,VOLATILITY_ACCELERATION,0.10580523647059183,0.9626504297973086,0.0018251995641019921,0.0224426167822375,0.3786559843834358,0.6230927835051546,TRAINING_REFERENCE
2022-11-17,18.5928,NORMAL,False,0.5016194417585793,0,VOLATILITY_ACCELERATION,0.0362077532512598,0.5016194417585793,0.11348446701488599,0.008742998875514999,0.3492875796864784,0.27298969072164947,TRAINING_REFERENCE
2022-11-18,18.6178,NORMAL,False,0.3918183517990438,0,VOLATILITY_ACCELERATION,0.14798570427900012,0.3918183517990438,0.075584734889762,0.03361516285874,0.3435885809097314,0.16082474226804125,TRAINING_REFERENCE
2022-11-21,18.6223,NORMAL,False,0.21898925661140126,0,VOLATILITY_ACCELERATION,0.017101344083508625,0.21898925661140126,0.023190770932083996,0.00604260438935,0.34346329401501025,0.1575257731958763,TRAINING_REFERENCE
2022-11-22,18.6108,NORMAL,False,0.24304624690388354,0,VOLATILITY_ACCELERATION,0.0739232215293735,0.24304624690388354,0.008374445058808,0.0154384796722175,0.3448878111253684,0.19298969072164948,TRAINING_REFERENCE
2022-11-23,18.6169,NORMAL,False,0.19113408496711845,0,VOLATILITY_ACCELERATION,0.03100087096305695,0.19113408496711845,0.032853592153788,0.0081941668278625,0.3456544683262135,0.21030927835051547,TRAINING_REFERENCE
2022-11-24,18.6289,NORMAL,False,0.1950967915584522,0,VOLATILITY_ACCELERATION,0.06607111734374868,0.1950967915584522,0.037899732125119996,0.01611439068803,0.34458485993345,0.18762886597938144,TRAINING_REFERENCE
2022-11-25,18.6289,NORMAL,False,0.12966010002565126,0,VOLATILITY_ACCELERATION,0.010096329297376675,0.12966010002565126,0.011058562064837999,0.0,0.349959105294619,0.28371134020618555,TRAINING_REFERENCE
2022-11-28,18.627,NORMAL,False,0.1303381677318732,0,VOLATILITY_ACCELERATION,0.023270905958158325,0.1303381677318732,0.00418731013217,0.0025498016522725,0.3498700674325714,0.2808247422680412,TRAINING_REFERENCE
2022-11-29,18.6364,NORMAL,False,0.08786156833903185,0,VOLATILITY_ACCELERATION,0.051764593295142824,0.08786156833903185,0.018574089681714,0.0126160949159775,0.3543645243762282,0.34969072164948456,TRAINING_REFERENCE
2022-11-30,18.6335,NORMAL,False,0.10132094780290775,0,VOLATILITY_ACCELERATION,0.03577170398294165,0.10132094780290775,0.008912655137624,0.0038902363117274998,0.3524068162286791,0.32123711340206185,TRAINING_REFERENCE
2022-12-01,18.633,NORMAL,False,0.0726045820343063,0,VOLATILITY_ACCELERATION,0.005114910810153425,0.0726045820343063,0.003648773368244,0.000670834786811736,0.3583181536084734,0.414020618556701,TRAINING_REFERENCE
2022-12-02,18.6307,NORMAL,False,0.07548987592446775,0,VOLATILITY_ACCELERATION,0.019776705632170124,0.07548987592446775,0.0061170612349999995,0.0030859228250925,0.3570227708669711,0.3938144329896907,TRAINING_REFERENCE
2022-12-05,18.6391,NORMAL,False,0.08824253478818105,0,VOLATILITY_ACCELERATION,0.03309406301499665,0.08824253478818105,0.002039841321818,0.0112717181855725,0.35356800654320764,0.33649484536082475,TRAINING_REFERENCE
2022-12-06,18.6346,NORMAL,False,0.08502309442561727,0,LOCAL_RETURN_SHOCK,0.08502309442561727,0.0751618771704837,0.004828559318852,0.006035699148565,0.35865375667214666,0.4193814432989691,TRAINING_REFERENCE
2022-12-07,18.6361,NORMAL,False,0.0727814639702778,0,VOLATILITY_ACCELERATION,0.029231074819199974,0.0727814639702778,0.00010685049651800002,0.0020123855623388476,0.3574767765401303,0.4008247422680412,TRAINING_REFERENCE
2022-12-08,18.6428,NORMAL,False,0.08244339245919954,0,VOLATILITY_ACCELERATION,0.0345006856864947,0.08244339245919954,0.003648773368244,0.008987932024405,0.35729635588082764,0.39835051546391753,TRAINING_REFERENCE
2022-12-09,18.6433,NORMAL,False,0.09630121417017785,0,LOCAL_RETURN_SHOCK,0.09630121417017785,0.07648065704319446,0.0061170612349999995,0.0006705001394602392,0.3587086019121692,0.4202061855670103,TRAINING_REFERENCE
2022-12-12,18.6364,NORMAL,False,0.20329068497188005,0,LOCAL_RETURN_SHOCK,0.20329068497188005,0.07903089234661695,0.007402123014702,0.0092526537683775,0.36323703672232105,0.4709278350515464,TRAINING_REFERENCE
2022-12-13,18.6424,NORMAL,False,0.11779096838858645,0,LOCAL_RETURN_SHOCK,0.11779096838858645,0.08123099382142294,0.003863065012584,0.0080487647828975,0.3605440427153794,0.44577319587628866,TRAINING_REFERENCE
2022-12-14,18.6223,NORMAL,False,0.6138573017313085,0,LOCAL_RETURN_SHOCK,0.6138573017313085,0.16527196887869636,0.01930916093363,0.026954683946272498,0.3766740548178383,0.6049484536082474,TRAINING_REFERENCE
2022-12-15,18.6423,NORMAL,False,0.4854131976473162,0,LOCAL_RETURN_SHOCK,0.4854131976473162,0.22114533241915044,0.0010727714514069397,0.026849529864729996,0.35897252161079257,0.422680412371134,TRAINING_REFERENCE
2022-12-16,18.6564,NORMAL,False,0.28507107514834695,0,LOCAL_RETURN_SHOCK,0.28507107514834695,0.2521396233299603,0.0,0.018908611061939997,0.34861899576089755,0.2622680412371134,TRAINING_REFERENCE
2022-12-19,18.65,NORMAL,False,0.25766259411263714,0,VOLATILITY_ACCELERATION,0.2274793484627859,0.25766259411263714,0.0005412066535580002,0.00857614545143,0.34853873588503614,0.2602061855670103,TRAINING_REFERENCE
2022-12-20,18.6575,NORMAL,False,0.2623140313562719,0,VOLATILITY_ACCELERATION,0.1639737676509475,0.2623140313562719,0.0009654943062664678,0.01005361930295,0.34547339205688604,0.20783505154639176,TRAINING_REFERENCE
2022-12-21,18.6662,NORMAL,False,0.17872885433885266,0,LOCAL_RETURN_SHOCK,0.17872885433885266,0.1765263629375834,0.02252820047953,0.011657510384565,0.35173531920123446,0.31092783505154636,TRAINING_REFERENCE
2022-12-22,18.655,NORMAL,False,0.3807339690517251,0,LOCAL_RETURN_SHOCK,0.3807339690517251,0.1972216462837042,0.010927528556090001,0.015000375009372499,0.3598170687896073,0.43752577319587627,TRAINING_REFERENCE
2022-12-23,18.6755,NORMAL,False,0.5232567050912991,0,LOCAL_RETURN_SHOCK,0.5232567050912991,0.23171927595238914,0.0,0.027472527472525,0.360471564348914,0.4449484536082474,TRAINING_REFERENCE
2022-12-26,18.6626,NORMAL,False,0.37622999404451524,0,LOCAL_RETURN_SHOCK,0.37622999404451524,0.26772010878064256,0.006953974806426,0.017268613959462498,0.3574785923811368,0.40123711340206186,TRAINING_REFERENCE
2022-12-27,18.6813,NORMAL,False,0.3973067846157193,0,LOCAL_RETURN_SHOCK,0.3973067846157193,0.29990246874653476,0.0,0.0250501002004,0.34859656962380525,0.26144329896907215,TRAINING_REFERENCE
2022-12-28,18.7117,NORMAL,False,0.628661094707901,0,LOCAL_RETURN_SHOCK,0.628661094707901,0.3703646857426986,0.0,0.04068239362357,0.360315753883737,0.4437113402061856,TRAINING_REFERENCE
2022-12-29,18.7069,NORMAL,False,0.34291114440181697,0,VOLATILITY_ACCELERATION,0.1706895102300041,0.34291114440181697,0.006869820147303999,0.00641309982524,0.3442027288959212,0.177319587628866,TRAINING_REFERENCE
2022-12-30,18.7058,NORMAL,False,0.3382963258588489,0,VOLATILITY_ACCELERATION,0.09325508891140517,0.3382963258588489,0.0063062148281539995,0.0014700458119742965,0.342496169984319,0.1311340206185567,TRAINING_REFERENCE
2023-01-02,18.7127,NORMAL,False,0.2792149459564667,0,VOLATILITY_ACCELERATION,0.06090913521241963,0.2792149459564667,0.013814891167569999,0.00922173871206,0.34204294272489266,0.11958762886597939,TRAINING_REFERENCE
2023-01-03,18.7198,NORMAL,False,0.26330166224257073,0,VOLATILITY_ACCELERATION,0.06636542501901123,0.26330166224257073,0.0,0.009485536560725,0.34247141822356786,0.12989690721649486,TRAINING_REFERENCE
2023-01-04,18.7381,NORMAL,False,0.2757756531234151,0,LOCAL_RETURN_SHOCK,0.2757756531234151,0.17307430674496646,0.0,0.024439363668415,0.3515532715268481,0.3068041237113402,TRAINING_REFERENCE
2023-01-05,18.7635,NORMAL,False,0.3874968333406446,0,LOCAL_RETURN_SHOCK,0.3874968333406446,0.2020905856769169,0.0051304798601919995,0.033888174361327496,0.3498554304963891,0.2804123711340206,TRAINING_REFERENCE
2023-01-06,18.7134,ANOMALOUS,True,1.0124064422088652,1,LOCAL_RETURN_SHOCK,1.0124064422088652,0.5571989673545785,0.04709533605521,0.066751938604205,0.40261117550472714,0.7587628865979381,TRAINING_REFERENCE
2023-01-09,18.7673,NORMAL,False,0.6946496661593853,0,VOLATILITY_ACCELERATION,0.6750644317103043,0.6946496661593853,0.0,0.072007224769415,0.37298052231922313,0.5674226804123711,TRAINING_REFERENCE
2023-01-10,18.7747,NORMAL,False,0.6944124520596623,0,VOLATILITY_ACCELERATION,0.009456249847875076,0.6944124520596623,0.0,0.009857571414105001,0.3521502239059988,0.31587628865979384,TRAINING_REFERENCE
2023-01-11,18.769,NORMAL,False,0.7006918756679349,0,VOLATILITY_ACCELERATION,0.14254367966778003,0.7006918756679349,0.006072001150483999,0.007590001438104999,0.3531548112290087,0.3307216494845361,TRAINING_REFERENCE
2023-01-12,18.7824,NORMAL,False,0.6798858362820761,0,VOLATILITY_ACCELERATION,0.07192185909660623,0.6798858362820761,0.0,0.017848580105495,0.351534184224844,0.30597938144329895,TRAINING_REFERENCE
2023-01-13,18.7813,NORMAL,False,0.43140934385571744,0,VOLATILITY_ACCELERATION,0.0979267914819108,0.43140934385571744,0.05223024157252199,0.0014641366385514942,0.34388774983114495,0.16742268041237113,TRAINING_REFERENCE
2023-01-16,18.7874,NORMAL,False,0.136062778323736,0,VOLATILITY_ACCELERATION,0.0021382076923253,0.136062778323736,0.0,0.0081197787160625,0.3477873883708844,0.24536082474226803,TRAINING_REFERENCE
2023-01-17,18.7695,NORMAL,False,0.3012986344348936,0,LOCAL_RETURN_SHOCK,0.3012986344348936,0.2151372589342213,0.019055324313104,0.02381915539138,0.35395236341591035,0.3439175257731959,TRAINING_REFERENCE
2023-01-18,18.7984,NORMAL,False,0.3113271185347103,0,VOLATILITY_ACCELERATION,0.2731957855001155,0.3113271185347103,0.006072001150483999,0.038493300301017504,0.3406926038229763,0.09030927835051547,TRAINING_REFERENCE
2023-01-19,18.7901,NORMAL,False,0.31761138997231486,0,VOLATILITY_ACCELERATION,0.17022180394811115,0.31761138997231486,0.008830538769257998,0.011038173461572499,0.34245919081088566,0.1290721649484536,TRAINING_REFERENCE
2023-01-20,18.8066,NORMAL,False,0.33639533417917195,0,VOLATILITY_ACCELERATION,0.11120076651851997,0.33639533417917195,0.0011713093108411954,0.0219530497442825,0.3389126680200375,0.05979381443298969,TRAINING_REFERENCE
2023-01-23,18.8103,NORMAL,False,0.33809034880283323,0,VOLATILITY_ACCELERATION,0.03327034380567095,0.33809034880283323,0.0,0.0049184860634025,0.33816198546595966,0.041237113402061855,TRAINING_REFERENCE
2023-01-24,18.7967,NORMAL,False,0.3205142541301595,0,VOLATILITY_ACCELERATION,0.2473598593160098,0.3205142541301595,0.004595161529948,0.018075203478945,0.3461420100381912,0.21690721649484537,TRAINING_REFERENCE
2023-01-25,18.7886,NORMAL,False,0.2270161535936834,0,VOLATILITY_ACCELERATION,0.16122595683079896,0.2270161535936834,0.023072465617243996,0.0107731676304925,0.34787588829458505,0.24824742268041236,TRAINING_REFERENCE
2023-01-26,18.8031,NORMAL,False,0.2505393194308066,0,VOLATILITY_ACCELERATION,0.12703301673007406,0.2505393194308066,0.001175158472292,0.0192936142128775,0.34226330845881603,0.12371134020618557,TRAINING_REFERENCE
2023-01-27,18.8052,NORMAL,False,0.2144115603747372,0,VOLATILITY_ACCELERATION,0.032593575923487376,0.2144115603747372,0.0054225610436859995,0.0027920927932075,0.34390558867723753,0.168659793814433,TRAINING_REFERENCE
2023-01-30,18.7917,NORMAL,False,0.24998649872116416,0,VOLATILITY_ACCELERATION,0.22083240112414854,0.24998649872116416,0.019776399100494002,0.0179471635505075,0.350248558262805,0.2878350515463918,TRAINING_REFERENCE
2023-01-31,18.8105,NORMAL,False,0.2913468036072588,0,VOLATILITY_ACCELERATION,0.1739144707016085,0.2913468036072588,0.014460162783155999,0.025011042109017497,0.34204436536446836,0.12,TRAINING_REFERENCE
2023-02-01,18.8056,NORMAL,False,0.2941357548009734,0,VOLATILITY_ACCELERATION,0.1095292451596018,0.2941357548009734,0.017862609419904,0.0065123202466725,0.34281287998162396,0.13855670103092785,TRAINING_REFERENCE
2023-02-02,18.8004,NORMAL,False,0.33570760269141814,0,VOLATILITY_ACCELERATION,0.10026724812698296,0.33570760269141814,0.0030833028853,0.0069128344748325,0.34447699352784233,0.1843298969072165,TRAINING_REFERENCE
2023-02-03,18.8189,NORMAL,False,0.44904185269335084,0,VOLATILITY_ACCELERATION,0.19959637260273455,0.44904185269335084,0.0054225610436859995,0.024600540414032496,0.3454064053294145,0.2045360824742268,TRAINING_REFERENCE
2023-02-06,18.8264,NORMAL,False,0.387192132205546,0,VOLATILITY_ACCELERATION,0.03207214890661818,0.387192132205546,0.019776399100494002,0.0099633878707025,0.34456491838785397,0.1868041237113402,TRAINING_REFERENCE
2023-02-07,18.8275,NORMAL,False,0.3235789457823322,0,VOLATILITY_ACCELERATION,0.03645799155226327,0.3235789457823322,0.0,0.0014607147410028443,0.3441192210462221,0.1736082474226804,TRAINING_REFERENCE
2023-02-08,18.8293,NORMAL,False,0.2955591082707465,0,VOLATILITY_ACCELERATION,0.016634283297792776,0.2955591082707465,0.005209856197338,0.002390120833883902,0.3451794930136881,0.19876288659793814,TRAINING_REFERENCE
2023-02-09,18.8276,NORMAL,False,0.26604193946327787,0,VOLATILITY_ACCELERATION,0.09376037756374685,0.26604193946327787,0.008932986741082,0.002257120551479863,0.34740092400337874,0.23752577319587628,TRAINING_REFERENCE
2023-02-10,18.8332,NORMAL,False,0.123802791710204,0,VOLATILITY_ACCELERATION,0.06726152471193295,0.123802791710204,0.0,0.007435891988360001,0.353982926011764,0.3447422680412371,TRAINING_REFERENCE
2023-02-13,18.8403,NORMAL,False,0.1195194674057771,0,VOLATILITY_ACCELERATION,0.09076329132209332,0.1195194674057771,0.0,0.0094248454856275,0.3548792914779189,0.35711340206185566,TRAINING_REFERENCE
2023-02-14,18.8367,NORMAL,False,0.15520598128139745,0,VOLATILITY_ACCELERATION,0.12597356813377375,0.15520598128139745,0.0038215951975259996,0.0047769939969074995,0.3567103751422081,0.3888659793814433,TRAINING_REFERENCE
2023-02-15,18.8497,NORMAL,False,0.2286891958891421,0,VOLATILITY_ACCELERATION,0.20868183124618764,0.2286891958891421,0.0,0.0172535529047,0.35086385349010196,0.2956701030927835,TRAINING_REFERENCE
2023-02-16,18.8468,NORMAL,False,0.23808496069011936,0,VOLATILITY_ACCELERATION,0.13485998074228772,0.23808496069011936,0.0012712756061121092,0.0038462150591199997,0.3512786563771903,0.3030927835051546,TRAINING_REFERENCE
2023-02-17,18.8618,NORMAL,False,0.3068931281168741,0,LOCAL_RETURN_SHOCK,0.3068931281168741,0.2924847356708434,0.0,0.019897276991315,0.34989919512346584,0.28164948453608246,TRAINING_REFERENCE
2023-02-20,18.8651,NORMAL,False,0.2933847923018151,0,VOLATILITY_ACCELERATION,0.01359910369258795,0.2933847923018151,0.0,0.0043739197743625,0.3464207817926594,0.2218556701030928,TRAINING_REFERENCE
2023-02-21,18.8662,NORMAL,False,0.26148835276868343,0,VOLATILITY_ACCELERATION,0.0419856610009075,0.26148835276868343,0.0038215951975259996,0.001457718220415627,0.34885449093304177,0.2688659793814433,TRAINING_REFERENCE
2023-02-22,18.8725,NORMAL,False,0.22731232045361485,0,VOLATILITY_ACCELERATION,0.07795028948527688,0.22731232045361485,0.0,0.0083482630312375,0.3506449837520848,0.2911340206185567,TRAINING_REFERENCE
2023-02-23,18.8721,NORMAL,False,0.2060759882502452,0,VOLATILITY_ACCELERATION,0.13352029022457673,0.2060759882502452,0.002653074842368,0.0005298715061580195,0.35304663116144186,0.32989690721649484,TRAINING_REFERENCE
2023-02-24,18.8764,NORMAL,False,0.0890904255028655,0,VOLATILITY_ACCELERATION,0.025279155738021825,0.0890904255028655,0.0,0.0056962394222125,0.36069336606852176,0.4490721649484536,TRAINING_REFERENCE
2023-02-27,18.884,NORMAL,False,0.12111719713477455,0,LOCAL_RETURN_SHOCK,0.12111719713477455,0.1144175181645057,0.0,0.0100654785870175,0.3594905537097597,0.43051546391752576,TRAINING_REFERENCE
2023-02-28,18.8832,NORMAL,False,0.18547810990666205,0,LOCAL_RETURN_SHOCK,0.18547810990666205,0.12995855189187994,0.0008472781190449474,0.0010590976488061843,0.3610979305421779,0.4511340206185567,TRAINING_REFERENCE
2023-03-01,18.8828,NORMAL,False,0.15353237866711356,0,LOCAL_RETURN_SHOCK,0.15353237866711356,0.12658052314697305,0.0012709171785640905,0.0005295712591085744,0.3612152529220827,0.45237113402061857,TRAINING_REFERENCE
2023-03-02,18.8908,NORMAL,False,0.16267850208560003,0,LOCAL_RETURN_SHOCK,0.16267850208560003,0.1425787399204537,0.0004238972049264156,0.0105916495435,0.35957607520517654,0.4317525773195876,TRAINING_REFERENCE
2023-03-03,18.8944,NORMAL,False,0.14225625555111904,0,VOLATILITY_ACCELERATION,0.03862397264390745,0.14225625555111904,0.0,0.0047642238550025,0.35701586285777387,0.3934020618556701,TRAINING_REFERENCE
2023-03-06,18.8961,NORMAL,False,0.121790531603065,0,VOLATILITY_ACCELERATION,0.10319272791044005,0.121790531603065,0.0,0.002249343720889252,0.35907744803279007,0.4247422680412371,TRAINING_REFERENCE
2023-03-07,18.9194,NORMAL,False,0.9926669305060324,0,LOCAL_RETURN_SHOCK,0.9926669305060324,0.3182293183306881,0.0008472781190449474,0.0308264668370675,0.38406269231822515,0.6639175257731958,TRAINING_REFERENCE
2023-03-08,18.9381,NORMAL,False,0.5308385263025189,0,LOCAL_RETURN_SHOCK,0.5308385263025189,0.32370351535384617,0.0012709171785640905,0.024710085943529997,0.3603119406979357,0.44329896907216493,TRAINING_REFERENCE
2023-03-09,18.9556,NORMAL,False,0.4118223174903152,0,LOCAL_RETURN_SHOCK,0.4118223174903152,0.3308605179488574,0.0,0.0231015782998325,0.35334751083511534,0.3331958762886598,TRAINING_REFERENCE
2023-03-10,18.9658,NORMAL,False,0.28989052202649507,0,VOLATILITY_ACCELERATION,0.12447900265456235,0.28989052202649507,0.0,0.013452488974234999,0.348425911370152,0.2552577319587629,TRAINING_REFERENCE
2023-03-13,18.9668,NORMAL,False,0.3003468571617483,0,VOLATILITY_ACCELERATION,0.18529789075447764,0.3003468571617483,0.0,0.001318162165581116,0.3495551660799377,0.2771134020618557,TRAINING_REFERENCE
2023-03-14,18.9746,NORMAL,False,0.2507117965750298,0,VOLATILITY_ACCELERATION,0.04691446821738857,0.2507117965750298,0.0,0.010281122804055,0.3497721041720678,0.28,TRAINING_REFERENCE
2023-03-15,18.9918,NORMAL,False,0.3483988822775041,0,LOCAL_RETURN_SHOCK,0.3483988822775041,0.2362628930723891,0.0,0.022661874295115,0.3541995247647391,0.3492783505154639,TRAINING_REFERENCE
2023-03-16,18.9957,NORMAL,False,0.21518595498461215,0,VOLATILITY_ACCELERATION,0.10617856496548797,0.21518595498461215,0.0,0.0051337945850249995,0.3502363143881139,0.28701030927835053,TRAINING_REFERENCE
2023-03-17,19.0086,NORMAL,False,0.22859161082190266,0,VOLATILITY_ACCELERATION,0.18600035881644753,0.22859161082190266,0.0,0.0169775264928375,0.350724217254207,0.2931958762886598,TRAINING_REFERENCE
2023-03-20,19.0005,NORMAL,False,0.5381394423022345,0,LOCAL_RETURN_SHOCK,0.5381394423022345,0.339531204621026,0.008522458255738,0.0106530728196725,0.3650034637467701,0.49072164948453606,TRAINING_REFERENCE
2023-03-21,19.0196,NORMAL,False,0.3921057477949546,0,VOLATILITY_ACCELERATION,0.3875155499620617,0.3921057477949546,0.0,0.025130917607434997,0.3487314185311116,0.2647422680412371,TRAINING_REFERENCE
2023-03-22,19.038,NORMAL,False,0.4080265791313576,0,VOLATILITY_ACCELERATION,0.3229649040074246,0.4080265791313576,0.0,0.0241855769837425,0.34763298183604285,0.24164948453608248,TRAINING_REFERENCE
2023-03-23,19.0283,NORMAL,False,0.5227273172346224,0,LOCAL_RETURN_SHOCK,0.5227273172346224,0.5068109508162273,0.01019014602374,0.012737682529675,0.36625905764650846,0.5039175257731959,TRAINING_REFERENCE
2023-03-24,19.0612,NORMAL,False,0.6715325633434257,0,LOCAL_RETURN_SHOCK,0.6715325633434257,0.6425485553283498,0.0,0.0432250910485925,0.37130733124538645,0.5525773195876289,TRAINING_REFERENCE
2023-03-27,19.0895,NORMAL,False,0.558959713063932,0,VOLATILITY_ACCELERATION,0.43816015311984774,0.558959713063932,0.008522458255738,0.037117285375529996,0.3553135947903217,0.3649484536082474,TRAINING_REFERENCE
2023-03-28,19.1156,NORMAL,False,0.5648773024034297,0,VOLATILITY_ACCELERATION,0.3381580964449118,0.5648773024034297,0.0,0.034181094318862494,0.35117997778988747,0.3014432989690722,TRAINING_REFERENCE
2023-03-29,19.1247,NORMAL,False,0.588259106435744,0,VOLATILITY_ACCELERATION,0.054737540388987226,0.588259106435744,0.0,0.0119012743518375,0.34734078020332704,0.23628865979381444,TRAINING_REFERENCE
2023-03-30,19.1607,NORMAL,False,0.5156795042546265,0,LOCAL_RETURN_SHOCK,0.5156795042546265,0.3428311844934472,0.01019014602374,0.0470595617186075,0.3569544377743779,0.3921649484536082,TRAINING_REFERENCE
2023-03-31,19.1707,NORMAL,False,0.44732641043941573,0,VOLATILITY_ACCELERATION,0.07094572998833824,0.44732641043941573,0.0,0.013047540016807498,0.3454480036411546,0.20618556701030927,TRAINING_REFERENCE
2023-04-03,19.1802,NORMAL,False,0.5243691720484516,0,VOLATILITY_ACCELERATION,0.08843612885526182,0.5243691720484516,0.0,0.01238869733499,0.3481203343351962,0.2515463917525773,TRAINING_REFERENCE
2023-04-04,19.2195,NORMAL,False,0.6189649426547168,0,VOLATILITY_ACCELERATION,0.5105381290183243,0.6189649426547168,0.0,0.0512247004723625,0.36205362155268356,0.4585567010309278,TRAINING_REFERENCE
2023-04-05,19.2396,NORMAL,False,0.5658710641435972,0,VOLATILITY_ACCELERATION,0.09306854374494215,0.5658710641435972,0.0,0.0261453211581975,0.3485286196350774,0.25938144329896906,TRAINING_REFERENCE
2023-04-06,19.2476,NORMAL,False,0.5284499170309639,0,VOLATILITY_ACCELERATION,0.13468472342036536,0.5284499170309639,0.0,0.0103952265119825,0.34655881980073466,0.22268041237113403,TRAINING_REFERENCE
2023-04-07,19.2376,NORMAL,False,0.7164968459005284,0,VOLATILITY_ACCELERATION,0.4592267123951752,0.7164968459005284,0.010390905879169998,0.0129886323489625,0.3687286778039978,0.528659793814433,TRAINING_REFERENCE
2023-04-10,19.2663,NORMAL,False,0.738380900350236,0,VOLATILITY_ACCELERATION,0.2582215267719719,0.738380900350236,0.0,0.037296752193620004,0.35689684011437617,0.39134020618556703,TRAINING_REFERENCE
2023-04-11,19.2875,NORMAL,False,0.6021858013767416,0,VOLATILITY_ACCELERATION,0.10443073379197768,0.6021858013767416,0.0,0.0275091740500275,0.34745992700861994,0.23876288659793815,TRAINING_REFERENCE
2023-04-12,19.312,NORMAL,False,0.6316420776495734,0,VOLATILITY_ACCELERATION,0.14955739459488093,0.6316420776495734,0.0,0.031756318859365,0.3492786151124729,0.2725773195876289,TRAINING_REFERENCE
2023-04-13,19.3199,NORMAL,False,0.642756487841406,0,VOLATILITY_ACCELERATION,0.14028229550910487,0.642756487841406,0.0,0.0102268019883975,0.34996691025449767,0.2841237113402062,TRAINING_REFERENCE
2023-04-14,19.3477,NORMAL,False,0.338695025820916,0,VOLATILITY_ACCELERATION,0.19624972955950495,0.338695025820916,0.010390905879169998,0.035973271083182504,0.34720022994289584,0.23381443298969073,TRAINING_REFERENCE
2023-04-17,19.388,NORMAL,False,0.4457353166583421,0,VOLATILITY_ACCELERATION,0.3918076192486785,0.4457353166583421,0.0,0.0520733730624325,0.3522876830577055,0.3179381443298969,TRAINING_REFERENCE
2023-04-18,19.3882,NORMAL,False,0.6277959780539887,0,VOLATILITY_ACCELERATION,0.33614616625220456,0.6277959780539887,0.0,0.0002578914792661369,0.35746669009197946,0.4004123711340206,TRAINING_REFERENCE
2023-04-19,19.3938,NORMAL,False,0.6748203633076376,0,VOLATILITY_ACCELERATION,0.2162245585629331,0.6748203633076376,0.0,0.007220886931225,0.353627454253932,0.33855670103092783,TRAINING_REFERENCE
2023-04-20,19.3861,NORMAL,False,0.7855866624392587,0,VOLATILITY_ACCELERATION,0.418363675518814,0.7855866624392587,0.007940682073651999,0.009925852592065,0.3703368198579013,0.5459793814432989,TRAINING_REFERENCE
2023-04-21,19.401,NORMAL,False,0.7250901174049019,0,VOLATILITY_ACCELERATION,0.0523950348574647,0.7250901174049019,0.0,0.019214798231725,0.35211293462350635,0.3154639175257732,TRAINING_REFERENCE
2023-04-24,19.4009,NORMAL,False,0.33542435567894624,0,VOLATILITY_ACCELERATION,0.293256344756291,0.33542435567894624,0.0001030874697183215,0.00012885933714790188,0.35167838098113674,0.30927835051546393,TRAINING_REFERENCE
2023-04-25,19.4265,NORMAL,False,0.5167357308777837,0,VOLATILITY_ACCELERATION,0.16572853071075525,0.5167357308777837,0.0,0.0329881603430775,0.34621987312970515,0.2181443298969072,TRAINING_REFERENCE
2023-04-26,19.4147,NORMAL,False,0.6170159067353967,0,VOLATILITY_ACCELERATION,0.46088195655596875,0.6170159067353967,0.012148354052454,0.0151854425655675,0.36610738129961634,0.5035051546391752,TRAINING_REFERENCE
2023-04-27,19.4342,NORMAL,False,0.6050509668003808,0,VOLATILITY_ACCELERATION,0.07588700665881895,0.6050509668003808,0.007940682073651999,0.025109839451547496,0.3487858269392129,0.2672164948453608,TRAINING_REFERENCE
2023-04-28,19.4482,NORMAL,False,0.6039883208112256,0,VOLATILITY_ACCELERATION,0.003550898861950225,0.6039883208112256,0.0,0.018009488427615,0.3477656643734735,0.2445360824742268,TRAINING_REFERENCE
2023-05-01,19.4379,NORMAL,False,0.6734441870278856,0,VOLATILITY_ACCELERATION,0.39725072441110326,0.6734441870278856,0.01048915242909,0.0132402998735125,0.36417402631470513,0.48206185567010307,TRAINING_REFERENCE
2023-05-02,19.4624,NORMAL,False,0.6584009405727538,0,VOLATILITY_ACCELERATION,0.17779215360774922,0.6584009405727538,0.0,0.0315106055695275,0.3508895640388445,0.2960824742268041,TRAINING_REFERENCE
2023-05-03,19.4734,NORMAL,False,0.5178180535105299,0,VOLATILITY_ACCELERATION,0.020232693145047026,0.5178180535105299,0.012148354052454,0.014129809273265,0.34496703764857994,0.1954639175257732,TRAINING_REFERENCE
2023-05-04,19.4899,NORMAL,False,0.5065843743447888,0,VOLATILITY_ACCELERATION,0.07832255294065517,0.5065843743447888,0.0,0.021182741585954998,0.34477431089797017,0.19134020618556702,TRAINING_REFERENCE
2023-05-05,19.5138,NORMAL,False,0.5510240201040127,0,VOLATILITY_ACCELERATION,0.19344161824799108,0.5510240201040127,0.0,0.0306569043453275,0.3469400273823831,0.22845360824742267,TRAINING_REFERENCE
2023-05-08,19.5018,NORMAL,False,0.5626870056319938,0,VOLATILITY_ACCELERATION,0.4503057448879336,0.5626870056319938,0.0017067485093919996,0.0153737355102525,0.3619642986679581,0.4577319587628866,TRAINING_REFERENCE
2023-05-09,19.5096,NORMAL,False,0.5117369658450962,0,VOLATILITY_ACCELERATION,0.06751526178887263,0.5117369658450962,0.00430464594287,0.009999077008275,0.34529549427450723,0.2020618556701031,TRAINING_REFERENCE
2023-05-10,19.5385,NORMAL,False,0.603218905226256,0,VOLATILITY_ACCELERATION,0.29788050292731566,0.603218905226256,0.0,0.0370330503957,0.3499311314377915,0.2824742268041237,TRAINING_REFERENCE
2023-05-11,19.537,NORMAL,False,0.6422752079374997,0,VOLATILITY_ACCELERATION,0.21327407682864963,0.6422752079374997,0.0015354300483672034,0.0019192875604590043,0.3507231124448769,0.2927835051546392,TRAINING_REFERENCE
2023-05-12,19.564,NORMAL,False,0.6611666328404159,0,VOLATILITY_ACCELERATION,0.261311465355287,0.6611666328404159,0.0,0.034549828530482496,0.3514934332574465,0.3047422680412371,TRAINING_REFERENCE
2023-05-15,19.6553,ANOMALOUS,True,1.310801018272307,2,LOCAL_RETURN_SHOCK,1.310801018272307,1.0721991436830935,0.012298988408202,0.11666837047638501,0.4359446952079494,0.8441237113402061,TRAINING_REFERENCE
2023-05-16,19.7211,ANOMALOUS,True,1.0024098048121572,1,VOLATILITY_ACCELERATION,0.5699500000099426,1.0024098048121572,0.00430464594287,0.08369243918942999,0.3929132133043262,0.7195876288659794,TRAINING_REFERENCE
2023-05-17,19.755,NORMAL,False,0.9848386494995064,0,VOLATILITY_ACCELERATION,0.16698299738488293,0.9848386494995064,0.0,0.0429742762827625,0.37834578126963947,0.6197938144329896,TRAINING_REFERENCE
2023-05-18,19.7917,NORMAL,False,0.737529011184299,0,VOLATILITY_ACCELERATION,0.17902282820268406,0.737529011184299,0.0015354300483672034,0.046443938243482495,0.36061922918249595,0.44824742268041234,TRAINING_REFERENCE
2023-05-19,19.8124,NORMAL,False,0.7820306324294227,0,VOLATILITY_ACCELERATION,0.001807244367527025,0.7820306324294227,0.0,0.0261473243834575,0.3628115237275945,0.46515463917525773,TRAINING_REFERENCE
2023-05-22,19.8246,NORMAL,False,0.5581075748581416,0,VOLATILITY_ACCELERATION,0.08493161998660552,0.5581075748581416,0.0,0.015394399467,0.3495553586543346,0.2775257731958763,TRAINING_REFERENCE
2023-05-23,19.8489,NORMAL,False,0.272663234092194,0,VOLATILITY_ACCELERATION,0.028611531764536825,0.272663234092194,0.0,0.0306437456493425,0.34547203284392336,0.20742268041237114,TRAINING_REFERENCE
2023-05-24,19.8912,NORMAL,False,0.3283579347656671,0,VOLATILITY_ACCELERATION,0.20929488868572518,0.3283579347656671,0.0,0.05327751160014,0.348469100118721,0.257319587628866,TRAINING_REFERENCE
2023-05-25,19.9279,NORMAL,False,0.32477095724225996,0,VOLATILITY_ACCELERATION,0.12993108603988893,0.32477095724225996,0.0,0.046125925032175,0.34666174420660206,0.22474226804123712,TRAINING_REFERENCE
2023-05-26,19.9662,NORMAL,False,0.3275960192243108,0,VOLATILITY_ACCELERATION,0.1363318322551653,0.3275960192243108,0.0,0.048048213810784994,0.34777693262858966,0.24494845360824744,TRAINING_REFERENCE
2023-05-29,20.0926,ANOMALOUS,True,1.0248321660743738,1,LOCAL_RETURN_SHOCK,1.0248321660743738,0.8807721222040645,0.0,0.15826747202772748,0.4155087064860556,0.7971134020618557,TRAINING_REFERENCE
2023-05-30,20.4955,ANOMALOUS,True,2.8983855414582056,2,LOCAL_RETURN_SHOCK,2.8983855414582056,1.439013394584916,0.0,0.501303962652915,0.5348763977579889,0.9501030927835051,TRAINING_REFERENCE
2023-05-31,20.7815,ANOMALOUS,True,1.2588793749799865,1,VOLATILITY_ACCELERATION,0.6447950876602669,1.2588793749799865,0.0,0.3488570661852575,0.46054190381986515,0.8828865979381443,TRAINING_REFERENCE
2023-06-01,20.8023,ANOMALOUS,True,1.289101380588883,1,VOLATILITY_ACCELERATION,0.11227355692710518,1.289101380588883,0.0,0.0250222553713575,0.4406002257556836,0.8581443298969073,TRAINING_REFERENCE
2023-06-02,20.9567,ANOMALOUS,True,1.1320580462892509,1,VOLATILITY_ACCELERATION,0.20551058882729917,1.1320580462892509,0.0,0.1855564048206225,0.4329851523722954,0.8395876288659794,TRAINING_REFERENCE
2023-06-05,21.2569,ANOMALOUS,True,1.0056656596525397,1,VOLATILITY_ACCELERATION,0.5262576866038013,1.0056656596525397,0.0,0.35811936039548,0.45330952738605435,0.8742268041237113,TRAINING_REFERENCE
2023-06-06,21.5686,NORMAL,False,0.751105977660897,0,VOLATILITY_ACCELERATION,0.4670367383566782,0.751105977660897,0.0,0.36658684944652997,0.4370258475161045,0.8461855670103092,TRAINING_REFERENCE
2023-06-07,23.2553,ANOMALOUS,True,3.098041520080465,3,LOCAL_RETURN_SHOCK,3.098041520080465,1.4773641274556302,0.0,1.955041124597795,0.6810269510149298,0.9909278350515464,TRAINING_REFERENCE
2023-06-08,23.1098,ANOMALOUS,True,1.5347541541227745,1,VOLATILITY_ACCELERATION,0.21836840952037187,1.5347541541227745,0.12513276543411397,0.1564159567926425,0.594306561092838,0.9744329896907217,TRAINING_REFERENCE
2023-06-09,23.3834,ANOMALOUS,True,1.5077516451000312,1,VOLATILITY_ACCELERATION,0.04652406557806073,1.5077516451000312,0.0,0.29597832953985254,0.5889801506614433,0.971958762886598,TRAINING_REFERENCE
2023-06-12,23.6125,ANOMALOUS,True,1.5215927420599784,1,VOLATILITY_ACCELERATION,0.010039495348956274,1.5215927420599784,0.0,0.24493871720964,0.5878625708341736,0.9715463917525773,TRAINING_REFERENCE
2023-06-13,23.6313,ANOMALOUS,True,1.5822814829678482,1,VOLATILITY_ACCELERATION,0.1225605478711469,1.5822814829678482,0.0,0.019904711487555002,0.5792263563774126,0.9694845360824742,TRAINING_REFERENCE
2023-06-14,23.5614,NORMAL,False,0.36729607683939747,0,VOLATILITY_ACCELERATION,0.1739576849178361,0.36729607683939747,0.059158827487272,0.07394853435909,0.4485599443564871,0.8684536082474227,TRAINING_REFERENCE
2023-06-15,23.6458,NORMAL,False,0.28695222433005513,0,VOLATILITY_ACCELERATION,0.07663352311346677,0.28695222433005513,0.12513276543411397,0.08955325235343,0.44562393872376266,0.8647422680412371,TRAINING_REFERENCE
2023-06-16,23.6143,NORMAL,False,0.23285841303529775,0,VOLATILITY_ACCELERATION,0.1477589964500607,0.23285841303529775,0.026643209364878,0.0333040117060975,0.4408336024800545,0.8589690721649484,TRAINING_REFERENCE
2023-06-19,23.5748,NORMAL,False,0.15035066917721418,0,LOCAL_RETURN_SHOCK,0.15035066917721418,0.1189225369097795,0.06005294809226,0.04181788153788,0.44607973167269754,0.8655670103092783,TRAINING_REFERENCE
2023-06-20,23.5601,NORMAL,False,0.1334097336658819,0,LOCAL_RETURN_SHOCK,0.1334097336658819,0.1152607316278511,0.072486445795874,0.015588679437365,0.4428800471156379,0.8606185567010309,TRAINING_REFERENCE
2023-06-21,23.5664,NORMAL,False,0.11923854046678875,0,LOCAL_RETURN_SHOCK,0.11923854046678875,0.097912919065476,0.007998976435622,0.0066850310482575006,0.44045505935253265,0.8569072164948454,TRAINING_REFERENCE
2023-06-22,24.8748,ANOMALOUS,True,1.3879930748862774,1,LARGE_ABSOLUTE_RETURN,0.6571243393284882,0.9926186795329291,0.0,1.3879930748862774,0.5692727684919531,0.9649484536082474,TRAINING_REFERENCE
2023-06-23,25.2305,NORMAL,False,0.9544632112522825,0,VOLATILITY_ACCELERATION,0.0359389980856822,0.9544632112522825,0.026643209364878,0.35749031147988997,0.5288969040147463,0.9447422680412371,TRAINING_REFERENCE
2023-06-26,25.9038,NORMAL,False,0.8881454866069192,0,VOLATILITY_ACCELERATION,0.17989091990204528,0.8881454866069192,0.06005294809226,0.667148887259465,0.5581087341918111,0.96,TRAINING_REFERENCE
2023-06-27,25.9814,NORMAL,False,0.8604049249618237,0,VOLATILITY_ACCELERATION,0.12070829514755638,0.8604049249618237,0.072486445795874,0.0748924868166075,0.5435830479137237,0.9534020618556701,TRAINING_REFERENCE
2023-06-28,26.0387,NORMAL,False,0.8449705016896001,0,VOLATILITY_ACCELERATION,0.11969387176527192,0.8449705016896001,0.067157803922894,0.0551355970040075,0.5441195793600999,0.9542268041237113,TRAINING_REFERENCE
2023-06-29,26.0194,NORMAL,False,0.43587858107682664,0,VOLATILITY_ACCELERATION,0.14736546694651864,0.43587858107682664,0.014824088760189999,0.0185301109502375,0.49159091966039375,0.9142268041237114,TRAINING_REFERENCE
2023-06-30,25.8881,NORMAL,False,0.4735804747609442,0,VOLATILITY_ACCELERATION,0.19751225041938578,0.4735804747609442,0.115673977579524,0.12615586831364248,0.4903022095092972,0.9129896907216495,TRAINING_REFERENCE
2023-07-03,25.9212,NORMAL,False,0.12277478205329236,0,VOLATILITY_ACCELERATION,0.11264931147510042,0.12277478205329236,0.090250281312046,0.0319644933386375,0.4844256532107988,0.9063917525773196,TRAINING_REFERENCE
2023-07-04,25.9613,NORMAL,False,0.11258051585024766,0,VOLATILITY_ACCELERATION,0.10136977840032625,0.11258051585024766,0.05944997254087,0.0386749070259075,0.4796831764139357,0.9010309278350516,TRAINING_REFERENCE
2023-07-05,26.067,NORMAL,False,0.13006054497169944,0,VOLATILITY_ACCELERATION,0.06383612571333985,0.13006054497169944,0.0,0.1017861201095475,0.4606440118578803,0.883298969072165,TRAINING_REFERENCE
2023-07-06,26.0728,NORMAL,False,0.12847843020441224,0,VOLATILITY_ACCELERATION,0.10033534735321108,0.12847843020441224,0.014824088760189999,0.0055625887136975,0.4515066525355453,0.8717525773195877,TRAINING_REFERENCE
2023-07-07,26.0375,NORMAL,False,0.13661998485876248,0,LOCAL_RETURN_SHOCK,0.13661998485876248,0.0758990106233239,0.08859594990317199,0.033847534595439994,0.4503916136137117,0.8705154639175258,TRAINING_REFERENCE
2023-07-10,26.0886,NORMAL,False,0.090250281312046,0,DRAWDOWN_SHIFT,0.06396734510748325,0.07719307486887896,0.090250281312046,0.049063850216030006,0.4450732687073682,0.8643298969072165,TRAINING_REFERENCE
2023-07-11,26.0934,NORMAL,False,0.08932559708960287,0,LOCAL_RETURN_SHOCK,0.08932559708960287,0.0790283361886004,0.05944997254087,0.004599710218255,0.4405525694788084,0.8577319587628865,TRAINING_REFERENCE
2023-07-12,26.1246,NORMAL,False,0.07027438157805455,0,LOCAL_RETURN_SHOCK,0.07027438157805455,0.04758455304672115,0.0,0.0298926165237175,0.44276254167495877,0.8602061855670103,TRAINING_REFERENCE
2023-07-13,26.0296,NORMAL,False,0.16319895602368373,0,LOCAL_RETURN_SHOCK,0.16319895602368373,0.08476834608344624,0.072728386271944,0.09091048283993,0.4395184415349988,0.8531958762886598,TRAINING_REFERENCE
2023-07-14,26.1253,NORMAL,False,0.10394668628998205,0,VOLATILITY_ACCELERATION,0.0222326539525546,0.10394668628998205,0.027078027676351996,0.09191458954421,0.4265852301639863,0.828041237113402,TRAINING_REFERENCE
2023-07-17,26.3211,NORMAL,False,0.187366269478245,0,LARGE_ABSOLUTE_RETURN,0.04275223464988385,0.15781938492659195,0.0,0.187366269478245,0.4250300454803456,0.8255670103092784,TRAINING_REFERENCE
2023-07-18,26.9155,NORMAL,False,0.5645660705669575,0,LARGE_ABSOLUTE_RETURN,0.31171098470277075,0.3754128435744231,0.0,0.5645660705669575,0.46352065986395213,0.8882474226804123,TRAINING_REFERENCE
2023-07-19,26.7849,NORMAL,False,0.4145243585992762,0,VOLATILITY_ACCELERATION,0.2070267179511294,0.4145243585992762,0.09704445393917999,0.121305567423975,0.4403389702650751,0.8560824742268042,TRAINING_REFERENCE
2023-07-20,26.747,NORMAL,False,0.39903765815098,0,VOLATILITY_ACCELERATION,0.139547344838092,0.39903765815098,0.052478279032435994,0.0353744087153575,0.4163238566578868,0.7991752577319587,TRAINING_REFERENCE
2023-07-21,26.9681,NORMAL,False,0.39938294734661667,0,VOLATILITY_ACCELERATION,0.13721814408009392,0.39938294734661667,0.0,0.2066586906942825,0.41899268180220905,0.808659793814433,TRAINING_REFERENCE
2023-07-24,26.9499,NORMAL,False,0.4147692013880579,0,VOLATILITY_ACCELERATION,0.1250589800969954,0.4147692013880579,0.013497428443233999,0.0168717855540425,0.411336979963541,0.7839175257731958,TRAINING_REFERENCE
2023-07-25,26.9079,NORMAL,False,0.1840253399366306,0,VOLATILITY_ACCELERATION,0.14917444210539954,0.1840253399366306,0.044645340235313996,0.038961183529435,0.394858697901264,0.725360824742268,TRAINING_REFERENCE
2023-07-26,26.907,NORMAL,False,0.15537977935565214,0,VOLATILITY_ACCELERATION,0.07507279578799984,0.15537977935565214,0.051731658451178,0.0008361856555144653,0.38533974780639435,0.6725773195876289,TRAINING_REFERENCE
2023-07-27,26.9021,NORMAL,False,0.15011399066032655,0,VOLATILITY_ACCELERATION,0.07644414819460027,0.15011399066032655,0.07625994677397,0.0045527186234025,0.3800088941109291,0.6342268041237114,TRAINING_REFERENCE
2023-07-28,26.8765,NORMAL,False,0.10975375261068353,0,LOCAL_RETURN_SHOCK,0.10975375261068353,0.0229568652059397,0.067932112384632,0.0237899643522225,0.40242645938578686,0.7571134020618556,TRAINING_REFERENCE
2023-07-31,26.9113,NORMAL,False,0.04024229871271995,0,VOLATILITY_ACCELERATION,0.0255529764786152,0.04024229871271995,0.028626414170814,0.0323702863096,0.3884285212907463,0.6964948453608247,TRAINING_REFERENCE
2023-08-01,26.9178,NORMAL,False,0.07071772712770315,0,LOCAL_RETURN_SHOCK,0.07071772712770315,0.0304092106825786,0.00734200777956,0.00603835563499,0.38578741108195086,0.6775257731958763,TRAINING_REFERENCE
2023-08-02,26.9181,NORMAL,False,0.07764134460090265,0,LOCAL_RETURN_SHOCK,0.07764134460090265,0.0303434838589735,0.008231948116476,0.000278626039273977,0.38511847023228674,0.6709278350515464,TRAINING_REFERENCE
2023-08-03,26.9555,NORMAL,False,0.039602344992787995,0,DRAWDOWN_SHIFT,0.010040401256641,0.03634942778231325,0.039602344992787995,0.0347349924400325,0.3836511004346128,0.6622680412371134,TRAINING_REFERENCE
2023-08-04,26.914,NORMAL,False,0.1382535892926846,0,LOCAL_RETURN_SHOCK,0.1382535892926846,0.0443379150449823,0.027810635528646,0.0384893620967875,0.382320702885364,0.6482474226804124,TRAINING_REFERENCE
2023-08-07,26.9624,NORMAL,False,0.0488849913522377,0,VOLATILITY_ACCELERATION,0.0053824027741814,0.0488849913522377,0.037896626013694,0.044958014416285,0.37634672757864457,0.6020618556701031,TRAINING_REFERENCE
2023-08-08,26.982,NORMAL,False,0.0490363206692182,0,VOLATILITY_ACCELERATION,0.04020367980263695,0.0490363206692182,0.037303332455752,0.0181734563688675,0.374914963383514,0.5851546391752578,TRAINING_REFERENCE
2023-08-09,26.9901,NORMAL,False,0.05972669473354195,0,LOCAL_RETURN_SHOCK,0.05972669473354195,0.04828582203835385,0.037080847371524,0.00750500333556,0.3732528038355154,0.5698969072164949,TRAINING_REFERENCE
2023-08-10,26.9981,NORMAL,False,0.057893692324897425,0,LOCAL_RETURN_SHOCK,0.057893692324897425,0.04486356753792175,0.009344373537621999,0.0074101244530375,0.37384647643729774,0.5752577319587628,TRAINING_REFERENCE
2023-08-11,26.9654,NORMAL,False,0.1337592069486362,0,LOCAL_RETURN_SHOCK,0.1337592069486362,0.04020795359514655,0.015897549987057998,0.030279908586159997,0.38046048811633065,0.6371134020618556,TRAINING_REFERENCE
2023-08-14,27.0119,NORMAL,False,0.0431108012490075,0,LARGE_ABSOLUTE_RETURN,0.0054625902594876,0.03933398594226835,0.004227216600354,0.0431108012490075,0.3738975841927313,0.5760824742268041,TRAINING_REFERENCE
2023-08-15,27.0472,NORMAL,False,0.04224461089396575,0,VOLATILITY_ACCELERATION,0.0001732912574953,0.04224461089396575,0.0,0.032670785838832504,0.37379069593478964,0.5740206185567011,TRAINING_REFERENCE
2023-08-16,27.043,NORMAL,False,0.0435463809613504,0,VOLATILITY_ACCELERATION,0.0413002374561159,0.0435463809613504,0.0031056819190139998,0.0038821023987674996,0.37153552780404514,0.554639175257732,TRAINING_REFERENCE
2023-08-17,27.0793,NORMAL,False,0.10132018331339622,0,LOCAL_RETURN_SHOCK,0.10132018331339622,0.04613616541102,0.0,0.0335576674185525,0.3703991329188803,0.5468041237113402,TRAINING_REFERENCE
2023-08-18,27.0689,NORMAL,False,0.12046641785608793,0,LOCAL_RETURN_SHOCK,0.12046641785608793,0.03577564694192415,0.016542782969341998,0.009601429874479999,0.37595687124215127,0.5995876288659794,TRAINING_REFERENCE
2023-08-21,27.1392,NORMAL,False,0.5700843793474948,0,LOCAL_RETURN_SHOCK,0.5700843793474948,0.0454387022280285,0.0,0.06492690874028499,0.3857305737545456,0.6767010309278351,TRAINING_REFERENCE
2023-08-22,27.1721,NORMAL,False,0.18501677675199713,0,LOCAL_RETURN_SHOCK,0.18501677675199713,0.04566194858420405,0.0,0.030306715010025,0.3711902954107684,0.551340206185567,TRAINING_REFERENCE
2023-08-23,27.1893,NORMAL,False,0.04091072030273875,0,VOLATILITY_ACCELERATION,0.03305704114025365,0.04091072030273875,0.0031056819190139998,0.015825055847722497,0.37118890338123545,0.5509278350515464,TRAINING_REFERENCE
2023-08-24,25.7736,ANOMALOUS,True,12.16580386969299,3,LOCAL_RETURN_SHOCK,12.16580386969299,0.783407342234408,1.0413655371782278,1.301706921472785,0.6174122663427811,0.9810309278350515,TRAINING_REFERENCE
2023-08-25,26.5335,NORMAL,False,0.9559874463674461,0,VOLATILITY_ACCELERATION,0.667624148667802,0.9559874463674461,0.47471450438852797,0.7370914424061825,0.525556120750623,0.9410309278350516,TRAINING_REFERENCE
2023-08-28,26.4642,NORMAL,False,0.952320499185998,0,VOLATILITY_ACCELERATION,0.03744090335351,0.952320499185998,0.5333715836744559,0.065294815987335,0.4834738866760986,0.9047422680412371,TRAINING_REFERENCE
2023-08-29,26.5177,NORMAL,False,0.957701668413174,0,VOLATILITY_ACCELERATION,0.050245292092160276,0.957701668413174,0.49401786732280395,0.05053997475835,0.4832021423987698,0.9043298969072165,TRAINING_REFERENCE
2023-08-30,26.6899,ANOMALOUS,True,1.2544716094077724,1,VOLATILITY_ACCELERATION,0.1297228008800132,1.2544716094077724,0.367350391514306,0.1623443963843,0.4982241383634958,0.9208247422680412,TRAINING_REFERENCE
2023-08-31,26.6899,NORMAL,False,0.67401514566392,0,DRAWDOWN_SHIFT,0.00598683111745115,0.5459009408786184,0.67401514566392,0.0,0.42232757467875076,0.8185567010309278,TRAINING_REFERENCE
2023-09-01,26.6917,NORMAL,False,0.14348906375804185,0,VOLATILITY_ACCELERATION,0.008457637996352475,0.14348906375804185,0.116369307043582,0.001686031045450287,0.3756847336251422,0.5950515463917526,TRAINING_REFERENCE
2023-09-04,26.7578,NORMAL,False,0.215967310670004,0,DRAWDOWN_SHIFT,0.05044917974703118,0.11226384255212955,0.215967310670004,0.0619106313947775,0.38334221989061346,0.6569072164948454,TRAINING_REFERENCE
2023-09-05,26.7615,NORMAL,False,0.17933525320622398,0,DRAWDOWN_SHIFT,0.007672603492011525,0.11917627771907804,0.17933525320622398,0.0034569359214899997,0.3783466213725673,0.6202061855670103,TRAINING_REFERENCE
2023-09-06,26.8114,NORMAL,False,0.089373393209826,0,DRAWDOWN_SHIFT,0.03932321518209592,0.04988335963685065,0.089373393209826,0.0466154737215725,0.38453065065688086,0.6676288659793814,TRAINING_REFERENCE
2023-09-07,26.8106,NORMAL,False,0.08878492642326198,0,DRAWDOWN_SHIFT,0.00376140774973235,0.0501228548716944,0.08878492642326198,0.0007459513490515323,0.38446855234489735,0.6668041237113402,TRAINING_REFERENCE
2023-09-08,26.8365,NORMAL,False,0.106512488368584,0,DRAWDOWN_SHIFT,0.0219972686708388,0.0461273662748127,0.106512488368584,0.0241508955413125,0.38461129837958546,0.6688659793814433,TRAINING_REFERENCE
2023-09-11,26.8663,NORMAL,False,0.079810807928116,0,DRAWDOWN_SHIFT,0.022636343685324974,0.0328858438396157,0.079810807928116,0.027760699047935003,0.3871124673271705,0.6874226804123711,TRAINING_REFERENCE
2023-09-12,26.8363,NORMAL,False,0.05502164454398999,0,DRAWDOWN_SHIFT,0.0169364929983351,0.04916434235392135,0.05502164454398999,0.027916013742119997,0.3861788576656429,0.6812371134020618,TRAINING_REFERENCE
2023-09-13,26.9321,NORMAL,False,0.089244791569625,0,LARGE_ABSOLUTE_RETURN,0.06971253678170207,0.07411857574275554,0.08878492642326198,0.089244791569625,0.3831712269290668,0.6556701030927835,TRAINING_REFERENCE
2023-09-14,26.945,NORMAL,False,0.098862420143218,0,DRAWDOWN_SHIFT,0.010625742321888275,0.08938383376956355,0.098862420143218,0.0119745582409125,0.37448083459463266,0.5814432989690722,TRAINING_REFERENCE
2023-09-15,26.982,NORMAL,False,0.10702739680682799,0,DRAWDOWN_SHIFT,0.027494586208211175,0.0912787008599569,0.10702739680682799,0.0343291890888825,0.3747372622348222,0.5835051546391753,TRAINING_REFERENCE
2023-09-18,27.0089,NORMAL,False,0.10489420470552799,0,DRAWDOWN_SHIFT,0.01913883000904775,0.0979048417119253,0.10489420470552799,0.024924023423022502,0.37263908221684694,0.5637113402061855,TRAINING_REFERENCE
2023-09-19,27.0115,NORMAL,False,0.128874226258126,0,DRAWDOWN_SHIFT,0.004379653028606125,0.0785119851759563,0.128874226258126,0.0024066141160905548,0.37654675699579776,0.6041237113402061,TRAINING_REFERENCE
2023-09-20,26.9957,NORMAL,False,0.04678310953206,0,DRAWDOWN_SHIFT,0.00688131539684715,0.04429412994096075,0.04678310953206,0.0146234011439575,0.3836200668832137,0.6618556701030928,TRAINING_REFERENCE
2023-09-21,27.1371,NORMAL,False,0.141305587124344,0,DRAWDOWN_SHIFT,0.099079632921013,0.13075250428706464,0.141305587124344,0.130946780413175,0.35556347847390435,0.3711340206185567,TRAINING_REFERENCE
2023-09-22,27.1418,NORMAL,False,0.1352615459944635,0,VOLATILITY_ACCELERATION,0.0911064623560897,0.1352615459944635,0.117546240616716,0.004329865755734999,0.35162513233316833,0.30762886597938144,TRAINING_REFERENCE
2023-09-25,27.1993,NORMAL,False,0.13704769643952605,0,VOLATILITY_ACCELERATION,0.11682257590637288,0.13704769643952605,0.13269926037080598,0.05296258906926,0.3516290646179017,0.3080412371134021,TRAINING_REFERENCE
2023-09-26,27.2436,NORMAL,False,0.130786743314462,0,DRAWDOWN_SHIFT,0.0334117218877863,0.1303250358156457,0.130786743314462,0.0407179596533725,0.35002537889281937,0.2845360824742268,TRAINING_REFERENCE
2023-09-27,26.9039,ANOMALOUS,True,1.8078152477509297,1,LOCAL_RETURN_SHOCK,1.8078152477509297,0.38987418551121605,0.10697070847261399,0.311724588527215,0.43797886628108046,0.848659793814433,TRAINING_REFERENCE
2023-09-28,27.3141,ANOMALOUS,True,1.1003435616891661,1,LOCAL_RETURN_SHOCK,1.1003435616891661,0.5463726535059794,0.038397457823482,0.38117150301629,0.4185530878236651,0.8070103092783505,TRAINING_REFERENCE
2023-09-29,27.3824,NORMAL,False,0.5457176246512068,0,VOLATILITY_ACCELERATION,0.07051882792619132,0.5457176246512068,0.034940215452399996,0.0625135003533,0.35665888853572997,0.3863917525773196,TRAINING_REFERENCE
2023-10-02,27.4301,NORMAL,False,0.5456553464328338,0,VOLATILITY_ACCELERATION,0.0239598580645385,0.5456553464328338,0.0,0.04354987145027,0.35670733987058734,0.3884536082474227,TRAINING_REFERENCE
2023-10-03,27.4357,NORMAL,False,0.547010149498998,0,VOLATILITY_ACCELERATION,0.0554850520168297,0.547010149498998,0.0,0.005103882231565,0.355473306766506,0.3694845360824742,TRAINING_REFERENCE
2023-10-04,27.5287,NORMAL,False,0.33666425371825764,0,VOLATILITY_ACCELERATION,0.11302700853161375,0.33666425371825764,0.249379670821772,0.08474360049133249,0.3593439477405753,0.4284536082474227,TRAINING_REFERENCE
2023-10-05,27.5588,NORMAL,False,0.06860888104033415,0,VOLATILITY_ACCELERATION,0.012555864950053975,0.06860888104033415,0.0,0.0273351084504525,0.35340765368723204,0.33443298969072166,TRAINING_REFERENCE
2023-10-06,27.5771,NORMAL,False,0.06907635895111885,0,VOLATILITY_ACCELERATION,0.038228279516850025,0.06907635895111885,0.0,0.0166008679623175,0.3512029882751714,0.3018556701030928,TRAINING_REFERENCE
2023-10-09,27.6736,NORMAL,False,0.11227741281748765,0,LOCAL_RETURN_SHOCK,0.11227741281748765,0.08736969300052735,0.0,0.087482004996895,0.35327519546666886,0.33154639175257733,TRAINING_REFERENCE
2023-10-10,27.721,NORMAL,False,0.0772279533306514,0,VOLATILITY_ACCELERATION,0.0115946221901681,0.0772279533306514,0.0,0.042820594357077496,0.3511793287895529,0.30103092783505153,TRAINING_REFERENCE
2023-10-11,27.6717,NORMAL,False,0.18078238247044748,0,LOCAL_RETURN_SHOCK,0.18078238247044748,0.1130820127112223,0.035568702427759995,0.0444608780347,0.35106544758563163,0.2993814432989691,TRAINING_REFERENCE
2023-10-12,27.7247,NORMAL,False,0.11553482834910765,0,VOLATILITY_ACCELERATION,0.028873834916853074,0.11553482834910765,0.0,0.0478828550468475,0.3435961657742082,0.16123711340206184,TRAINING_REFERENCE
2023-10-13,27.7642,NORMAL,False,0.11497523397689215,0,VOLATILITY_ACCELERATION,0.00069991757404625,0.11497523397689215,0.0,0.0356180589871125,0.3432296729916986,0.1509278350515464,TRAINING_REFERENCE
2023-10-16,27.8561,NORMAL,False,0.1118232780627677,0,VOLATILITY_ACCELERATION,0.09836794606697813,0.1118232780627677,0.0,0.0827504484191875,0.34707227687046815,0.23051546391752578,TRAINING_REFERENCE
2023-10-17,27.9446,NORMAL,False,0.1226828712990044,0,VOLATILITY_ACCELERATION,0.08498548272394042,0.1226828712990044,0.0,0.07942605030855,0.3474690415071597,0.23958762886597937,TRAINING_REFERENCE
2023-10-18,27.9745,NORMAL,False,0.0606527394790931,0,VOLATILITY_ACCELERATION,0.0335741248842739,0.0606527394790931,0.035568702427759995,0.02674935407914,0.35509198234027867,0.3612371134020619,TRAINING_REFERENCE
2023-10-19,27.981,NORMAL,False,0.08230932885635985,0,LOCAL_RETURN_SHOCK,0.08230932885635985,0.080501248115003,0.0,0.005808861641852499,0.35166898617146797,0.3088659793814433,TRAINING_REFERENCE
2023-10-20,27.9433,NORMAL,False,0.15436571663235965,0,LOCAL_RETURN_SHOCK,0.15436571663235965,0.11828848346470565,0.026946856795683996,0.033683570994605,0.3492779317315984,0.2721649484536082,TRAINING_REFERENCE
2023-10-23,28.0652,NORMAL,False,0.1534944244299763,0,LOCAL_RETURN_SHOCK,0.1534944244299763,0.13600549942580575,0.0,0.1090601324825625,0.3487407571039385,0.2651546391752577,TRAINING_REFERENCE
2023-10-24,28.0921,NORMAL,False,0.12407151556840035,0,VOLATILITY_ACCELERATION,0.0325930239654926,0.12407151556840035,0.0,0.023962059775095,0.3433325250591655,0.15298969072164947,TRAINING_REFERENCE
2023-10-25,28.1237,NORMAL,False,0.1240921622751953,0,VOLATILITY_ACCELERATION,0.022082726075282975,0.1240921622751953,0.0,0.0281217851282025,0.3448912585875013,0.19381443298969073,TRAINING_REFERENCE
2023-10-26,28.1377,NORMAL,False,0.12542539655127785,0,LOCAL_RETURN_SHOCK,0.12542539655127785,0.12271187818103604,0.0,0.012445019680905,0.34870324483340814,0.2639175257731959,TRAINING_REFERENCE
2023-10-27,28.1667,NORMAL,False,0.09322344384317845,0,VOLATILITY_ACCELERATION,0.07206369103445433,0.09322344384317845,0.026946856795683996,0.0257661429327925,0.3510521449444779,0.29896907216494845,TRAINING_REFERENCE
2023-10-30,28.245,NORMAL,False,0.21746761544685686,0,LOCAL_RETURN_SHOCK,0.21746761544685686,0.0519792454112107,0.0,0.069496959175195,0.36370167710764306,0.4762886597938144,TRAINING_REFERENCE
2023-10-31,28.2995,NORMAL,False,0.07249570701641357,0,LOCAL_RETURN_SHOCK,0.07249570701641357,0.053093750212369,0.0,0.04823862630554,0.35950396128075013,0.4309278350515464,TRAINING_REFERENCE
2023-11-01,28.3294,NORMAL,False,0.07879455242892115,0,LOCAL_RETURN_SHOCK,0.07879455242892115,0.0535207441164189,0.0,0.026413894238412502,0.35833327908237605,0.4144329896907217,TRAINING_REFERENCE
2023-11-02,28.3246,NORMAL,False,0.2648688806330683,0,LOCAL_RETURN_SHOCK,0.2648688806330683,0.06568496041220645,0.0033887057262059995,0.0042358821577575,0.36189238578327915,0.457319587628866,TRAINING_REFERENCE
2023-11-03,28.3801,NORMAL,False,0.09430962174656042,0,LOCAL_RETURN_SHOCK,0.09430962174656042,0.0666630377634085,0.0,0.0489856873530425,0.35524139107799546,0.36329896907216497,TRAINING_REFERENCE
2023-11-06,28.4367,NORMAL,False,0.08975016878340135,0,LOCAL_RETURN_SHOCK,0.08975016878340135,0.05581434257346845,0.0,0.049858879989849995,0.3574625110047686,0.4,TRAINING_REFERENCE
2023-11-07,28.4916,NORMAL,False,0.09595308268682533,0,LOCAL_RETURN_SHOCK,0.09595308268682533,0.05581798709703415,0.0,0.0482650940509975,0.35805028399399014,0.4094845360824742,TRAINING_REFERENCE
2023-11-08,28.4479,NORMAL,False,0.4893993893014966,0,LOCAL_RETURN_SHOCK,0.4893993893014966,0.09604391194364385,0.030675707927947996,0.038344634909935,0.37190771598411076,0.5562886597938145,TRAINING_REFERENCE
2023-11-09,28.4655,NORMAL,False,0.1314038237569316,0,LOCAL_RETURN_SHOCK,0.1314038237569316,0.09089640770647145,0.014932483676986,0.0154668710168375,0.3526915754802518,0.3241237113402062,TRAINING_REFERENCE
2023-11-10,28.5481,NORMAL,False,0.2703662840963429,0,LOCAL_RETURN_SHOCK,0.2703662840963429,0.1024411635931128,0.0,0.0725439567195375,0.3540455032068698,0.34680412371134023,TRAINING_REFERENCE
2023-11-13,28.5929,NORMAL,False,0.1000872419661868,0,VOLATILITY_ACCELERATION,0.02909377562705505,0.1000872419661868,0.0,0.039232032954904995,0.34864596222030864,0.26268041237113404,TRAINING_REFERENCE
2023-11-14,28.6318,NORMAL,False,0.0969883722053236,0,VOLATILITY_ACCELERATION,0.009278801192302325,0.0969883722053236,0.0,0.0340119400270675,0.34830594510447527,0.2531958762886598,TRAINING_REFERENCE
2023-11-15,28.6809,NORMAL,False,0.09110714302362595,0,LOCAL_RETURN_SHOCK,0.09110714302362595,0.04907956898398305,0.030675707927947996,0.0428719116506825,0.35987851574406854,0.4379381443298969,TRAINING_REFERENCE
2023-11-16,28.6547,NORMAL,False,0.3939646930849765,0,LOCAL_RETURN_SHOCK,0.3939646930849765,0.14671272135101926,5.119090244600031e-05,0.022837498125932502,0.35742778144842974,0.39958762886597937,TRAINING_REFERENCE
2023-11-17,28.6774,NORMAL,False,0.17761686052242195,0,VOLATILITY_ACCELERATION,0.06933633292613267,0.17761686052242195,0.002440648654682,0.0198047789716875,0.3419802035790892,0.11793814432989691,TRAINING_REFERENCE
2023-11-20,28.7431,NORMAL,False,0.20513819019652724,0,VOLATILITY_ACCELERATION,0.18881626599943926,0.20513819019652724,0.0,0.0572750667773225,0.34536929154876156,0.20371134020618556,TRAINING_REFERENCE
2023-11-21,28.7802,NORMAL,False,0.20454070263998705,0,VOLATILITY_ACCELERATION,0.021274857055491474,0.20454070263998705,0.0,0.032268614032587496,0.34209099668976395,0.12123711340206185,TRAINING_REFERENCE
2023-11-22,28.852,NORMAL,False,0.2845652990386391,0,LOCAL_RETURN_SHOCK,0.2845652990386391,0.23527735989981344,0.0,0.062369267760475,0.3460251357460116,0.21484536082474226,TRAINING_REFERENCE
2023-11-23,28.8257,NORMAL,False,0.4710155235086012,0,LOCAL_RETURN_SHOCK,0.4710155235086012,0.23440161431908804,3.902664437600064e-05,0.022788714820462498,0.3590112485952272,0.42350515463917526,TRAINING_REFERENCE
2023-11-24,28.8595,NORMAL,False,0.23179029257154204,0,VOLATILITY_ACCELERATION,0.007339076520099875,0.23179029257154204,0.002440648654682,0.029314118997974998,0.3389531883743739,0.060618556701030925,TRAINING_REFERENCE
2023-11-27,28.9042,NORMAL,False,0.2142959805900844,0,VOLATILITY_ACCELERATION,0.06640839645893623,0.2142959805900844,0.0,0.038722084582197495,0.3405372078589116,0.0865979381443299,TRAINING_REFERENCE
2023-11-28,28.9046,NORMAL,False,0.23774604167168426,0,LOCAL_RETURN_SHOCK,0.23774604167168426,0.22862979702072805,0.0,0.00034597048179652035,0.3426018195511133,0.13319587628865978,TRAINING_REFERENCE
2023-11-29,28.9259,NORMAL,False,0.16808672854539686,0,VOLATILITY_ACCELERATION,0.06650234902175707,0.16808672854539686,0.0,0.0184226732077225,0.3409776150923925,0.09896907216494845,TRAINING_REFERENCE
2023-11-30,28.8699,NORMAL,False,0.61383827810654,0,LOCAL_RETURN_SHOCK,0.61383827810654,0.23447642002590435,0.020488653116402,0.048399531215965,0.3605453509033821,0.44618556701030926,TRAINING_REFERENCE
2023-12-01,28.896,NORMAL,False,0.2280971861624354,0,VOLATILITY_ACCELERATION,0.00931368512198115,0.2280971861624354,0.020673514047959998,0.0226013945320225,0.33780250957264674,0.0334020618556701,TRAINING_REFERENCE
2023-12-04,28.9143,NORMAL,False,0.1992074705888243,0,VOLATILITY_ACCELERATION,0.05010194271700673,0.1992074705888243,0.008020493744357999,0.015832641196009998,0.33781582951189093,0.03422680412371134,TRAINING_REFERENCE
2023-12-05,28.884,NORMAL,False,0.3572978160647294,0,LOCAL_RETURN_SHOCK,0.3572978160647294,0.21704276612167284,0.028970576542128,0.0261981095859125,0.3528846454685053,0.32577319587628867,TRAINING_REFERENCE
2023-12-06,28.9123,NORMAL,False,0.22603891198040116,0,VOLATILITY_ACCELERATION,0.054418628131037323,0.22603891198040116,0.009403337493386,0.024494529843509995,0.3377174705723268,0.032989690721649485,TRAINING_REFERENCE
2023-12-07,28.9199,NORMAL,False,0.14170703612491614,0,VOLATILITY_ACCELERATION,0.1095722802717611,0.14170703612491614,0.03457109372569,0.006571597555365001,0.3431763876150325,0.15010309278350514,TRAINING_REFERENCE
2023-12-08,28.9846,NORMAL,False,0.2876263903416915,0,LOCAL_RETURN_SHOCK,0.2876263903416915,0.20314483260777055,0.020673514047959998,0.055930345540615,0.3428549284962753,0.1397938144329897,TRAINING_REFERENCE
2023-12-11,29.0011,NORMAL,False,0.20308643040594485,0,VOLATILITY_ACCELERATION,0.03952766429314165,0.20308643040594485,0.008020493744357999,0.014231695452064999,0.33786297385965564,0.03628865979381443,TRAINING_REFERENCE
2023-12-12,28.9958,NORMAL,False,0.18754282050595833,0,LOCAL_RETURN_SHOCK,0.18754282050595833,0.15740949596332915,0.025315542767545995,0.0045687922182275,0.34361014108164634,0.1620618556701031,TRAINING_REFERENCE
2023-12-13,28.9699,NORMAL,False,0.3191295270598933,0,LOCAL_RETURN_SHOCK,0.3191295270598933,0.19872705398804916,0.012113087745655999,0.0223308203257025,0.3497196449476062,0.27876288659793813,TRAINING_REFERENCE
2023-12-14,28.9604,NORMAL,False,0.20966754621477465,0,VOLATILITY_ACCELERATION,0.17106056128226735,0.20966754621477465,0.02391936962564,0.0081981643015675,0.3445195554153722,0.18556701030927836,TRAINING_REFERENCE
2023-12-15,28.9791,NORMAL,False,0.1119523329740107,0,VOLATILITY_ACCELERATION,0.024139217604827175,0.1119523329740107,0.015171838309581999,0.0161427328351825,0.34593525607130887,0.21402061855670104,TRAINING_REFERENCE
2023-12-18,29.0582,NORMAL,False,0.4662363723269192,0,LOCAL_RETURN_SHOCK,0.4662363723269192,0.2448758915764006,0.0,0.06823883419429999,0.3471104175030146,0.231340206185567,TRAINING_REFERENCE
2023-12-19,29.0934,NORMAL,False,0.24411604354662225,0,VOLATILITY_ACCELERATION,0.13628349545133683,0.24411604354662225,0.003655033774582,0.030284050629424998,0.33571905194251855,0.010721649484536083,TRAINING_REFERENCE
2023-12-20,29.1302,NORMAL,False,0.24389389361124444,0,VOLATILITY_ACCELERATION,0.14835530282892817,0.24389389361124444,0.021516425239042,0.031622292341215,0.3378634464993071,0.036701030927835054,TRAINING_REFERENCE
2023-12-21,29.1522,NORMAL,False,0.3059072893416357,0,VOLATILITY_ACCELERATION,0.06007628948522147,0.3059072893416357,0.028067900872723997,0.018880749188124997,0.3388127808700578,0.05731958762886598,TRAINING_REFERENCE
2023-12-22,29.2107,NORMAL,False,0.329101032794585,0,LOCAL_RETURN_SHOCK,0.329101032794585,0.2870629495701333,0.015171838309581999,0.050167740342065004,0.34479827870894,0.19216494845360824,TRAINING_REFERENCE
2023-12-25,29.152,NORMAL,False,0.5757262404170884,0,LOCAL_RETURN_SHOCK,0.5757262404170884,0.550414695166576,0.04019075201895,0.050238440023687506,0.3634985501669559,0.4734020618556701,TRAINING_REFERENCE
2023-12-26,29.2725,NORMAL,False,0.7607543495639076,0,VOLATILITY_ACCELERATION,0.7395553892012319,0.7607543495639076,0.0,0.1033376783754075,0.3757365961913714,0.5954639175257732,TRAINING_REFERENCE
2023-12-27,29.3874,NORMAL,False,0.8567220705916262,0,VOLATILITY_ACCELERATION,0.5500028747421902,0.8567220705916262,0.0,0.0981296438636925,0.37313797507966995,0.5690721649484536,TRAINING_REFERENCE
2023-12-28,29.435,NORMAL,False,0.836480725486809,0,VOLATILITY_ACCELERATION,0.1239217942700619,0.836480725486809,0.0,0.04049354485255249,0.3595403842151068,0.431340206185567,TRAINING_REFERENCE
2023-12-29,29.5711,NORMAL,False,0.8907738892277582,0,VOLATILITY_ACCELERATION,0.5904597607248013,0.8907738892277582,0.0,0.11559368099201998,0.3836826897482711,0.6626804123711341,TRAINING_REFERENCE
2024-01-01,29.5134,NORMAL,False,0.8715365338402548,0,VOLATILITY_ACCELERATION,0.4443558004984239,0.8715365338402548,0.001166163823042004,0.048780735244885,0.379909350971326,0.6317525773195877,TRAINING_REFERENCE
2024-01-02,29.7309,NORMAL,False,0.9921341566875055,0,VOLATILITY_ACCELERATION,0.8433716626568265,0.9921341566875055,0.0,0.18423834597166,0.40923151947540637,0.7760824742268041,TRAINING_REFERENCE
2024-01-03,29.7691,ANOMALOUS,True,1.0304604741288204,1,VOLATILITY_ACCELERATION,0.01787345349577925,1.0304604741288204,0.0,0.0321214628551425,0.37795819624144655,0.6164948453608248,TRAINING_REFERENCE
2024-01-04,29.7529,ANOMALOUS,True,1.1009684499192312,1,VOLATILITY_ACCELERATION,0.21955536973912404,1.1009684499192312,0.01088376874007,0.0136047109250875,0.3889114313101332,0.7010309278350515,TRAINING_REFERENCE
2024-01-05,29.8403,ANOMALOUS,True,1.0335021106599829,1,VOLATILITY_ACCELERATION,0.16347259207875475,1.0335021106599829,0.0,0.07343821946767999,0.3783076659404689,0.6189690721649485,TRAINING_REFERENCE
2024-01-08,29.8705,NORMAL,False,0.8795209406607899,0,VOLATILITY_ACCELERATION,0.0478135099302929,0.8795209406607899,0.039024588195908,0.025301354208905,0.36749743393333856,0.514639175257732,TRAINING_REFERENCE
2024-01-09,29.9245,NORMAL,False,0.3712415486587095,0,VOLATILITY_ACCELERATION,0.03515988990315595,0.3712415486587095,0.0,0.04519509214777,0.343750859531206,0.1645360824742268,TRAINING_REFERENCE
2024-01-10,29.9598,NORMAL,False,0.3715915835068372,0,VOLATILITY_ACCELERATION,0.0436303793324423,0.3715915835068372,0.0,0.02949088539491,0.34299159546347857,0.1447422680412371,TRAINING_REFERENCE
2024-01-11,29.9971,NORMAL,False,0.23095831224085894,0,VOLATILITY_ACCELERATION,0.049347673075577775,0.23095831224085894,0.01088376874007,0.0311250408881225,0.34433340507040905,0.18020618556701032,TRAINING_REFERENCE
2024-01-12,30.098,NORMAL,False,0.2850370564072455,0,VOLATILITY_ACCELERATION,0.18406461659480045,0.2850370564072455,0.0,0.08409146217467249,0.3490887190112472,0.27010309278350514,TRAINING_REFERENCE
2024-01-15,30.0779,NORMAL,False,0.43556868083130024,0,VOLATILITY_ACCELERATION,0.2934181859260215,0.43556868083130024,0.013356369193966,0.0166954614924575,0.35231827935454946,0.31876288659793817,TRAINING_REFERENCE
2024-01-16,30.1,NORMAL,False,0.43577886199406446,0,VOLATILITY_ACCELERATION,0.11043019028428115,0.43577886199406446,0.0,0.0183689685782575,0.3434590293463786,0.15711340206185567,TRAINING_REFERENCE
2024-01-17,30.129,NORMAL,False,0.43660667166590733,0,VOLATILITY_ACCELERATION,0.0820628401310118,0.43660667166590733,0.0,0.02408637873754,0.34327868731134015,0.151340206185567,TRAINING_REFERENCE
2024-01-18,30.1332,NORMAL,False,0.454036137979489,0,VOLATILITY_ACCELERATION,0.17133206877527574,0.454036137979489,0.0,0.003485014437915,0.34422567133463516,0.1781443298969072,TRAINING_REFERENCE
2024-01-19,30.2005,NORMAL,False,0.3212097917310463,0,VOLATILITY_ACCELERATION,0.06303706070018303,0.3212097917310463,0.0,0.0558354240505475,0.34245900431354576,0.128659793814433,TRAINING_REFERENCE
2024-01-22,30.2562,NORMAL,False,0.255652415249976,0,VOLATILITY_ACCELERATION,0.019099165921723324,0.255652415249976,0.013356369193966,0.0461085081372825,0.3439044758972753,0.16824742268041237,TRAINING_REFERENCE
2024-01-23,30.2164,NORMAL,False,0.4214837605780652,0,VOLATILITY_ACCELERATION,0.3763892329485769,0.4214837605780652,0.026308657399141996,0.0328858217489275,0.35616984746312624,0.3818556701030928,TRAINING_REFERENCE
2024-01-24,30.2349,NORMAL,False,0.42028270177112054,0,VOLATILITY_ACCELERATION,0.11353103989329565,0.42028270177112054,0.014079758859342,0.0153062575290225,0.34318178090677653,0.15051546391752577,TRAINING_REFERENCE
2024-01-25,30.2424,NORMAL,False,0.41841556864127266,0,VOLATILITY_ACCELERATION,0.1406636036466058,0.41841556864127266,0.009122097289149998,0.0062014427036275,0.34309863601025514,0.1488659793814433,TRAINING_REFERENCE
2024-01-26,30.0999,NORMAL,False,0.7200451160517906,0,LOCAL_RETURN_SHOCK,0.7200451160517906,0.6877541627177457,0.10331766712277,0.11779819061979,0.3982098877059702,0.7406185567010309,TRAINING_REFERENCE
2024-01-29,30.3456,ANOMALOUS,True,1.148964385108278,1,VOLATILITY_ACCELERATION,0.769429360866705,1.148964385108278,0.0,0.2040704454167575,0.415912598676586,0.7983505154639176,TRAINING_REFERENCE
2024-01-30,30.3488,ANOMALOUS,True,1.1236270160968274,1,VOLATILITY_ACCELERATION,0.1163597640132125,1.1236270160968274,0.026308657399141996,0.0026362965306325,0.3853510378041042,0.6729896907216495,TRAINING_REFERENCE
2024-01-31,30.3454,ANOMALOUS,True,1.1413241498965636,1,VOLATILITY_ACCELERATION,0.11929235167507682,1.1413241498965636,0.011839143085408,0.0028007697174175,0.38696985330534034,0.6861855670103093,TRAINING_REFERENCE
2024-02-01,30.3329,ANOMALOUS,True,1.1432390113980064,1,VOLATILITY_ACCELERATION,0.14253890829663132,1.1432390113980064,0.0013560764771920015,0.01029810119491,0.38747704034531416,0.6898969072164949,TRAINING_REFERENCE
2024-02-02,30.4907,NORMAL,False,0.9258895947424954,0,VOLATILITY_ACCELERATION,0.4400240075111167,0.9258895947424954,0.10331766712277,0.130056803009275,0.384595438901337,0.6684536082474227,TRAINING_REFERENCE
2024-02-05,30.5514,NORMAL,False,0.5588636000607186,0,VOLATILITY_ACCELERATION,0.08905462218019743,0.5588636000607186,0.0,0.0497692739097475,0.3468466855364655,0.22721649484536083,TRAINING_REFERENCE
2024-02-06,30.5517,NORMAL,False,0.5607836079993399,0,VOLATILITY_ACCELERATION,0.10946957138085164,0.5607836079993399,0.0,0.0002454879318103398,0.34620628107730933,0.2177319587628866,TRAINING_REFERENCE
2024-02-07,30.5837,NORMAL,False,0.5317120053009335,0,VOLATILITY_ACCELERATION,0.000643546323934925,0.5317120053009335,0.002240615773934,0.0261851222681575,0.34488829780239366,0.1934020618556701,TRAINING_REFERENCE
2024-02-08,30.5893,NORMAL,False,0.5065076190558632,0,VOLATILITY_ACCELERATION,0.082915334861568,0.5065076190558632,0.010478173766342,0.004577601794417499,0.3443187729131713,0.1797938144329897,TRAINING_REFERENCE
2024-02-09,30.6745,NORMAL,False,0.28187385555968164,0,VOLATILITY_ACCELERATION,0.17533433895334286,0.28187385555968164,0.0,0.06963219164871,0.34381771993917143,0.16536082474226804,TRAINING_REFERENCE
2024-02-12,30.7137,NORMAL,False,0.26396168072290577,0,VOLATILITY_ACCELERATION,0.03196938126615133,0.26396168072290577,0.0,0.03194836101648,0.3400425214195708,0.07670103092783505,TRAINING_REFERENCE
2024-02-13,30.7063,NORMAL,False,0.27815481686086374,0,VOLATILITY_ACCELERATION,0.12805015724433508,0.27815481686086374,0.004818696542584,0.00602337067823,0.33961219102862045,0.07010309278350516,TRAINING_REFERENCE
2024-02-14,30.7433,NORMAL,False,0.2800328752567066,0,VOLATILITY_ACCELERATION,0.020145688857116074,0.2800328752567066,0.0,0.0301241113387175,0.33807875378882507,0.03958762886597938,TRAINING_REFERENCE
2024-02-15,30.7253,NORMAL,False,0.32316674346141677,0,VOLATILITY_ACCELERATION,0.1575856890436122,0.32316674346141677,0.011709868491669998,0.014637335614587499,0.33990401336491344,0.07463917525773196,TRAINING_REFERENCE
2024-02-16,30.839,NORMAL,False,0.3993689609338155,0,VOLATILITY_ACCELERATION,0.26666658350615974,0.3993689609338155,0.0,0.09251333591534999,0.34413031954945905,0.17402061855670103,TRAINING_REFERENCE
2024-02-19,30.8376,NORMAL,False,0.41315802807676766,0,VOLATILITY_ACCELERATION,0.10482234112556847,0.41315802807676766,0.0009079412432311251,0.0011349265540389064,0.3386711564038417,0.053195876288659794,TRAINING_REFERENCE
2024-02-20,30.9105,NORMAL,False,0.4123402494735975,0,VOLATILITY_ACCELERATION,0.13461039271544994,0.4123402494735975,0.004818696542584,0.05909992995564,0.341186911693769,0.10268041237113402,TRAINING_REFERENCE
2024-02-21,31.0042,NORMAL,False,0.44525998685993806,0,VOLATILITY_ACCELERATION,0.18353843172218473,0.44525998685993806,0.0,0.0757833098785225,0.34427988373583923,0.17855670103092783,TRAINING_REFERENCE
2024-02-22,30.9876,NORMAL,False,0.4474024711413484,0,VOLATILITY_ACCELERATION,0.17215868919663357,0.4474024711413484,0.00100164186431,0.013385283284199998,0.34333539437572247,0.1534020618556701,TRAINING_REFERENCE
2024-02-23,31.0391,NORMAL,False,0.36392187943469634,0,VOLATILITY_ACCELERATION,0.04191253448916335,0.36392187943469634,0.0,0.041548877615560004,0.33855022050414146,0.0511340206185567,TRAINING_REFERENCE
2024-02-26,31.0937,NORMAL,False,0.3179748162892319,0,VOLATILITY_ACCELERATION,0.024600022135767074,0.3179748162892319,0.0009079412432311251,0.0439767905641575,0.33880536831011404,0.05690721649484536,TRAINING_REFERENCE
2024-02-27,31.1427,NORMAL,False,0.3070097552556251,0,VOLATILITY_ACCELERATION,0.05576627048413615,0.3070097552556251,0.0,0.0393970482766625,0.3378455746641706,0.03546391752577319,TRAINING_REFERENCE
2024-02-28,31.2017,NORMAL,False,0.24312482218207235,0,VOLATILITY_ACCELERATION,0.0953444672328021,0.24312482218207235,0.0,0.0473626243068175,0.33981457446906704,0.07381443298969072,TRAINING_REFERENCE
2024-02-29,31.2335,NORMAL,False,0.08054369916511896,0,VOLATILITY_ACCELERATION,0.06052062421460955,0.08054369916511896,0.010708226627359999,0.0254793809311625,0.3533384066038308,0.33278350515463917,TRAINING_REFERENCE
2024-03-01,31.3634,NORMAL,False,0.4518970722120651,0,LOCAL_RETURN_SHOCK,0.4518970722120651,0.28540384518722206,0.0,0.1039748987465375,0.3544138015151965,0.3509278350515464,TRAINING_REFERENCE
2024-03-04,31.5712,NORMAL,False,0.9542041078299572,0,LOCAL_RETURN_SHOCK,0.9542041078299572,0.5234357132242645,0.0,0.1656389294528025,0.38864748457563564,0.6981443298969072,TRAINING_REFERENCE
2024-03-05,31.5876,NORMAL,False,0.5716771401311165,0,VOLATILITY_ACCELERATION,0.15672719594607754,0.5716771401311165,0.0,0.0129865193594125,0.3537043031666302,0.3393814432989691,TRAINING_REFERENCE
2024-03-06,31.7653,NORMAL,False,0.6033285320812497,0,VOLATILITY_ACCELERATION,0.5574850111163983,0.6033285320812497,0.0,0.140640631133735,0.3751846688270629,0.5888659793814432,TRAINING_REFERENCE
2024-03-07,31.8177,NORMAL,False,0.5762856897322536,0,VOLATILITY_ACCELERATION,0.03159598400899015,0.5762856897322536,0.0,0.0412399694005675,0.35934485135910427,0.4288659793814433,TRAINING_REFERENCE
2024-03-08,31.9088,NORMAL,False,0.5776710501653002,0,VOLATILITY_ACCELERATION,0.11520814521366712,0.5776710501653002,0.0,0.0715796553490675,0.3600243959287348,0.4404123711340206,TRAINING_REFERENCE
2024-03-11,32.022,NORMAL,False,0.4297520354007329,0,VOLATILITY_ACCELERATION,0.20302719048598894,0.4297520354007329,0.0,0.0886902672616925,0.35571896571131245,0.3731958762886598,TRAINING_REFERENCE
2024-03-12,32.0589,NORMAL,False,0.3905879269084561,0,VOLATILITY_ACCELERATION,0.11967036850714464,0.3905879269084561,0.0,0.028808319280497503,0.35402938276155066,0.3463917525773196,TRAINING_REFERENCE
2024-03-13,32.0416,NORMAL,False,0.3561206687135145,0,LOCAL_RETURN_SHOCK,0.3561206687135145,0.3489154489961606,0.010792634806556,0.013490793508195,0.3592830996306006,0.42721649484536084,TRAINING_REFERENCE
2024-03-14,32.1327,NORMAL,False,0.3642953815090829,0,VOLATILITY_ACCELERATION,0.09738961287784526,0.3642953815090829,0.0,0.0710794716868,0.35140959850872927,0.3043298969072165,TRAINING_REFERENCE
2024-03-15,32.1271,NORMAL,False,0.39367309264499495,0,VOLATILITY_ACCELERATION,0.320994489331175,0.39367309264499495,0.003485545876942,0.0043569323461775,0.35504401665841423,0.36,TRAINING_REFERENCE
2024-03-18,32.2803,NORMAL,False,0.4853032748290692,0,VOLATILITY_ACCELERATION,0.3532294717264171,0.4853032748290692,0.0,0.119213996906035,0.361058043963619,0.4507216494845361,TRAINING_REFERENCE
2024-03-19,32.3476,NORMAL,False,0.4880157487143172,0,VOLATILITY_ACCELERATION,0.0263786768773827,0.4880157487143172,0.0,0.05212157260001,0.3541800781685632,0.3488659793814433,TRAINING_REFERENCE
2024-03-20,32.3779,NORMAL,False,0.4213294078681603,0,VOLATILITY_ACCELERATION,0.17180796296437248,0.4213294078681603,0.010792634806556,0.02341750238039,0.35387819516615254,0.342680412371134,TRAINING_REFERENCE
2024-03-21,32.0211,ANOMALOUS,True,1.679865315483454,2,LOCAL_RETURN_SHOCK,1.679865315483454,1.0954962490912985,0.220397246269832,0.27549655783729,0.4743151736153925,0.8952577319587629,TRAINING_REFERENCE
2024-03-22,31.9679,ANOMALOUS,True,1.0983889729979235,1,VOLATILITY_ACCELERATION,0.2355130854079199,1.0983889729979235,0.24977362164164,0.0415351127850025,0.4097178941877537,0.7781443298969072,TRAINING_REFERENCE
2024-03-25,32.1128,ANOMALOUS,True,1.0894546932995361,1,VOLATILITY_ACCELERATION,0.212502438690573,1.0894546932995361,0.163753671485794,0.11331679591089999,0.4041964836526584,0.7641237113402062,TRAINING_REFERENCE
2024-03-26,32.1354,ANOMALOUS,True,1.1074526470161885,1,VOLATILITY_ACCELERATION,0.0626976219317445,1.1074526470161885,0.149793532007942,0.0175942303380575,0.3999772336515275,0.7480412371134021,TRAINING_REFERENCE
2024-03-27,32.256,ANOMALOUS,True,1.172886525832452,1,VOLATILITY_ACCELERATION,0.14867048719331027,1.172886525832452,0.07529827444027799,0.093821766649865,0.40513004599528396,0.7665979381443299,TRAINING_REFERENCE
2024-03-28,32.3174,NORMAL,False,0.4654430702996177,0,VOLATILITY_ACCELERATION,0.015851627870151274,0.4654430702996177,0.183026076428676,0.04758804563492,0.3552633175673331,0.3641237113402062,TRAINING_REFERENCE
2024-03-29,32.3984,NORMAL,False,0.28461005992071015,0,VOLATILITY_ACCELERATION,0.0537262238539783,0.28461005992071015,0.253259167518582,0.0626597436674975,0.36266258467390083,0.4639175257731959,TRAINING_REFERENCE
2024-04-01,32.1785,NORMAL,False,0.7311223869086171,0,VOLATILITY_ACCELERATION,0.5767049469795038,0.7311223869086171,0.028006227167556002,0.1696843053977975,0.389545260347662,0.7030927835051546,TRAINING_REFERENCE
2024-04-02,32.0214,NORMAL,False,0.8073822561410201,0,VOLATILITY_ACCELERATION,0.3738895664940485,0.8073822561410201,0.082934010092902,0.12205354506891,0.3861389783757011,0.6808247422680412,TRAINING_REFERENCE
2024-04-03,31.9543,NORMAL,False,0.6828385952169894,0,VOLATILITY_ACCELERATION,0.16905711746220387,0.6828385952169894,0.198851066267906,0.05238684129988,0.38079595516514175,0.6404123711340206,TRAINING_REFERENCE
2024-04-04,31.8958,NORMAL,False,0.5846499246380713,0,VOLATILITY_ACCELERATION,0.13368545103190252,0.5846499246380713,0.27289106533095,0.045768488122095,0.3785785728201981,0.622680412371134,TRAINING_REFERENCE
2024-04-05,32.0158,NORMAL,False,0.6613914998829968,0,VOLATILITY_ACCELERATION,0.22662308410138696,0.6613914998829968,0.236184502938418,0.0940562707315675,0.3813911324059624,0.6449484536082474,TRAINING_REFERENCE
2024-04-08,32.0122,NORMAL,False,0.5272573368360424,0,VOLATILITY_ACCELERATION,0.01778242102308235,0.5272573368360424,0.102659390587188,0.0028111120134425,0.357824797043167,0.4065979381443299,TRAINING_REFERENCE
2024-04-09,32.2378,NORMAL,False,0.6345721533832248,0,VOLATILITY_ACCELERATION,0.4448132148620687,0.6345721533832248,0.133586843794754,0.17618283029595,0.3658916372506385,0.5002061855670104,TRAINING_REFERENCE
2024-04-10,32.2842,NORMAL,False,0.5565888637447632,0,VOLATILITY_ACCELERATION,0.0675661633138234,0.5565888637447632,0.20365203219911998,0.035982604272,0.3544943541783645,0.35216494845360824,TRAINING_REFERENCE
2024-04-11,32.2783,NORMAL,False,0.4906376937514902,0,VOLATILITY_ACCELERATION,0.03331889485082715,0.4906376937514902,0.23612277149488597,0.004568798359565,0.35613020184302774,0.38061855670103095,TRAINING_REFERENCE
2024-04-12,32.3565,NORMAL,False,0.4755237474343418,0,VOLATILITY_ACCELERATION,0.12936968299072538,0.4755237474343418,0.210319028100152,0.06056700631693499,0.35399499887127106,0.34515463917525774,TRAINING_REFERENCE
2024-04-15,32.4045,NORMAL,False,0.4398066207422081,0,VOLATILITY_ACCELERATION,0.06574922746243245,0.4398066207422081,0.23840683490542797,0.03708682953966,0.35205432862659836,0.3134020618556701,TRAINING_REFERENCE
2024-04-16,32.4515,NORMAL,False,0.1516640546985149,0,VOLATILITY_ACCELERATION,0.0755377813566229,0.1516640546985149,0.09914069830608999,0.0362603959326675,0.34233057224413443,0.12618556701030928,TRAINING_REFERENCE
2024-04-17,32.3808,NORMAL,False,0.2899613157359693,0,VOLATILITY_ACCELERATION,0.14224872561754148,0.2899613157359693,0.026924592301798,0.05446589525908,0.34011653109714357,0.0779381443298969,TRAINING_REFERENCE
2024-04-18,32.4747,NORMAL,False,0.3185539675555415,0,VOLATILITY_ACCELERATION,0.17379344075361625,0.3185539675555415,0.07413946367721799,0.072496664690185,0.3390892441706711,0.06268041237113402,TRAINING_REFERENCE
2024-04-19,32.5004,NORMAL,False,0.3094825845056074,0,VOLATILITY_ACCELERATION,0.00630006670735925,0.3094825845056074,0.025865474838266,0.019784632344565,0.3346707321734701,0.0053608247422680414,TRAINING_REFERENCE
2024-04-22,32.5131,NORMAL,False,0.31999493541630114,0,VOLATILITY_ACCELERATION,0.0340537534083963,0.31999493541630114,0.0,0.009769110534022499,0.3338742769900952,0.0016494845360824743,TRAINING_REFERENCE
2024-04-23,32.5468,NORMAL,False,0.31438966800528806,0,VOLATILITY_ACCELERATION,0.033086552682995526,0.31438966800528806,0.0,0.02591263213904,0.3343118084543726,0.004123711340206186,TRAINING_REFERENCE
2024-04-24,32.54,NORMAL,False,0.20200081756786176,0,VOLATILITY_ACCELERATION,0.06816808209449403,0.20200081756786176,0.039394118004064,0.005223247754,0.3380421430480111,0.03917525773195876,TRAINING_REFERENCE
2024-04-25,32.5105,NORMAL,False,0.1354533745858638,0,VOLATILITY_ACCELERATION,0.11121840059720907,0.1354533745858638,0.022306340408270002,0.022664413030115,0.34501163985309097,0.1958762886597938,TRAINING_REFERENCE
2024-04-26,32.4375,NORMAL,False,0.2188188524184604,0,VOLATILITY_ACCELERATION,0.21041741376385423,0.2188188524184604,0.06716482111912399,0.0561357100013825,0.35153946362381183,0.3063917525773196,TRAINING_REFERENCE
2024-04-29,32.4363,NORMAL,False,0.2097068714269458,0,VOLATILITY_ACCELERATION,0.00838473619207255,0.2097068714269458,0.06790222080203999,0.000924855491327148,0.3448644286286531,0.19257731958762886,TRAINING_REFERENCE
2024-04-30,32.3795,NORMAL,False,0.2095684193308995,0,LOCAL_RETURN_SHOCK,0.2095684193308995,0.1648145983674325,0.102805805793502,0.043778112793385004,0.3618420950113373,0.45608247422680415,TRAINING_REFERENCE
2024-05-01,32.4788,NORMAL,False,0.35959690537386046,0,VOLATILITY_ACCELERATION,0.2711522751279776,0.35959690537386046,0.037607383828824,0.0766688800012325,0.343705381071676,0.16371134020618558,TRAINING_REFERENCE
2024-05-02,32.3591,NORMAL,False,0.49184590697602476,0,LOCAL_RETURN_SHOCK,0.49184590697602476,0.4340357440626001,0.09303525999483798,0.09213702476692501,0.37025729507329314,0.5443298969072164,TRAINING_REFERENCE
2024-05-03,32.3374,NORMAL,False,0.41657156152454317,0,VOLATILITY_ACCELERATION,0.14323263536570743,0.41657156152454317,0.061511423550088,0.016764990373645,0.3478748653169997,0.24783505154639177,TRAINING_REFERENCE
2024-05-06,32.2398,NORMAL,False,0.44030515576366835,0,VOLATILITY_ACCELERATION,0.37561167752132635,0.44030515576366835,0.120749198077846,0.0754544273812975,0.3679263986198345,0.5195876288659794,TRAINING_REFERENCE
2024-05-07,32.257,NORMAL,False,0.4538729377223415,0,VOLATILITY_ACCELERATION,0.017845086147552223,0.4538729377223415,0.075276217631226,0.01333755172178,0.3497640342792917,0.2795876288659794,TRAINING_REFERENCE
2024-05-08,32.2468,NORMAL,False,0.3017704215452809,0,VOLATILITY_ACCELERATION,0.0455902619717017,0.3017704215452809,0.14256393869750397,0.007905260873605,0.358198389505164,0.41195876288659794,TRAINING_REFERENCE
2024-05-09,32.2398,NORMAL,False,0.2234406720623229,0,VOLATILITY_ACCELERATION,0.02139765932099835,0.2234406720623229,0.07330981847677599,0.0054268950717575,0.3539498002412686,0.34350515463917525,TRAINING_REFERENCE
2024-05-10,32.2081,NORMAL,False,0.2251605517845686,0,VOLATILITY_ACCELERATION,0.12311743043120085,0.2251605517845686,0.07945481583443,0.024581417998870002,0.3581807012348681,0.41154639175257735,TRAINING_REFERENCE
2024-05-13,32.2788,NORMAL,False,0.3375933652586322,0,LOCAL_RETURN_SHOCK,0.3375933652586322,0.2024564859038562,0.023965489694835997,0.054877499759375004,0.3527591606005684,0.32453608247422683,TRAINING_REFERENCE
2024-05-14,32.2618,NORMAL,False,0.20741803936917755,0,VOLATILITY_ACCELERATION,0.04545070092009317,0.20741803936917755,0.002949598731674,0.013166536550300001,0.34879945531000267,0.26804123711340205,TRAINING_REFERENCE
2024-05-15,32.1624,NORMAL,False,0.3881682828916415,0,LOCAL_RETURN_SHOCK,0.3881682828916415,0.31171404320359586,0.051863777698577994,0.0770260803798925,0.36706305625252617,0.5109278350515464,TRAINING_REFERENCE
2024-05-16,32.2745,NORMAL,False,0.5146176949716073,0,LOCAL_RETURN_SHOCK,0.5146176949716073,0.4303223112051853,0.02132314083105,0.0871359102554575,0.355551339191203,0.37072164948453606,TRAINING_REFERENCE
2024-05-17,32.202,NORMAL,False,0.4597744053369024,0,VOLATILITY_ACCELERATION,0.2532289656571187,0.4597744053369024,0.003748448388166,0.0561588870470525,0.3533106119552784,0.3319587628865979,TRAINING_REFERENCE
2024-05-20,32.184,NORMAL,False,0.41237826356846274,0,VOLATILITY_ACCELERATION,0.012826998253702525,0.41237826356846274,0.058254574950532,0.013974287311344999,0.35190911857686924,0.31257731958762885,TRAINING_REFERENCE
2024-05-21,32.1427,NORMAL,False,0.4144693760336835,0,VOLATILITY_ACCELERATION,0.10045032872464335,0.4144693760336835,0.073186918529626,0.0320811583395475,0.3543654865591275,0.35010309278350515,TRAINING_REFERENCE
2024-05-22,32.1662,NORMAL,False,0.3617106349433993,0,VOLATILITY_ACCELERATION,0.17773322769259636,0.3617106349433993,0.0023350989959099997,0.018277867136245,0.3494129463517948,0.27505154639175255,TRAINING_REFERENCE
2024-05-23,32.1791,NORMAL,False,0.1989510256438736,0,VOLATILITY_ACCELERATION,0.12675294253105218,0.1989510256438736,0.05862327479199599,0.010026052191425,0.35614478873574373,0.38144329896907214,TRAINING_REFERENCE
2024-05-24,32.2247,NORMAL,False,0.24877566099504664,0,LOCAL_RETURN_SHOCK,0.24877566099504664,0.17620495951907245,0.013949144001868,0.0354267210705075,0.3550067295154609,0.35876288659793815,TRAINING_REFERENCE
2024-05-27,32.1324,NORMAL,False,0.3273721398457458,0,LOCAL_RETURN_SHOCK,0.3273721398457458,0.294123374421441,0.03170818636547999,0.0716065626677675,0.3635995621848888,0.47505154639175257,TRAINING_REFERENCE
2024-05-28,32.2213,NORMAL,False,0.401077019924614,0,LOCAL_RETURN_SHOCK,0.401077019924614,0.35109388341911774,0.048299679231137996,0.06916694675779249,0.3529802132838585,0.32742268041237116,TRAINING_REFERENCE
2024-05-29,32.2181,NORMAL,False,0.36266088274440833,0,VOLATILITY_ACCELERATION,0.0169446392597619,0.36266088274440833,0.031892536286204,0.0024828296809858985,0.3454343351900595,0.20577319587628867,TRAINING_REFERENCE
2024-05-30,32.1822,NORMAL,False,0.37901643099567844,0,VOLATILITY_ACCELERATION,0.09057429343922475,0.37901643099567844,0.001904949180875984,0.0278570120522275,0.3499085055397663,0.2820618556701031,TRAINING_REFERENCE
2024-05-31,32.2329,NORMAL,False,0.3856363294026093,0,VOLATILITY_ACCELERATION,0.2536427874482994,0.3856363294026093,0.005038897833274,0.039385125939182496,0.3492502707104175,0.27175257731958763,TRAINING_REFERENCE
2024-06-03,32.149,NORMAL,False,0.37253674524283137,0,VOLATILITY_ACCELERATION,0.3275807479959542,0.37253674524283137,0.010200695613702,0.065073263652975,0.36256379260365035,0.46309278350515465,TRAINING_REFERENCE
2024-06-04,32.529,ANOMALOUS,True,1.6313158784209267,1,LOCAL_RETURN_SHOCK,1.6313158784209267,0.888390973593649,0.18908156869493,0.2954990823975875,0.4565691211827407,0.8779381443298969,TRAINING_REFERENCE
2024-06-05,32.2163,ANOMALOUS,True,1.1214544000404971,1,VOLATILITY_ACCELERATION,0.7734171702313983,1.1214544000404971,0.001106099524380011,0.24032401856805247,0.4378869020667672,0.8482474226804124,TRAINING_REFERENCE
2024-06-06,32.2076,ANOMALOUS,True,1.1243681280705458,1,VOLATILITY_ACCELERATION,0.01457778216247795,1.1243681280705458,0.015608293288432,0.0067512408315,0.4002520417965536,0.7492783505154639,TRAINING_REFERENCE
2024-06-07,32.3,ANOMALOUS,True,1.129606271620251,1,VOLATILITY_ACCELERATION,0.18442881577279532,1.129606271620251,0.041232932269838,0.07172220221314249,0.3997037114469911,0.7468041237113402,TRAINING_REFERENCE
2024-06-10,32.3566,ANOMALOUS,True,1.1185265439412853,1,VOLATILITY_ACCELERATION,0.10034363995001908,1.1185265439412853,0.127570145144838,0.0438080495356025,0.39724329679833686,0.7356701030927835,TRAINING_REFERENCE
2024-06-11,32.3413,NORMAL,False,0.7224623724499376,0,VOLATILITY_ACCELERATION,0.0377232424938016,0.7224623724499376,0.11534160040311599,0.011821390380942499,0.3689701804726401,0.5303092783505154,TRAINING_REFERENCE
2024-06-12,32.3088,NORMAL,False,0.2422566062114825,0,VOLATILITY_ACCELERATION,0.0713097268945658,0.2422566062114825,0.056841225558276,0.025122675959220003,0.3470967145483019,0.2309278350515464,TRAINING_REFERENCE
2024-06-13,32.2852,NORMAL,False,0.2783967526520165,0,VOLATILITY_ACCELERATION,0.0615445918385279,0.2783967526520165,0.047685179495374,0.0182612786609175,0.34580940916104197,0.21195876288659793,TRAINING_REFERENCE
2024-06-14,32.7682,NORMAL,False,0.9704424006863174,0,LOCAL_RETURN_SHOCK,0.9704424006863174,0.9403264923265432,0.151658534786828,0.374010382466265,0.4285387047026067,0.8334020618556701,TRAINING_REFERENCE
2024-06-17,32.793,NORMAL,False,0.958615322946772,0,VOLATILITY_ACCELERATION,0.006292630624102325,0.958615322946772,0.116877849742522,0.018920782954205,0.37642563013148794,0.6024742268041237,TRAINING_REFERENCE
2024-06-18,32.5128,ANOMALOUS,True,1.1350464192838452,1,VOLATILITY_ACCELERATION,0.4710924148066101,1.1350464192838452,0.04461043329121,0.21361266123867748,0.4174306637900096,0.8020618556701031,TRAINING_REFERENCE
2024-06-19,32.5026,ANOMALOUS,True,1.1387753737018167,1,VOLATILITY_ACCELERATION,0.0412838159839768,1.1387753737018167,0.030860031692221998,0.0078430648852125,0.3944231076326621,0.7237113402061855,TRAINING_REFERENCE
2024-06-20,32.8109,ANOMALOUS,True,1.1637919636587006,1,VOLATILITY_ACCELERATION,0.4101478240848292,1.1637919636587006,0.16075313087614998,0.2371348753638125,0.41227640332863963,0.7855670103092783,TRAINING_REFERENCE
2024-06-21,32.8221,NORMAL,False,0.815694102559347,0,VOLATILITY_ACCELERATION,0.02784814041626975,0.815694102559347,0.0,0.0085337494552125,0.3575287232542496,0.40288659793814435,TRAINING_REFERENCE
2024-06-24,32.8946,NORMAL,False,0.8449099495840658,0,VOLATILITY_ACCELERATION,0.05480476709596688,0.8449099495840658,0.0,0.05522193887654749,0.3597077032105355,0.43587628865979383,TRAINING_REFERENCE
2024-06-25,32.9356,NORMAL,False,0.5289017413374715,0,VOLATILITY_ACCELERATION,0.0025184007880518,0.5289017413374715,0.17089012899094197,0.0311601296261375,0.3495999624013472,0.2779381443298969,TRAINING_REFERENCE
2024-06-26,32.8128,NORMAL,False,0.6356041589524605,0,VOLATILITY_ACCELERATION,0.21100792375246208,0.6356041589524605,0.102541202350996,0.09321220806665,0.35750486936490333,0.4020618556701031,TRAINING_REFERENCE
2024-06-27,32.8278,NORMAL,False,0.301469530711331,0,VOLATILITY_ACCELERATION,0.0203127736314287,0.301469530711331,0.065461081625958,0.0114284669397325,0.33843966966129263,0.04865979381443299,TRAINING_REFERENCE
2024-06-28,32.7525,NORMAL,False,0.33221950764056657,0,VOLATILITY_ACCELERATION,0.14204371456426776,0.33221950764056657,0.11118667945930799,0.057344689561899996,0.34725021116278576,0.2354639175257732,TRAINING_REFERENCE
2024-07-01,32.6446,NORMAL,False,0.29671144003280175,0,VOLATILITY_ACCELERATION,0.17541182461884797,0.29671144003280175,0.176708485650786,0.082360125181285,0.3600532489747392,0.44082474226804125,TRAINING_REFERENCE
2024-07-02,32.517,NORMAL,False,0.254193031248858,0,DRAWDOWN_SHIFT,0.19936261517694903,0.2413563592331355,0.254193031248858,0.097719071454385,0.37506136293001185,0.5876288659793815,TRAINING_REFERENCE
2024-07-03,32.5192,NORMAL,False,0.2649173218288861,0,VOLATILITY_ACCELERATION,0.0033849523258747,0.2649173218288861,0.17828732435419598,0.0016914229479914056,0.3587876206560115,0.42061855670103093,TRAINING_REFERENCE
2024-07-04,32.5584,NORMAL,False,0.29554832590496,0,VOLATILITY_ACCELERATION,0.03738894865622965,0.29554832590496,0.16359197949939,0.0301360427070775,0.35459419287059196,0.3534020618556701,TRAINING_REFERENCE
2024-07-05,32.661,NORMAL,False,0.40231020297591796,0,VOLATILITY_ACCELERATION,0.13378395842604587,0.40231020297591796,0.055562977446896,0.07878151260504,0.345254582411275,0.20082474226804123,TRAINING_REFERENCE
2024-07-08,32.6925,NORMAL,False,0.34978869942742224,0,VOLATILITY_ACCELERATION,0.02042968624021095,0.34978869942742224,0.029087066882038,0.024111325434004998,0.3374387777087661,0.028041237113402062,TRAINING_REFERENCE
2024-07-09,32.8481,NORMAL,False,0.2515130489460399,0,VOLATILITY_ACCELERATION,0.2178657946666386,0.2515130489460399,0.20105903642259199,0.11898753536743499,0.35303932729322185,0.328659793814433,TRAINING_REFERENCE
2024-07-10,32.8188,NORMAL,False,0.28900594937266544,0,VOLATILITY_ACCELERATION,0.08509310504052117,0.28900594937266544,0.18193079828514197,0.0222996155028725,0.34418266105039436,0.17649484536082474,TRAINING_REFERENCE
2024-07-11,32.8078,NORMAL,False,0.3184278691551172,0,VOLATILITY_ACCELERATION,0.057221591566077624,0.3184278691551172,0.15144706639624,0.008379343546992499,0.3393478466605305,0.06515463917525773,TRAINING_REFERENCE
2024-07-12,33.0372,NORMAL,False,0.4457873699247645,0,VOLATILITY_ACCELERATION,0.3131507874964364,0.4457873699247645,0.166749656906204,0.17480599125817498,0.3545073013019367,0.3525773195876289,TRAINING_REFERENCE
2024-07-15,32.9742,NORMAL,False,0.5075721453553504,0,VOLATILITY_ACCELERATION,0.1469004085030785,0.5075721453553504,0.10948259344457201,0.047673531655219994,0.342961569274298,0.14350515463917526,TRAINING_REFERENCE
2024-07-16,33.0252,NORMAL,False,0.4583033696204698,0,VOLATILITY_ACCELERATION,0.07924228882124942,0.4583033696204698,0.045869456669278,0.038666593882485,0.33743870063919185,0.027628865979381443,TRAINING_REFERENCE
2024-07-17,33.0562,NORMAL,False,0.43692299826193487,0,VOLATILITY_ACCELERATION,0.0110824512987635,0.43692299826193487,0.070926292522374,0.023466928285065,0.3370632916334766,0.023917525773195877,TRAINING_REFERENCE
2024-07-18,33.0595,NORMAL,False,0.43048036979095883,0,VOLATILITY_ACCELERATION,0.0552293576040026,0.43048036979095883,0.077605994729108,0.00249574966269539,0.33708958481662366,0.024329896907216497,TRAINING_REFERENCE
2024-07-19,33.0413,NORMAL,False,0.1748618509943589,0,VOLATILITY_ACCELERATION,0.0855354935700515,0.1748618509943589,0.011010450853761998,0.0137630635672025,0.33808213898566514,0.04,TRAINING_REFERENCE
2024-07-22,32.8963,NORMAL,False,0.43258538728833495,0,LOCAL_RETURN_SHOCK,0.43258538728833495,0.2997077591905215,0.06059225046342,0.10971117964487,0.36319533831328926,0.46969072164948455,TRAINING_REFERENCE
2024-07-23,32.8492,NORMAL,False,0.2637840764729065,0,VOLATILITY_ACCELERATION,0.12457123638923225,0.2637840764729065,0.11996061648841999,0.0357942990549025,0.3525889286826289,0.3224742268041237,TRAINING_REFERENCE
2024-07-24,32.8069,NORMAL,False,0.22220169799143405,0,VOLATILITY_ACCELERATION,0.10044087745159168,0.22220169799143405,0.15281537833300599,0.0321925648113225,0.3585055748862573,0.41649484536082476,TRAINING_REFERENCE
2024-07-25,32.9827,NORMAL,False,0.4828283333314984,0,LOCAL_RETURN_SHOCK,0.4828283333314984,0.4578444426515628,0.046461682723572,0.1339657206258425,0.3546619346518247,0.35381443298969073,TRAINING_REFERENCE
2024-07-26,32.9449,NORMAL,False,0.4593015900890626,0,VOLATILITY_ACCELERATION,0.11451019674253342,0.4593015900890626,0.058319091335321996,0.028651383907322497,0.3453460011186186,0.20288659793814434,TRAINING_REFERENCE
2024-07-29,33.0711,NORMAL,False,0.4190674796293443,0,VOLATILITY_ACCELERATION,0.2958865531463511,0.4190674796293443,0.09873107578759599,0.0957659607405125,0.34349164452173153,0.15793814432989692,TRAINING_REFERENCE
2024-07-30,33.0577,NORMAL,False,0.3973689023197739,0,VOLATILITY_ACCELERATION,0.08942446152079613,0.3973689023197739,0.119121402426702,0.010129690273382501,0.3386892591294395,0.05402061855670103,TRAINING_REFERENCE
2024-07-31,33.1513,NORMAL,False,0.3555223772464145,0,VOLATILITY_ACCELERATION,0.18057046360365575,0.3555223772464145,0.15281537833300599,0.0707853238428575,0.34289929563713606,0.14185567010309277,TRAINING_REFERENCE
2024-08-01,33.0852,NORMAL,False,0.32605169464574946,0,VOLATILITY_ACCELERATION,0.2641772380237422,0.32605169464574946,0.006583910207862,0.049847215644635005,0.3421896026639327,0.12288659793814433,TRAINING_REFERENCE
2024-08-02,33.2012,NORMAL,False,0.3300249189017876,0,VOLATILITY_ACCELERATION,0.23450223554840186,0.3300249189017876,0.06932954218908399,0.087652485099075,0.34127515687609866,0.10350515463917526,TRAINING_REFERENCE
2024-08-05,33.3451,NORMAL,False,0.342732565418336,0,VOLATILITY_ACCELERATION,0.3031867372407607,0.342732565418336,0.0,0.1083545173066025,0.3408823525850437,0.09649484536082474,TRAINING_REFERENCE
2024-08-06,33.5981,NORMAL,False,0.549756058454344,0,LOCAL_RETURN_SHOCK,0.549756058454344,0.4248970046393339,0.008103752218706,0.1896830418862125,0.36274637041344554,0.46474226804123714,TRAINING_REFERENCE
2024-08-07,33.4399,NORMAL,False,0.6090771127438112,0,VOLATILITY_ACCELERATION,0.4505088063551019,0.6090771127438112,0.09417199186858599,0.11771498983573249,0.3698884159182976,0.5389690721649485,TRAINING_REFERENCE
2024-08-08,33.4842,NORMAL,False,0.5601414426048856,0,VOLATILITY_ACCELERATION,0.0274465260294017,0.5601414426048856,0.027923680542648,0.03311911817918,0.34682558056013424,0.2268041237113402,TRAINING_REFERENCE
2024-08-09,33.491,NORMAL,False,0.5674357940012242,0,VOLATILITY_ACCELERATION,0.059503897986118374,0.5674357940012242,0.063753605114574,0.005077021401137499,0.34590647753165105,0.21360824742268042,TRAINING_REFERENCE
2024-08-12,33.5916,NORMAL,False,0.547838779093381,0,VOLATILITY_ACCELERATION,0.18304476907262912,0.547838779093381,0.00386926641685,0.0750948015884875,0.3451238704170857,0.19752577319587628,TRAINING_REFERENCE
2024-08-13,33.5335,NORMAL,False,0.36427686877916565,0,VOLATILITY_ACCELERATION,0.2117824849217115,0.36427686877916565,0.038454555465936,0.0432399766608325,0.34112330316696704,0.10185567010309278,TRAINING_REFERENCE
2024-08-14,33.5803,NORMAL,False,0.21454159886197474,0,VOLATILITY_ACCELERATION,0.04906056301112612,0.21454159886197474,0.08357615460397601,0.0348904826516775,0.3371881984778036,0.02515463917525773,TRAINING_REFERENCE
2024-08-15,33.6102,NORMAL,False,0.2121645858329982,0,VOLATILITY_ACCELERATION,0.0077203430183943,0.2121645858329982,0.067801453058358,0.0222600751035575,0.3368201250944908,0.018969072164948454,TRAINING_REFERENCE
2024-08-16,33.6825,NORMAL,False,0.21978316973585685,0,VOLATILITY_ACCELERATION,0.10335371130254595,0.21978316973585685,0.063753605114574,0.053778317296529994,0.3388457728294258,0.05855670103092783,TRAINING_REFERENCE
2024-08-19,33.7433,NORMAL,False,0.19055616239769754,0,VOLATILITY_ACCELERATION,0.065770773321242,0.19055616239769754,0.00386926641685,0.0451272916202775,0.33690635040093103,0.020618556701030927,TRAINING_REFERENCE
2024-08-20,33.8598,NORMAL,False,0.18563160217418356,0,LOCAL_RETURN_SHOCK,0.18563160217418356,0.11922477302254646,0.038454555465936,0.0863134311107675,0.35168932848466783,0.3096907216494845,TRAINING_REFERENCE
2024-08-21,33.8521,NORMAL,False,0.1699592646249114,0,VOLATILITY_ACCELERATION,0.15080513588927044,0.1699592646249114,0.0060476710025519995,0.00568520782757,0.3414129231176248,0.10597938144329896,TRAINING_REFERENCE
2024-08-22,33.8864,NORMAL,False,0.16843261600072876,0,VOLATILITY_ACCELERATION,0.04907907578153295,0.16843261600072876,0.0,0.02533077711575,0.3394434731908143,0.06762886597938145,TRAINING_REFERENCE
2024-08-23,33.9767,NORMAL,False,0.17632004584800445,0,VOLATILITY_ACCELERATION,0.1207058754451883,0.17632004584800445,0.0,0.0666196468199575,0.34365089315686753,0.1624742268041237,TRAINING_REFERENCE
2024-08-26,33.9757,NORMAL,False,0.2022522623234375,0,VOLATILITY_ACCELERATION,0.14815789751192016,0.2022522623234375,0.000588638684744236,0.000735798355930295,0.3393691150688598,0.06556701030927835,TRAINING_REFERENCE
2024-08-27,33.9985,NORMAL,False,0.1523088523088851,0,VOLATILITY_ACCELERATION,0.06500262779256018,0.1523088523088851,0.0,0.016776696285874998,0.33937160517831416,0.06597938144329897,TRAINING_REFERENCE
2024-08-28,34.0385,NORMAL,False,0.1406969491683356,0,VOLATILITY_ACCELERATION,0.022210036873409875,0.1406969491683356,0.0045481662620559995,0.0294130623409825,0.34048324944488617,0.08577319587628866,TRAINING_REFERENCE
2024-08-29,34.0697,NORMAL,False,0.14126848535736214,0,VOLATILITY_ACCELERATION,0.03958974209446975,0.14126848535736214,0.0,0.02291522834437,0.34016502342591454,0.07958762886597938,TRAINING_REFERENCE
2024-08-30,34.0669,NORMAL,False,0.15786783115084155,0,LOCAL_RETURN_SHOCK,0.15786783115084155,0.08046259695980525,0.001643689260546477,0.0020546115756830963,0.3475473364356502,0.2404123711340206,TRAINING_REFERENCE
2024-09-02,33.878,NORMAL,False,0.7025217031445977,0,LOCAL_RETURN_SHOCK,0.7025217031445977,0.3911695094417629,0.111945372474728,0.1386242951369175,0.3831177463091293,0.6552577319587629,TRAINING_REFERENCE
2024-09-03,33.982,NORMAL,False,0.4505091889755292,0,VOLATILITY_ACCELERATION,0.20570597018422826,0.4505091889755292,0.051482695767792,0.0767459708365275,0.3442035977421212,0.1777319587628866,TRAINING_REFERENCE
2024-09-04,34.0158,NORMAL,False,0.44918546171455986,0,VOLATILITY_ACCELERATION,0.04549861974034197,0.44918546171455986,0.031641018265493995,0.0248661055853075,0.3387853784415641,0.055257731958762886,TRAINING_REFERENCE
2024-09-05,33.9376,NORMAL,False,0.4551929046227089,0,VOLATILITY_ACCELERATION,0.4004028790601345,0.4551929046227089,0.07754691118500799,0.05747329182320499,0.36113508869859035,0.4519587628865979,TRAINING_REFERENCE
2024-09-06,33.9762,NORMAL,False,0.5470181224688045,0,VOLATILITY_ACCELERATION,0.0553979079985105,0.5470181224688045,0.053243791404088,0.0284345386827525,0.3470114053258055,0.23010309278350516,TRAINING_REFERENCE
2024-09-09,34.0428,NORMAL,False,0.3219633140561568,0,VOLATILITY_ACCELERATION,0.14838712864884476,0.3219633140561568,0.096742853620666,0.049004891659452494,0.3387794080155692,0.05484536082474227,TRAINING_REFERENCE
2024-09-10,34.0306,NORMAL,False,0.2897893846470901,0,VOLATILITY_ACCELERATION,0.12598314732447272,0.2897893846470901,0.028529749308037998,0.008959310045,0.3373298044188953,0.027216494845360824,TRAINING_REFERENCE
2024-09-11,33.9557,NORMAL,False,0.37171509973350625,0,LOCAL_RETURN_SHOCK,0.37171509973350625,0.3313583885451347,0.035280615913848,0.055024007804740004,0.3547378256600565,0.35505154639175257,TRAINING_REFERENCE
2024-09-12,33.8832,NORMAL,False,0.35025631648327227,0,VOLATILITY_ACCELERATION,0.324523763842027,0.35025631648327227,0.031934534204879995,0.0533783724087525,0.355680497374029,0.37278350515463915,TRAINING_REFERENCE
2024-09-13,33.8935,NORMAL,False,0.32626636972108924,0,VOLATILITY_ACCELERATION,0.01190958042609665,0.32626636972108924,0.048547536373960004,0.00759963639798,0.3458088741465579,0.2115463917525773,TRAINING_REFERENCE
2024-09-16,33.9773,NORMAL,False,0.3601333815617812,0,VOLATILITY_ACCELERATION,0.25467186271864095,0.3601333815617812,0.038450588059184,0.061811261746345,0.34693974774536296,0.22804123711340207,TRAINING_REFERENCE
2024-09-17,34.0729,NORMAL,False,0.44555922892638866,0,VOLATILITY_ACCELERATION,0.28696707390963555,0.44555922892638866,0.022952946459754,0.0703410806626775,0.34188035004537654,0.11505154639175258,TRAINING_REFERENCE
2024-09-18,34.0617,NORMAL,False,0.3875658745722443,0,VOLATILITY_ACCELERATION,0.07659070002375122,0.3875658745722443,0.060347494613884,0.0082176744568225,0.33685569418651606,0.01979381443298969,TRAINING_REFERENCE
2024-09-19,34.0168,NORMAL,False,0.3372099642943146,0,VOLATILITY_ACCELERATION,0.19342939411121982,0.3372099642943146,0.07655204988789399,0.032954902427064996,0.3407374011630103,0.09278350515463918,TRAINING_REFERENCE
2024-09-20,34.0973,NORMAL,False,0.3575448713616737,0,VOLATILITY_ACCELERATION,0.255096767398755,0.3575448713616737,0.103435017038596,0.05916194351026,0.3407485509145956,0.09360824742268041,TRAINING_REFERENCE
2024-09-23,34.1205,NORMAL,False,0.33834984674171775,0,VOLATILITY_ACCELERATION,0.05932762916472348,0.33834984674171775,0.054241745597992004,0.017010144498245,0.33397835006079807,0.002474226804123711,TRAINING_REFERENCE
2024-09-24,34.1089,NORMAL,False,0.27704973155702084,0,VOLATILITY_ACCELERATION,0.06560885342843202,0.27704973155702084,0.006799431426856,0.00849928928357,0.3343514073716141,0.004948453608247422,TRAINING_REFERENCE
2024-09-25,34.1316,NORMAL,False,0.2721424841790823,0,VOLATILITY_ACCELERATION,0.059267049785695,0.2721424841790823,0.0065741395654579995,0.0166378862994675,0.33430287284092236,0.003711340206185567,TRAINING_REFERENCE
2024-09-26,34.1374,NORMAL,False,0.2019444646979957,0,VOLATILITY_ACCELERATION,0.003711324008199325,0.2019444646979957,0.032929395501992,0.0042482626070849995,0.337184015949022,0.024742268041237112,TRAINING_REFERENCE
2024-09-27,34.1623,NORMAL,False,0.09253621236868165,0,VOLATILITY_ACCELERATION,0.0748836189321978,0.09253621236868165,0.0,0.0182351321424625,0.34628761218099696,0.21938144329896908,TRAINING_REFERENCE
2024-09-30,34.1833,NORMAL,False,0.0905804145334552,0,VOLATILITY_ACCELERATION,0.056260037049472626,0.0905804145334552,0.0,0.0153678177406075,0.3460319881631787,0.2156701030927835,TRAINING_REFERENCE
2024-10-01,34.2059,NORMAL,False,0.0463041381698344,0,VOLATILITY_ACCELERATION,0.03260253030571467,0.0463041381698344,0.006799431426856,0.016528538789405002,0.3568595572649239,0.3905154639175258,TRAINING_REFERENCE
2024-10-02,34.1633,NORMAL,False,0.2625231112328122,0,LOCAL_RETURN_SHOCK,0.2625231112328122,0.16947148224163444,0.024907983710409996,0.031134979638012497,0.34844259484880724,0.25649484536082473,TRAINING_REFERENCE
2024-10-03,34.1435,NORMAL,False,0.18331773049342254,0,VOLATILITY_ACCELERATION,0.13016962305604793,0.18331773049342254,0.036484933885672,0.014489232597549999,0.34408567271412077,0.17278350515463917,TRAINING_REFERENCE
2024-10-04,34.2398,NORMAL,False,0.44103012222858723,0,LOCAL_RETURN_SHOCK,0.44103012222858723,0.3338236709249406,0.0,0.07051122468405499,0.3446190662058918,0.1884536082474227,TRAINING_REFERENCE
2024-10-07,34.2276,NORMAL,False,0.34434983999484636,0,VOLATILITY_ACCELERATION,0.12196722824365475,0.34434983999484636,0.007126209849355999,0.008907762311695,0.33648496768723785,0.016907216494845362,TRAINING_REFERENCE
2024-10-08,34.2617,NORMAL,False,0.350832151584704,0,VOLATILITY_ACCELERATION,0.12183988553910167,0.350832151584704,0.0,0.024906800359939998,0.33512179843419143,0.006185567010309278,TRAINING_REFERENCE
2024-10-09,34.2158,NORMAL,False,0.35385325810166074,0,VOLATILITY_ACCELERATION,0.2822718622974991,0.35385325810166074,0.0018857830904160005,0.033492208501032496,0.34350849236519476,0.15876288659793814,TRAINING_REFERENCE
2024-10-10,34.1664,NORMAL,False,0.38509625432755934,0,VOLATILITY_ACCELERATION,0.3213666765643581,0.38509625432755934,0.019145697402319996,0.03609443590388,0.3501143640654513,0.28577319587628863,TRAINING_REFERENCE
2024-10-11,34.2714,NORMAL,False,0.486976715221059,0,LOCAL_RETURN_SHOCK,0.486976715221059,0.402545390844459,0.0,0.07682986794043,0.34917069034027903,0.27134020618556703,TRAINING_REFERENCE
2024-10-14,34.2605,NORMAL,False,0.41799729949289666,0,VOLATILITY_ACCELERATION,0.14693005280052013,0.41799729949289666,0.0007652208030979992,0.0079512363078225,0.33887134737768115,0.058969072164948455,TRAINING_REFERENCE
2024-10-15,34.1951,NORMAL,False,0.4459577539380118,0,VOLATILITY_ACCELERATION,0.40735322095277476,0.4459577539380118,0.044526923323822,0.04772259599247,0.3582471720171699,0.4127835051546392,TRAINING_REFERENCE
2024-10-16,34.1617,NORMAL,False,0.4386949109586101,0,VOLATILITY_ACCELERATION,0.20659190349280196,0.4386949109586101,0.037224627545475994,0.024418703264497497,0.34843560807086693,0.25608247422680414,TRAINING_REFERENCE
2024-10-17,34.1203,NORMAL,False,0.4462878068075084,0,VOLATILITY_ACCELERATION,0.2394219916066885,0.4462878068075084,0.032547849894564,0.0302970870887575,0.35222200005584076,0.3171134020618557,TRAINING_REFERENCE
2024-10-18,34.2271,NORMAL,False,0.5264236456493595,0,LOCAL_RETURN_SHOCK,0.5264236456493595,0.4492187408253546,0.025852460068744,0.0782525358804,0.3557313802955402,0.3736082474226804,TRAINING_REFERENCE
2024-10-21,34.218,NORMAL,False,0.4569402793311902,0,VOLATILITY_ACCELERATION,0.07690426095264392,0.4569402793311902,0.024802021510645998,0.006646779890785,0.3419719018946238,0.11752577319587629,TRAINING_REFERENCE
2024-10-22,34.258,NORMAL,False,0.4168289229560229,0,VOLATILITY_ACCELERATION,0.17271798211905953,0.4168289229560229,0.03670699183576,0.029224384826697498,0.3401380777740224,0.07876288659793815,TRAINING_REFERENCE
2024-10-23,34.2763,NORMAL,False,0.38269314188098535,0,VOLATILITY_ACCELERATION,0.052627062925756425,0.38269314188098535,0.064018394346302,0.01335454492381,0.33947037146339515,0.06804123711340206,TRAINING_REFERENCE
2024-10-24,34.2255,NORMAL,False,0.40317016169242187,0,VOLATILITY_ACCELERATION,0.28346048744532965,0.40317016169242187,0.058537008794932004,0.0370518404845325,0.34936554882493565,0.27463917525773196,TRAINING_REFERENCE
2024-10-25,34.2863,NORMAL,False,0.30260171671327674,0,VOLATILITY_ACCELERATION,0.26693047751783705,0.30260171671327674,0.025852460068744,0.044411330732934996,0.3399247785239681,0.0754639175257732,TRAINING_REFERENCE
2024-10-28,34.2911,NORMAL,False,0.3025019451545995,0,VOLATILITY_ACCELERATION,0.006699889833736425,0.3025019451545995,0.031163010556903997,0.003499940209355,0.3376368050203986,0.030515463917525774,TRAINING_REFERENCE
2024-10-29,34.2741,NORMAL,False,0.3325192177153685,0,VOLATILITY_ACCELERATION,0.10370833731540327,0.3325192177153685,0.002095177680208,0.0123938864603375,0.33982361757004514,0.07422680412371134,TRAINING_REFERENCE
2024-10-30,34.253,NORMAL,False,0.3572895464748315,0,VOLATILITY_ACCELERATION,0.1134078725891601,0.3572895464748315,0.022221509371236,0.0153906302426575,0.34234061691250894,0.1265979381443299,TRAINING_REFERENCE
2024-10-31,34.2451,NORMAL,False,0.286552501778171,0,VOLATILITY_ACCELERATION,0.05826485524239713,0.286552501778171,0.0028123534617259995,0.0057659183137225,0.3402445913803113,0.08206185567010309,TRAINING_REFERENCE
2024-11-01,34.3061,NORMAL,False,0.28556547477157246,0,VOLATILITY_ACCELERATION,0.2630393860255784,0.28556547477157246,0.0,0.0445319184350475,0.34159309151352524,0.11051546391752577,TRAINING_REFERENCE
2024-11-04,34.3406,NORMAL,False,0.31467877991722865,0,VOLATILITY_ACCELERATION,0.15420554184174884,0.31467877991722865,0.0,0.025141301401209997,0.3380301204822296,0.03876288659793815,TRAINING_REFERENCE
2024-11-05,34.2819,NORMAL,False,0.40962553635744725,0,VOLATILITY_ACCELERATION,0.3164886790337482,0.40962553635744725,0.024271829906758,0.0427336738437875,0.3508569876323887,0.29525773195876287,TRAINING_REFERENCE
2024-11-06,34.1941,NORMAL,False,0.5294968650186789,0,VOLATILITY_ACCELERATION,0.4250498694961547,0.5294968650186789,0.063100238064746,0.06402795644348751,0.3712981461969276,0.5521649484536082,TRAINING_REFERENCE
2024-11-07,34.2225,NORMAL,False,0.5520911725963575,0,VOLATILITY_ACCELERATION,0.1341622991676675,0.5520911725963575,0.041952439928634004,0.020763815979944998,0.35268593207491095,0.3237113402061856,TRAINING_REFERENCE
2024-11-08,34.3826,NORMAL,False,0.7924536922408753,0,VOLATILITY_ACCELERATION,0.727305029487078,0.7924536922408753,0.0,0.11695521951932,0.3786956858700079,0.6235051546391752,TRAINING_REFERENCE
2024-11-11,34.3262,NORMAL,False,0.821103218682642,0,VOLATILITY_ACCELERATION,0.2549520773620429,0.821103218682642,0.032807292060516,0.041009115075644996,0.36695062931694505,0.5096907216494846,TRAINING_REFERENCE
2024-11-12,34.3604,NORMAL,False,0.8060192871721611,0,VOLATILITY_ACCELERATION,0.1240348207257642,0.8060192871721611,0.021273430498018,0.024908087699769998,0.35765460369756236,0.4041237113402062,TRAINING_REFERENCE
2024-11-13,34.356,NORMAL,False,0.6677865824230848,0,VOLATILITY_ACCELERATION,0.05270322975808502,0.6677865824230848,0.069848804726592,0.0032013597047725,0.35235207172866306,0.3204123711340206,TRAINING_REFERENCE
2024-11-14,34.3324,NORMAL,False,0.7001751020667246,0,VOLATILITY_ACCELERATION,0.1398584294644575,0.7001751020667246,0.03958074216237199,0.0171731284200725,0.3567218536293922,0.38927835051546394,TRAINING_REFERENCE
2024-11-15,34.4347,NORMAL,False,0.5049542131212088,0,VOLATILITY_ACCELERATION,0.3884189985314572,0.5049542131212088,0.0,0.074492316295975,0.3487794368415613,0.2668041237113402,TRAINING_REFERENCE
2024-11-18,34.5492,NORMAL,False,0.5004873217814506,0,VOLATILITY_ACCELERATION,0.4430761521749777,0.5004873217814506,0.032807292060516,0.08312835598974,0.35356233050293623,0.33608247422680415,TRAINING_REFERENCE
2024-11-19,34.4818,NORMAL,False,0.6391163018263989,0,VOLATILITY_ACCELERATION,0.33319642746509104,0.6391163018263989,0.026103313809614,0.0487710279832825,0.35753602059344686,0.40329896907216495,TRAINING_REFERENCE
2024-11-20,34.4605,NORMAL,False,0.654153845750915,0,VOLATILITY_ACCELERATION,0.1245711553148296,0.654153845750915,0.035874121766772,0.0154429293134325,0.35149482908984325,0.30515463917525776,TRAINING_REFERENCE
2024-11-21,34.4788,NORMAL,False,0.6257782752695077,0,VOLATILITY_ACCELERATION,0.0342472391101782,0.6257782752695077,0.011552659509888,0.0132760697029875,0.3471192739477016,0.23175257731958762,TRAINING_REFERENCE
2024-11-22,34.5424,NORMAL,False,0.5620160343973243,0,VOLATILITY_ACCELERATION,0.19785508525983558,0.5620160343973243,0.00393641531497,0.0461152940357525,0.34409399196608337,0.1731958762886598,TRAINING_REFERENCE
2024-11-25,34.5573,NORMAL,False,0.4251812973641375,0,VOLATILITY_ACCELERATION,0.007712160130941675,0.4251812973641375,0.0,0.01078384825605,0.33833517433991367,0.04618556701030928,TRAINING_REFERENCE
2024-11-26,34.6445,NORMAL,False,0.3756474555673577,0,VOLATILITY_ACCELERATION,0.2862309334246714,0.3756474555673577,0.039016822386626,0.06308363211246501,0.34248364575186496,0.13030927835051545,TRAINING_REFERENCE
2024-11-27,34.6373,NORMAL,False,0.3392675830840723,0,VOLATILITY_ACCELERATION,0.097742918162262,0.3392675830840723,0.047190560557794,0.00519562989796,0.33819477559824357,0.04371134020618557,TRAINING_REFERENCE
2024-11-28,34.6011,NORMAL,False,0.44986342392826306,0,VOLATILITY_ACCELERATION,0.21114128987311864,0.44986342392826306,0.015698994249647998,0.026127902579009998,0.34193539587379945,0.11711340206185566,TRAINING_REFERENCE
2024-11-29,34.6904,NORMAL,False,0.4951376768555088,0,VOLATILITY_ACCELERATION,0.2675550424070287,0.4951376768555088,0.00393641531497,0.06452107013938249,0.3441876690718658,0.17690721649484537,TRAINING_REFERENCE
2024-12-02,34.7145,NORMAL,False,0.4950931870771302,0,VOLATILITY_ACCELERATION,0.01729572306504085,0.4950931870771302,0.0,0.017367917348892502,0.3397732087630091,0.07298969072164949,TRAINING_REFERENCE
2024-12-03,34.7341,NORMAL,False,0.41195232072683374,0,VOLATILITY_ACCELERATION,0.00270203773816735,0.41195232072683374,0.0,0.014115139206952499,0.33620960601852073,0.01443298969072165,TRAINING_REFERENCE
2024-12-04,34.7258,NORMAL,False,0.4216162957602274,0,VOLATILITY_ACCELERATION,0.1187408778256376,0.4216162957602274,0.0006226612248180004,0.0059739564289825004,0.33744649082014205,0.02845360824742268,TRAINING_REFERENCE
2024-12-05,34.6852,NORMAL,False,0.4386906212279003,0,VOLATILITY_ACCELERATION,0.278402091491152,0.4386906212279003,0.003102286180352,0.02922898824505,0.34522405843770465,0.19917525773195877,TRAINING_REFERENCE
2024-12-06,34.7784,NORMAL,False,0.4437253623139101,0,VOLATILITY_ACCELERATION,0.2801146121669209,0.4437253623139101,0.0,0.067175625338755,0.3414483600058678,0.10721649484536082,TRAINING_REFERENCE
2024-12-09,34.8218,NORMAL,False,0.4612002264581566,0,VOLATILITY_ACCELERATION,0.10475376565261242,0.4612002264581566,0.0,0.031197524900514997,0.3368244076180085,0.019381443298969073,TRAINING_REFERENCE
2024-12-10,34.8404,NORMAL,False,0.4706175864401456,0,VOLATILITY_ACCELERATION,0.030108336740055874,0.4706175864401456,0.0,0.013353703714339998,0.3363276356428402,0.014845360824742268,TRAINING_REFERENCE
2024-12-11,34.8654,NORMAL,False,0.4460647434888856,0,VOLATILITY_ACCELERATION,0.003695859097871225,0.4460647434888856,0.004779165143186,0.017938944443804998,0.3357163863320684,0.010309278350515464,TRAINING_REFERENCE
2024-12-12,34.8925,NORMAL,False,0.2841051194841164,0,VOLATILITY_ACCELERATION,0.00660490455235385,0.2841051194841164,0.028156768132754,0.01943187228599,0.3365882868172892,0.01731958762886598,TRAINING_REFERENCE
2024-12-13,34.9466,NORMAL,False,0.13741819706385036,0,VOLATILITY_ACCELERATION,0.12528762956113138,0.13741819706385036,0.0,0.0387619115855825,0.3446889447146651,0.18969072164948453,TRAINING_REFERENCE
2024-12-16,34.9405,NORMAL,False,0.20160821452774536,0,VOLATILITY_ACCELERATION,0.1633000921862465,0.20160821452774536,0.003491040616252,0.004363800770314999,0.34041204580294365,0.08536082474226804,TRAINING_REFERENCE
2024-12-17,34.9865,NORMAL,False,0.2179625510132155,0,VOLATILITY_ACCELERATION,0.14799400861367515,0.2179625510132155,0.0,0.032913095118845,0.3388276349792485,0.05814432989690722,TRAINING_REFERENCE
2024-12-18,35.0379,NORMAL,False,0.23314399337313704,0,VOLATILITY_ACCELERATION,0.16360500321159763,0.23314399337313704,0.0,0.0367284524030725,0.3381795456779992,0.04288659793814433,TRAINING_REFERENCE
2024-12-19,35.0923,NORMAL,False,0.24078000694240856,0,VOLATILITY_ACCELERATION,0.164040738466567,0.24078000694240856,0.0,0.0388151116362575,0.3386881915988274,0.05360824742268041,TRAINING_REFERENCE
2024-12-20,35.1981,NORMAL,False,0.481243721665301,0,LOCAL_RETURN_SHOCK,0.481243721665301,0.35860936592062864,0.0,0.07537266009922,0.35007357381807264,0.28536082474226804,TRAINING_REFERENCE
2024-12-23,35.1932,NORMAL,False,0.3541691253197866,0,VOLATILITY_ACCELERATION,0.22719832856339664,0.3541691253197866,0.0007067994214160001,0.0034803014935449995,0.3419126003112847,0.11587628865979381,TRAINING_REFERENCE
2024-12-24,35.17,NORMAL,False,0.4630495741578034,0,VOLATILITY_ACCELERATION,0.32518628991687365,0.4630495741578034,0.015966770933654,0.01648045645181,0.34721290586468107,0.23463917525773195,TRAINING_REFERENCE
2024-12-25,35.2215,NORMAL,False,0.4661688306865008,0,VOLATILITY_ACCELERATION,0.1486942796681341,0.4661688306865008,0.0,0.03660790446403,0.33813745171351856,0.04082474226804124,TRAINING_REFERENCE
2024-12-26,35.1498,NORMAL,False,0.6099807977486486,0,VOLATILITY_ACCELERATION,0.6074444297345856,0.6099807977486486,0.04071376857884999,0.050892210723562495,0.3649492381885582,0.4894845360824742,TRAINING_REFERENCE
2024-12-27,35.1564,NORMAL,False,0.4050334098952862,0,VOLATILITY_ACCELERATION,0.1170072859934771,0.4050334098952862,0.036966057663642,0.0046941945615599995,0.3407197579545432,0.09154639175257732,TRAINING_REFERENCE
2024-12-30,35.3234,NORMAL,False,0.8394095870318676,0,LOCAL_RETURN_SHOCK,0.8394095870318676,0.7740379543463348,0.0027842411948359996,0.11875504886734499,0.37971807078017783,0.6309278350515464,TRAINING_REFERENCE
2024-12-31,35.3711,NORMAL,False,0.7372476594774888,0,VOLATILITY_ACCELERATION,0.07884092376067828,0.7372476594774888,0.015966770933654,0.033759490875732504,0.3479077257845371,0.24948453608247423,TRAINING_REFERENCE
2025-01-01,35.3659,NORMAL,False,0.760123674088735,0,VOLATILITY_ACCELERATION,0.17361896398643348,0.760123674088735,0.002940253483774,0.0036753168547175,0.3525867754160622,0.3220618556701031,TRAINING_REFERENCE
2025-01-02,35.326,NORMAL,False,0.6910360510988298,0,VOLATILITY_ACCELERATION,0.3362902318873892,0.6910360510988298,0.015212723940712,0.02820513545534,0.3564593856617978,0.3851546391752577,TRAINING_REFERENCE
2025-01-03,35.3743,NORMAL,False,0.68984945088108,0,VOLATILITY_ACCELERATION,0.07429091692557925,0.68984945088108,0.036966057663642,0.034181622600915,0.3502240126215734,0.2865979381443299,TRAINING_REFERENCE
2025-01-06,35.304,NORMAL,False,0.485154717716008,0,LOCAL_RETURN_SHOCK,0.485154717716008,0.4528521514858048,0.039746369539465996,0.0496829619243325,0.3583539911931708,0.41484536082474227,TRAINING_REFERENCE
2025-01-07,35.3377,NORMAL,False,0.4336433934857656,0,VOLATILITY_ACCELERATION,0.04175408520965178,0.4336433934857656,0.020692988977871998,0.0238641513709425,0.33785938068149246,0.035876288659793816,TRAINING_REFERENCE
2025-01-08,35.3389,NORMAL,False,0.4377457528764006,0,VOLATILITY_ACCELERATION,0.10629121425625503,0.4377457528764006,0.017074276839084,0.0008489516861609481,0.3387986137930327,0.05567010309278351,TRAINING_REFERENCE
2025-01-09,35.3286,NORMAL,False,0.41017764547256347,0,VOLATILITY_ACCELERATION,0.15139415483785104,0.41017764547256347,0.0003369224735780014,0.00728658786776,0.3384995592444839,0.04989690721649485,TRAINING_REFERENCE
2025-01-10,35.4226,NORMAL,False,0.5402576923032303,0,VOLATILITY_ACCELERATION,0.3161699659568776,0.5402576923032303,0.0,0.0665183449103525,0.3454503655826593,0.2070103092783505,TRAINING_REFERENCE
2025-01-13,35.4877,NORMAL,False,0.38841446258872814,0,VOLATILITY_ACCELERATION,0.17429311550449372,0.38841446258872814,0.039746369539465996,0.045945243996762496,0.3385450320108547,0.050721649484536085,TRAINING_REFERENCE
2025-01-14,35.4793,NORMAL,False,0.42861753554549414,0,VOLATILITY_ACCELERATION,0.15197537874085626,0.42861753554549414,0.015958954368701997,0.0059175432614625,0.33691767780864484,0.021030927835051547,TRAINING_REFERENCE
2025-01-15,35.4613,NORMAL,False,0.4566435743601368,0,VOLATILITY_ACCELERATION,0.17981066404471718,0.4566435743601368,0.005136135836885999,0.0126834520410475,0.3384173488062432,0.04824742268041237,TRAINING_REFERENCE
2025-01-16,35.4275,NORMAL,False,0.502461304358046,0,VOLATILITY_ACCELERATION,0.230006045976229,0.502461304358046,0.0080892809207,0.023828793642645,0.3427636797048071,0.13731958762886598,TRAINING_REFERENCE
2025-01-17,35.4856,NORMAL,False,0.4080971104794608,0,VOLATILITY_ACCELERATION,0.17014240889430882,0.4080971104794608,0.0011835086522937743,0.040999223766845,0.33616987912377944,0.013195876288659794,TRAINING_REFERENCE
2025-01-20,35.5675,NORMAL,False,0.4495351478845435,0,VOLATILITY_ACCELERATION,0.2918789771235492,0.4495351478845435,0.0,0.05769946118989,0.3405381501623726,0.08701030927835052,TRAINING_REFERENCE
2025-01-21,35.62,NORMAL,False,0.4501816531576733,0,VOLATILITY_ACCELERATION,0.14111465793955894,0.4501816531576733,0.00473403460917,0.0369016658466275,0.3361457340128856,0.012783505154639175,TRAINING_REFERENCE
2025-01-22,35.6452,NORMAL,False,0.394417769317665,0,VOLATILITY_ACCELERATION,0.0105594295860049,0.394417769317665,0.014878394485972,0.0176866928691775,0.33528001087191756,0.007422680412371134,TRAINING_REFERENCE
2025-01-23,35.6339,NORMAL,False,0.3169436248070446,0,VOLATILITY_ACCELERATION,0.13865741643718202,0.3169436248070446,0.027586983424554,0.007925330759825,0.336984554534873,0.0222680412371134,TRAINING_REFERENCE
2025-01-24,35.6798,NORMAL,False,0.30840582390235455,0,VOLATILITY_ACCELERATION,0.09725941758279268,0.30840582390235455,0.0011835086522937743,0.03220248134501,0.3347849318856472,0.00577319587628866,TRAINING_REFERENCE
2025-01-27,35.7431,NORMAL,False,0.2603973164217051,0,VOLATILITY_ACCELERATION,0.16669797788023424,0.2603973164217051,0.0,0.0443528270898375,0.3370301359434099,0.02268041237113402,TRAINING_REFERENCE
2025-01-28,35.7352,NORMAL,False,0.2942285921593695,0,VOLATILITY_ACCELERATION,0.1610732054393062,0.2942285921593695,0.004420433594176,0.00552554199272,0.3366747882328804,0.017731958762886597,TRAINING_REFERENCE
2025-01-29,35.7944,NORMAL,False,0.3408000354435998,0,VOLATILITY_ACCELERATION,0.2268677060062887,0.3408000354435998,0.0,0.0414157469385925,0.33824358888607614,0.0445360824742268,TRAINING_REFERENCE
2025-01-30,35.7721,NORMAL,False,0.3684998733967487,0,VOLATILITY_ACCELERATION,0.2404089820632325,0.3684998733967487,0.006119785008839999,0.015575062020874999,0.3413312715654096,0.10391752577319588,TRAINING_REFERENCE
2025-01-31,35.844,NORMAL,False,0.4320339705715576,0,VOLATILITY_ACCELERATION,0.2777457853142519,0.4320339705715576,0.0,0.050248657473282506,0.34084047377011567,0.09608247422680412,TRAINING_REFERENCE
2025-02-03,35.9745,NORMAL,False,0.600109598115158,0,VOLATILITY_ACCELERATION,0.5859109399757445,0.600109598115158,0.0,0.0910194174757225,0.35965002758849435,0.43381443298969075,TRAINING_REFERENCE
2025-02-04,35.9325,NORMAL,False,0.6731368105621692,0,VOLATILITY_ACCELERATION,0.4127806495752884,0.6731368105621692,0.018929439232408,0.029187341033229997,0.3604324818269311,0.4445360824742268,TRAINING_REFERENCE
2025-02-05,35.9044,NORMAL,False,0.7115681756487265,0,VOLATILITY_ACCELERATION,0.2970037375360289,0.7115681756487265,0.038972049646274,0.01955054616294,0.3558447917273458,0.37608247422680413,TRAINING_REFERENCE
2025-02-06,35.8882,NORMAL,False,0.7051517773653861,0,VOLATILITY_ACCELERATION,0.22272825944203364,0.7051517773653861,0.035518379548402,0.011279954545962501,0.35229111551782605,0.3183505154639175,TRAINING_REFERENCE
2025-02-07,35.9677,NORMAL,False,0.7251441267360302,0,VOLATILITY_ACCELERATION,0.25398403039888073,0.7251441267360302,0.003780455600492,0.055380319993757504,0.3505677658696444,0.29030927835051545,TRAINING_REFERENCE
2025-02-10,35.9951,NORMAL,False,0.4851827210829078,0,VOLATILITY_ACCELERATION,0.0005374125519533,0.4851827210829078,0.0,0.0190448652541025,0.3387581425728853,0.05443298969072165,TRAINING_REFERENCE
2025-02-11,36.0423,NORMAL,False,0.44955756572774397,0,VOLATILITY_ACCELERATION,0.11080525718901127,0.44955756572774397,0.023349872826583996,0.0327822398048625,0.3374817510231587,0.030103092783505155,TRAINING_REFERENCE
2025-02-12,36.1027,NORMAL,False,0.37044289959526705,0,VOLATILITY_ACCELERATION,0.1653666338078539,0.37044289959526705,0.038972049646274,0.0418952175638075,0.33944295065195224,0.06721649484536082,TRAINING_REFERENCE
2025-02-13,36.0963,NORMAL,False,0.3319200801039831,0,VOLATILITY_ACCELERATION,0.2036651141987633,0.3319200801039831,0.04443298796541399,0.00443180149961,0.34070788870537666,0.0911340206185567,TRAINING_REFERENCE
2025-02-14,36.2225,NORMAL,False,0.502886473284464,0,LOCAL_RETURN_SHOCK,0.502886473284464,0.4792712240295856,0.003780455600492,0.087405080299085,0.3552497795978686,0.36371134020618556,TRAINING_REFERENCE
2025-02-17,36.2417,NORMAL,False,0.4904866983372455,0,VOLATILITY_ACCELERATION,0.08982458808410725,0.4904866983372455,0.0,0.013251432120925,0.3403430596128583,0.08371134020618556,TRAINING_REFERENCE
2025-02-18,36.2722,NORMAL,False,0.5042205001037448,0,VOLATILITY_ACCELERATION,0.01814207284698795,0.5042205001037448,0.0,0.02103930003283,0.3401592349845824,0.07917525773195876,TRAINING_REFERENCE
2025-02-19,36.2922,NORMAL,False,0.5096009401838975,0,VOLATILITY_ACCELERATION,0.06595386725897177,0.5096009401838975,0.0,0.0137846615314225,0.33955115340172654,0.06927835051546392,TRAINING_REFERENCE
2025-02-20,36.2991,NORMAL,False,0.490360307562674,0,VOLATILITY_ACCELERATION,0.1310716532122034,0.490360307562674,0.003545441199688,0.0047530874402775,0.34009252814961416,0.07711340206185567,TRAINING_REFERENCE
2025-02-21,36.4339,NORMAL,False,0.5216471216657754,0,LOCAL_RETURN_SHOCK,0.5216471216657754,0.5131920812546475,0.0,0.09283976737715,0.3560926718040861,0.3802061855670103,TRAINING_REFERENCE
2025-02-24,36.434,NORMAL,False,0.5385026839982271,0,VOLATILITY_ACCELERATION,0.1772236466332262,0.5385026839982271,0.0,6.861741400077115e-05,0.3439474765550476,0.17030927835051546,TRAINING_REFERENCE
2025-02-25,36.4455,NORMAL,False,0.551083608081144,0,VOLATILITY_ACCELERATION,0.1085783468946751,0.551083608081144,0.0,0.007890980951862499,0.3415781020192925,0.10927835051546392,TRAINING_REFERENCE
2025-02-26,36.4511,NORMAL,False,0.5652890197509494,0,VOLATILITY_ACCELERATION,0.14216067022229928,0.5652890197509494,0.0,0.0038413521559524997,0.3426600233385519,0.13567010309278352,TRAINING_REFERENCE
2025-02-27,36.4292,NORMAL,False,0.6130104498315573,0,VOLATILITY_ACCELERATION,0.2578326435550274,0.6130104498315573,0.01201609827961,0.0150201228495125,0.348575331090533,0.26103092783505155,TRAINING_REFERENCE
2025-02-28,36.4935,NORMAL,False,0.31727250557720044,0,VOLATILITY_ACCELERATION,0.14573882946890448,0.31727250557720044,0.0,0.0441266895786875,0.33729990496872747,0.02639175257731959,TRAINING_REFERENCE
2025-03-03,36.438,NORMAL,False,0.43098569255637276,0,VOLATILITY_ACCELERATION,0.4157004395910168,0.43098569255637276,0.030416375518924,0.038020469398655,0.3578535125820968,0.4070103092783505,TRAINING_REFERENCE
2025-03-04,36.4371,NORMAL,False,0.4260629122442463,0,VOLATILITY_ACCELERATION,0.11888727838941315,0.4260629122442463,0.030909614040853996,0.0006174872385994455,0.34287416769028917,0.14061855670103093,TRAINING_REFERENCE
2025-03-05,36.4178,NORMAL,False,0.4268697005252288,0,VOLATILITY_ACCELERATION,0.22828520575906786,0.4268697005252288,0.041486840122209996,0.013241997853835001,0.3477491212891782,0.2441237113402062,TRAINING_REFERENCE
2025-03-06,36.4023,NORMAL,False,0.42014830792945057,0,VOLATILITY_ACCELERATION,0.21342891972340944,0.42014830792945057,0.037965405275815996,0.01064040112253,0.34768806850305334,0.2424742268041237,TRAINING_REFERENCE
2025-03-07,36.475,NORMAL,False,0.450926673256078,0,VOLATILITY_ACCELERATION,0.2414808052093046,0.450926673256078,0.01013879183964,0.0499281638797575,0.34491922090875526,0.19505154639175257,TRAINING_REFERENCE
2025-03-10,36.5508,NORMAL,False,0.4537870316397146,0,VOLATILITY_ACCELERATION,0.26113664430329975,0.4537870316397146,0.030416375518924,0.0519533927347475,0.34278077266759693,0.13814432989690723,TRAINING_REFERENCE
2025-03-11,36.5873,NORMAL,False,0.43807778161403327,0,VOLATILITY_ACCELERATION,0.042743521735138075,0.43807778161403327,0.030909614040853996,0.0249652538384925,0.33730140665313196,0.026804123711340205,TRAINING_REFERENCE
2025-03-12,36.5878,NORMAL,False,0.39339984361575314,0,VOLATILITY_ACCELERATION,0.1367644998543276,0.39339984361575314,0.041486840122209996,0.00034164860484575676,0.3396627139402485,0.07092783505154639,TRAINING_REFERENCE
2025-03-13,36.607,NORMAL,False,0.31516745922627093,0,VOLATILITY_ACCELERATION,0.026803185432682425,0.31516745922627093,0.049981503555426,0.013119127140735,0.33833387170936075,0.04577319587628866,TRAINING_REFERENCE
2025-03-14,36.6383,NORMAL,False,0.2714622252950054,0,VOLATILITY_ACCELERATION,0.0285652232025825,0.2714622252950054,0.01013879183964,0.021375693173435,0.33764631811763796,0.03134020618556701,TRAINING_REFERENCE
2025-03-17,36.6454,NORMAL,False,0.1496315477545745,0,VOLATILITY_ACCELERATION,0.08186794170397806,0.1496315477545745,0.0,0.004844657093805,0.34438204547342766,0.18185567010309278,TRAINING_REFERENCE
2025-03-18,36.6908,NORMAL,False,0.1778518969562899,0,VOLATILITY_ACCELERATION,0.14791908535081613,0.1778518969562899,0.0,0.030972509510062498,0.3425627401977635,0.13237113402061856,TRAINING_REFERENCE
2025-03-19,37.808,ANOMALOUS,True,6.410805166710201,2,LOCAL_RETURN_SHOCK,6.410805166710201,1.6290050983048725,0.0,0.7612262474516726,0.5790018297674844,0.9690721649484536,TRAINING_REFERENCE
2025-03-20,37.8242,ANOMALOUS,True,1.6386510938862817,1,VOLATILITY_ACCELERATION,0.06050010406407195,1.6386510938862817,0.0,0.010712018620395,0.46129821029122237,0.8845360824742268,TRAINING_REFERENCE
2025-03-21,37.839,ANOMALOUS,True,1.6453487279650085,1,VOLATILITY_ACCELERATION,0.062340979094501675,1.6453487279650085,0.0,0.00978209717588,0.4608519205575545,0.8837113402061856,TRAINING_REFERENCE
2025-03-24,37.9769,ANOMALOUS,True,1.6108840307667356,1,VOLATILITY_ACCELERATION,0.06379733321248425,1.6108840307667356,0.0,0.0911097016305925,0.45862251267423765,0.8795876288659794,TRAINING_REFERENCE
2025-03-25,37.979,ANOMALOUS,True,1.6277926156712645,1,VOLATILITY_ACCELERATION,0.07539660259266483,1.6277926156712645,0.0,0.0013824193127898177,0.4599013449108454,0.8820618556701031,TRAINING_REFERENCE
2025-03-26,37.9973,NORMAL,False,0.1836601520451654,0,VOLATILITY_ACCELERATION,0.059132903594116874,0.1836601520451654,0.0,0.01204613075647,0.3479304592390763,0.24989690721649485,TRAINING_REFERENCE
2025-03-27,37.9622,NORMAL,False,0.2127011547895461,0,VOLATILITY_ACCELERATION,0.11168217784715777,0.2127011547895461,0.018474996907674,0.0230937461345925,0.34763285109187947,0.24123711340206186,TRAINING_REFERENCE
2025-03-28,37.9821,NORMAL,False,0.2119725992191003,0,VOLATILITY_ACCELERATION,0.0575569987142178,0.2119725992191003,0.008000568461441999,0.0131051414301575,0.3446981660165442,0.19010309278350515,TRAINING_REFERENCE
2025-03-31,37.9447,NORMAL,False,0.11078416422088645,0,LOCAL_RETURN_SHOCK,0.11078416422088645,0.0916235520928534,0.027686177702101997,0.0246168589941075,0.3553606193628202,0.3665979381443299,TRAINING_REFERENCE
2025-04-01,37.9461,NORMAL,False,0.0913943526018221,0,VOLATILITY_ACCELERATION,0.07428699550588203,0.0913943526018221,0.026949283238545996,0.000922394958979833,0.3523625872092796,0.32082474226804125,TRAINING_REFERENCE
2025-04-02,37.9435,NORMAL,False,0.08073820560664055,0,VOLATILITY_ACCELERATION,0.0783032983305686,0.08073820560664055,0.028317801528001996,0.001712956008653732,0.3536757882943634,0.3389690721649484,TRAINING_REFERENCE
2025-04-03,37.9101,NORMAL,False,0.10926051212559358,0,LOCAL_RETURN_SHOCK,0.10926051212559358,0.0793566254931692,0.027423001107973997,0.0220064042589625,0.355008834523811,0.35917525773195874,TRAINING_REFERENCE
2025-04-04,37.9772,NORMAL,False,0.13666422301003656,0,VOLATILITY_ACCELERATION,0.010436813829623776,0.13666422301003656,0.002579130622438,0.04424942165808,0.34664676939383904,0.2243298969072165,TRAINING_REFERENCE
2025-04-07,37.9771,NORMAL,False,0.12002270630419296,0,VOLATILITY_ACCELERATION,0.07544774302951097,0.12002270630419296,0.017053843299393998,6.582897106865992e-05,0.3464409336050913,0.2222680412371134,TRAINING_REFERENCE
2025-04-08,37.9207,NORMAL,False,0.1514445568254731,0,VOLATILITY_ACCELERATION,0.1260424897653608,0.1514445568254731,0.013369370981624,0.0371276374446725,0.35053841654560736,0.2894845360824742,TRAINING_REFERENCE
2025-04-09,37.9793,NORMAL,False,0.1781575383278307,0,VOLATILITY_ACCELERATION,0.009803965022898525,0.1781575383278307,0.018843444139448,0.038633253078135,0.34384373148622815,0.1661855670103093,TRAINING_REFERENCE
2025-04-10,37.9132,NORMAL,False,0.20211601217609246,0,VOLATILITY_ACCELERATION,0.1331429132158829,0.20211601217609246,0.0016316948835860042,0.043510543901545,0.3480190118520902,0.2503092783505155,TRAINING_REFERENCE
2025-04-11,38.03,NORMAL,False,0.25158877397138324,0,VOLATILITY_ACCELERATION,0.0475398628898827,0.25158877397138324,0.01057969908388,0.0770180306595025,0.344032940570434,0.17154639175257733,TRAINING_REFERENCE
2025-04-14,38.032,NORMAL,False,0.25139369411359097,0,VOLATILITY_ACCELERATION,0.06686773439746835,0.25139369411359097,0.010632334402708,0.0013147515119604771,0.3426266080645797,0.1336082474226804,TRAINING_REFERENCE
2025-04-15,38.0832,NORMAL,False,0.22229308616865084,0,VOLATILITY_ACCELERATION,0.019468289016211573,0.22229308616865084,0.04031865422017,0.03365586874211,0.3443112593355839,0.17938144329896907,TRAINING_REFERENCE
2025-04-16,38.1278,NORMAL,False,0.21885198191230745,0,VOLATILITY_ACCELERATION,0.0260445443297491,0.21885198191230745,0.009474357388551999,0.029278001848584995,0.3426605167166944,0.1360824742268041,TRAINING_REFERENCE
2025-04-17,37.9702,NORMAL,False,0.820575621265265,0,LOCAL_RETURN_SHOCK,0.820575621265265,0.3288502367553031,0.038403035250956,0.1033366729787725,0.3880090078028076,0.6936082474226805,TRAINING_REFERENCE
2025-04-18,38.1008,NORMAL,False,0.47129074346709027,0,LOCAL_RETURN_SHOCK,0.47129074346709027,0.3394753397593486,0.014162894266125998,0.08598848570721,0.3513226875204844,0.30391752577319586,TRAINING_REFERENCE
2025-04-21,38.212,NORMAL,False,0.36359692984426567,0,VOLATILITY_ACCELERATION,0.34411739969753086,0.36359692984426567,0.0,0.07296434720531,0.3441802027464168,0.17608247422680412,TRAINING_REFERENCE
2025-04-22,38.2629,NORMAL,False,0.3638660910434032,0,VOLATILITY_ACCELERATION,0.14135689845203567,0.3638660910434032,0.0,0.0333010572594975,0.33844287681269497,0.049484536082474224,TRAINING_REFERENCE
2025-04-23,38.3008,NORMAL,False,0.36363059727226393,0,VOLATILITY_ACCELERATION,0.08467184542044333,0.36363059727226393,0.0,0.024762890423885,0.33706111910194875,0.023505154639175258,TRAINING_REFERENCE
2025-04-24,38.3395,NORMAL,False,0.14018095905488615,0,VOLATILITY_ACCELERATION,0.08367690700931628,0.14018095905488615,0.082669338383018,0.025260568969835,0.3454231282165588,0.20536082474226805,TRAINING_REFERENCE
2025-04-25,38.4149,NORMAL,False,0.20392738810589467,0,LOCAL_RETURN_SHOCK,0.20392738810589467,0.09882321893115835,0.014162894266125998,0.0491660037298325,0.3471557147336014,0.23257731958762887,TRAINING_REFERENCE
2025-04-28,38.4339,NORMAL,False,0.06591776396481015,0,VOLATILITY_ACCELERATION,0.010051396348804325,0.06591776396481015,0.0,0.012364993791467499,0.3477128857296036,0.24288659793814432,TRAINING_REFERENCE
2025-04-29,38.4866,NORMAL,False,0.10146748614113438,0,LOCAL_RETURN_SHOCK,0.10146748614113438,0.06650629101102615,0.0,0.034279633344522505,0.34882295807557967,0.2684536082474227,TRAINING_REFERENCE
2025-04-30,38.4903,NORMAL,False,0.0894282639802164,0,VOLATILITY_ACCELERATION,0.0852499496267194,0.0894282639802164,0.0,0.0024034339224543455,0.3434288484914729,0.15546391752577318,TRAINING_REFERENCE
2025-05-01,38.4421,NORMAL,False,0.2744888875526619,0,LOCAL_RETURN_SHOCK,0.2744888875526619,0.1510609228495467,0.025045271146232,0.03130658893279,0.3475328418688523,0.24,TRAINING_REFERENCE
2025-05-02,38.5687,NORMAL,False,0.3577867190656626,0,LOCAL_RETURN_SHOCK,0.3577867190656626,0.20501143831377586,0.0,0.08233161039589,0.3430893605936987,0.14804123711340206,TRAINING_REFERENCE
2025-05-05,38.5637,NORMAL,False,0.21102732827902745,0,VOLATILITY_ACCELERATION,0.11958308429790775,0.21102732827902745,0.002592776007488,0.0032409700093600003,0.3360320358475083,0.012371134020618556,TRAINING_REFERENCE
2025-05-06,38.6239,NORMAL,False,0.21356486349939074,0,VOLATILITY_ACCELERATION,0.1046447737789358,0.21356486349939074,0.0,0.039026338240365,0.33525816623227706,0.0070103092783505155,TRAINING_REFERENCE
2025-05-07,38.6504,NORMAL,False,0.2096349296673404,0,VOLATILITY_ACCELERATION,0.03215341055034655,0.2096349296673404,0.0,0.017152592047925002,0.3339674472215227,0.002061855670103093,TRAINING_REFERENCE
2025-05-08,38.6112,NORMAL,False,0.2600665387922415,0,LOCAL_RETURN_SHOCK,0.2600665387922415,0.20081517938814544,0.004760875641917999,0.0253554943803925,0.34036425535212655,0.08453608247422681,TRAINING_REFERENCE
2025-05-09,38.7612,NORMAL,False,0.4195329230898259,0,LOCAL_RETURN_SHOCK,0.4195329230898259,0.22757945503889726,0.0,0.0971220785678775,0.343410059910353,0.15463917525773196,TRAINING_REFERENCE
2025-05-12,38.7747,NORMAL,False,0.2201957933364549,0,VOLATILITY_ACCELERATION,0.08277342460639585,0.2201957933364549,0.002592776007488,0.008707160769015,0.3339811443047189,0.00288659793814433,TRAINING_REFERENCE
2025-05-13,38.7892,NORMAL,False,0.2202810054885165,0,VOLATILITY_ACCELERATION,0.08157575441904424,0.2202810054885165,0.0,0.0093488795529,0.3335861976652178,0.0004123711340206186,TRAINING_REFERENCE
2025-05-14,38.7704,NORMAL,False,0.23216023802025074,0,VOLATILITY_ACCELERATION,0.19236195393090597,0.23216023802025074,0.009693419817886,0.012116774772357501,0.33578219277949867,0.0111340206185567,TRAINING_REFERENCE
2025-05-15,38.7145,NORMAL,False,0.3077836643502723,0,LOCAL_RETURN_SHOCK,0.3077836643502723,0.2433899814723898,0.018231480048674,0.0360455398964175,0.34292372783576364,0.14268041237113402,TRAINING_REFERENCE
2025-05-16,38.852,NORMAL,False,0.4178294736930247,0,LOCAL_RETURN_SHOCK,0.4178294736930247,0.2268452435322411,0.0,0.088791021451905,0.34417433073170545,0.1756701030927835,TRAINING_REFERENCE
2025-05-19,38.8038,NORMAL,False,0.3571341347763379,0,LOCAL_RETURN_SHOCK,0.3571341347763379,0.244936166749237,0.024812107484809998,0.0310151343560125,0.34637215186946346,0.22144329896907217,TRAINING_REFERENCE
2025-05-20,38.8394,NORMAL,False,0.2485256149370258,0,VOLATILITY_ACCELERATION,0.023680083440221,0.2485256149370258,0.0064861525790159994,0.0229358980306,0.3336961696050005,0.0008247422680412372,TRAINING_REFERENCE
2025-05-21,38.8704,NORMAL,False,0.24422229483428404,0,VOLATILITY_ACCELERATION,0.007891487189677675,0.24422229483428404,0.009693419817886,0.0199539642733875,0.333696693636663,0.0012371134020618556,TRAINING_REFERENCE
2025-05-22,38.9174,NORMAL,False,0.20594746038902675,0,VOLATILITY_ACCELERATION,0.0756595283938932,0.20594746038902675,0.038515875552988,0.030228657281632498,0.33552277807766645,0.009072164948453608,TRAINING_REFERENCE
2025-05-23,38.9344,NORMAL,False,0.1173665690390647,0,VOLATILITY_ACCELERATION,0.05028933047685372,0.1173665690390647,0.0,0.0109205650942725,0.33766412475520585,0.03216494845360825,TRAINING_REFERENCE
2025-05-26,38.9598,NORMAL,False,0.03508999962623095,0,VOLATILITY_ACCELERATION,0.003368019253947625,0.03508999962623095,0.024812107484809998,0.016309484671655,0.3555817566037969,0.37195876288659796,TRAINING_REFERENCE
2025-05-27,38.9837,NORMAL,False,0.03532935184488725,0,VOLATILITY_ACCELERATION,0.011028733597535725,0.03532935184488725,0.0064861525790159994,0.015336321028339999,0.35401659276537895,0.345979381443299,TRAINING_REFERENCE
2025-05-28,39.097,NORMAL,False,0.3724166669023958,0,LOCAL_RETURN_SHOCK,0.3724166669023958,0.12331199905264704,0.0,0.0726585726855075,0.34857380587386466,0.2606185567010309,TRAINING_REFERENCE
2025-05-29,39.1054,NORMAL,False,0.1334664586766569,0,VOLATILITY_ACCELERATION,0.08917001384535947,0.1334664586766569,0.0,0.005371256106605,0.33838802341416474,0.04742268041237113,TRAINING_REFERENCE
2025-05-30,39.2289,NORMAL,False,0.3765148872666155,0,LOCAL_RETURN_SHOCK,0.3765148872666155,0.170204276024286,0.0,0.0789532903384175,0.3475890939971359,0.24082474226804124,TRAINING_REFERENCE
2025-06-02,39.1961,NORMAL,False,0.27789555991082815,0,LOCAL_RETURN_SHOCK,0.27789555991082815,0.21143763465834856,0.016722365398979998,0.020902956748725,0.34300085530575486,0.14515463917525773,TRAINING_REFERENCE
2025-06-03,39.1492,NORMAL,False,0.32464659404099677,0,LOCAL_RETURN_SHOCK,0.32464659404099677,0.24878569479508356,0.040633308606664,0.029913690392664997,0.34490368094667273,0.19422680412371135,TRAINING_REFERENCE
2025-06-04,39.1642,NORMAL,False,0.20655044740642356,0,VOLATILITY_ACCELERATION,0.0458729656655216,0.20655044740642356,0.032985885405912,0.00957873979545,0.33530675813037963,0.008247422680412371,TRAINING_REFERENCE
2025-06-05,39.2864,NORMAL,False,0.3836256616242833,0,LOCAL_RETURN_SHOCK,0.3836256616242833,0.25359799080555623,0.0,0.07800491264981499,0.34104906730745305,0.1002061855670103,TRAINING_REFERENCE
2025-06-06,39.2423,NORMAL,False,0.30336228214982014,0,LOCAL_RETURN_SHOCK,0.30336228214982014,0.21884103649695436,0.022450517227334,0.028063146534167503,0.3430278367501583,0.14597938144329897,TRAINING_REFERENCE
2025-06-09,39.2561,NORMAL,False,0.2102513117024256,0,VOLATILITY_ACCELERATION,0.0433945516595609,0.2102513117024256,0.0012971800931259997,0.008791533625704999,0.33402143262823586,0.0032989690721649486,TRAINING_REFERENCE
2025-06-10,39.2056,NORMAL,False,0.31023845835924374,0,LOCAL_RETURN_SHOCK,0.31023845835924374,0.21201032463111175,0.000500518875620002,0.0321606068865775,0.343830426612097,0.16577319587628866,TRAINING_REFERENCE
2025-06-11,39.1681,NORMAL,False,0.574322493059132,0,VOLATILITY_ACCELERATION,0.2341690876465837,0.574322493059132,0.027238517949956,0.023912400269344998,0.3485366117059174,0.2597938144329897,TRAINING_REFERENCE
2025-06-12,39.3445,NORMAL,False,0.7226100511642921,0,VOLATILITY_ACCELERATION,0.619165007038134,0.7226100511642921,0.0,0.11259162430651248,0.36604017710673176,0.5014432989690721,TRAINING_REFERENCE
2025-06-13,39.2169,NORMAL,False,0.8206673771281935,0,VOLATILITY_ACCELERATION,0.5714077611819944,0.8206673771281935,0.042412424225724,0.0810786768163225,0.38051874657498497,0.6379381443298969,TRAINING_REFERENCE
2025-06-16,39.3602,NORMAL,False,0.9553304899871685,0,VOLATILITY_ACCELERATION,0.4262214513836661,0.9553304899871685,0.015425185305854,0.09135092268894249,0.3767189333607979,0.6061855670103092,TRAINING_REFERENCE
2025-06-17,39.4751,NORMAL,False,0.930448660947455,0,VOLATILITY_ACCELERATION,0.2825738054392347,0.930448660947455,0.041133827482283995,0.0729798120944475,0.37017625997658354,0.5435051546391753,TRAINING_REFERENCE
2025-06-18,39.516,NORMAL,False,0.8632830868744757,0,VOLATILITY_ACCELERATION,0.02759088744351015,0.8632830868744757,0.060224403355868,0.02590240430043,0.35898401590447626,0.4230927835051546,TRAINING_REFERENCE
2025-06-19,39.6085,NORMAL,False,0.7658950965967356,0,VOLATILITY_ACCELERATION,0.18813941167602702,0.7658950965967356,0.0,0.0585205992509375,0.35124615749050975,0.3022680412371134,TRAINING_REFERENCE
2025-06-20,39.6706,NORMAL,False,0.29143304330188036,0,VOLATILITY_ACCELERATION,0.08398685212058027,0.29143304330188036,0.06486294145305799,0.0391961321433525,0.34249046517680065,0.13072164948453607,TRAINING_REFERENCE
2025-06-23,39.6149,NORMAL,False,0.4646790054037394,0,VOLATILITY_ACCELERATION,0.2867532610934372,0.4646790054037394,0.028081249086224,0.035101561357779996,0.3468112056293189,0.22597938144329896,TRAINING_REFERENCE
2025-06-24,39.5944,NORMAL,False,0.42582596037224757,0,VOLATILITY_ACCELERATION,0.16049180136889757,0.42582596037224757,0.038416358714009995,0.0129370514629575,0.3393153233504988,0.0643298969072165,TRAINING_REFERENCE
2025-06-25,39.7576,NORMAL,False,0.5991998030132984,0,VOLATILITY_ACCELERATION,0.3922694293139007,0.5991998030132984,0.0,0.10304487503283,0.35093104002208636,0.29731958762886596,TRAINING_REFERENCE
2025-06-26,39.7712,NORMAL,False,0.5831952849126668,0,VOLATILITY_ACCELERATION,0.05638262221473005,0.5831952849126668,0.0,0.00855182405377,0.34051000851407864,0.08618556701030927,TRAINING_REFERENCE
2025-06-27,39.8993,NORMAL,False,0.644845208760967,0,VOLATILITY_ACCELERATION,0.2688093318399184,0.644845208760967,0.0,0.08052309208673,0.350725595553426,0.29402061855670103,TRAINING_REFERENCE
2025-06-30,39.8102,NORMAL,False,0.6941967711944578,0,VOLATILITY_ACCELERATION,0.3485241121075439,0.6941967711944578,0.016581188600646,0.05582804710859,0.3596219459485263,0.43257731958762885,TRAINING_REFERENCE
2025-07-01,39.8237,NORMAL,False,0.676964421306691,0,VOLATILITY_ACCELERATION,0.04817712445733618,0.676964421306691,0.0005209570402999993,0.0084777268137325,0.34690381571371265,0.22762886597938145,TRAINING_REFERENCE
2025-07-02,39.7761,NORMAL,False,0.5439164457909361,0,VOLATILITY_ACCELERATION,0.228643973204909,0.5439164457909361,0.061755469394195996,0.029881703608654997,0.3497371468331822,0.2791752577319588,TRAINING_REFERENCE
2025-07-03,39.8232,NORMAL,False,0.5679557318824283,0,VOLATILITY_ACCELERATION,0.044369189088135724,0.5679557318824283,0.038146032637162,0.0296032039340175,0.3413727821798866,0.10474226804123711,TRAINING_REFERENCE
2025-07-04,39.862,NORMAL,False,0.400543543858022,0,VOLATILITY_ACCELERATION,0.032948556782775675,0.400543543858022,0.018697069873401997,0.024357660861005,0.33802214517250195,0.038350515463917524,TRAINING_REFERENCE
2025-07-07,39.9734,NORMAL,False,0.38890539614887554,0,VOLATILITY_ACCELERATION,0.2299311451851779,0.38890539614887554,0.044662437686871996,0.0698660378305125,0.341095830575397,0.10144329896907217,TRAINING_REFERENCE
2025-07-08,40.0353,NORMAL,False,0.38886500744811625,0,VOLATILITY_ACCELERATION,0.07191231057136803,0.38886500744811625,0.03789540167371,0.0387132443074625,0.33681912550052373,0.018556701030927835,TRAINING_REFERENCE
2025-07-09,40.0431,NORMAL,False,0.2560779078154314,0,VOLATILITY_ACCELERATION,0.0985653943986079,0.2560779078154314,0.061755469394195996,0.004870701605835,0.3388964010278906,0.05938144329896907,TRAINING_REFERENCE
2025-07-10,40.0815,NORMAL,False,0.2774510051027084,0,VOLATILITY_ACCELERATION,0.0174469980390914,0.2774510051027084,0.038146032637162,0.023974167834155,0.33676119557874773,0.018144329896907216,TRAINING_REFERENCE
2025-07-11,40.1704,NORMAL,False,0.29732540170644894,0,VOLATILITY_ACCELERATION,0.16328202196306416,0.29732540170644894,0.018697069873401997,0.0554495215997425,0.3388026239832456,0.05649484536082474,TRAINING_REFERENCE
2025-07-14,40.1734,NORMAL,False,0.26655691216960653,0,VOLATILITY_ACCELERATION,0.16345110145419173,0.26655691216960653,0.0,0.0018670463824088657,0.3379843389916082,0.037525773195876286,TRAINING_REFERENCE
2025-07-15,40.2048,NORMAL,False,0.25120491027287106,0,VOLATILITY_ACCELERATION,0.036944926460372625,0.25120491027287106,0.0,0.0195402928305775,0.33566993848826104,0.009896907216494845,TRAINING_REFERENCE
2025-07-16,40.2497,NORMAL,False,0.22768874167980285,0,VOLATILITY_ACCELERATION,0.0315281563592162,0.22768874167980285,0.0,0.0279195518943,0.3374655672203283,0.029278350515463916,TRAINING_REFERENCE
2025-07-17,40.2957,NORMAL,False,0.2276891775248681,0,VOLATILITY_ACCELERATION,0.03500581350748703,0.2276891775248681,0.0,0.0285716415277625,0.3374612918613168,0.0288659793814433,TRAINING_REFERENCE
2025-07-18,40.3912,NORMAL,False,0.24378125967157646,0,VOLATILITY_ACCELERATION,0.2437710984576148,0.24378125967157646,0.0,0.05924949808540501,0.3426369274048124,0.13402061855670103,TRAINING_REFERENCE
2025-07-21,40.3844,NORMAL,False,0.2659903343843045,0,VOLATILITY_ACCELERATION,0.16969735464348942,0.2659903343843045,0.0033670700548619997,0.004208837568577499,0.3393215699381076,0.06474226804123712,TRAINING_REFERENCE
2025-07-22,40.4147,NORMAL,False,0.2669221524483841,0,VOLATILITY_ACCELERATION,0.03543729760484372,0.2669221524483841,0.0,0.018757242895772498,0.3363372673763305,0.015257731958762887,TRAINING_REFERENCE
2025-07-23,40.4534,NORMAL,False,0.26718119662484385,0,VOLATILITY_ACCELERATION,0.01182590213614655,0.26718119662484385,0.0,0.023939309211745,0.33696648390646383,0.021443298969072166,TRAINING_REFERENCE
2025-07-24,40.7511,ANOMALOUS,True,1.277278383664907,1,LOCAL_RETURN_SHOCK,1.277278383664907,0.795993875703286,0.0,0.18397711935214,0.41555312077953477,0.7975257731958763,TRAINING_REFERENCE
2025-07-25,40.5557,ANOMALOUS,True,1.0853830838896,1,VOLATILITY_ACCELERATION,0.7830844764517022,1.0853830838896,0.09589925179933799,0.11987406474917249,0.4216124544160924,0.8156701030927835,TRAINING_REFERENCE
2025-07-28,40.5562,ANOMALOUS,True,1.083579624015898,1,VOLATILITY_ACCELERATION,0.08831093919706462,1.083579624015898,0.09228678959555199,0.0003082180803137824,0.38769298315546474,0.6915463917525774,TRAINING_REFERENCE
2025-07-29,40.5763,ANOMALOUS,True,1.0853064165968374,1,VOLATILITY_ACCELERATION,0.04998218862526265,1.0853064165968374,0.08578909526368399,0.012390214073315,0.3885543067891474,0.697319587628866,TRAINING_REFERENCE
2025-07-30,40.5856,ANOMALOUS,True,1.08601104507296,1,VOLATILITY_ACCELERATION,0.08154055646673787,1.08601104507296,0.081224801293708,0.0057299458057975,0.38717220254755347,0.6878350515463918,TRAINING_REFERENCE
2025-07-31,40.638,NORMAL,False,0.6100556422392646,0,VOLATILITY_ACCELERATION,0.03307415615871032,0.6100556422392646,0.055507704086516,0.03227745801466,0.3530175970926209,0.32783505154639175,TRAINING_REFERENCE
2025-08-01,40.647,NORMAL,False,0.12869403672378066,0,VOLATILITY_ACCELERATION,0.09338374148417428,0.12869403672378066,0.044808606393448,0.0055366897977225,0.347364941603951,0.23670103092783504,TRAINING_REFERENCE
2025-08-04,40.6608,NORMAL,False,0.1150834883783309,0,VOLATILITY_ACCELERATION,0.07480979942217983,0.1150834883783309,0.05133603755481599,0.008487711270205,0.34663871269135743,0.22391752577319587,TRAINING_REFERENCE
2025-08-05,40.6734,NORMAL,False,0.1175503057265973,0,VOLATILITY_ACCELERATION,0.06510820066973542,0.1175503057265973,0.047655155320955996,0.00774701924212,0.34670538228135195,0.22515463917525774,TRAINING_REFERENCE
2025-08-06,40.6454,NORMAL,False,0.18005054313924995,0,VOLATILITY_ACCELERATION,0.17723278942094378,0.18005054313924995,0.029348901011264,0.017210265185597498,0.3467451570139094,0.22556701030927834,TRAINING_REFERENCE
2025-08-07,40.6128,NORMAL,False,0.18356768069064927,0,LOCAL_RETURN_SHOCK,0.18356768069064927,0.14722915916139054,0.012367764305748,0.0200514695389875,0.35232537091578264,0.31917525773195876,TRAINING_REFERENCE
2025-08-08,40.6825,NORMAL,False,0.26616193396468624,0,VOLATILITY_ACCELERATION,0.12332334051214287,0.26616193396468624,0.017422842573573998,0.042905192451634995,0.34081598460563084,0.09525773195876289,TRAINING_REFERENCE
2025-08-11,40.7088,NORMAL,False,0.27442324762159453,0,VOLATILITY_ACCELERATION,0.001265873030538175,0.27442324762159453,0.02355764629666,0.016161740306024998,0.33787366674118885,0.03711340206185567,TRAINING_REFERENCE
2025-08-12,40.7258,NORMAL,False,0.27513946149453006,0,VOLATILITY_ACCELERATION,0.02910600656723805,0.27513946149453006,0.025717097207189996,0.010440003144284999,0.33704477445289305,0.02309278350515464,TRAINING_REFERENCE
2025-08-13,40.7739,NORMAL,False,0.25030604208208534,0,VOLATILITY_ACCELERATION,0.06309842698279855,0.25030604208208534,0.051875900282443994,0.02952673735077,0.33764552096837847,0.030927835051546393,TRAINING_REFERENCE
2025-08-14,40.8279,NORMAL,False,0.13864317344331975,0,VOLATILITY_ACCELERATION,0.0795922495764865,0.13864317344331975,0.067875468392264,0.0331094155820275,0.346292006258271,0.2197938144329897,TRAINING_REFERENCE
2025-08-15,40.8638,NORMAL,False,0.0986515854576184,0,VOLATILITY_ACCELERATION,0.026013518289344523,0.0986515854576184,0.033667802832316,0.0219825168573425,0.3482682422303782,0.25278350515463915,TRAINING_REFERENCE
2025-08-18,40.8789,NORMAL,False,0.1146937866087305,0,VOLATILITY_ACCELERATION,0.02569392799740945,0.1146937866087305,0.020760175798936,0.0092380052760625,0.34404511013192823,0.17195876288659795,TRAINING_REFERENCE
2025-08-19,40.8937,NORMAL,False,0.11831027896570505,0,VOLATILITY_ACCELERATION,0.029910679699549275,0.11831027896570505,0.012416842735534,0.009051124174084999,0.3430930736071026,0.14845360824742268,TRAINING_REFERENCE
2025-08-20,40.9321,NORMAL,False,0.10975063741044445,0,VOLATILITY_ACCELERATION,0.041803206088801274,0.10975063741044445,0.0,0.023475498670942497,0.34352934327753737,0.15917525773195876,TRAINING_REFERENCE
2025-08-21,40.9374,NORMAL,False,0.0947984670351047,0,VOLATILITY_ACCELERATION,0.05542569415722193,0.0947984670351047,0.0,0.0032370682178525004,0.3456895408104472,0.2111340206185567,TRAINING_REFERENCE
2025-08-22,40.988,NORMAL,False,0.188456144061582,0,LOCAL_RETURN_SHOCK,0.188456144061582,0.1248889371418163,0.0,0.030900838841745,0.34608233874080807,0.21649484536082475,TRAINING_REFERENCE
2025-08-25,40.9925,NORMAL,False,0.163437815856331,0,LOCAL_RETURN_SHOCK,0.163437815856331,0.13802145960084305,0.0,0.0027447057675425,0.34525077848172925,0.2004123711340206,TRAINING_REFERENCE
2025-08-26,41.0433,NORMAL,False,0.27506768593424674,0,LOCAL_RETURN_SHOCK,0.27506768593424674,0.1569311785327375,0.0,0.030981277062879998,0.3458384059112681,0.21237113402061855,TRAINING_REFERENCE
2025-08-27,41.0374,NORMAL,False,0.2718823374222153,0,LOCAL_RETURN_SHOCK,0.2718823374222153,0.1835698524881567,0.0028750124868119997,0.0035937656085149997,0.3471525832766841,0.23216494845360824,TRAINING_REFERENCE
2025-08-28,41.0458,NORMAL,False,0.1833035485725297,0,VOLATILITY_ACCELERATION,0.12953123256329607,0.1833035485725297,0.0,0.0051172832586875,0.34063301347485025,0.0890721649484536,TRAINING_REFERENCE
2025-08-29,41.1402,NORMAL,False,0.6871941797161041,0,LOCAL_RETURN_SHOCK,0.6871941797161041,0.2840419675297365,0.0,0.057496747535677496,0.3582856827816572,0.41360824742268043,TRAINING_REFERENCE
2025-09-01,41.1162,NORMAL,False,0.3882394318474501,0,LOCAL_RETURN_SHOCK,0.3882394318474501,0.322930848359312,0.011667420187552,0.01458427523444,0.34848139871672995,0.25773195876288657,TRAINING_REFERENCE
2025-09-02,41.1404,NORMAL,False,0.3114851288632954,0,VOLATILITY_ACCELERATION,0.0096651828693883,0.3114851288632954,0.0,0.014714394812747498,0.33579750046078943,0.011958762886597939,TRAINING_REFERENCE
2025-09-03,41.1597,NORMAL,False,0.29913384622607664,0,VOLATILITY_ACCELERATION,0.031704193257347975,0.29913384622607664,0.0028750124868119997,0.0117281309855975,0.3357950818603791,0.01154639175257732,TRAINING_REFERENCE
2025-09-04,41.1573,NORMAL,False,0.3193085992293563,0,VOLATILITY_ACCELERATION,0.2291663710603332,0.3193085992293563,0.0011661892579395428,0.0014577365724244284,0.33941983722355346,0.0663917525773196,TRAINING_REFERENCE
2025-09-05,41.2411,NORMAL,False,0.4952624876693905,0,LOCAL_RETURN_SHOCK,0.4952624876693905,0.3017186506764315,0.0,0.0509022700711675,0.3480363700127894,0.25072164948453607,TRAINING_REFERENCE
2025-09-08,41.2487,NORMAL,False,0.25787281887943553,0,VOLATILITY_ACCELERATION,0.17291627121904593,0.25787281887943553,0.011667420187552,0.0046070546129925,0.3385559117749787,0.05154639175257732,TRAINING_REFERENCE
2025-09-09,41.2581,NORMAL,False,0.26871440108307043,0,VOLATILITY_ACCELERATION,0.1479921463665521,0.26871440108307043,0.0,0.0056971492434875004,0.337254758686436,0.02556701030927835,TRAINING_REFERENCE
2025-09-10,41.2704,NORMAL,False,0.2713980808790646,0,VOLATILITY_ACCELERATION,0.11989417063526782,0.2713980808790646,0.0,0.0074530819402725,0.33697673046770615,0.021855670103092785,TRAINING_REFERENCE
2025-09-11,41.3269,NORMAL,False,0.27009370510980873,0,VOLATILITY_ACCELERATION,0.26285916789336106,0.27009370510980873,0.0011661892579395428,0.034225498177870003,0.3405838459556128,0.08824742268041237,TRAINING_REFERENCE
2025-09-12,41.3597,NORMAL,False,0.1638771300203143,0,VOLATILITY_ACCELERATION,0.06377755042556693,0.1638771300203143,0.0,0.0198417979572575,0.34227578725600816,0.1245360824742268,TRAINING_REFERENCE
2025-09-15,41.2925,NORMAL,False,0.7662382374111706,0,LOCAL_RETURN_SHOCK,0.7662382374111706,0.36225558924024864,0.032495400111702,0.0406192501396275,0.3743503569233212,0.5806185567010309,TRAINING_REFERENCE
2025-09-16,41.2349,NORMAL,False,0.5386688231150324,0,LOCAL_RETURN_SHOCK,0.5386688231150324,0.42537849418419005,0.060348600207443995,0.034873160985644996,0.368081802161264,0.5204123711340206,TRAINING_REFERENCE
2025-09-17,41.2799,NORMAL,False,0.4785142427439176,0,VOLATILITY_ACCELERATION,0.17256872462214873,0.4785142427439176,0.038588287632644,0.027282714399690003,0.3444444158801297,0.18309278350515465,TRAINING_REFERENCE
2025-09-18,41.2899,NORMAL,False,0.41774737940033096,0,VOLATILITY_ACCELERATION,0.0461134792698369,0.41774737940033096,0.033752662616022,0.006056216221455,0.3422549556164805,0.12329896907216495,TRAINING_REFERENCE
2025-09-19,41.3754,NORMAL,False,0.5380313343082437,0,VOLATILITY_ACCELERATION,0.4180006448955635,0.5380313343082437,0.0,0.051768107939225004,0.34935549302011626,0.27422680412371137,TRAINING_REFERENCE
2025-09-22,41.3658,NORMAL,False,0.4584580694052088,0,VOLATILITY_ACCELERATION,0.1699394718821171,0.4584580694052088,0.027854961590264,0.0058005481517975,0.3406042141257493,0.088659793814433,TRAINING_REFERENCE
2025-09-23,41.3941,NORMAL,False,0.30654830911241265,0,VOLATILITY_ACCELERATION,0.055176739903499,0.30654830911241265,0.060348600207443995,0.01710350095973,0.33861885541832415,0.052371134020618555,TRAINING_REFERENCE
2025-09-24,41.4428,NORMAL,False,0.31370739768562084,0,VOLATILITY_ACCELERATION,0.1823855452492608,0.31370739768562084,0.038588287632644,0.029412404183202498,0.338204469706891,0.044123711340206186,TRAINING_REFERENCE
2025-09-25,41.4835,NORMAL,False,0.29487495580041306,0,VOLATILITY_ACCELERATION,0.11863918448985983,0.29487495580041306,0.033752662616022,0.024551912515562498,0.33780914647401244,0.033814432989690724,TRAINING_REFERENCE
2025-09-26,41.5663,NORMAL,False,0.3536369981962319,0,LOCAL_RETURN_SHOCK,0.3536369981962319,0.28401545188077876,0.0,0.049899357575905,0.34191503171142756,0.11628865979381443,TRAINING_REFERENCE
2025-09-29,41.5876,NORMAL,False,0.2071086128072922,0,VOLATILITY_ACCELERATION,0.00083715041973435,0.2071086128072922,0.004640438521438,0.0128108587966675,0.3402008862266698,0.08082474226804123,TRAINING_REFERENCE
2025-09-30,41.5853,NORMAL,False,0.2747218264487554,0,VOLATILITY_ACCELERATION,0.1602201834806952,0.2747218264487554,0.001106098933338906,0.0013826236666736325,0.3389440989544529,0.06020618556701031,TRAINING_REFERENCE
2025-10-01,41.5626,NORMAL,False,0.34987088426740665,0,VOLATILITY_ACCELERATION,0.274756380992389,0.34987088426740665,0.012022814492779999,0.013646649176505,0.3432967761896807,0.15216494845360826,TRAINING_REFERENCE
2025-10-02,41.6007,NORMAL,False,0.34765284924747597,0,VOLATILITY_ACCELERATION,0.1055672038098591,0.34765284924747597,0.0,0.02291723809386,0.3352847611919904,0.007835051546391752,TRAINING_REFERENCE
2025-10-03,41.6842,NORMAL,False,0.3633999390896342,0,LOCAL_RETURN_SHOCK,0.3633999390896342,0.35007750292891743,0.0,0.050179444095887496,0.3413564501545096,0.1043298969072165,TRAINING_REFERENCE
2025-10-06,41.6917,NORMAL,False,0.3559004580061489,0,VOLATILITY_ACCELERATION,0.08791952667253924,0.3559004580061489,0.0,0.0044981071964925,0.33618482106856384,0.013608247422680412,TRAINING_REFERENCE
2025-10-07,41.6921,NORMAL,False,0.3522745398991896,0,VOLATILITY_ACCELERATION,0.13003407837031997,0.3522745398991896,0.001106098933338906,0.0002398558945848617,0.3369034467036722,0.02020618556701031,TRAINING_REFERENCE
2025-10-08,41.6959,NORMAL,False,0.3022112785545499,0,VOLATILITY_ACCELERATION,0.10664652849017058,0.3022112785545499,0.012022814492779999,0.002278609136979748,0.3363688717474266,0.015670103092783504,TRAINING_REFERENCE
2025-10-09,41.7439,NORMAL,False,0.31123445729187027,0,VOLATILITY_ACCELERATION,0.15664038628897756,0.31123445729187027,0.0,0.028779808086642503,0.33619123543014556,0.014020618556701031,TRAINING_REFERENCE
2025-10-10,41.8312,NORMAL,False,0.3935304828312476,0,LOCAL_RETURN_SHOCK,0.3935304828312476,0.3240086640001567,0.0,0.052283088067960004,0.3425577975076403,0.13195876288659794,TRAINING_REFERENCE
2025-10-13,41.8054,NORMAL,False,0.3836303312114962,0,VOLATILITY_ACCELERATION,0.27697069445925776,0.3836303312114962,0.012335290405247999,0.01541911300656,0.3444557564308665,0.18350515463917524,TRAINING_REFERENCE
2025-10-14,41.8173,NORMAL,False,0.37365528959724514,0,VOLATILITY_ACCELERATION,0.08498929940193488,0.37365528959724514,0.0066457572338339994,0.0071163055490475,0.3364062901810881,0.016082474226804123,TRAINING_REFERENCE
2025-10-15,41.8402,NORMAL,False,0.36091288733495486,0,VOLATILITY_ACCELERATION,0.044644122885664626,0.36091288733495486,0.0,0.013690506082407499,0.33522699109739157,0.006597938144329897,TRAINING_REFERENCE
2025-10-16,41.8426,NORMAL,False,0.4656982119403482,0,VOLATILITY_ACCELERATION,0.17958791478938502,0.4656982119403482,0.0,0.0014340275620083887,0.3400034362824101,0.07587628865979382,TRAINING_REFERENCE
2025-10-17,41.9043,NORMAL,False,0.4556466604999218,0,VOLATILITY_ACCELERATION,0.2337987408808775,0.4556466604999218,0.0,0.0368643439939175,0.34158731798539255,0.11010309278350515,TRAINING_REFERENCE
2025-10-20,41.9564,NORMAL,False,0.36513717194374445,0,VOLATILITY_ACCELERATION,0.18447936128142822,0.36513717194374445,0.012335290405247999,0.03108272898008,0.3395541968643037,0.06969072164948453,TRAINING_REFERENCE
2025-10-21,41.97,NORMAL,False,0.36084011015100936,0,VOLATILITY_ACCELERATION,0.11925035249794386,0.36084011015100936,0.0066457572338339994,0.008103650456185,0.33973429929770027,0.07257731958762886,TRAINING_REFERENCE
2025-10-22,41.9703,NORMAL,False,0.40934104762811796,0,VOLATILITY_ACCELERATION,0.21060725734172764,0.40934104762811796,0.0,0.00017869907076861757,0.34096613771313167,0.09814432989690722,TRAINING_REFERENCE
2025-10-23,42.0024,NORMAL,False,0.3661554329236105,0,VOLATILITY_ACCELERATION,0.0403366070182288,0.3661554329236105,0.0,0.01912066389804,0.338441479852547,0.04907216494845361,TRAINING_REFERENCE
2025-10-24,41.9391,NORMAL,False,0.653835089756547,0,LOCAL_RETURN_SHOCK,0.653835089756547,0.5959391545359304,0.030141134792296,0.03767641849037,0.3739082726708103,0.5764948453608247,TRAINING_REFERENCE
2025-10-27,41.877,NORMAL,False,0.5762672159021988,0,VOLATILITY_ACCELERATION,0.549296919544304,0.5762672159021988,0.059710873664361994,0.037017961758835,0.37705345475201907,0.6098969072164948,TRAINING_REFERENCE
2025-10-28,41.9357,NORMAL,False,0.7119686827487846,0,VOLATILITY_ACCELERATION,0.26981967038217364,0.7119686827487846,0.031760089899626,0.035043102418985,0.3596275921645616,0.4329896907216495,TRAINING_REFERENCE
2025-10-29,41.9493,NORMAL,False,0.7320921967962511,0,VOLATILITY_ACCELERATION,0.02396083157117135,0.7320921967962511,0.025284269470314,0.00810765052211,0.355018905687481,0.3595876288659794,TRAINING_REFERENCE
2025-10-30,41.9615,NORMAL,False,0.7109519521084214,0,VOLATILITY_ACCELERATION,0.0443559783730136,0.7109519521084214,0.019475077614612,0.00727068151316,0.3555716049004779,0.3715463917525773,TRAINING_REFERENCE
2025-10-31,42.0611,NORMAL,False,0.7907710211187046,0,VOLATILITY_ACCELERATION,0.5010813813766825,0.7907710211187046,0.030141134792296,0.059340109385985,0.3676164564589474,0.516701030927835,TRAINING_REFERENCE
2025-11-03,42.049,NORMAL,False,0.5789322796746776,0,VOLATILITY_ACCELERATION,0.18406866805158412,0.5789322796746776,0.053957338925612,0.0071919184234375,0.3481348172710823,0.25195876288659796,TRAINING_REFERENCE
2025-11-04,42.0909,NORMAL,False,0.5556296879440219,0,VOLATILITY_ACCELERATION,0.140225649079547,0.5556296879440219,0.031760089899626,0.024911412875454998,0.3445612116681329,0.18639175257731957,TRAINING_REFERENCE
2025-11-05,42.0903,NORMAL,False,0.5805696576493216,0,VOLATILITY_ACCELERATION,0.12061449172696087,0.5805696576493216,0.024999172216512,0.0003563715672505463,0.34398436745790434,0.17072164948453608,TRAINING_REFERENCE
2025-11-06,42.105,NORMAL,False,0.5814973983222697,0,VOLATILITY_ACCELERATION,0.029928350301988125,0.5814973983222697,0.019475077614612,0.008731227860097501,0.3435781289049871,0.16,TRAINING_REFERENCE
2025-11-07,42.2081,NORMAL,False,0.5773171230218002,0,VOLATILITY_ACCELERATION,0.5006831626164657,0.5773171230218002,0.0,0.06121600760005,0.3523330997342837,0.32,TRAINING_REFERENCE
2025-11-10,42.2331,NORMAL,False,0.5051567913284707,0,VOLATILITY_ACCELERATION,0.034393502678835876,0.5051567913284707,0.00575353473875,0.01480758432623,0.3411697674248088,0.1022680412371134,TRAINING_REFERENCE
2025-11-11,42.2206,NORMAL,False,0.5680806017335486,0,VOLATILITY_ACCELERATION,0.1993031017991237,0.5680806017335486,0.005919527574343999,0.00739940946793,0.3453917875015633,0.20412371134020618,TRAINING_REFERENCE
2025-11-12,42.2306,NORMAL,False,0.5520657436399315,0,VOLATILITY_ACCELERATION,0.0594047535163533,0.5520657436399315,0.0008988082610672522,0.005921280133395,0.3414009712181244,0.10515463917525773,TRAINING_REFERENCE
2025-11-13,42.2506,NORMAL,False,0.5486648919849103,0,VOLATILITY_ACCELERATION,0.0020959559676035,0.5486648919849103,0.0,0.011839756006302498,0.3416850919883508,0.11298969072164948,TRAINING_REFERENCE
2025-11-14,42.2451,NORMAL,False,0.20143691755470866,0,VOLATILITY_ACCELERATION,0.15063945734072764,0.20143691755470866,0.0026035133228859996,0.0032543916536075,0.34604410224610616,0.21608247422680413,TRAINING_REFERENCE
2025-11-17,42.3089,NORMAL,False,0.3725188990298488,0,VOLATILITY_ACCELERATION,0.2752427242858202,0.3725188990298488,0.0,0.0377558580758475,0.3408040585653825,0.09443298969072166,TRAINING_REFERENCE
2025-11-18,42.3322,NORMAL,False,0.32093886030189905,0,VOLATILITY_ACCELERATION,0.0324083827213333,0.32093886030189905,0.005919527574343999,0.013767788810392501,0.3385187499563239,0.05030927835051546,TRAINING_REFERENCE
2025-11-19,42.3518,NORMAL,False,0.31226082348610407,0,VOLATILITY_ACCELERATION,0.0080570212354186,0.31226082348610407,0.0011839055148676891,0.0115751130345175,0.3381710758912744,0.04206185567010309,TRAINING_REFERENCE
2025-11-20,42.3676,NORMAL,False,0.31563697883784947,0,VOLATILITY_ACCELERATION,0.01975150226373865,0.31563697883784947,0.0,0.0093266401900325,0.33831106991892435,0.04536082474226804,TRAINING_REFERENCE
2025-11-21,42.4369,NORMAL,False,0.3305156485057457,0,VOLATILITY_ACCELERATION,0.2977383222392934,0.3305156485057457,0.0026035133228859996,0.040892096790945,0.34298433538603007,0.14432989690721648,TRAINING_REFERENCE
2025-11-24,42.4184,NORMAL,False,0.39950571780586575,0,VOLATILITY_ACCELERATION,0.274983636982807,0.39950571780586575,0.008718827247042,0.0108985340588025,0.34637194470116656,0.22103092783505154,TRAINING_REFERENCE
2025-11-25,42.4144,NORMAL,False,0.4236467468474502,0,VOLATILITY_ACCELERATION,0.2206101698940596,0.4236467468474502,0.010603979084239998,0.002357467514096934,0.34264234847909414,0.13484536082474227,TRAINING_REFERENCE
2025-11-26,42.4397,NORMAL,False,0.4265403376694738,0,VOLATILITY_ACCELERATION,0.008572237985223375,0.4265403376694738,0.0,0.014912388245502499,0.33836549096407725,0.046597938144329894,TRAINING_REFERENCE
2025-11-27,42.435,NORMAL,False,0.4452184451765177,0,VOLATILITY_ACCELERATION,0.20885383993607057,0.4452184451765177,0.0022149072684279998,0.002768634085535,0.3414097753200336,0.10556701030927836,TRAINING_REFERENCE
2025-11-28,42.5007,NORMAL,False,0.43194004371987926,0,VOLATILITY_ACCELERATION,0.2933288723076084,0.43194004371987926,0.0,0.038706256627785,0.3420155526180335,0.11917525773195876,TRAINING_REFERENCE
2025-12-01,42.4321,NORMAL,False,0.698331485211296,0,LOCAL_RETURN_SHOCK,0.698331485211296,0.605069436230883,0.02356299399355,0.04035227655074,0.37700711954222155,0.608659793814433,TRAINING_REFERENCE
2025-12-02,42.4447,NORMAL,False,0.6051030051826388,0,VOLATILITY_ACCELERATION,0.04431308538460463,0.6051030051826388,0.015748528050937998,0.007423625038587499,0.3487891975204032,0.26762886597938146,TRAINING_REFERENCE
2025-12-03,42.4437,NORMAL,False,0.5893900558531108,0,VOLATILITY_ACCELERATION,0.12615021130426315,0.5893900558531108,0.026823087619731997,0.000589001689255131,0.34872004271617163,0.2643298969072165,TRAINING_REFERENCE
2025-12-04,42.4994,NORMAL,False,0.6582381095308674,0,VOLATILITY_ACCELERATION,0.2547210492860445,0.6582381095308674,0.0016031526385035342,0.0328081670542375,0.35129613791911907,0.30350515463917527,TRAINING_REFERENCE
2025-12-05,42.5291,NORMAL,False,0.5733891215009782,0,VOLATILITY_ACCELERATION,0.0645340797628139,0.5733891215009782,0.0,0.017470834882369998,0.3451748254635893,0.1979381443298969,TRAINING_REFERENCE
2025-12-08,42.5687,NORMAL,False,0.28533014409160823,0,VOLATILITY_ACCELERATION,0.17859610918354482,0.28533014409160823,0.032281821240592,0.023278178941005,0.34257387711568216,0.1327835051546392,TRAINING_REFERENCE
2025-12-09,42.5875,NORMAL,False,0.2849997139888386,0,VOLATILITY_ACCELERATION,0.0145679133840482,0.2849997139888386,0.026352507135177998,0.011040976116255,0.3422848748598937,0.12494845360824743,TRAINING_REFERENCE
2025-12-10,42.5938,NORMAL,False,0.2534653491749383,0,VOLATILITY_ACCELERATION,0.0932759045714879,0.2534653491749383,0.026823087619731997,0.0036982682712049996,0.3439282623818305,0.16989690721649484,TRAINING_REFERENCE
2025-12-11,42.5971,NORMAL,False,0.20472242517135655,0,VOLATILITY_ACCELERATION,0.11465551069758555,0.20472242517135655,0.0006117546299244658,0.0019369016147852136,0.3452452901866277,0.2,TRAINING_REFERENCE
2025-12-12,42.6945,NORMAL,False,0.6101587394616286,0,LOCAL_RETURN_SHOCK,0.6101587394616286,0.5102727096862631,0.0,0.057163515826195,0.3581214017981321,0.41030927835051545,TRAINING_REFERENCE
2025-12-15,42.6941,NORMAL,False,0.5432730137815507,0,VOLATILITY_ACCELERATION,0.15590545325551375,0.5432730137815507,0.00018737776528610084,0.00023422220660762605,0.3436014327885082,0.16164948453608247,TRAINING_REFERENCE
2025-12-16,42.6948,NORMAL,False,0.5612638660392005,0,VOLATILITY_ACCELERATION,0.13013147815892084,0.5612638660392005,0.0,0.0004098927018025833,0.34453393976268704,0.18597938144329898,TRAINING_REFERENCE
2025-12-17,42.7184,NORMAL,False,0.5527204409177447,0,VOLATILITY_ACCELERATION,0.037234088194108325,0.5527204409177447,0.0,0.013819013088245001,0.34288864649578255,0.14103092783505156,TRAINING_REFERENCE
2025-12-18,42.728,NORMAL,False,0.5440367321312986,0,VOLATILITY_ACCELERATION,0.0610943831550667,0.5440367321312986,0.0,0.005618187947115,0.3423415495375417,0.12701030927835052,TRAINING_REFERENCE
2025-12-19,42.8012,NORMAL,False,0.4078410090172211,0,VOLATILITY_ACCELERATION,0.3806163449106157,0.4078410090172211,0.0,0.0428290582287925,0.34311370723630336,0.14969072164948455,TRAINING_REFERENCE
2025-12-22,42.8122,NORMAL,False,0.38563928845272494,0,VOLATILITY_ACCELERATION,0.05007979485326317,0.38563928845272494,0.00018737776528610084,0.006425053503172499,0.33841293948877155,0.047835051546391755,TRAINING_REFERENCE
2025-12-23,42.8227,NORMAL,False,0.3644899765903994,0,VOLATILITY_ACCELERATION,0.06545929373463537,0.3644899765903994,0.0,0.0061314298260775,0.3382574498381151,0.044948453608247424,TRAINING_REFERENCE
2025-12-24,42.8411,NORMAL,False,0.37159290738171225,0,VOLATILITY_ACCELERATION,0.015156624567012675,0.37159290738171225,0.0,0.010741966293575,0.33817209622399197,0.04247422680412371,TRAINING_REFERENCE
2025-12-25,42.8461,NORMAL,False,0.3811493968038339,0,VOLATILITY_ACCELERATION,0.10796675885189068,0.3811493968038339,0.0,0.0029177588810749997,0.3392864824700231,0.06391752577319587,TRAINING_REFERENCE
2025-12-26,42.9027,NORMAL,False,0.2869215348983928,0,VOLATILITY_ACCELERATION,0.2576285124112557,0.2869215348983928,0.0,0.033025176153722496,0.3430033962716963,0.14556701030927835,TRAINING_REFERENCE
2025-12-29,42.9289,NORMAL,False,0.27896598776547626,0,VOLATILITY_ACCELERATION,0.0436401583265025,0.27896598776547626,0.0,0.015267104401349998,0.3403521271551351,0.08412371134020619,TRAINING_REFERENCE
2025-12-30,42.934,NORMAL,False,0.2927852552347309,0,VOLATILITY_ACCELERATION,0.18362239496943206,0.2927852552347309,0.0,0.0029700271844825,0.34240277488605125,0.12824742268041237,TRAINING_REFERENCE
2025-12-31,42.9256,NORMAL,False,0.34920720402220484,0,VOLATILITY_ACCELERATION,0.30203209166505024,0.34920720402220484,0.0039129827176559995,0.004891228397069999,0.3478783570764209,0.2490721649484536,TRAINING_REFERENCE
2026-01-01,42.9562,NORMAL,False,0.3449718501141161,0,VOLATILITY_ACCELERATION,0.05726189698194487,0.3449718501141161,0.0,0.01782153307117,0.3391341733278523,0.06309278350515464,TRAINING_REFERENCE
2026-01-02,43.0237,NORMAL,False,0.4157986906473698,0,LOCAL_RETURN_SHOCK,0.4157986906473698,0.40531524823005904,0.0,0.039284201116485,0.34597915899487064,0.21443298969072164,TRAINING_REFERENCE
2026-01-05,43.0151,NORMAL,False,0.4568654012637323,0,VOLATILITY_ACCELERATION,0.29287258650720255,0.4568654012637323,0.003997796563289999,0.0049972457041125,0.34784293730669913,0.24742268041237114,TRAINING_REFERENCE
2026-01-06,43.0317,NORMAL,False,0.4474452358074849,0,VOLATILITY_ACCELERATION,0.04995825414301833,0.4474452358074849,0.0,0.009647774851155,0.33948616704758794,0.06845360824742268,TRAINING_REFERENCE
2026-01-07,43.0342,NORMAL,False,0.4168567925317558,0,VOLATILITY_ACCELERATION,0.16920133604360885,0.4168567925317558,0.0039129827176559995,0.0014524176362995522,0.34209501770477563,0.12164948453608247,TRAINING_REFERENCE
2026-01-08,43.0385,NORMAL,False,0.4221327820112224,0,VOLATILITY_ACCELERATION,0.15156695410117368,0.4221327820112224,0.0,0.002498013208102057,0.3403690449534798,0.08494845360824742,TRAINING_REFERENCE
2026-01-09,43.1297,NORMAL,False,0.5865117936253217,0,LOCAL_RETURN_SHOCK,0.5865117936253217,0.5540064131027586,0.0,0.0529758239715625,0.35782227064098704,0.4061855670103093,TRAINING_REFERENCE
2026-01-12,43.1112,NORMAL,False,0.5805173187411136,0,VOLATILITY_ACCELERATION,0.3540394071837853,0.5805173187411136,0.004580978619472,0.0107234689784525,0.3549225792371794,0.35835051546391755,TRAINING_REFERENCE
2026-01-13,43.1528,NORMAL,False,0.5935959626261018,0,VOLATILITY_ACCELERATION,0.17471275790929475,0.5935959626261018,0.0,0.024123661600699998,0.34523219975241304,0.1995876288659794,TRAINING_REFERENCE
2026-01-14,43.1739,NORMAL,False,0.57359891535608,0,VOLATILITY_ACCELERATION,0.016432752154690276,0.57359891535608,0.0,0.0122240040043775,0.34341690655340024,0.1550515463917526,TRAINING_REFERENCE
2026-01-15,43.1825,NORMAL,False,0.5659288665514934,0,VOLATILITY_ACCELERATION,0.12127651904783797,0.5659288665514934,0.0,0.0049798605175775,0.34430154957087633,0.17896907216494845,TRAINING_REFERENCE
2026-01-16,43.2756,NORMAL,False,0.5945408837362196,0,LOCAL_RETURN_SHOCK,0.5945408837362196,0.5828796433939778,0.0,0.053899148960805,0.358278972347172,0.4131958762886598,TRAINING_REFERENCE
2026-01-19,43.2572,NORMAL,False,0.6059975024863485,0,VOLATILITY_ACCELERATION,0.33453475980178216,0.6059975024863485,7.513802926200036e-05,0.010629546441874999,0.3541361963192022,0.34804123711340207,TRAINING_REFERENCE
2026-01-20,43.2731,NORMAL,False,0.6071317691612733,0,VOLATILITY_ACCELERATION,0.049315935033928726,0.6071317691612733,0.0011553854828116883,0.009189221678705,0.34505052358561555,0.19628865979381444,TRAINING_REFERENCE
2026-01-21,43.2949,NORMAL,False,0.6073077994076177,0,VOLATILITY_ACCELERATION,0.006522882523397325,0.6073077994076177,0.0,0.012594429333695001,0.3454114652160437,0.20494845360824743,TRAINING_REFERENCE
2026-01-22,43.2557,NORMAL,False,0.7200641175997102,0,VOLATILITY_ACCELERATION,0.472758012829345,0.7200641175997102,0.018108368422146,0.0226354605276825,0.36910652943533756,0.5315463917525773,TRAINING_REFERENCE
2026-01-23,43.363,NORMAL,False,0.7948466705147286,0,VOLATILITY_ACCELERATION,0.6120269694254638,0.7948466705147286,0.0,0.06201494831895,0.3713785261918199,0.5538144329896907,TRAINING_REFERENCE
2026-01-26,43.3512,NORMAL,False,0.7810707718083238,0,VOLATILITY_ACCELERATION,0.2198253143699621,0.7810707718083238,0.0030612092772,0.0068030348453749995,0.35777235167909655,0.40494845360824744,TRAINING_REFERENCE
2026-01-27,43.4006,NORMAL,False,0.801560380878459,0,VOLATILITY_ACCELERATION,0.17383525807466815,0.801560380878459,0.0011553854828116883,0.028488254073704998,0.355645448634825,0.37237113402061855,TRAINING_REFERENCE
2026-01-28,43.3978,NORMAL,False,0.8214833674837998,0,VOLATILITY_ACCELERATION,0.1609378729400434,0.8214833674837998,0.001290304742331827,0.0016128809279147838,0.3578088097460302,0.40536082474226803,TRAINING_REFERENCE
2026-01-29,43.4066,NORMAL,False,0.6926095104553429,0,VOLATILITY_ACCELERATION,0.09212726098189615,0.6926095104553429,0.018108368422146,0.005069381397215,0.35092058219849714,0.29690721649484536,TRAINING_REFERENCE
2026-01-30,43.4888,NORMAL,False,0.5703701256555465,0,VOLATILITY_ACCELERATION,0.3656187135051569,0.5703701256555465,0.0,0.047343030783335,0.3474097859554949,0.2379381443298969,TRAINING_REFERENCE
2026-02-02,43.4709,NORMAL,False,0.585497581452366,0,VOLATILITY_ACCELERATION,0.2474987811280782,0.585497581452366,0.002789576685792,0.010290005702615,0.348213497852591,0.25237113402061856,TRAINING_REFERENCE
2026-02-03,43.4814,NORMAL,False,0.55489801790306,0,VOLATILITY_ACCELERATION,0.07379892027956138,0.55489801790306,0.0034031750703619997,0.006038522321825,0.3418207292016025,0.11422680412371133,TRAINING_REFERENCE
2026-02-04,43.5189,NORMAL,False,0.5435692508273178,0,VOLATILITY_ACCELERATION,0.08808927735198492,0.5435692508273178,0.001290304742331827,0.021560943299889997,0.3416090014956153,0.11134020618556702,TRAINING_REFERENCE
2026-02-05,43.5344,NORMAL,False,0.5353223205654866,0,VOLATILITY_ACCELERATION,0.05284235503856815,0.5353223205654866,0.0,0.008904177265505,0.34072165447081787,0.09195876288659793,TRAINING_REFERENCE
2026-02-06,43.6024,NORMAL,False,0.455344792321006,0,VOLATILITY_ACCELERATION,0.2567715961299654,0.455344792321006,0.0,0.0390495791833575,0.3414612093883312,0.10762886597938144,TRAINING_REFERENCE
2026-02-09,43.5901,NORMAL,False,0.43281347230723255,0,VOLATILITY_ACCELERATION,0.22426394056714452,0.43281347230723255,0.002590113290052,0.007052364090050001,0.3423699116233824,0.12742268041237115,TRAINING_REFERENCE
2026-02-10,43.6254,NORMAL,False,0.42217998419240765,0,VOLATILITY_ACCELERATION,0.07018999141204027,0.42217998419240765,0.0034031750703619997,0.0202454226991875,0.3381835453489326,0.04329896907216495,TRAINING_REFERENCE
2026-02-11,43.6403,NORMAL,False,0.4229450170144628,0,VOLATILITY_ACCELERATION,0.055813785091869676,0.4229450170144628,0.0,0.008538603657502501,0.33765181619502677,0.03175257731958763,TRAINING_REFERENCE
2026-02-12,43.645,NORMAL,False,0.4387859314227234,0,VOLATILITY_ACCELERATION,0.11775637196639074,0.4387859314227234,0.0,0.00269246545051,0.3390110839670711,0.061855670103092786,TRAINING_REFERENCE
2026-02-13,43.7288,NORMAL,False,0.5190519256722051,0,VOLATILITY_ACCELERATION,0.3788744300242771,0.5190519256722051,0.0,0.0480009164852725,0.3468200178655639,0.22639175257731958,TRAINING_REFERENCE
2026-02-16,43.704,NORMAL,False,0.5652033203573315,0,VOLATILITY_ACCELERATION,0.30427958424545404,0.5652033203573315,0.005700747903968,0.014178298970012498,0.3507052159730816,0.29195876288659794,TRAINING_REFERENCE
2026-02-17,43.7239,NORMAL,False,0.5591337110285381,0,VOLATILITY_ACCELERATION,0.016332584364515627,0.5591337110285381,0.002241085966228,0.0113833974006925,0.34192247773108575,0.11670103092783506,TRAINING_REFERENCE
2026-02-18,43.7597,NORMAL,False,0.5649573673512706,0,VOLATILITY_ACCELERATION,0.08314441200758466,0.5649573673512706,0.0,0.020469354289075,0.341992312879225,0.11876288659793814,TRAINING_REFERENCE
2026-02-19,43.7574,NORMAL,False,0.5787073009388376,0,VOLATILITY_ACCELERATION,0.16220732300450358,0.5787073009388376,0.0010511955063696732,0.0013139943829620915,0.34459902487044275,0.18804123711340207,TRAINING_REFERENCE
2026-02-20,43.829,NORMAL,False,0.5145136564663952,0,VOLATILITY_ACCELERATION,0.3108548252835409,0.5145136564663952,0.0,0.040907366525432504,0.34567794126484186,0.2107216494845361,TRAINING_REFERENCE
2026-02-23,43.835,NORMAL,False,0.4334995146205054,0,VOLATILITY_ACCELERATION,0.1293027572676032,0.4334995146205054,0.011342639176009998,0.003422391567225,0.34081291121665,0.09484536082474226,TRAINING_REFERENCE
2026-02-24,43.8432,NORMAL,False,0.4491454841299734,0,VOLATILITY_ACCELERATION,0.12240524149121322,0.4491454841299734,0.002241085966228,0.0046766282650875,0.34093698669339295,0.0977319587628866,TRAINING_REFERENCE
2026-02-25,43.865,NORMAL,False,0.4401199340533569,0,VOLATILITY_ACCELERATION,0.003525698206684375,0.4401199340533569,0.0,0.012430661995469999,0.3394280692023539,0.0668041237113402,TRAINING_REFERENCE
2026-02-26,43.8838,NORMAL,False,0.40194223021674585,0,VOLATILITY_ACCELERATION,0.0366617953499853,0.40194223021674585,0.0010511955063696732,0.0107146928074775,0.33915593128333255,0.06350515463917526,TRAINING_REFERENCE
2026-02-27,43.9347,NORMAL,False,0.2672987719088412,0,VOLATILITY_ACCELERATION,0.21061532503368866,0.2672987719088412,0.0,0.0289970330737075,0.34462681874104645,0.1888659793814433,TRAINING_REFERENCE
2026-03-02,43.9517,NORMAL,False,0.24203388243348264,0,VOLATILITY_ACCELERATION,0.04590816735531177,0.24203388243348264,0.0,0.009673447184115,0.34308147311339443,0.14762886597938144,TRAINING_REFERENCE
2026-03-03,43.9584,NORMAL,False,0.2469916576431142,0,VOLATILITY_ACCELERATION,0.15603772640269364,0.2469916576431142,0.0,0.0038110016222325004,0.34517855658131696,0.19835051546391752,TRAINING_REFERENCE
2026-03-04,43.9555,NORMAL,False,0.30151648818664234,0,VOLATILITY_ACCELERATION,0.23897895086795734,0.30151648818664234,0.0013194292785900785,0.0016492865982375982,0.34530459682577946,0.20247422680412372,TRAINING_REFERENCE
2026-03-05,43.9944,NORMAL,False,0.3323246189159728,0,VOLATILITY_ACCELERATION,0.14840225433606352,0.3323246189159728,0.0,0.022124648792525,0.3407326409118838,0.09237113402061856,TRAINING_REFERENCE
2026-03-06,44.068,NORMAL,False,0.4643077282814386,0,VOLATILITY_ACCELERATION,0.4384142250279723,0.4643077282814386,0.0,0.0418235048097,0.3489234627941631,0.2692783505154639,TRAINING_REFERENCE
2026-03-09,44.0366,NORMAL,False,0.6036755809398615,0,VOLATILITY_ACCELERATION,0.468544557489329,0.6036755809398615,0.01425070345829,0.0178133793228625,0.3651014148235557,0.49195876288659796,TRAINING_REFERENCE
2026-03-10,44.0652,NORMAL,False,0.6026562533475662,0,VOLATILITY_ACCELERATION,0.050007894300748174,0.6026562533475662,0.001270763365708305,0.016236494188920002,0.3461839277610955,0.21731958762886597,TRAINING_REFERENCE
2026-03-11,44.0828,NORMAL,False,0.5709641544911742,0,VOLATILITY_ACCELERATION,0.0368706068754509,0.5709641544911742,0.0013194292785900785,0.009985203743545,0.3438792893922195,0.1670103092783505,TRAINING_REFERENCE
2026-03-12,44.1219,NORMAL,False,0.5707910786736458,0,VOLATILITY_ACCELERATION,0.13760735101981705,0.5707910786736458,0.0,0.0221741813133425,0.34405235084480995,0.17237113402061854,TRAINING_REFERENCE
2026-03-13,44.2207,NORMAL,False,0.6837644215210993,0,VOLATILITY_ACCELERATION,0.6118854962475053,0.6837644215210993,0.0,0.055981270072234995,0.3673097711679862,0.5138144329896908,TRAINING_REFERENCE
2026-03-16,44.1694,NORMAL,False,0.7551325459163709,0,VOLATILITY_ACCELERATION,0.5899028382667051,0.7551325459163709,0.008951100221881999,0.029002254600217495,0.37430727754645976,0.5797938144329897,TRAINING_REFERENCE
2026-03-17,44.1903,NORMAL,False,0.756411026442362,0,VOLATILITY_ACCELERATION,0.018074064420538726,0.756411026442362,0.012478453629948,0.011829456592115,0.35575567295477556,0.37443298969072164,TRAINING_REFERENCE
2026-03-18,44.2112,NORMAL,False,0.755167084271463,0,VOLATILITY_ACCELERATION,0.018430465484657724,0.755167084271463,0.0042966303111439995,0.01182386179772,0.3541188584210188,0.3476288659793814,TRAINING_REFERENCE
2026-03-19,44.2949,NORMAL,False,0.8236830749992274,0,VOLATILITY_ACCELERATION,0.4399485749803068,0.8236830749992274,0.0,0.047329635929355,0.3652835627136881,0.4936082474226804,TRAINING_REFERENCE
2026-03-20,44.2976,NORMAL,False,0.6683751481317836,0,VOLATILITY_ACCELERATION,0.16578980232497836,0.6683751481317836,0.0,0.0015238774667081234,0.3502457339927977,0.2874226804123711,TRAINING_REFERENCE
2026-03-23,44.3048,NORMAL,False,0.4514347342430714,0,VOLATILITY_ACCELERATION,0.11534462088526737,0.4514347342430714,0.023201803680173997,0.0040634255580425,0.34056144535572336,0.08783505154639175,TRAINING_REFERENCE
2026-03-24,44.3373,NORMAL,False,0.4502729407209224,0,VOLATILITY_ACCELERATION,0.06248500508853795,0.4502729407209224,0.013749216995657999,0.0183388707318375,0.33951189205863913,0.0688659793814433,TRAINING_REFERENCE
2026-03-25,44.3411,NORMAL,False,0.4793784278571646,0,VOLATILITY_ACCELERATION,0.1489460417316036,0.4793784278571646,0.0042966303111439995,0.0021426654306877513,0.3417799898274405,0.1134020618556701,TRAINING_REFERENCE
2026-03-26,44.333,NORMAL,False,0.224662837657816,0,LOCAL_RETURN_SHOCK,0.224662837657816,0.2072788295431313,0.00365349528992,0.0045668691124,0.34913067846294527,0.2709278350515464,TRAINING_REFERENCE
2026-03-27,44.42,NORMAL,False,0.5163814610068846,0,VOLATILITY_ACCELERATION,0.44273472131266195,0.5163814610068846,0.0,0.049060519252025,0.3499469660541511,0.28329896907216495,TRAINING_REFERENCE
2026-03-30,44.4456,NORMAL,False,0.5031601707971466,0,VOLATILITY_ACCELERATION,0.00760940829783095,0.5031601707971466,0.0,0.0144079243583925,0.3402810421947106,0.08288659793814433,TRAINING_REFERENCE
2026-03-31,44.4499,NORMAL,False,0.5199403111060982,0,VOLATILITY_ACCELERATION,0.13275094176696173,0.5199403111060982,0.0,0.0024186871141362865,0.34189746157982415,0.1154639175257732,TRAINING_REFERENCE
2026-04-01,44.4705,NORMAL,False,0.5029867991382078,0,VOLATILITY_ACCELERATION,0.0266552483764307,0.5029867991382078,0.0,0.01158607780895,0.33964273093914377,0.07051546391752578,TRAINING_REFERENCE
2026-04-02,44.461,NORMAL,False,0.5050087678864555,0,VOLATILITY_ACCELERATION,0.2314174101466898,0.5050087678864555,0.000618999959742,0.0053406190620775,0.34450505838234763,0.18515463917525773,TRAINING_REFERENCE
2026-04-03,44.5811,NORMAL,False,0.6764702242494197,0,VOLATILITY_ACCELERATION,0.6208066993893371,0.6764702242494197,0.0,0.0675310946672375,0.36477660449107846,0.4865979381443299,TRAINING_REFERENCE
2026-04-06,44.5698,NORMAL,False,0.7285218618064937,0,VOLATILITY_ACCELERATION,0.21445543407097636,0.7285218618064937,0.005069412822922,0.0063367660286525,0.35374156429817377,0.33979381443298967,TRAINING_REFERENCE
2026-04-07,44.6045,NORMAL,False,0.7138573941947796,0,VOLATILITY_ACCELERATION,0.04666614251595318,0.7138573941947796,0.0,0.0194638522048525,0.34929413828306183,0.2738144329896907,TRAINING_REFERENCE
2026-04-08,44.5158,NORMAL,False,0.9464933225982252,0,VOLATILITY_ACCELERATION,0.687427081446988,0.9464933225982252,0.039771771906422,0.0497147148830275,0.40114421934587685,0.7521649484536083,TRAINING_REFERENCE
2026-04-09,44.5674,NORMAL,False,0.957779486036249,0,VOLATILITY_ACCELERATION,0.15096037919150265,0.957779486036249,0.012362597622134,0.0289784750582925,0.37099694334198235,0.5492783505154639,TRAINING_REFERENCE
2026-04-10,44.6144,NORMAL,False,0.744891918781577,0,VOLATILITY_ACCELERATION,0.12356882745257568,0.744891918781577,0.0,0.026364562438017502,0.35304404142701484,0.32948453608247424,TRAINING_REFERENCE
2026-04-13,44.6864,NORMAL,False,0.8080955248216424,0,VOLATILITY_ACCELERATION,0.2790432521997839,0.8080955248216424,0.005069412822922,0.040345717974465,0.357364930975373,0.3991752577319588,TRAINING_REFERENCE
2026-04-14,44.7241,NORMAL,False,0.8093951666137351,0,VOLATILITY_ACCELERATION,0.06479783908043472,0.8093951666137351,0.0,0.021091428264529997,0.35321409173337,0.3311340206185567,TRAINING_REFERENCE
2026-04-15,44.745,NORMAL,False,0.2368092843328187,0,VOLATILITY_ACCELERATION,0.0331343793324996,0.2368092843328187,0.039771771906422,0.01168273928374,0.34434080574240356,0.18061855670103094,TRAINING_REFERENCE
2026-04-16,44.7541,NORMAL,False,0.31342131120716155,0,VOLATILITY_ACCELERATION,0.09846392331923355,0.31342131120716155,0.016635092871796,0.0050843669683775005,0.33971626367888,0.07216494845360824,TRAINING_REFERENCE
2026-04-17,44.8573,NORMAL,False,0.5003906054647458,0,VOLATILITY_ACCELERATION,0.4637576069502297,0.5003906054647458,0.0,0.057648349536692504,0.3520676677685916,0.3138144329896907,TRAINING_REFERENCE
2026-04-20,44.8643,NORMAL,False,0.5170712856596029,0,VOLATILITY_ACCELERATION,0.11390748970526123,0.5170712856596029,0.0,0.0039012602185125,0.3410248125089362,0.0997938144329897,TRAINING_REFERENCE
2026-04-21,44.879,NORMAL,False,0.5319546242031603,0,VOLATILITY_ACCELERATION,0.07244470521310517,0.5319546242031603,0.0,0.0081913681925275,0.3407479906875666,0.09319587628865979,TRAINING_REFERENCE
2026-04-22,44.9199,NORMAL,False,0.5303064154533611,0,VOLATILITY_ACCELERATION,0.07302640090135615,0.5303064154533611,0.0,0.0227834844804925,0.34099760711679244,0.09938144329896907,TRAINING_REFERENCE
2026-04-23,44.9251,NORMAL,False,0.5384807289955851,0,VOLATILITY_ACCELERATION,0.12903813116941465,0.5384807289955851,0.0,0.0028940402805875,0.34186401198450117,0.11463917525773196,TRAINING_REFERENCE
2026-04-24,45.0098,NORMAL,False,0.4368873887387388,0,VOLATILITY_ACCELERATION,0.29849160476078485,0.4368873887387388,0.0,0.04713400749247,0.3429839320955185,0.1439175257731959,TRAINING_REFERENCE
2026-04-27,45.0347,NORMAL,False,0.41222163901994746,0,VOLATILITY_ACCELERATION,0.026285048518499676,0.41222163901994746,0.0,0.0138303213966725,0.3380006976672419,0.03793814432989691,TRAINING_REFERENCE
2026-04-28,45.049,NORMAL,False,0.4133917290784705,0,VOLATILITY_ACCELERATION,0.08387820730280247,0.4133917290784705,0.0,0.007938323115285001,0.33784161208505475,0.03463917525773196,TRAINING_REFERENCE
2026-04-29,45.1137,NORMAL,False,0.44889664282890596,0,VOLATILITY_ACCELERATION,0.1891161581394854,0.44889664282890596,0.0,0.0359053475104875,0.3408221569675148,0.09567010309278351,TRAINING_REFERENCE
2026-04-30,45.1863,NORMAL,False,0.39948937455958694,0,VOLATILITY_ACCELERATION,0.21707858596690155,0.39948937455958694,0.0,0.040231681285285,0.342637596715048,0.13443298969072165,TRAINING_REFERENCE
2026-05-01,45.1846,NORMAL,False,0.41950654211335386,0,VOLATILITY_ACCELERATION,0.20786284151841034,0.41950654211335386,0.000752440452083114,0.0009405505651038926,0.341476510607212,0.10804123711340206,TRAINING_REFERENCE
2026-05-04,45.1901,NORMAL,False,0.4559338968667586,0,VOLATILITY_ACCELERATION,0.14784620859858236,0.4559338968667586,0.0,0.0030430721971599997,0.3402080416566518,0.08123711340206186,TRAINING_REFERENCE
2026-05-05,45.2168,NORMAL,False,0.4422800218555363,0,VOLATILITY_ACCELERATION,0.027528447949181575,0.4422800218555363,0.0,0.014770934341809998,0.33836683418680086,0.047010309278350516,TRAINING_REFERENCE
2026-05-06,45.2134,NORMAL,False,0.4135742685144044,0,VOLATILITY_ACCELERATION,0.20671559271831147,0.4135742685144044,0.0015038658197830124,0.0018798322747287655,0.3416453049292613,0.11216494845360825,TRAINING_REFERENCE
2026-05-07,45.2441,NORMAL,False,0.2091755505493486,0,VOLATILITY_ACCELERATION,0.03555884822652387,0.2091755505493486,0.0,0.016975056067452497,0.3439005630457103,0.16783505154639175,TRAINING_REFERENCE
2026-05-08,45.3532,NORMAL,False,0.6001315700717789,0,LOCAL_RETURN_SHOCK,0.6001315700717789,0.568615668288229,0.000752440452083114,0.060284103341650006,0.35846009923134636,0.41525773195876287,TRAINING_REFERENCE
2026-05-11,45.3541,NORMAL,False,0.5854421537282939,0,VOLATILITY_ACCELERATION,0.25636228885501045,0.5854421537282939,0.0,0.0004961061182029436,0.3483129112095624,0.2536082474226804,TRAINING_REFERENCE
2026-05-12,45.382,NORMAL,False,0.5851817845547332,0,VOLATILITY_ACCELERATION,0.04078316246359675,0.5851817845547332,0.0,0.0153789844799,0.34358350424209866,0.16041237113402063,TRAINING_REFERENCE
2026-05-13,45.4209,NORMAL,False,0.5227276664896425,0,VOLATILITY_ACCELERATION,0.040613660222909,0.5227276664896425,0.0015038658197830124,0.0214292010048075,0.3428304137198994,0.13896907216494844,TRAINING_REFERENCE
2026-05-14,45.4325,NORMAL,False,0.552326536290396,0,VOLATILITY_ACCELERATION,0.1593327188047197,0.552326536290396,0.0,0.00638472597416,0.34447512603961855,0.18391752577319587,TRAINING_REFERENCE
2026-05-15,45.5176,NORMAL,False,0.41963290198645375,0,VOLATILITY_ACCELERATION,0.3616065117226935,0.41963290198645375,0.0,0.04682771144005,0.34437836856929027,0.18144329896907216,TRAINING_REFERENCE
2026-05-18,45.578,NORMAL,False,0.3673871191288362,0,VOLATILITY_ACCELERATION,0.20297556958727467,0.3673871191288362,0.0,0.033173981053485,0.34156179731052555,0.1088659793814433,TRAINING_REFERENCE
2026-05-19,45.5808,NORMAL,False,0.43589077826918726,0,VOLATILITY_ACCELERATION,0.2486443407194506,0.43589077826918726,0.0,0.001535828689280816,0.3453498132247305,0.20329896907216494,TRAINING_REFERENCE
2026-05-20,45.5888,NORMAL,False,0.4716535490976387,0,VOLATILITY_ACCELERATION,0.20206696913731567,0.4716535490976387,0.0,0.0043878124122425,0.3418153749507583,0.11381443298969073,TRAINING_REFERENCE
2026-05-21,45.5904,NORMAL,False,0.4918045980400219,0,VOLATILITY_ACCELERATION,0.2334305809755887,0.4918045980400219,0.0,0.0008774084862994691,0.3447392575315873,0.1909278350515464,TRAINING_REFERENCE
2026-05-22,45.7362,NORMAL,False,0.8119156124657689,0,LOCAL_RETURN_SHOCK,0.8119156124657689,0.7373290211458017,0.0,0.07995104232469251,0.37645668350081335,0.6028865979381444,TRAINING_REFERENCE
2026-05-25,45.6907,NORMAL,False,0.835259316981883,0,VOLATILITY_ACCELERATION,0.4958652299158183,0.835259316981883,0.019896712013675998,0.024870890017095,0.37478480663928526,0.5839175257731959,TRAINING_REFERENCE
2026-05-26,45.8839,ANOMALOUS,True,1.0707768394705366,1,VOLATILITY_ACCELERATION,0.8849734235032923,1.0707768394705366,0.0,0.105710790160795,0.4125113421749564,0.7868041237113402,TRAINING_REFERENCE
2026-05-27,45.9088,ANOMALOUS,True,1.0558709546339244,1,VOLATILITY_ACCELERATION,0.0749708227028809,1.0558709546339244,0.0,0.013566850245947499,0.37942259915644083,0.6296907216494846,TRAINING_REFERENCE
2026-05-28,45.8729,ANOMALOUS,True,1.1093750090908285,1,VOLATILITY_ACCELERATION,0.33064476070549,1.1093750090908285,0.015639703063461997,0.0195496288293275,0.3926541419028036,0.7175257731958763,TRAINING_REFERENCE
2026-05-29,45.8248,ANOMALOUS,True,1.0376954354639851,1,VOLATILITY_ACCELERATION,0.34892885397340845,1.0376954354639851,0.036594291290556,0.026213734034689996,0.38743168317925136,0.6894845360824742,TRAINING_REFERENCE
2026-06-01,45.9011,NORMAL,False,0.999596480829794,0,VOLATILITY_ACCELERATION,0.17870458805382716,0.999596480829794,0.016542235312042,0.041625931809845,0.37528112094465604,0.5909278350515464,TRAINING_REFERENCE
2026-06-02,45.9392,NORMAL,False,0.5298486896224224,0,VOLATILITY_ACCELERATION,0.0089302903312736,0.5298486896224224,0.0,0.020751136683,0.34125801618737867,0.10309278350515463,TRAINING_REFERENCE
2026-06-03,45.9653,NORMAL,False,0.5309403029700224,0,VOLATILITY_ACCELERATION,0.04170542544777715,0.5309403029700224,0.0,0.014203556004455,0.3409739332245997,0.09855670103092784,TRAINING_REFERENCE
2026-06-04,46.0303,NORMAL,False,0.4943675684512408,0,VOLATILITY_ACCELERATION,0.10992865406974192,0.4943675684512408,0.015639703063461997,0.03535275523057,0.34246720061273145,0.12948453608247423,TRAINING_REFERENCE
2026-06-05,46.0408,NORMAL,False,0.2800327814561091,0,VOLATILITY_ACCELERATION,0.11805408469804182,0.2800327814561091,0.036594291290556,0.0057027653523875,0.34067007640886937,0.08989690721649485,TRAINING_REFERENCE
2026-06-08,46.1073,NORMAL,False,0.2562100748519757,0,VOLATILITY_ACCELERATION,0.13295647005967637,0.2562100748519757,0.003354476701632,0.03610927698911,0.3409279596909975,0.09731958762886599,TRAINING_REFERENCE
2026-06-09,46.1238,NORMAL,False,0.2821799212561307,0,VOLATILITY_ACCELERATION,0.0900573999716563,0.2821799212561307,0.0,0.008946522568007499,0.33881597796540697,0.0577319587628866,TRAINING_REFERENCE
2026-06-10,46.127,NORMAL,False,0.3228346503723512,0,VOLATILITY_ACCELERATION,0.1428481295515919,0.3228346503723512,0.0,0.0017344624684001442,0.33899410051575185,0.06144329896907216,TRAINING_REFERENCE
2026-06-11,46.2025,NORMAL,False,0.3548504331277557,0,VOLATILITY_ACCELERATION,0.16498336898944996,0.3548504331277557,0.0,0.040919634920975,0.3386462950080881,0.05278350515463918,TRAINING_REFERENCE
2026-06-12,46.269,NORMAL,False,0.3476023988230954,0,VOLATILITY_ACCELERATION,0.11344167366217313,0.3476023988230954,0.0,0.03598290135815,0.3385980109178294,0.05195876288659794,TRAINING_REFERENCE
2026-06-15,46.2985,NORMAL,False,0.33007212048398654,0,VOLATILITY_ACCELERATION,0.0349591903314608,0.33007212048398654,0.0,0.01593939786898,0.3377073328942723,0.03257731958762886,TRAINING_REFERENCE
2026-06-16,46.2902,NORMAL,False,0.38741485259325203,0,VOLATILITY_ACCELERATION,0.1857736501190172,0.38741485259325203,0.003585429333562,0.0044817866669525,0.34010598279903387,0.0775257731958763,TRAINING_REFERENCE
2026-06-17,46.3601,NORMAL,False,0.3703665643263786,0,VOLATILITY_ACCELERATION,0.14100529434690887,0.3703665643263786,0.0,0.037750971047865005,0.33879915447150233,0.056082474226804124,TRAINING_REFERENCE
2026-06-18,46.4529,NORMAL,False,0.40990142126123524,0,VOLATILITY_ACCELERATION,0.22200744819659082,0.40990142126123524,0.0,0.0500430326940575,0.3428466176545636,0.13938144329896907,TRAINING_REFERENCE
2026-06-19,46.4438,NORMAL,False,0.474553101001569,0,VOLATILITY_ACCELERATION,0.21508603750235228,0.474553101001569,0.003917946995772,0.004897433744714999,0.3435007348314392,0.1583505154639175,TRAINING_REFERENCE
2026-06-22,46.4656,NORMAL,False,0.4781250756070366,0,VOLATILITY_ACCELERATION,0.06095122040410235,0.4781250756070366,0.0,0.011734612585532501,0.34075402939963706,0.09402061855670103,TRAINING_REFERENCE
2026-06-23,46.4739,NORMAL,False,0.44469306733699493,0,VOLATILITY_ACCELERATION,0.14312374245094014,0.44469306733699493,0.003585429333562,0.004465669226265,0.3402182240997865,0.08164948453608248,TRAINING_REFERENCE
2026-06-24,46.5056,NORMAL,False,0.4014207917356641,0,VOLATILITY_ACCELERATION,0.012602451825647875,0.4014207917356641,0.0,0.0170525822020525,0.3381250815772052,0.04041237113402062,TRAINING_REFERENCE
2026-06-25,46.5673,NORMAL,False,0.2755767719598912,0,VOLATILITY_ACCELERATION,0.2007298026499932,0.2755767719598912,0.0,0.033168048579095,0.3427348788879245,0.13649484536082473,TRAINING_REFERENCE
2026-06-26,46.6255,NORMAL,False,0.24668341487728015,0,VOLATILITY_ACCELERATION,0.15769868790917543,0.24668341487728015,0.003917946995772,0.031245101176145,0.34416563210913215,0.17525773195876287,TRAINING_REFERENCE
2026-06-29,46.6471,NORMAL,False,0.24910837602551414,0,VOLATILITY_ACCELERATION,0.15003369190843432,0.24910837602551414,0.0,0.011581645237045,0.34391149599443066,0.16907216494845362,TRAINING_REFERENCE
2026-06-30,46.6592,NORMAL,False,0.23678009467050926,0,VOLATILITY_ACCELERATION,0.21031242047613027,0.23678009467050926,0.0,0.0064848618670775,0.34554789422715565,0.2090721649484536,TRAINING_REFERENCE
2026-07-01,46.6625,NORMAL,False,0.3079234882619115,0,VOLATILITY_ACCELERATION,0.26720194661758806,0.3079234882619115,0.0,0.0017681400452662643,0.3455118344422834,0.208659793814433,TRAINING_REFERENCE
2026-07-02,46.7081,NORMAL,False,0.263712521744033,0,VOLATILITY_ACCELERATION,0.08245441505810927,0.263712521744033,0.0,0.024430752745777502,0.3416016560086318,0.1109278350515464,TRAINING_REFERENCE
2026-07-03,46.8088,NORMAL,False,0.5365978225926316,0,LOCAL_RETURN_SHOCK,0.5365978225926316,0.43891472270114185,0.0,0.0538985743372125,0.35387114533505515,0.3422680412371134,TRAINING_REFERENCE
2026-07-06,46.8181,NORMAL,False,0.4576905809605112,0,VOLATILITY_ACCELERATION,0.2172138593221697,0.4576905809605112,0.0,0.0049670147493625,0.342923337524109,0.1422680412371134,TRAINING_REFERENCE
2026-07-07,46.8496,NORMAL,False,0.43805212164187973,0,VOLATILITY_ACCELERATION,0.032092372218446574,0.43805212164187973,0.0,0.0168204177444175,0.33967967713732955,0.07134020618556701,TRAINING_REFERENCE
2026-07-08,46.8294,NORMAL,False,0.5010787960852876,0,VOLATILITY_ACCELERATION,0.42342748622569315,0.5010787960852876,0.008623339366825999,0.010779174208532501,0.35815940422828757,0.4107216494845361,TRAINING_REFERENCE
2026-07-09,46.9009,NORMAL,False,0.5343156348680582,0,VOLATILITY_ACCELERATION,0.2568932508773227,0.5343156348680582,0.0,0.03817046556223,0.34624420217749785,0.21855670103092784,TRAINING_REFERENCE
2026-07-10,46.9929,NORMAL,False,0.5071294680604719,0,VOLATILITY_ACCELERATION,0.4071427132149355,0.5071294680604719,0.0,0.0490395706692175,0.3502591239032078,0.28824742268041237,TRAINING_REFERENCE
2026-07-13,46.9933,NORMAL,False,0.5228310466373934,0,VOLATILITY_ACCELERATION,0.2470750845694627,0.5228310466373934,0.0,0.0002127981035437987,0.3469861705402179,0.2292783505154639,TRAINING_REFERENCE
2026-07-14,47.0327,NORMAL,False,0.5236051263967438,0,VOLATILITY_ACCELERATION,0.029235584000096675,0.5236051263967438,0.0,0.0209604347853825,0.34333655092310755,0.15381443298969072,TRAINING_REFERENCE
2026-07-15,47.0397,NORMAL,False,0.44189267035324736,0,VOLATILITY_ACCELERATION,0.21141685700807086,0.44189267035324736,0.008623339366825999,0.003720815517715,0.34287224790964793,0.1402061855670103,TRAINING_REFERENCE
2026-07-16,47.1003,NORMAL,False,0.4225935573817375,0,VOLATILITY_ACCELERATION,0.18442810537787171,0.4225935573817375,0.0,0.03220683805381,0.3402819032941469,0.08329896907216496,TRAINING_REFERENCE
2026-07-17,47.1623,NORMAL,False,0.32474094810017384,0,VOLATILITY_ACCELERATION,0.2191945299459893,0.32474094810017384,0.0,0.03290849527498,0.3415785863173976,0.10969072164948454,TRAINING_REFERENCE
2026-07-20,47.1697,NORMAL,False,0.30248794953185704,0,VOLATILITY_ACCELERATION,0.2207421770413735,0.30248794953185704,0.0,0.003922624638745,0.3430665761051651,0.1472164948453608,TRAINING_REFERENCE
2026-07-21,47.1865,NORMAL,False,0.3137992493756085,0,VOLATILITY_ACCELERATION,0.14098958542992396,0.3137992493756085,0.0,0.008904021013487499,0.3401186832795971,0.07835051546391752,TRAINING_REFERENCE
2026-07-22,47.2159,NORMAL,False,0.28029813085327654,0,VOLATILITY_ACCELERATION,0.04966362477480465,0.28029813085327654,0.0,0.015576489038174999,0.3398141224156623,0.07340206185567011,TRAINING_REFERENCE
2026-07-23,47.2676,NORMAL,False,0.25872140896503154,0,VOLATILITY_ACCELERATION,0.1207663878253647,0.25872140896503154,0.0,0.0273742531647175,0.3423235094725273,0.12577319587628866,TRAINING_REFERENCE
2026-07-24,47.3323,NORMAL,False,0.26819958690149426,0,VOLATILITY_ACCELERATION,0.225799228272849,0.26819958690149426,0.0,0.03422005771395,0.34464415204587334,0.1892783505154639,TRAINING_REFERENCE
2026-07-27,47.3448,NORMAL,False,0.2535229677655087,0,VOLATILITY_ACCELERATION,0.17611491007106786,0.2535229677655087,0.0,0.0066022568098325,0.34366850527484893,0.16288659793814433,TRAINING_REFERENCE
2026-07-28,47.3771,NORMAL,False,0.22923327010654934,0,VOLATILITY_ACCELERATION,0.021655282960411224,0.22923327010654934,0.0,0.01705572734492,0.343338324002854,0.15422680412371134,TRAINING_REFERENCE
2026-07-29,47.3904,NORMAL,False,0.26212724284351546,0,VOLATILITY_ACCELERATION,0.17497407328561496,0.26212724284351546,0.0,0.007018158561837499,0.3427418236249741,0.13690721649484536,TRAINING_REFERENCE
2026-07-30,47.4289,NORMAL,False,0.24266055554741656,0,VOLATILITY_ACCELERATION,0.013930557774783924,0.24266055554741656,0.0,0.020310020594887502,0.34165471537892533,0.11257731958762887,TRAINING_REFERENCE
2026-07-31,47.5127,NORMAL,False,0.36826902302346776,0,LOCAL_RETURN_SHOCK,0.36826902302346776,0.3326043988428213,0.0,0.0441713807404375,0.3443957278092095,0.1822680412371134,TRAINING_REFERENCE
2026-08-03,47.5316,NORMAL,False,0.3205498160802321,0,VOLATILITY_ACCELERATION,0.13590888198214265,0.3205498160802321,0.0,0.009944709519765,0.3407027451382346,0.09072164948453608,TRAINING_REFERENCE
2026-08-04,47.528,NORMAL,False,0.3832116470467572,0,VOLATILITY_ACCELERATION,0.3280059777840539,0.3832116470467572,0.0015147817451954815,0.0018934771814943518,0.3478379004085558,0.2465979381443299,TRAINING_REFERENCE
2026-08-05,47.5669,NORMAL,False,0.3684573236574266,0,VOLATILITY_ACCELERATION,0.03749635978242277,0.3684573236574266,0.0,0.020461622622452498,0.338988402687796,0.06103092783505155,TRAINING_REFERENCE
2026-08-06,47.6245,NORMAL,False,0.38646622910124884,0,VOLATILITY_ACCELERATION,0.17784093636399126,0.38646622910124884,0.0,0.030273152128894996,0.34003567845106075,0.07628865979381444,TRAINING_REFERENCE
2026-08-07,47.7111,NORMAL,False,0.4484811676278865,0,LOCAL_RETURN_SHOCK,0.4484811676278865,0.396268979573304,0.0,0.04545979485349,0.3485975825099627,0.2618556701030928,TRAINING_REFERENCE
