Date,USDTRY,Baseline_Anomaly,Baseline_Anomaly_Score,IF_Anomaly,IF_Anomaly_Score,Comparison_Class
2017-04-24,3.573,False,0.588893549648663,False,0.4397401994420187,NEITHER
2017-04-25,3.5797,False,0.5241594478821543,False,0.3885079534637988,NEITHER
2017-04-26,3.5783,False,0.4855439540683588,False,0.3864447740381037,NEITHER
2017-04-27,3.5612,False,0.4758120227242198,False,0.38816730690630186,NEITHER
2017-04-28,3.5516,False,0.4679124612020388,False,0.40247824374157665,NEITHER
2017-05-01,3.5545,False,0.1583993878412125,False,0.3835531533331583,NEITHER
2017-05-02,3.5273,False,0.2776379579834159,False,0.40868805428882016,NEITHER
2017-05-03,3.5349,False,0.2440415716889604,False,0.39019130992687656,NEITHER
2017-05-04,3.554,False,0.3048200363827033,False,0.3719050153896387,NEITHER
2017-05-05,3.5441,False,0.3058762455930517,False,0.36663697770053866,NEITHER
2017-05-08,3.5851,False,0.4463368609995353,False,0.3827830919099907,NEITHER
2017-05-09,3.6239,False,0.5118287546030139,False,0.39945802714696477,NEITHER
2017-05-10,3.5874,False,0.548099467232532,False,0.3870816380055884,NEITHER
2017-05-11,3.5758,False,0.5619250239595105,False,0.3693268665440556,NEITHER
2017-05-12,3.5731,False,0.5582097433836414,False,0.36834380591111865,NEITHER
2017-05-15,3.5483,False,0.4761886847069073,False,0.38057895370916855,NEITHER
2017-05-16,3.5392,False,0.448777386282352,False,0.3985769992535111,NEITHER
2017-05-17,3.5681,False,0.3527950279317547,False,0.3762679333632597,NEITHER
2017-05-18,3.6251,False,0.6018025684884698,False,0.40782466438514664,NEITHER
2017-05-19,3.5753,False,0.6838686385226426,False,0.4102779264887021,NEITHER
2017-05-22,3.5593,False,0.6639265662315534,False,0.38341237212326584,NEITHER
2017-05-23,3.5704,False,0.6658733987588104,False,0.38487496066431004,NEITHER
2017-05-24,3.5604,False,0.6377834323755389,False,0.3802255873818059,NEITHER
2017-05-25,3.5667,False,0.4078005927238368,False,0.37496942933908695,NEITHER
2017-05-26,3.5777,False,0.217435073508067,False,0.3597789745368106,NEITHER
2017-05-29,3.5772,False,0.1542659870903232,False,0.36019986636121426,NEITHER
2017-05-30,3.5491,False,0.2723265247408659,False,0.3741494920241051,NEITHER
2017-05-31,3.527,False,0.3144052952046082,False,0.37661582472648447,NEITHER
2017-06-01,3.5246,False,0.2951708238739798,False,0.3639684359904248,NEITHER
2017-06-02,3.5098,False,0.2228901154864483,False,0.3861080287897572,NEITHER
2017-06-05,3.5237,False,0.3114325047036433,False,0.36994607097696186,NEITHER
2017-06-06,3.5151,False,0.255599587324188,False,0.364981267354832,NEITHER
2017-06-07,3.5503,False,0.4374146140382289,False,0.3812495086581826,NEITHER
2017-06-08,3.5244,False,0.4795177568074862,False,0.3675442015027257,NEITHER
2017-06-09,3.5373,False,0.457625620831879,False,0.3620985343435829,NEITHER
2017-06-12,3.5164,False,0.4955120544846427,False,0.36669713415508604,NEITHER
2017-06-13,3.5198,False,0.4918377218577238,False,0.3572647262410842,NEITHER
2017-06-14,3.4878,False,0.3792483642753381,False,0.39535226633291387,NEITHER
2017-06-15,3.513,False,0.4595403710037534,False,0.3697708750896136,NEITHER
2017-06-16,3.5027,False,0.433305261550848,False,0.3685362788159309,NEITHER
2017-06-19,3.5228,False,0.4523157480612301,False,0.3638102756487664,NEITHER
2017-06-20,3.5444,False,0.493915291360548,False,0.36460935517506216,NEITHER
2017-06-21,3.531,False,0.3706295472569684,False,0.3660524612141518,NEITHER
2017-06-22,3.5077,False,0.4019104356697344,False,0.3678138465519788,NEITHER
2017-06-23,3.5088,False,0.3897908935480614,False,0.354578230387838,NEITHER
2017-06-26,3.5008,False,0.3329346183459145,False,0.36068377313858846,NEITHER
2017-06-27,3.5263,False,0.3721818225123981,False,0.3681442275893289,NEITHER
2017-06-28,3.5128,False,0.3682440569467272,False,0.3610987773414809,NEITHER
2017-06-29,3.5265,False,0.3165237033302608,False,0.3561362270580923,NEITHER
2017-06-30,3.5212,False,0.3286590182248351,False,0.35165621415505777,NEITHER
2017-07-03,3.5571,False,0.4509789329294605,False,0.3821734444575332,NEITHER
2017-07-04,3.5594,False,0.3784343393384215,False,0.3535353313470382,NEITHER
2017-07-05,3.6062,False,0.5299923978212084,False,0.40653419179470934,NEITHER
2017-07-06,3.6212,False,0.507407506630592,False,0.37996727312226175,NEITHER
2017-07-07,3.6182,False,0.685253031941116,False,0.38640974209347995,NEITHER
2017-07-10,3.6083,False,0.588573326510868,False,0.3749764957262879,NEITHER
2017-07-11,3.6139,False,0.606742592531662,False,0.3709926119232601,NEITHER
2017-07-12,3.5672,False,0.6181773419201942,False,0.3962949765004326,NEITHER
2017-07-13,3.5657,False,0.4283329761369653,False,0.35751266920954605,NEITHER
2017-07-14,3.5381,False,0.4355514747385691,False,0.37808992839932404,NEITHER
2017-07-17,3.5284,False,0.4643452001869144,False,0.36791640750934523,NEITHER
2017-07-18,3.5231,False,0.412404474441747,False,0.37262752928153803,NEITHER
2017-07-19,3.522,False,0.2427647963325785,False,0.3605772766510107,NEITHER
2017-07-20,3.5264,False,0.2722730312661165,False,0.3548958428321898,NEITHER
2017-07-21,3.5364,False,0.1750997084418557,False,0.3509108580604838,NEITHER
2017-07-24,3.5567,False,0.2299270284859256,False,0.3538338883177895,NEITHER
2017-07-25,3.5724,False,0.2719924967587099,False,0.35854987161033647,NEITHER
2017-07-26,3.5385,False,0.4746624652617176,False,0.37218945149300015,NEITHER
2017-07-27,3.5363,False,0.4802462515848134,False,0.3473745590741691,NEITHER
2017-07-28,3.5279,False,0.4775017120597775,False,0.35103953232501106,NEITHER
2017-07-31,3.5193,False,0.4035046646200996,False,0.35948973559596065,NEITHER
2017-08-01,3.5271,False,0.3591949891821655,False,0.3626247143059779,NEITHER
2017-08-02,3.5305,False,0.174238399532526,False,0.35041767049044026,NEITHER
2017-08-03,3.5396,False,0.2078815804154075,False,0.3484190432574453,NEITHER
2017-08-04,3.528,False,0.229168772853345,False,0.3505558975053785,NEITHER
2017-08-07,3.5291,False,0.2002225400708612,False,0.3478279124306459,NEITHER
2017-08-08,3.5338,False,0.1895251443176713,False,0.3495190842263958,NEITHER
2017-08-09,3.5376,False,0.1934509997310814,False,0.34783022044483564,NEITHER
2017-08-10,3.5418,False,0.1826031663833204,False,0.34876062899185256,NEITHER
2017-08-11,3.5369,False,0.1121209289406598,False,0.3567821325562478,NEITHER
2017-08-14,3.5257,False,0.240989164312968,False,0.3603312149884659,NEITHER
2017-08-15,3.5352,False,0.2329161276152643,False,0.34952965205731173,NEITHER
2017-08-16,3.5156,False,0.4298007004987842,False,0.378822897373403,NEITHER
2017-08-17,3.5254,False,0.3619908073894539,False,0.35538137394944413,NEITHER
2017-08-18,3.5185,False,0.3656293973124677,False,0.3555061482023443,NEITHER
2017-08-21,3.497,False,0.4215249935050959,False,0.3868613630401517,NEITHER
2017-08-22,3.4944,False,0.3658424691662413,False,0.37336543788724535,NEITHER
2017-08-23,3.4787,False,0.3471378806282227,False,0.3842231270891519,NEITHER
2017-08-24,3.4838,False,0.3018806763313738,False,0.3793637744984351,NEITHER
2017-08-25,3.4389,True,1.0807355747277947,False,0.4635505842729073,BASELINE_ONLY
2017-08-28,3.4441,False,0.5812711688354946,False,0.39673458218192886,NEITHER
2017-08-29,3.4465,False,0.5981511847013196,False,0.39312135825279243,NEITHER
2017-08-30,3.4517,False,0.634433356468073,False,0.3860264703590617,NEITHER
2017-08-31,3.4527,False,0.6327678132527893,False,0.38751201779739586,NEITHER
2017-09-01,3.4284,False,0.3794816916817555,False,0.39186967150541097,NEITHER
2017-09-04,3.4348,False,0.3740712926164525,False,0.3713446316842293,NEITHER
2017-09-05,3.4375,False,0.374907275679972,False,0.36849451473768474,NEITHER
2017-09-06,3.4257,False,0.3822735899002463,False,0.37990990909834726,NEITHER
2017-09-07,3.4045,False,0.4208872177967703,False,0.40380134826167324,NEITHER
2017-09-08,3.4117,False,0.3848803635110729,False,0.3756522978042594,NEITHER
2017-09-11,3.406,False,0.3520626995548704,False,0.3792137388673168,NEITHER
2017-09-12,3.4331,False,0.5776165349826756,False,0.39179047119998317,NEITHER
2017-09-13,3.4579,False,0.618571430855847,False,0.3858323514047763,NEITHER
2017-09-14,3.4331,False,0.6517811999780307,False,0.390289388400317,NEITHER
2017-09-15,3.4376,False,0.6509066480013675,False,0.3758666744262276,NEITHER
2017-09-18,3.4895,False,0.8042861222326095,False,0.43876031133938637,NEITHER
2017-09-19,3.4887,False,0.813205203760816,False,0.3875355093325311,NEITHER
2017-09-20,3.503,False,0.7871844578871692,False,0.3838879074033008,NEITHER
2017-09-21,3.5023,False,0.6276985448529014,False,0.37854405118910284,NEITHER
2017-09-22,3.4962,False,0.6713478124416451,False,0.37927583694209643,NEITHER
2017-09-25,3.5494,False,0.6880143036133031,False,0.41188347170825906,NEITHER
2017-09-26,3.5424,False,0.6744382525995692,False,0.3769194074400205,NEITHER
2017-09-27,3.5774,False,0.7513793061815696,False,0.3962629175320887,NEITHER
2017-09-28,3.5603,False,0.8338214796502338,False,0.3955927280873939,NEITHER
2017-09-29,3.5637,False,0.8035141984412462,False,0.3852778770714468,NEITHER
2017-10-02,3.5635,False,0.5293108877124492,False,0.35527326313215424,NEITHER
2017-10-03,3.5718,False,0.5086841682202018,False,0.3638696239339445,NEITHER
2017-10-04,3.5723,False,0.2712031718876856,False,0.34987702108252,NEITHER
2017-10-05,3.5836,False,0.320048642971644,False,0.36294443079670974,NEITHER
2017-10-06,3.6149,False,0.3578377434427715,False,0.36485609308614153,NEITHER
2017-10-09,3.7011,False,0.863352766783929,False,0.45004294469488854,NEITHER
2017-10-10,3.7114,False,0.8208395045289106,False,0.3881182541055942,NEITHER
2017-10-11,3.6484,True,1.1719847831983845,False,0.46133380985283223,BASELINE_ONLY
2017-10-12,3.654,True,1.175864220073857,False,0.4273354683556104,BASELINE_ONLY
2017-10-13,3.6349,True,1.184435038723207,False,0.43421921594444507,BASELINE_ONLY
2017-10-16,3.6463,False,0.682479680782849,False,0.3814408606476429,NEITHER
2017-10-17,3.6663,False,0.7227373652335477,False,0.37972175751181764,NEITHER
2017-10-18,3.6768,False,0.3298644378296906,False,0.3507242360857467,NEITHER
2017-10-19,3.6456,False,0.483947542250561,False,0.3698431745989287,NEITHER
2017-10-20,3.6714,False,0.4861420825658792,False,0.3614525191598192,NEITHER
2017-10-23,3.7163,False,0.595465586886877,False,0.3834213790174151,NEITHER
2017-10-24,3.7414,False,0.5984513578829722,False,0.3722321841664324,NEITHER
2017-10-25,3.7668,False,0.5978676442607738,False,0.36996552622761,NEITHER
2017-10-26,3.8203,False,0.3550759265158725,False,0.42380506766285586,NEITHER
2017-10-27,3.7885,False,0.6452981295909781,False,0.39193595528423375,NEITHER
2017-10-30,3.7798,False,0.6413014815831457,False,0.3750226573557605,NEITHER
2017-10-31,3.792,False,0.6266506654710877,False,0.36875050315943214,NEITHER
2017-11-01,3.813,False,0.6150786395386348,False,0.36513290475049953,NEITHER
2017-11-02,3.7975,False,0.4042557205382404,False,0.3692428901413543,NEITHER
2017-11-03,3.8864,False,0.7304240687978008,False,0.42360923671806855,NEITHER
2017-11-06,3.828,False,0.9096519028515484,False,0.42012006091808524,NEITHER
2017-11-07,3.8844,False,0.952690866277568,False,0.4254999483495457,NEITHER
2017-11-08,3.8665,False,0.9899287234936396,False,0.4124098122358942,NEITHER
2017-11-09,3.8647,False,0.9694521987002744,False,0.40118236283979447,NEITHER
2017-11-10,3.8636,False,0.6749408862896291,False,0.37586951915658123,NEITHER
2017-11-13,3.8706,False,0.4682474261051113,False,0.36246566252687057,NEITHER
2017-11-14,3.886,False,0.202661838458904,False,0.3565967188684076,NEITHER
2017-11-15,3.8811,False,0.1360334464852643,False,0.36061241631970764,NEITHER
2017-11-16,3.8629,False,0.2075686069824805,False,0.36326411234011624,NEITHER
2017-11-17,3.8773,False,0.2406041675153709,False,0.35085097252446473,NEITHER
2017-11-20,3.9285,False,0.4349827930144068,False,0.37523188347812764,NEITHER
2017-11-21,3.9566,False,0.4503516411354307,False,0.36282294835173007,NEITHER
2017-11-22,3.9184,False,0.5762842204769284,False,0.38317441694415033,NEITHER
2017-11-23,3.9201,False,0.534439791839977,False,0.35851241693354124,NEITHER
2017-11-24,3.9437,False,0.5468172203772692,False,0.3635862512208552,NEITHER
2017-11-27,3.9062,False,0.5076336502055075,False,0.38090454268785473,NEITHER
2017-11-28,3.9645,False,0.6422372373113059,False,0.3889112724485855,NEITHER
2017-11-29,3.9613,False,0.5531512586328134,False,0.3619886373468554,NEITHER
2017-11-30,3.919,False,0.6521716729316724,False,0.3830711470047869,NEITHER
2017-12-01,3.9131,False,0.6182753478482594,False,0.3668635869585125,NEITHER
2017-12-04,3.8742,False,0.6134245447431874,False,0.3846170538424433,NEITHER
2017-12-05,3.8444,False,0.6058771597931659,False,0.417748741561413,NEITHER
2017-12-06,3.8506,False,0.558456299659478,False,0.3987471776874937,NEITHER
2017-12-07,3.8631,False,0.3444144709461509,False,0.3691481422967921,NEITHER
2017-12-08,3.8388,False,0.37482658595031,False,0.3829364410128389,NEITHER
2017-12-11,3.8367,False,0.2929270097549132,False,0.3635436976128697,NEITHER
2017-12-12,3.8479,False,0.2373758709410177,False,0.35542213935903627,NEITHER
2017-12-13,3.8119,False,0.3359712758952912,False,0.3810127007094277,NEITHER
2017-12-14,3.8869,False,0.6711185085405791,False,0.40315863354133513,NEITHER
2017-12-15,3.8617,False,0.6509439228614035,False,0.37407256094265695,NEITHER
2017-12-18,3.83,False,0.7034885590759052,False,0.3862669760941202,NEITHER
2017-12-19,3.8336,False,0.6986311406480321,False,0.3762847912676176,NEITHER
2017-12-20,3.8203,False,0.6564554895599215,False,0.3758266249083616,NEITHER
2017-12-21,3.8175,False,0.350107201412536,False,0.37879955214139627,NEITHER
2017-12-22,3.8157,False,0.232059528313782,False,0.37108701439928554,NEITHER
2017-12-25,3.8074,False,0.1140118552150319,False,0.3758161906188083,NEITHER
2017-12-26,3.812,False,0.108967082860386,False,0.3688360570262115,NEITHER
2017-12-27,3.8156,False,0.1067731458796492,False,0.36457264337671985,NEITHER
2017-12-28,3.7749,False,0.3253216373806644,False,0.3899976613022907,NEITHER
2017-12-29,3.79,False,0.3271487143370785,False,0.3654672156584989,NEITHER
2018-01-01,3.7875,False,0.3481845008396169,False,0.3585525514822999,NEITHER
2018-01-02,3.7667,False,0.3548196384985297,False,0.37580669168086533,NEITHER
2018-01-03,3.7812,False,0.4033963231329777,False,0.36717959175300907,NEITHER
2018-01-04,3.748,False,0.3582513725878023,False,0.3835997638657019,NEITHER
2018-01-05,3.7367,False,0.3037503963417495,False,0.37935128819449265,NEITHER
2018-01-08,3.7443,False,0.3315425312053688,False,0.37356176020626536,NEITHER
2018-01-09,3.7679,False,0.3812080918375949,False,0.36467919713343294,NEITHER
2018-01-10,3.7994,False,0.4391530219027725,False,0.36859834813795334,NEITHER
2018-01-11,3.7741,False,0.3959024948272703,False,0.3695775873958787,NEITHER
2018-01-12,3.7483,False,0.4488466160137435,False,0.3761324007888912,NEITHER
2018-01-15,3.8007,False,0.745258027154645,False,0.41655947592057013,NEITHER
2018-01-16,3.798,False,0.5839734120994575,False,0.36745845595446863,NEITHER
2018-01-17,3.8182,False,0.5560039679710644,False,0.3658027581812875,NEITHER
2018-01-18,3.7701,False,0.6580247297597615,False,0.402321110748458,NEITHER
2018-01-19,3.8065,False,0.6539760625545084,False,0.39122488875514044,NEITHER
2018-01-22,3.775,False,0.5788221419839344,False,0.3796848234875514,NEITHER
2018-01-23,3.7673,False,0.5791531504827798,False,0.36795388979493904,NEITHER
2018-01-24,3.7384,False,0.53834180505888,False,0.394872161498491,NEITHER
2018-01-25,3.7525,False,0.4795188647196634,False,0.3639002111327069,NEITHER
2018-01-26,3.7548,False,0.3544930666969718,False,0.36552042137179,NEITHER
2018-01-29,3.7934,False,0.4607895831002939,False,0.36955040010494483,NEITHER
2018-01-30,3.781,False,0.4892284475568865,False,0.35726392813840663,NEITHER
2018-01-31,3.7555,False,0.4675053097178314,False,0.3639993145760475,NEITHER
2018-02-01,3.7315,False,0.4971883904324067,False,0.3729011058468215,NEITHER
2018-02-02,3.7734,False,0.622875682038547,False,0.37842561594920265,NEITHER
2018-02-05,3.79,False,0.5374830709278109,False,0.35808742774419833,NEITHER
2018-02-06,3.7695,False,0.5554818400971644,False,0.36474194369006274,NEITHER
2018-02-07,3.8047,False,0.5563999266291606,False,0.3735381789241016,NEITHER
2018-02-08,3.8216,False,0.4545339891537379,False,0.3727581735153234,NEITHER
2018-02-09,3.8226,False,0.3755857508338098,False,0.3539957178834336,NEITHER
2018-02-12,3.7997,False,0.4560687719848379,False,0.3597234353724151,NEITHER
2018-02-13,3.8106,False,0.396888345258627,False,0.3557824819369485,NEITHER
2018-02-14,3.7824,False,0.3744284990047264,False,0.36484620846810106,NEITHER
2018-02-15,3.7644,False,0.3086897142087875,False,0.36909206033656466,NEITHER
2018-02-16,3.7474,False,0.37936688106949,False,0.3835773212316514,NEITHER
2018-02-19,3.7573,False,0.3368606158415064,False,0.36336985676123584,NEITHER
2018-02-20,3.7984,False,0.5458433267344422,False,0.37312820160866317,NEITHER
2018-02-21,3.7891,False,0.4837635826399447,False,0.3567891734925544,NEITHER
2018-02-22,3.7843,False,0.4546187597826376,False,0.35726683557865285,NEITHER
2018-02-23,3.7905,False,0.599194968209152,False,0.36561765820346914,NEITHER
2018-02-26,3.7864,False,0.52815521825771,False,0.36303663093990024,NEITHER
2018-02-27,3.8155,False,0.4550693814620739,False,0.36536059965033924,NEITHER
2018-02-28,3.7988,False,0.3422194033684766,False,0.3551408299299852,NEITHER
2018-03-01,3.8056,False,0.335495575708088,False,0.3477315304088676,NEITHER
2018-03-02,3.8071,False,0.3378788870403847,False,0.3390856077460977,NEITHER
2018-03-05,3.8084,False,0.329264833404203,False,0.3401805960007478,NEITHER
2018-03-06,3.7942,False,0.209331776010114,False,0.35854823893731375,NEITHER
2018-03-07,3.8027,False,0.1819517856944304,False,0.3452865295128319,NEITHER
2018-03-08,3.8236,False,0.3001895048397299,False,0.3537455277560071,NEITHER
2018-03-09,3.8111,False,0.3253227736957462,False,0.3544589725398834,NEITHER
2018-03-12,3.8438,False,0.4630619254501229,False,0.37019974336193173,NEITHER
2018-03-13,3.8733,False,0.4769868018214999,False,0.37386333984581266,NEITHER
2018-03-14,3.8796,False,0.4332501479327959,False,0.3632369416398187,NEITHER
2018-03-15,3.8956,False,0.3989821180576491,False,0.3539590900121312,NEITHER
2018-03-16,3.9196,False,0.2439648682509356,False,0.36567967672898555,NEITHER
2018-03-19,3.9362,False,0.1880563345943482,False,0.35705430431134466,NEITHER
2018-03-20,3.9339,False,0.2151887397892616,False,0.35068594697570526,NEITHER
2018-03-21,3.9085,False,0.5176474338687393,False,0.3743634100074957,NEITHER
2018-03-22,3.9343,False,0.4574314504081578,False,0.35224007353159625,NEITHER
2018-03-23,3.9824,False,0.5877688413355253,False,0.3775541891655028,NEITHER
2018-03-26,3.9657,False,0.6234192805406502,False,0.36905586193866013,NEITHER
2018-03-27,3.9819,False,0.6246910558938225,False,0.35536004401336535,NEITHER
2018-03-28,4.0103,False,0.482698373245893,False,0.36425750949420993,NEITHER
2018-03-29,3.9422,True,1.0199907453456727,False,0.4391779152365483,BASELINE_ONLY
2018-03-30,3.9552,False,0.743601869202241,False,0.3741901743451938,NEITHER
2018-04-02,3.9735,False,0.7533321012553043,False,0.3657016475173151,NEITHER
2018-04-03,3.9887,False,0.7545693092289998,False,0.36537697840828126,NEITHER
2018-04-04,3.9991,False,0.7170162027807111,False,0.361333118634059,NEITHER
2018-04-05,4.0515,False,0.4115550326961292,False,0.38516500310443613,NEITHER
2018-04-06,4.0449,False,0.4152369056819544,False,0.3650123924686862,NEITHER
2018-04-09,4.0737,False,0.4365557248710527,False,0.3630143041278957,NEITHER
2018-04-10,4.1121,False,0.4514445743620392,False,0.3717628055786413,NEITHER
2018-04-11,4.136,False,0.4260725735771251,False,0.36825604940393614,NEITHER
2018-04-12,4.1102,False,0.529454633136748,False,0.3767910290835532,NEITHER
2018-04-13,4.0969,False,0.560240265227868,False,0.3667480151939296,NEITHER
2018-04-16,4.0963,False,0.534802593216003,False,0.35702989930712514,NEITHER
2018-04-17,4.0976,False,0.3744704715180542,False,0.35596611163272157,NEITHER
2018-04-18,4.0086,False,0.830567224733666,False,0.47220526457626194,NEITHER
2018-04-19,4.0403,False,0.8296793397268752,False,0.4006107789177207,NEITHER
2018-04-20,4.0766,False,0.9181313153338256,False,0.39802404832233473,NEITHER
2018-04-23,4.1079,False,0.970288061343468,False,0.39049761923213433,NEITHER
2018-04-24,4.086,False,0.9867245801238002,False,0.3999475572609592,NEITHER
2018-04-25,4.0809,False,0.4876443833406245,False,0.3656569513842771,NEITHER
2018-04-26,4.0664,False,0.5002399399384112,False,0.3547120480139598,NEITHER
2018-04-27,4.0422,False,0.4244161957315097,False,0.36719417279667127,NEITHER
2018-04-30,4.0617,False,0.3335001071028715,False,0.3621344475001523,NEITHER
2018-05-01,4.103,False,0.4995815282789111,False,0.35931195087996576,NEITHER
2018-05-02,4.1771,False,0.7213203377748763,False,0.40459277876204985,NEITHER
2018-05-03,4.2131,False,0.6356601623675026,False,0.38239255947974005,NEITHER
2018-05-04,4.226,False,0.453578336557058,False,0.3887228727180043,NEITHER
2018-05-07,4.2669,False,0.3889813998521221,False,0.39567935334658993,NEITHER
2018-05-08,4.3327,False,0.4157314961555839,False,0.41503902199502024,NEITHER
2018-05-09,4.2876,False,0.6817739473728821,False,0.3991246570314036,NEITHER
2018-05-10,4.2352,False,0.825363217295957,False,0.4113036960408373,NEITHER
2018-05-11,4.3136,False,0.9526533847078874,False,0.4270182109062034,NEITHER
2018-05-14,4.3674,False,0.9593256713403586,False,0.41863511631876726,NEITHER
2018-05-15,4.445,False,0.9667972221499116,False,0.4391099550599543,NEITHER
2018-05-16,4.4139,False,0.9069072662644844,False,0.4183602358346609,NEITHER
2018-05-17,4.4606,False,0.64346976223248,False,0.42236350487739177,NEITHER
2018-05-18,4.4917,False,0.5795933290343895,False,0.39598223475911365,NEITHER
2018-05-21,4.5749,False,0.6258714120373501,False,0.42917414499856216,NEITHER
2018-05-22,4.6691,False,0.6420669050620752,False,0.44647793677193903,NEITHER
2018-05-23,4.5762,False,0.8994319124870696,False,0.4732257478392613,NEITHER
2018-05-24,4.7073,False,0.98513651032572,False,0.49626125965996326,NEITHER
2018-05-25,4.7081,True,1.0159646563295168,False,0.4576438539211349,BASELINE_ONLY
2018-05-28,4.5822,True,1.170558002100823,False,0.5184561140736196,BASELINE_ONLY
2018-05-29,4.5488,True,1.0351259077932369,False,0.48365948890206556,BASELINE_ONLY
2018-05-30,4.465,False,0.988799644851814,False,0.4981424358843083,NEITHER
2018-05-31,4.5245,False,0.779932456829718,False,0.4801672491571086,NEITHER
2018-06-01,4.6508,False,0.9994244456337176,False,0.5000053640733192,NEITHER
2018-06-04,4.5921,False,0.8467488506636761,False,0.4474221597540849,NEITHER
2018-06-05,4.5985,False,0.8260555768021655,False,0.43346298134848743,NEITHER
2018-06-06,4.5554,False,0.7242542627958874,False,0.4448458400223423,NEITHER
2018-06-07,4.4844,False,0.751730925020255,False,0.45911456865998507,NEITHER
2018-06-08,4.474,False,0.75104606953973,False,0.4627050761865468,NEITHER
2018-06-11,4.524,False,0.4321386452588908,False,0.4300752410973779,NEITHER
2018-06-12,4.5976,False,0.562194400345385,False,0.42657346536862845,NEITHER
2018-06-13,4.6452,False,0.5394619008614424,False,0.4190339866949414,NEITHER
2018-06-14,4.7259,False,0.95027718187804,False,0.4709631839721202,NEITHER
2018-06-15,4.7301,False,0.9944563624392,False,0.4537051228588535,NEITHER
2018-06-18,4.7042,False,0.67254502907543,False,0.4350916546686817,NEITHER
2018-06-19,4.7402,False,0.4694037934623299,False,0.4094400194501037,NEITHER
2018-06-20,4.7327,False,0.3720201407464003,False,0.3898949719949365,NEITHER
2018-06-21,4.7225,False,0.2079197623218334,False,0.3790224133937942,NEITHER
2018-06-22,4.6773,False,0.2674292305226706,False,0.397435902215481,NEITHER
2018-06-25,4.681,False,0.2596433461858702,False,0.3695088340723381,NEITHER
2018-06-26,4.6155,False,0.526138137631322,False,0.42730692975165174,NEITHER
2018-06-27,4.6225,False,0.46495928441838,False,0.3937563379200883,NEITHER
2018-06-28,4.5853,False,0.5788785283321379,False,0.4178759788339555,NEITHER
2018-06-29,4.5872,False,0.38015273617147,False,0.38422204087909934,NEITHER
2018-07-02,4.6161,False,0.3362447372082268,False,0.3770426081517956,NEITHER
2018-07-03,4.6705,False,0.3103093819300339,False,0.3807414237855366,NEITHER
2018-07-04,4.6667,False,0.3098532343219792,False,0.35939380694088113,NEITHER
2018-07-05,4.5925,False,0.4605156310181418,False,0.4007929780690409,NEITHER
2018-07-06,4.5704,False,0.4322802008874121,False,0.38060156346081914,NEITHER
2018-07-09,4.7338,False,0.9207876049246032,False,0.49567272921875993,NEITHER
2018-07-10,4.7077,False,0.7565455208611,False,0.4121043342886746,NEITHER
2018-07-11,4.8762,False,0.9244163517252594,False,0.5063649751911045,NEITHER
2018-07-12,4.8552,False,0.8295645639510812,False,0.47010600847595,NEITHER
2018-07-13,4.8552,False,0.8012885842744705,False,0.4710241724613129,NEITHER
2018-07-16,4.8463,False,0.6505217967636697,False,0.41290037654459655,NEITHER
2018-07-17,4.8065,False,0.6650647978455256,False,0.42051268349967785,NEITHER
2018-07-18,4.7953,False,0.3318157581723459,False,0.3990450709014364,NEITHER
2018-07-19,4.8066,False,0.199335548172756,False,0.38613829471982464,NEITHER
2018-07-20,4.7927,False,0.25634715557196,False,0.3925184812615676,NEITHER
2018-07-23,4.7395,False,0.43804601944137,False,0.4157919696677718,NEITHER
2018-07-24,4.8861,False,0.773288321552905,False,0.4581159060650426,NEITHER
2018-07-25,4.7728,False,0.7092087739307583,False,0.45634718183795486,NEITHER
2018-07-26,4.8649,False,0.7709807329019508,False,0.45098912742393793,NEITHER
2018-07-27,4.8529,False,0.7693377719522202,False,0.43197745042645586,NEITHER
2018-07-30,4.8823,False,0.7223163187021991,False,0.4444039547790143,NEITHER
2018-07-31,4.9142,False,0.5505823970833643,False,0.40201677911234157,NEITHER
2018-08-01,4.995,False,0.4637645565993299,False,0.43942905233756585,NEITHER
2018-08-02,5.066,False,0.35535535535535,False,0.42195961125779413,NEITHER
2018-08-03,5.0815,False,0.2041080441678649,False,0.41016764995764643,NEITHER
2018-08-06,5.3301,True,1.223064055889005,True,0.5488395860756335,BOTH
2018-08-07,5.2443,False,0.7731260272418231,False,0.5044197529840476,NEITHER
2018-08-08,5.28,False,0.7778981619688894,False,0.4747325995823032,NEITHER
2018-08-09,5.5457,True,1.25804924242424,True,0.5837821968323385,BOTH
2018-08-10,6.4275,True,3.975151919505202,True,0.7402226079028548,BOTH
2018-08-13,6.8834,True,1.7732399844418476,True,0.7201491040574688,BOTH
2018-08-14,6.3544,True,1.9212888979283496,True,0.7429854973933284,BOTH
2018-08-15,5.9905,True,2.40636847132535,True,0.7402290926415404,BOTH
2018-08-16,5.827,True,3.069413371299068,True,0.7196670023118539,BOTH
2018-08-17,6.014,True,2.526077229276228,True,0.6851908712720123,BOTH
2018-08-20,6.0808,True,2.331987099398552,True,0.6688335927051877,BOTH
2018-08-21,6.0758,False,0.809483685388034,True,0.6169727365090825,ISOLATION_FOREST_ONLY
2018-08-22,6.0512,False,0.3618837561945867,True,0.5782271555672066,ISOLATION_FOREST_ONLY
2018-08-23,6.1247,False,0.8649795159368919,True,0.5921175591372062,ISOLATION_FOREST_ONLY
2018-08-24,6.0068,False,0.4812480611295225,True,0.5724205902653152,ISOLATION_FOREST_ONLY
2018-08-27,6.1217,False,0.4782080308983125,True,0.5687651075618582,ISOLATION_FOREST_ONLY
2018-08-28,6.273,False,0.6178839211330149,True,0.5974434586803394,ISOLATION_FOREST_ONLY
2018-08-29,6.4752,True,1.23194932736729,True,0.6324827636572323,BOTH
2018-08-30,6.6519,True,1.531801144783102,True,0.6411149617189245,BOTH
2018-08-31,6.538,True,1.5434233082488318,True,0.638496802280464,BOTH
2018-09-03,6.634,True,1.488508585873264,True,0.6268423979019123,BOTH
2018-09-04,6.6711,True,1.1566958189266918,True,0.6101670367311005,BOTH
2018-09-05,6.6011,False,0.365807595083824,True,0.5861730746272366,ISOLATION_FOREST_ONLY
2018-09-06,6.5827,False,0.2074796957157603,True,0.5675765535393572,ISOLATION_FOREST_ONLY
2018-09-07,6.397,False,0.7052577209959424,True,0.5759891805287392,ISOLATION_FOREST_ONLY
2018-09-10,6.4616,False,0.500915245372928,True,0.5417636519382357,ISOLATION_FOREST_ONLY
2018-09-11,6.4302,False,0.699944794723536,True,0.5322008600958673,ISOLATION_FOREST_ONLY
2018-09-12,6.342,False,0.752825638492606,True,0.5377813692424446,ISOLATION_FOREST_ONLY
2018-09-13,6.0812,True,1.457128744515792,True,0.6267540782732699,BOTH
2018-09-14,6.1703,False,0.658686114420202,True,0.5583624893641121,ISOLATION_FOREST_ONLY
2018-09-17,6.3144,False,0.5838451939127725,True,0.5564691548477313,ISOLATION_FOREST_ONLY
2018-09-18,6.3846,False,0.4187469543323434,True,0.5237714333904852,ISOLATION_FOREST_ONLY
2018-09-19,6.2493,False,0.5297904332299574,True,0.5474267392649954,ISOLATION_FOREST_ONLY
2018-09-20,6.196,False,0.333556091466428,True,0.5268378854556923,ISOLATION_FOREST_ONLY
2018-09-21,6.2937,False,0.3942059393156874,True,0.5267050468138771,ISOLATION_FOREST_ONLY
2018-09-24,6.1524,False,0.56127556127556,True,0.546681704514657,ISOLATION_FOREST_ONLY
2018-09-25,6.1618,False,0.6473545050411119,True,0.524864599101146,ISOLATION_FOREST_ONLY
2018-09-26,6.107,False,0.4134584652933139,False,0.5169697994666551,NEITHER
2018-09-27,6.008,False,0.54624168288927,True,0.536577663144932,ISOLATION_FOREST_ONLY
2018-09-28,6.056,False,0.690647063950956,True,0.5246253669861071,ISOLATION_FOREST_ONLY
2018-10-01,5.936,False,0.6287590434959479,True,0.5409030546244162,ISOLATION_FOREST_ONLY
2018-10-02,5.9846,False,0.514861841531802,False,0.515717850905247,NEITHER
2018-10-03,6.0458,False,0.2556561842061249,False,0.5006507662636288,NEITHER
2018-10-04,6.1627,False,0.4833934301498575,False,0.5177395001867796,NEITHER
2018-10-05,6.1333,False,0.2418105845050737,False,0.4817393471078345,NEITHER
2018-10-08,6.1106,False,0.507307435279076,False,0.48908082050381096,NEITHER
2018-10-09,6.1011,False,0.338495510939362,False,0.47770936835467764,NEITHER
2018-10-10,6.076,False,0.1637569007445698,False,0.4691181864960095,NEITHER
2018-10-11,5.9258,False,0.68832263125781,True,0.5472900217942794,ISOLATION_FOREST_ONLY
2018-10-12,5.8721,False,0.7589272743121159,True,0.5334183038311575,ISOLATION_FOREST_ONLY
2018-10-15,5.7867,False,0.941104686637416,True,0.5643547121457975,ISOLATION_FOREST_ONLY
2018-10-16,5.6856,True,1.2072522300026138,True,0.5935952976775477,BOTH
2018-10-17,5.5835,True,1.430978876717898,True,0.6124754601762425,BOTH
2018-10-18,5.6425,False,0.823139727460264,True,0.5783935998753157,ISOLATION_FOREST_ONLY
2018-10-19,5.6425,False,0.6671121829328499,True,0.5452523957515184,ISOLATION_FOREST_ONLY
2018-10-22,5.6689,False,0.342272714065722,True,0.5267764222515352,ISOLATION_FOREST_ONLY
2018-10-23,5.737,False,0.333337027575082,True,0.5290813534524412,ISOLATION_FOREST_ONLY
2018-10-24,5.7023,False,0.345178254932154,True,0.5253417447127401,ISOLATION_FOREST_ONLY
2018-10-25,5.6345,False,0.2972484786840375,True,0.5244797159208259,ISOLATION_FOREST_ONLY
2018-10-26,5.5929,False,0.184577158576625,True,0.5223558926487785,ISOLATION_FOREST_ONLY
2018-10-29,5.5611,False,0.3132173054013999,True,0.529512354616605,ISOLATION_FOREST_ONLY
2018-10-30,5.4746,False,0.762413923351834,True,0.5972267582146795,ISOLATION_FOREST_ONLY
2018-10-31,5.5835,False,0.5325295431267424,True,0.5630292071179334,ISOLATION_FOREST_ONLY
2018-11-01,5.5118,False,0.35650986431124,True,0.5423927074771281,ISOLATION_FOREST_ONLY
2018-11-02,5.4296,False,0.47447482348839,True,0.5577938234625277,ISOLATION_FOREST_ONLY
2018-11-05,5.3134,False,0.5350302048032974,True,0.5858014400070143,ISOLATION_FOREST_ONLY
2018-11-06,5.356,False,0.4897307355353358,True,0.5595730830593463,ISOLATION_FOREST_ONLY
2018-11-07,5.3612,False,0.3720688355547559,True,0.5313170795118575,ISOLATION_FOREST_ONLY
2018-11-08,5.4583,False,0.5036116306859972,True,0.5505873030742573,ISOLATION_FOREST_ONLY
2018-11-09,5.4606,False,0.59498865424641,False,0.5120213320990902,NEITHER
2018-11-12,5.4685,False,0.464990781130548,False,0.5007062240160702,NEITHER
2018-11-13,5.4776,False,0.364557569216468,False,0.4865186002816349,NEITHER
2018-11-14,5.4624,False,0.303398240170286,False,0.4809354594497539,NEITHER
2018-11-15,5.3481,False,0.523121704745165,True,0.533858510158382,ISOLATION_FOREST_ONLY
2018-11-16,5.3318,False,0.3861432147621819,False,0.4969249745975648,NEITHER
2018-11-19,5.3075,False,0.482679018452728,False,0.5059075441067206,NEITHER
2018-11-20,5.3776,False,0.4064596598406586,True,0.5187557959190465,ISOLATION_FOREST_ONLY
2018-11-21,5.308,False,0.4628921767024919,False,0.5179078533595141,NEITHER
2018-11-22,5.296,False,0.3471341031018315,False,0.4851214950810103,NEITHER
2018-11-23,5.2875,False,0.3492367348514627,False,0.48256385868470536,NEITHER
2018-11-26,5.2477,False,0.3664586712925008,False,0.4917692270912607,NEITHER
2018-11-27,5.2716,False,0.2479358215579073,False,0.4846367249623537,NEITHER
2018-11-28,5.2219,False,0.235696942104865,False,0.49664597604452976,NEITHER
2018-11-29,5.1631,False,0.2815067312663949,False,0.5008224583501247,NEITHER
2018-11-30,5.2128,False,0.3561223976251059,False,0.49650327470416933,NEITHER
2018-12-03,5.2501,False,0.596869839977614,False,0.4783497012072926,NEITHER
2018-12-04,5.3875,False,0.904663216507492,True,0.5440798214576807,ISOLATION_FOREST_ONLY
2018-12-05,5.3262,False,0.8189958275823159,False,0.5125559974166203,NEITHER
2018-12-06,5.3386,False,0.742493987724756,False,0.48461205130917523,NEITHER
2018-12-07,5.3029,False,0.5892006148079338,False,0.47919253727529376,NEITHER
2018-12-10,5.3248,False,0.6054679104666655,False,0.47239953469913615,NEITHER
2018-12-11,5.3653,False,0.3330256282386025,False,0.4289252462794518,NEITHER
2018-12-12,5.3482,False,0.310885975140588,False,0.4263633579474659,NEITHER
2018-12-13,5.3392,False,0.2475898474577548,False,0.4189576155210816,NEITHER
2018-12-14,5.3635,False,0.7947976366560459,False,0.4377834774979036,NEITHER
2018-12-17,5.3686,False,0.742746248689818,False,0.4298318976000788,NEITHER
2018-12-18,5.345,False,0.2965448600568839,False,0.42012763165584965,NEITHER
2018-12-19,5.2861,False,0.2926398546772443,False,0.42895693591096756,NEITHER
2018-12-20,5.2649,False,0.2687267794763064,False,0.41317811499761725,NEITHER
2018-12-21,5.3181,False,0.3553262958162713,False,0.42119799044082734,NEITHER
2018-12-24,5.289,False,0.3626127553588906,False,0.41653602242779963,NEITHER
2018-12-25,5.3101,False,0.3875538005269263,False,0.4056689042472675,NEITHER
2018-12-26,5.2766,False,0.3351309340081662,False,0.41139102490042545,NEITHER
2018-12-27,5.285,False,0.3332092532644694,False,0.3978373488128755,NEITHER
2018-12-28,5.2725,False,0.2166827833312224,False,0.4032096389046435,NEITHER
2018-12-31,5.2887,False,0.2080702809228565,False,0.39680864615443334,NEITHER
2019-01-01,5.2933,False,0.1906029930346219,False,0.3961739138699316,NEITHER
2019-01-02,5.4003,True,1.102087415455068,False,0.48972420539835676,BASELINE_ONLY
2019-01-03,5.4664,True,1.3844222286465997,False,0.4625973440793894,BASELINE_ONLY
2019-01-04,5.3311,True,1.168456843018966,True,0.518921551077021,BOTH
2019-01-07,5.3848,True,1.43530690366882,False,0.47291611058244715,BASELINE_ONLY
2019-01-08,5.4811,True,1.6842621432340958,False,0.5052753533983451,BASELINE_ONLY
2019-01-09,5.4768,False,0.86650588884714,False,0.4359880549268792,NEITHER
2019-01-10,5.4168,False,0.7980172067017397,False,0.4270597583226857,NEITHER
2019-01-11,5.455,False,0.591553098871374,False,0.3980924087202067,NEITHER
2019-01-14,5.4447,False,0.5101779462092298,False,0.3774870651879212,NEITHER
2019-01-15,5.4466,False,0.3078142033330421,False,0.36061305248041176,NEITHER
2019-01-16,5.3363,False,0.5063897552230305,False,0.4261357688252562,NEITHER
2019-01-17,5.348,False,0.4900178819531234,False,0.3844866244593704,NEITHER
2019-01-18,5.3283,False,0.4229601273147526,False,0.38191646216236463,NEITHER
2019-01-21,5.3247,False,0.428878368180518,False,0.37828737327442835,NEITHER
2019-01-22,5.3435,False,0.4603604711808584,False,0.3751216074656796,NEITHER
2019-01-23,5.286,False,0.2792190274827511,False,0.3905082497771969,NEITHER
2019-01-24,5.265,False,0.2598607809166644,False,0.3776744210529634,NEITHER
2019-01-25,5.2688,False,0.2767606412982729,False,0.37235368967466614,NEITHER
2019-01-28,5.3279,False,0.4271363801340578,False,0.38361530838525965,NEITHER
2019-01-29,5.3098,False,0.4224261950977136,False,0.37585581570741283,NEITHER
2019-01-30,5.2252,False,0.4989073530279627,False,0.4106887850607938,NEITHER
2019-01-31,5.1645,False,0.5558154410560555,False,0.41845147915721925,NEITHER
2019-02-01,5.2084,False,0.6193989739048186,False,0.410563382214107,NEITHER
2019-02-04,5.2182,False,0.5118383352244074,False,0.39739683333203246,NEITHER
2019-02-05,5.1985,False,0.5114201737655407,False,0.39775840514236394,NEITHER
2019-02-06,5.2168,False,0.3975341656200063,False,0.36724427701974777,NEITHER
2019-02-07,5.2668,False,0.37328273521738,False,0.3880801404247974,NEITHER
2019-02-08,5.2474,False,0.2964350578300985,False,0.3602982042591,NEITHER
2019-02-11,5.2779,False,0.3136963514253872,False,0.3686063530769233,NEITHER
2019-02-12,5.2516,False,0.3360761061131,False,0.36669434364468895,NEITHER
2019-02-13,5.285,False,0.3559360957278291,False,0.36915650635987446,NEITHER
2019-02-14,5.2729,False,0.2958157436905813,False,0.3521564178187851,NEITHER
2019-02-15,5.2714,False,0.2730487123744822,False,0.3518120915716784,NEITHER
2019-02-18,5.3083,False,0.2902218732886976,False,0.3595764716933142,NEITHER
2019-02-19,5.2828,False,0.2872578088117049,False,0.35918398951287156,NEITHER
2019-02-20,5.3244,False,0.3101887559067195,False,0.36402391270492196,NEITHER
2019-02-21,5.3214,False,0.3011679918395076,False,0.35384721934760793,NEITHER
2019-02-22,5.3186,False,0.3052101065704451,False,0.35265526862646107,NEITHER
2019-02-25,5.3026,False,0.273587404350899,False,0.3537557834413931,NEITHER
2019-02-26,5.3066,False,0.2514778646369699,False,0.3492935420806959,NEITHER
2019-02-27,5.3136,False,0.1033063765426589,False,0.3581776797974028,NEITHER
2019-02-28,5.3371,False,0.1676840048820835,False,0.35641560794513527,NEITHER
2019-03-01,5.3742,False,0.2805786330003108,False,0.3636372606507647,NEITHER
2019-03-04,5.3769,False,0.2711134626261139,False,0.36287043694946386,NEITHER
2019-03-05,5.387,False,0.293371768440638,False,0.3638589180302147,NEITHER
2019-03-06,5.4288,False,0.420353578661218,False,0.3843672312447698,NEITHER
2019-03-07,5.4712,False,0.489317837660322,False,0.389439892711685,NEITHER
2019-03-08,5.4303,False,0.522545772072387,False,0.38019743636203096,NEITHER
2019-03-11,5.4455,False,0.3819201965066409,False,0.3526454815873074,NEITHER
2019-03-12,5.4572,False,0.3824652694487735,False,0.3536233528881866,NEITHER
2019-03-13,5.4564,False,0.3475030486473477,False,0.34289392847166716,NEITHER
2019-03-14,5.4671,False,0.265580686576136,False,0.3416219520299398,NEITHER
2019-03-15,5.4467,False,0.3255950521422606,False,0.3604909180874507,NEITHER
2019-03-18,5.4683,False,0.1864178368281302,False,0.34548765848314,NEITHER
2019-03-19,5.4764,False,0.1829048074259838,False,0.3422707185949424,NEITHER
2019-03-20,5.4208,False,0.745827862710492,False,0.38795498443058585,NEITHER
2019-03-21,5.4652,False,0.4435361965024912,False,0.35693904002762555,NEITHER
2019-03-22,5.7627,True,2.750186108907983,True,0.5901050666064583,BOTH
2019-03-25,5.5503,True,1.4238060700610546,True,0.5673309599831466,BOTH
2019-03-26,5.3279,True,1.50619721855356,True,0.6126549473214984,BOTH
2019-03-27,5.3278,True,1.5356779210897462,True,0.5737775533781819,BOTH
2019-03-28,5.561,True,1.6071903525155484,True,0.6038432573369288,BOTH
2019-03-29,5.5555,True,1.281921299582808,True,0.5268584968847043,BOTH
2019-04-01,5.4863,True,1.1330373819391188,False,0.4960673844607039,BASELINE_ONLY
2019-04-02,5.605,False,0.961701979974668,False,0.5046370107062577,NEITHER
2019-04-03,5.626,True,1.03493154250612,False,0.49037946964710305,BASELINE_ONLY
2019-04-04,5.5925,False,0.4821751482269813,False,0.41106719981528805,NEITHER
2019-04-05,5.6262,False,0.4855926201156963,False,0.41227886748363296,NEITHER
2019-04-08,5.6903,False,0.708001457650056,False,0.43573896509879806,NEITHER
2019-04-09,5.6943,False,0.309924167490932,False,0.40253497785730175,NEITHER
2019-04-10,5.6818,False,0.2596668890122025,False,0.39599132475989646,NEITHER
2019-04-11,5.7388,False,0.5077481041872759,False,0.4246752540389798,NEITHER
2019-04-12,5.7693,False,0.4737362694570239,False,0.41656076199607683,NEITHER
2019-04-15,5.8041,False,0.251271105558158,False,0.4129137469575769,NEITHER
2019-04-16,5.7703,False,0.244769381733574,False,0.4009947372269657,NEITHER
2019-04-17,5.7387,False,0.2740028958346178,False,0.3999663171667356,NEITHER
2019-04-18,5.8018,False,0.2836263445678275,False,0.4013771532580726,NEITHER
2019-04-19,5.8112,False,0.2759529884264217,False,0.3814977911941944,NEITHER
2019-04-22,5.8272,False,0.2629351267338402,False,0.37399111886127373,NEITHER
2019-04-23,5.8287,False,0.2254042835237538,False,0.36812636005365135,NEITHER
2019-04-24,5.8753,False,0.225357936631002,False,0.3906374985736131,NEITHER
2019-04-25,5.9268,False,0.2191377461576425,False,0.38329628875266397,NEITHER
2019-04-26,5.9382,False,0.1481626842461456,False,0.3751855939853791,NEITHER
2019-04-29,5.9483,False,0.1534641614438767,False,0.3730584788857828,NEITHER
2019-04-30,5.9656,False,0.1340750129351122,False,0.3772628982123579,NEITHER
2019-05-01,5.9665,False,0.1399278968206591,False,0.37222666610994243,NEITHER
2019-05-02,5.9645,False,0.1531711552334541,False,0.38019525587274317,NEITHER
2019-05-03,5.9648,False,0.1588123435113366,False,0.380195432801246,NEITHER
2019-05-06,6.0803,False,0.8180539183261872,False,0.4248602972949468,NEITHER
2019-05-07,6.1511,False,0.3487328413263262,False,0.40117764402162487,NEITHER
2019-05-08,6.186,False,0.3213187970254008,False,0.39240425502493864,NEITHER
2019-05-09,6.1926,False,0.3100235333091128,False,0.39286092313473675,NEITHER
2019-05-10,5.9851,True,1.576247125878589,True,0.5276548044608086,BOTH
2019-05-13,6.0594,False,0.6873948505374463,False,0.44431374445730637,NEITHER
2019-05-14,6.0306,False,0.6420026877072104,False,0.43264676520420187,NEITHER
2019-05-15,6.0007,False,0.619771985918674,False,0.44506370750038693,NEITHER
2019-05-16,6.0457,False,0.6438754914703624,False,0.4338184757391786,NEITHER
2019-05-17,6.055,False,0.2752936860289585,False,0.376212242134471,NEITHER
2019-05-20,6.0272,False,0.1987641281593908,False,0.3830743298163033,NEITHER
2019-05-21,6.0525,False,0.1969872498415102,False,0.3699757679232437,NEITHER
2019-05-22,6.1002,False,0.32135129024965,False,0.38856972961199227,NEITHER
2019-05-23,6.0964,False,0.1704029827173634,False,0.36964752317359256,NEITHER
2019-05-24,6.0825,False,0.1821585737011919,False,0.369560663764243,NEITHER
2019-05-27,6.0629,False,0.1694295803956887,False,0.3724974796337387,NEITHER
2019-05-28,6.0319,False,0.1813445104340742,False,0.3808431836943126,NEITHER
2019-05-29,6.0121,False,0.284533152472304,False,0.40626403221490065,NEITHER
2019-05-30,5.8772,False,0.707941736911798,False,0.48050896103249435,NEITHER
2019-05-31,5.8382,False,0.789006233246132,False,0.45580191413281856,NEITHER
2019-06-03,5.8339,False,0.7395924167554819,False,0.44499098942301374,NEITHER
2019-06-04,5.7824,False,0.8058004715305379,False,0.46325853586884724,NEITHER
2019-06-05,5.731,False,0.907857765720376,False,0.4787903446533556,NEITHER
2019-06-06,5.7801,False,0.313600103349156,False,0.4273141047530012,NEITHER
2019-06-07,5.831,False,0.3047538032295305,False,0.3976994791075934,NEITHER
2019-06-10,5.7747,False,0.3374066151746591,False,0.4125898850147001,NEITHER
2019-06-11,5.7976,False,0.3173328187994366,False,0.39322513554414434,NEITHER
2019-06-12,5.808,False,0.2615373554207693,False,0.3969119302462242,NEITHER
2019-06-13,5.8682,False,0.3881094788081408,False,0.40264262602498463,NEITHER
2019-06-14,5.9015,False,0.2950642751521403,False,0.3783332672350591,NEITHER
2019-06-17,5.8733,False,0.318444595161968,False,0.38190331411572004,NEITHER
2019-06-18,5.8284,False,0.354569351706876,False,0.3770891400726403,NEITHER
2019-06-19,5.7914,False,0.3849906743943911,False,0.38252771429753596,NEITHER
2019-06-20,5.7644,False,0.3352388334463719,False,0.3925982287578517,NEITHER
2019-06-21,5.8214,False,0.4065961318213239,False,0.40189397528608445,NEITHER
2019-06-24,5.809,False,0.4003237724822132,False,0.37910072209791235,NEITHER
2019-06-25,5.7949,False,0.3812277696128637,False,0.3737498049974016,NEITHER
2019-06-26,5.7749,False,0.3526052182294085,False,0.3767989080713028,NEITHER
2019-06-27,5.7725,False,0.3275246943565456,False,0.36922920587530395,NEITHER
2019-06-28,5.7921,False,0.1614884075241523,False,0.3835957070962076,NEITHER
2019-07-01,5.6507,False,0.9078066739346928,False,0.5025354127417974,NEITHER
2019-07-02,5.6528,False,0.63420399007807,False,0.4365671989660896,NEITHER
2019-07-03,5.6249,False,0.631280889819204,False,0.4395293139482184,NEITHER
2019-07-04,5.5953,False,0.618977938551212,False,0.4527076345310315,NEITHER
2019-07-05,5.6288,False,0.653616856388341,False,0.45018204929196554,NEITHER
2019-07-08,5.7367,False,0.6714795366248382,False,0.43895014238178715,NEITHER
2019-07-09,5.7322,False,0.5633029101250397,False,0.39207858993965117,NEITHER
2019-07-10,5.6741,False,0.6242651541004879,False,0.41459161858239485,NEITHER
2019-07-11,5.6734,False,0.6002720478882034,False,0.4025245967773938,NEITHER
2019-07-12,5.72,False,0.6074325478656832,False,0.40904944972427176,NEITHER
2019-07-15,5.7148,False,0.3587766863593173,False,0.3716465356431112,NEITHER
2019-07-16,5.7118,False,0.3588227919737781,False,0.37037509118478124,NEITHER
2019-07-17,5.6842,False,0.2651714912864939,False,0.3745673092402417,NEITHER
2019-07-18,5.6181,False,0.3994236985182161,False,0.40651657301112115,NEITHER
2019-07-19,5.6551,False,0.3668024343960143,False,0.39035230399357257,NEITHER
2019-07-22,5.677,False,0.3971393217977139,False,0.37669297061059426,NEITHER
2019-07-23,5.7178,False,0.448050239748631,False,0.3802413963113016,NEITHER
2019-07-24,5.7085,False,0.427290795380216,False,0.3700387455550542,NEITHER
2019-07-25,5.7027,False,0.2732293382424179,False,0.3809742622251575,NEITHER
2019-07-26,5.6718,False,0.2700415122429647,False,0.37588588712244075,NEITHER
2019-07-29,5.6148,False,0.3595939039844548,False,0.3944981068640348,NEITHER
2019-07-30,5.5597,False,0.510609437070052,False,0.4344964077531842,NEITHER
2019-07-31,5.5864,False,0.394341633562636,False,0.4051742174344935,NEITHER
2019-08-01,5.6039,False,0.4034667722658601,False,0.3805721970908921,NEITHER
2019-08-02,5.5597,False,0.4728043011275259,False,0.4000394050473143,NEITHER
2019-08-05,5.5715,False,0.4501873309118938,False,0.3780443622854902,NEITHER
2019-08-06,5.5209,False,0.4325987542770967,False,0.40467544154083923,NEITHER
2019-08-07,5.4938,False,0.3724119469602266,False,0.397251771377847,NEITHER
2019-08-08,5.4782,False,0.4121176354873619,False,0.41437191156316366,NEITHER
2019-08-09,5.4917,False,0.3249459683159147,False,0.39773889382651534,NEITHER
2019-08-12,5.564,False,0.6546290117706522,False,0.417086129692883,NEITHER
2019-08-13,5.5629,False,0.4587702035913616,False,0.37265251461524035,NEITHER
2019-08-14,5.6128,False,0.4280367856643422,False,0.3995238165379496,NEITHER
2019-08-15,5.568,False,0.5282245792686034,False,0.4017108872679401,NEITHER
2019-08-16,5.5785,False,0.5286436481736895,False,0.3908033067035089,NEITHER
2019-08-19,5.6609,False,0.5838357090057523,False,0.42243619522241554,NEITHER
2019-08-20,5.729,False,0.8198141518175379,False,0.4253414526995847,NEITHER
2019-08-21,5.7162,False,0.958534133196848,False,0.4062446819414235,NEITHER
2019-08-22,5.7688,True,1.242022420473882,False,0.43624993179124033,BASELINE_ONLY
2019-08-23,5.7599,True,1.118037191981548,False,0.4201457399380252,BASELINE_ONLY
2019-08-26,5.8252,False,0.971548166595646,False,0.4198341433780489,NEITHER
2019-08-27,5.8275,False,0.6909837366118319,False,0.38335743334370537,NEITHER
2019-08-28,5.8134,False,0.4140761059080146,False,0.3699006817289215,NEITHER
2019-08-29,5.84,False,0.3675808715443073,False,0.3618708220089417,NEITHER
2019-08-30,5.8306,False,0.3722654653550371,False,0.3607108802985685,NEITHER
2019-09-02,5.8068,False,0.2301242283288786,False,0.3621608544107593,NEITHER
2019-09-03,5.7293,False,0.536498640198184,False,0.3968831425696693,NEITHER
2019-09-04,5.667,False,0.496145047869184,False,0.4029703932164317,NEITHER
2019-09-05,5.6917,False,0.5025840887909859,False,0.38618912410721185,NEITHER
2019-09-06,5.7155,False,0.5358013847620351,False,0.37029416661585923,NEITHER
2019-09-09,5.75,False,0.6070900447630816,False,0.35973541535560033,NEITHER
2019-09-10,5.7683,False,0.4517740434950504,False,0.3529797350902796,NEITHER
2019-09-11,5.7515,False,0.491631016725492,False,0.369964721837966,NEITHER
2019-09-12,5.6566,False,0.5957963332815602,False,0.4003324654871371,NEITHER
2019-09-13,5.6861,False,0.597783919422114,False,0.36511461168221776,NEITHER
2019-09-16,5.729,False,0.6122791554790349,False,0.3653320964834753,NEITHER
2019-09-17,5.7016,False,0.6018649025392225,False,0.373318896567931,NEITHER
2019-09-18,5.6768,False,0.6041910153567859,False,0.3772635704924724,NEITHER
2019-09-19,5.7187,False,0.3921427855221061,False,0.36304699220211323,NEITHER
2019-09-20,5.7439,False,0.3862233981077955,False,0.35207033584457925,NEITHER
2019-09-23,5.7174,False,0.3976908940481592,False,0.35073091439971776,NEITHER
2019-09-24,5.6973,False,0.3822282942480279,False,0.34831483609357217,NEITHER
2019-09-25,5.6706,False,0.3867804428637587,False,0.35153250490996474,NEITHER
2019-09-26,5.6655,False,0.2613565081130944,False,0.3568685718529324,NEITHER
2019-09-27,5.6708,False,0.2503424657534239,False,0.36775085315689887,NEITHER
2019-09-30,5.6489,False,0.234589041095888,False,0.3749644219578584,NEITHER
2019-10-01,5.7231,False,0.5276856478548201,False,0.37273505914196553,NEITHER
2019-10-02,5.702,False,0.5035534857186694,False,0.3517274529622575,NEITHER
2019-10-03,5.6947,False,0.5055108741805705,False,0.34850665832614747,NEITHER
2019-10-04,5.6962,False,0.512211679908193,False,0.3487750929785343,NEITHER
2019-10-07,5.8328,False,0.9375057607385822,False,0.46028991715447937,NEITHER
2019-10-08,5.8311,False,0.7546106655421154,False,0.38342371673260056,NEITHER
2019-10-09,5.8712,False,0.7013682511938996,False,0.3931297421534918,NEITHER
2019-10-10,5.8365,False,0.7763628829425657,False,0.3992264966689559,NEITHER
2019-10-11,5.8853,False,0.755906988916847,False,0.39919401805944726,NEITHER
2019-10-14,5.9271,False,0.409105794311471,False,0.357286814967661,NEITHER
2019-10-15,5.9165,False,0.4278792146804283,False,0.3528988622148047,NEITHER
2019-10-16,5.887,False,0.450239152263288,False,0.3596296783784608,NEITHER
2019-10-17,5.8299,False,0.5119972067569704,False,0.373495988247154,NEITHER
2019-10-18,5.7919,False,0.45620961347033,False,0.37835194227122665,NEITHER
2019-10-21,5.8582,False,0.5379030708407906,False,0.3765172886641309,NEITHER
2019-10-22,5.8084,False,0.5683695524605331,False,0.3851541581127162,NEITHER
2019-10-23,5.7351,False,0.6149333289445766,False,0.41460182878193297,NEITHER
2019-10-24,5.7647,False,0.6482294402944146,False,0.3758656076589232,NEITHER
2019-10-25,5.7748,False,0.6412204580129337,False,0.36150400683193096,NEITHER
2019-10-28,5.7312,False,0.4806643367549892,False,0.3905835466725939,NEITHER
2019-10-29,5.7373,False,0.4802839868434614,False,0.36608222480586405,NEITHER
2019-10-30,5.702,False,0.3547924339167964,False,0.36867073350895546,NEITHER
2019-10-31,5.713,False,0.3031935016519025,False,0.3638879825084377,NEITHER
2019-11-01,5.7124,False,0.284531915983925,False,0.3649138401117252,NEITHER
2019-11-04,5.7387,False,0.2650871802601567,False,0.3510136360926717,NEITHER
2019-11-05,5.7533,False,0.2733848115696071,False,0.3470094379685421,NEITHER
2019-11-06,5.7508,False,0.1646673752762699,False,0.35519049778221423,NEITHER
2019-11-07,5.7522,False,0.146250255920687,False,0.3518428333891327,NEITHER
2019-11-08,5.7668,False,0.183563631455518,False,0.35849466413589093,NEITHER
2019-11-11,5.7733,False,0.116751868536046,False,0.3553347886490713,NEITHER
2019-11-12,5.7776,False,0.0867101018590485,False,0.3547632096182399,NEITHER
2019-11-13,5.7403,False,0.2508005276956507,False,0.35930200804910634,NEITHER
2019-11-14,5.7477,False,0.2599096381023075,False,0.346368513460972,NEITHER
2019-11-15,5.7453,False,0.2364471123499001,False,0.3471831565037323,NEITHER
2019-11-18,5.7369,False,0.2294948688756972,False,0.3531282225295467,NEITHER
2019-11-19,5.699,False,0.2957635907723802,False,0.38284369715429334,NEITHER
2019-11-20,5.6997,False,0.226081029941823,False,0.3602686781315149,NEITHER
2019-11-21,5.6966,False,0.2041313251624323,False,0.36703059547409433,NEITHER
2019-11-22,5.7132,False,0.2570482543067044,False,0.36076346617453675,NEITHER
2019-11-25,5.7416,False,0.3966876965819532,False,0.356693476864757,NEITHER
2019-11-26,5.7597,False,0.2346391634911032,False,0.3659172120649443,NEITHER
2019-11-27,5.7779,False,0.2638727202173059,False,0.36999610468879923,NEITHER
2019-11-28,5.7585,False,0.3325809826711217,False,0.3708171001252494,NEITHER
2019-11-29,5.747,False,0.2841174439955742,False,0.35338693712670816,NEITHER
2019-12-02,5.7415,False,0.2364931983587674,False,0.34994135744787586,NEITHER
2019-12-03,5.7431,False,0.1956004448107936,False,0.35199434007878266,NEITHER
2019-12-04,5.7508,False,0.1459331853525466,False,0.3590760241628297,NEITHER
2019-12-05,5.7485,False,0.1058335736332448,False,0.3564293866406298,NEITHER
2019-12-06,5.7766,False,0.4118570871337738,False,0.35967882698972575,NEITHER
2019-12-09,5.8113,False,0.4721762967782964,False,0.3724791132782814,NEITHER
2019-12-10,5.8057,False,0.2663246966611708,False,0.35547948655775913,NEITHER
2019-12-11,5.8074,False,0.2766015850474677,False,0.3501679767104281,NEITHER
2019-12-12,5.7914,False,0.3273235727774881,False,0.3559652232571335,NEITHER
2019-12-13,5.8082,False,0.2971981701457367,False,0.3450524527375254,NEITHER
2019-12-16,5.8498,False,0.5250269644016256,False,0.35970216182593634,NEITHER
2019-12-17,5.886,False,0.3788716019148112,False,0.36520244994928164,NEITHER
2019-12-18,5.9261,False,0.415191173507946,False,0.3777523792692879,NEITHER
2019-12-19,5.9417,False,0.45789677920062,False,0.37968057790453535,NEITHER
2019-12-20,5.94,False,0.395485742625118,False,0.37392402166246735,NEITHER
2019-12-23,5.9486,False,0.2629177600444946,False,0.35913358746908125,NEITHER
2019-12-24,5.9468,False,0.2622444730660503,False,0.34720598097976096,NEITHER
2019-12-25,5.935,False,0.2773026186794075,False,0.35036378546989166,NEITHER
2019-12-26,5.9335,False,0.1208937421928473,False,0.3472444757988221,NEITHER
2019-12-27,5.9502,False,0.164922116021485,False,0.3425248657805023,NEITHER
2019-12-30,5.9479,False,0.1868921890431473,False,0.34292839228060074,NEITHER
2019-12-31,5.9489,False,0.1862523937016794,False,0.3399126183633407,NEITHER
2020-01-01,5.9466,False,0.1779189979921585,False,0.34344475095784177,NEITHER
2020-01-02,5.9566,False,0.1570004783434704,False,0.3401664312141253,NEITHER
2020-01-03,5.9723,False,0.1538410141989714,False,0.34392222890089313,NEITHER
2020-01-06,5.969,False,0.1889679167180993,False,0.34329454109206387,NEITHER
2020-01-07,5.9727,False,0.1581305114021741,False,0.34028098323684686,NEITHER
2020-01-08,5.9091,True,1.097925955545607,False,0.42410978791735865,BASELINE_ONLY
2020-01-09,5.8739,False,0.6217262647424145,False,0.39399402952034335,NEITHER
2020-01-10,5.8777,False,0.5829411660983508,False,0.37882085825265394,NEITHER
2020-01-13,5.8671,False,0.602820044088018,False,0.38539669495143597,NEITHER
2020-01-14,5.8819,False,0.683831595797329,False,0.38882868363884027,NEITHER
2020-01-15,5.8758,False,0.4536489023257682,False,0.3599247796841961,NEITHER
2020-01-16,5.8597,False,0.3015805534702839,False,0.36336146960757243,NEITHER
2020-01-17,5.8908,False,0.4831843166812053,False,0.3632085903850726,NEITHER
2020-01-20,5.9132,False,0.4959120237144396,False,0.3559473554050714,NEITHER
2020-01-21,5.9376,False,0.5184131049379712,False,0.3579188354747055,NEITHER
2020-01-22,5.9222,False,0.5878003413086867,False,0.35283786301289627,NEITHER
2020-01-23,5.9344,False,0.464444947858131,False,0.35536657947445244,NEITHER
2020-01-24,5.9391,False,0.4087198753140161,False,0.3426562502744875,NEITHER
2020-01-27,5.944,False,0.3711125570235326,False,0.33971161904729535,NEITHER
2020-01-28,5.9403,False,0.2703713328944124,False,0.3410700197942908,NEITHER
2020-01-29,5.9567,False,0.1978069729780899,False,0.3473264165223175,NEITHER
2020-01-30,5.9725,False,0.2157975041630815,False,0.34660417209810945,NEITHER
2020-01-31,5.9822,False,0.2127522915211736,False,0.34509761697034885,NEITHER
2020-02-03,5.9844,False,0.2225151393540456,False,0.34356223470860475,NEITHER
2020-02-04,5.9801,False,0.2271646554038085,False,0.3440136740211334,NEITHER
2020-02-05,5.9827,False,0.2042497787497395,False,0.34152690683388315,NEITHER
2020-02-06,5.9874,False,0.1331840452557278,False,0.34367943726008293,NEITHER
2020-02-07,6.0153,False,0.4220484069069426,False,0.3484948459095131,NEITHER
2020-02-10,6.0108,False,0.3467147379969597,False,0.34305015743319345,NEITHER
2020-02-11,6.0163,False,0.3340145780695308,False,0.3364549689762406,NEITHER
2020-02-12,6.042,False,0.384649569202608,False,0.34633092989561465,NEITHER
2020-02-13,6.0405,False,0.4124125870453212,False,0.3414478993392353,NEITHER
2020-02-14,6.0505,False,0.3220491351750009,False,0.3356531657960088,NEITHER
2020-02-17,6.0449,False,0.3332017347772569,False,0.34218491412787966,NEITHER
2020-02-18,6.0642,False,0.3639230991054694,False,0.3409144109762281,NEITHER
2020-02-19,6.0823,False,0.3076117133053004,False,0.34065585898444567,NEITHER
2020-02-20,6.1004,False,0.2898952075883198,False,0.34345537806492277,NEITHER
2020-02-21,6.0964,False,0.3546426633329903,False,0.34413073900044316,NEITHER
2020-02-24,6.1177,False,0.3100790228612693,False,0.3471974387122949,NEITHER
2020-02-25,6.1441,False,0.3940061702344625,False,0.351118362822681,NEITHER
2020-02-26,6.159,False,0.3159362101470445,False,0.34434462950045236,NEITHER
2020-02-27,6.2078,False,0.843060443660788,False,0.38641068221219554,NEITHER
2020-02-28,6.2427,False,0.3976744029594324,False,0.36852788354388216,NEITHER
2020-03-02,6.1743,True,1.3323490152138238,False,0.45845078575587733,BASELINE_ONLY
2020-03-03,6.107,True,1.205796048511531,False,0.4622329804993731,BASELINE_ONLY
2020-03-04,6.0773,True,1.1656237864916963,False,0.43778123816551184,BASELINE_ONLY
2020-03-05,6.1105,True,1.0718006893218623,False,0.4216222792794647,BASELINE_ONLY
2020-03-06,6.0919,False,0.87004496475618,False,0.41363038019962106,NEITHER
2020-03-09,6.1442,True,1.0057700082896246,False,0.39822898781924876,BASELINE_ONLY
2020-03-10,6.1575,False,0.7277069261614314,False,0.3589568196577624,NEITHER
2020-03-11,6.2091,False,0.6205855263675155,False,0.3827893960603169,NEITHER
2020-03-12,6.3159,False,0.855100430780975,False,0.42961691580725375,NEITHER
2020-03-13,6.3321,False,0.6837338923151648,False,0.39266460827883526,NEITHER
2020-03-16,6.4315,False,0.7314148145775654,False,0.4224970511210022,NEITHER
2020-03-17,6.3974,False,0.952756245420448,False,0.40661360118127704,NEITHER
2020-03-18,6.4752,False,0.940605162835415,False,0.4106909195197892,NEITHER
2020-03-19,6.5439,False,0.8104798210135324,False,0.3979413881744079,NEITHER
2020-03-20,6.5525,False,0.8286149544849742,False,0.3906823755696475,NEITHER
2020-03-23,6.5617,False,0.6966474441091587,False,0.3761847670685392,NEITHER
2020-03-24,6.4203,True,1.120751022794922,False,0.4672858925070719,BASELINE_ONLY
2020-03-25,6.417,False,0.9895485685766766,False,0.4134198787700757,NEITHER
2020-03-26,6.3979,False,0.8051148384841768,False,0.4070900693715471,NEITHER
2020-03-27,6.455,False,0.9252707492850686,False,0.4099586898438648,NEITHER
2020-03-30,6.5773,True,1.157577964144785,False,0.4394413690485023,BASELINE_ONLY
2020-03-31,6.6143,False,0.6617978495730052,False,0.3882982847831276,NEITHER
2020-04-01,6.703,False,0.63531740421717,False,0.4179131667156844,NEITHER
2020-04-02,6.6153,False,0.9064378518261412,False,0.4283384652901838,NEITHER
2020-04-03,6.731,False,0.93668681108081,False,0.4400792511897908,NEITHER
2020-04-06,6.7815,False,0.838611820605954,False,0.39619549968087087,NEITHER
2020-04-07,6.754,False,0.8949698678431648,False,0.4033055737580803,NEITHER
2020-04-08,6.7737,False,0.820430215959969,False,0.3838245371263472,NEITHER
2020-04-09,6.6746,False,0.8213905935041546,False,0.4109340895463636,NEITHER
2020-04-10,6.7001,False,0.5950776172719396,False,0.37647910391151457,NEITHER
2020-04-13,6.7721,False,0.6462903383930712,False,0.38093632983337866,NEITHER
2020-04-14,6.8155,False,0.651703622883044,False,0.37545379268097245,NEITHER
2020-04-15,6.9118,False,0.7393477070111228,False,0.4017948834416132,NEITHER
2020-04-16,6.9397,False,0.315269483152694,False,0.3944658824659243,NEITHER
2020-04-17,6.9317,False,0.3905669914493255,False,0.3810876321203242,NEITHER
2020-04-20,6.9402,False,0.3878597274227185,False,0.36844183503479494,NEITHER
2020-04-21,6.9812,False,0.3860786614327682,False,0.36896487146741114,NEITHER
2020-04-22,6.9787,False,0.1962038618440981,False,0.36498068238867537,NEITHER
2020-04-23,6.9462,False,0.2517919510053525,False,0.3746366954224759,NEITHER
2020-04-24,6.9742,False,0.2672623041876131,False,0.3579675157208408,NEITHER
2020-04-27,6.9861,False,0.2677854768896167,False,0.35574706898722597,NEITHER
2020-04-28,6.9868,False,0.209110958097932,False,0.35787107712961475,NEITHER
2020-04-29,6.952,False,0.2572708685362639,False,0.37026089953244445,NEITHER
2020-04-30,6.9864,False,0.25501227177579,False,0.35736021256951156,NEITHER
2020-05-01,7.012,False,0.250964087914918,False,0.35232617959248824,NEITHER
2020-05-04,7.043,False,0.270024724876543,False,0.3534419692796443,NEITHER
2020-05-05,7.0746,False,0.2738487901560782,False,0.3554373590730307,NEITHER
2020-05-06,7.1968,False,0.623470914395404,False,0.40888096914763655,NEITHER
2020-05-07,7.1195,False,0.6125674792283563,False,0.40322729940125523,NEITHER
2020-05-08,7.084,False,0.6545311122107683,False,0.38931945651444794,NEITHER
2020-05-11,7.0762,False,0.653461305203602,False,0.3780137296758325,NEITHER
2020-05-12,6.9971,False,0.6965128022991388,False,0.42489082362158326,NEITHER
2020-05-13,6.9748,False,0.6169408626056,False,0.40899593986027205,NEITHER
2020-05-14,6.922,False,0.5488550466874179,False,0.42034612450307973,NEITHER
2020-05-15,6.9012,False,0.508003557136504,False,0.40124190912639496,NEITHER
2020-05-18,6.8851,False,0.531069364161848,False,0.4060248462769221,NEITHER
2020-05-19,6.7775,False,0.6102712316585139,False,0.4544933371431333,NEITHER
2020-05-20,6.7912,False,0.5102267674522,False,0.40642433334094763,NEITHER
2020-05-21,6.7916,False,0.3943298275715696,False,0.38760011761731883,NEITHER
2020-05-22,6.8147,False,0.4367533303410417,False,0.3812107625228724,NEITHER
2020-05-25,6.81,False,0.4468318240322256,False,0.37561721837579537,NEITHER
2020-05-26,6.7275,False,0.3785079314587729,False,0.4050211365627601,NEITHER
2020-05-27,6.7739,False,0.4151595517673884,False,0.37917594305209523,NEITHER
2020-05-28,6.8138,False,0.4476959057174774,False,0.36817239769486554,NEITHER
2020-05-29,6.8202,False,0.4407688341025521,False,0.3592198343058338,NEITHER
2020-06-01,6.8142,False,0.4430488386293054,False,0.3586474952998176,NEITHER
2020-06-02,6.7145,False,0.4884740827715076,False,0.4141264045159112,NEITHER
2020-06-03,6.744,False,0.4640362139223783,False,0.375143483796489,NEITHER
2020-06-04,6.7558,False,0.4380160071114383,False,0.37116705629974656,NEITHER
2020-06-05,6.77,False,0.4450455313663404,False,0.368427453676674,NEITHER
2020-06-08,6.7876,False,0.469768117040263,False,0.365309033743164,NEITHER
2020-06-09,6.7973,False,0.23010226767452,False,0.3904210022588397,NEITHER
2020-06-10,6.7768,False,0.1390099151534826,False,0.37400877594101173,NEITHER
2020-06-11,6.8414,False,0.4269667817810228,False,0.388079235694994,NEITHER
2020-06-12,6.8126,False,0.3328268060989737,False,0.36325988570258194,NEITHER
2020-06-15,6.8363,False,0.3366528125737942,False,0.36001487698030216,NEITHER
2020-06-16,6.8439,False,0.3605696029120938,False,0.35583486656740854,NEITHER
2020-06-17,6.8448,False,0.3300582439930318,False,0.3605814979563594,NEITHER
2020-06-18,6.8562,False,0.1881295323956028,False,0.3589029116223491,NEITHER
2020-06-19,6.8531,False,0.1125500222321059,False,0.36627469433782756,NEITHER
2020-06-22,6.8483,False,0.0705127249944432,False,0.36962952430364215,NEITHER
2020-06-23,6.8511,False,0.0647292972859368,False,0.36670829379005887,NEITHER
2020-06-24,6.8558,False,0.0681087303334164,False,0.36648735035979785,NEITHER
2020-06-25,6.8549,False,0.0430721219780566,False,0.371103944627044,NEITHER
2020-06-26,6.8546,False,0.0419901959921586,False,0.3713435761985406,NEITHER
2020-06-29,6.8548,False,0.0275101593804598,False,0.3753656342190688,NEITHER
2020-06-30,6.8525,False,0.035762589607828,False,0.37529375459039277,NEITHER
2020-07-01,6.8479,False,0.1506159406642926,False,0.38156526828242054,NEITHER
2020-07-02,6.851,False,0.0353900629080488,False,0.3737520999443984,NEITHER
2020-07-03,6.8623,False,0.0873579523266755,False,0.3670624558144344,NEITHER
2020-07-06,6.8609,False,0.0820177057911441,False,0.36542433880120556,NEITHER
2020-07-07,6.8595,False,0.0789601479655922,False,0.3649353666815726,NEITHER
2020-07-08,6.8605,False,0.0709661701525302,False,0.36766720739426034,NEITHER
2020-07-09,6.8619,False,0.0714368227730621,False,0.3686136642701962,NEITHER
2020-07-10,6.8658,False,0.0734834641833018,False,0.38103916289365836,NEITHER
2020-07-13,6.8602,False,0.3060971271102695,False,0.3862639495137037,NEITHER
2020-07-14,6.8642,False,0.1451908746112109,False,0.37715435851003065,NEITHER
2020-07-15,6.8558,False,0.5078690515467664,False,0.39282241790500594,NEITHER
2020-07-16,6.8572,False,0.0787796679068403,False,0.3727542104283373,NEITHER
2020-07-17,6.8587,False,0.0821463576661384,False,0.37479652393391605,NEITHER
2020-07-20,6.8578,False,0.0678004610364635,False,0.3743036656586533,NEITHER
2020-07-21,6.8254,True,1.956666932759568,False,0.45086862376090975,BASELINE_ONLY
2020-07-22,6.8506,False,0.789382401152386,False,0.3828082055484,NEITHER
2020-07-23,6.8439,False,0.2878490275893239,False,0.36082819351152307,NEITHER
2020-07-24,6.8484,False,0.2919236950290156,False,0.3571147821954659,NEITHER
2020-07-27,6.8625,False,0.345996697422075,False,0.3588585582693193,NEITHER
2020-07-28,6.9355,True,1.6627132159745457,False,0.4396314760261265,BASELINE_ONLY
2020-07-29,6.983,False,0.578640369883236,False,0.3934521185105142,NEITHER
2020-07-30,6.9955,False,0.7308548136959799,False,0.38720643640975544,NEITHER
2020-07-31,6.972,False,0.673699740545244,False,0.39530485926410236,NEITHER
2020-08-03,6.9578,False,0.816691758738466,False,0.39381287153671957,NEITHER
2020-08-04,6.9008,False,0.6639519691879073,False,0.40357656358491684,NEITHER
2020-08-05,7.0476,True,1.345083749577556,False,0.47955060398363536,BASELINE_ONLY
2020-08-06,7.2389,True,1.273990665925702,False,0.502880683046218,BASELINE_ONLY
2020-08-07,7.2941,True,1.182817405023685,False,0.4481255077501928,BASELINE_ONLY
2020-08-10,7.3329,True,1.0982764424044444,False,0.4317670908665134,BASELINE_ONLY
2020-08-11,7.2025,True,1.3497909959973524,False,0.48857419311198474,BASELINE_ONLY
2020-08-12,7.3282,True,1.237025902000484,False,0.45380567157611584,BASELINE_ONLY
2020-08-13,7.3354,False,0.954548230920946,False,0.3920441827420753,NEITHER
2020-08-14,7.3664,False,0.9365374123466256,False,0.3896779899127847,NEITHER
2020-08-17,7.3787,False,0.9275589127830222,False,0.38574342499852193,NEITHER
2020-08-18,7.3696,False,0.5664694224638722,False,0.3770627456806757,NEITHER
2020-08-19,7.2905,False,0.4299165218913892,False,0.3859455446193506,NEITHER
2020-08-20,7.2938,False,0.4285772459588607,False,0.36403300892062423,NEITHER
2020-08-21,7.3365,False,0.4575001920775099,False,0.36480984350620094,NEITHER
2020-08-24,7.3768,False,0.5005074793777059,False,0.35917107970603296,NEITHER
2020-08-25,7.3893,False,0.5265237645318435,False,0.3576548212069459,NEITHER
2020-08-26,7.3662,False,0.2913336144597372,False,0.36399518539319287,NEITHER
2020-08-27,7.3587,False,0.30744680140367,False,0.3569907317236174,NEITHER
2020-08-28,7.3329,False,0.2903682311708519,False,0.3591089565356503,NEITHER
2020-08-31,7.3466,False,0.1981844654241442,False,0.364182783071114,NEITHER
2020-09-01,7.3652,False,0.2154505464007439,False,0.3614016403162385,NEITHER
2020-09-02,7.3822,False,0.2044482865483803,False,0.35470718587655936,NEITHER
2020-09-03,7.4335,False,0.2912337498543448,False,0.3560307016790131,NEITHER
2020-09-04,7.4331,False,0.2030839538569612,False,0.3548645169213671,NEITHER
2020-09-07,7.4542,False,0.1996941009923975,False,0.35519726063322626,NEITHER
2020-09-08,7.4817,False,0.2002149365195152,False,0.3575032038586391,NEITHER
2020-09-09,7.4848,False,0.2224699303269472,False,0.3500529390013744,NEITHER
2020-09-10,7.4481,False,0.3808476644142382,False,0.36839751703981694,NEITHER
2020-09-11,7.4724,False,0.2789530253464651,False,0.3458413308084566,NEITHER
2020-09-14,7.484,False,0.2701641915114489,False,0.34105650973078455,NEITHER
2020-09-15,7.4854,False,0.2388341110055218,False,0.3405520158324886,NEITHER
2020-09-16,7.5054,False,0.2557781060550778,False,0.34144537491515164,NEITHER
2020-09-17,7.5464,False,0.3273373997045141,False,0.36255001236355433,NEITHER
2020-09-18,7.5555,False,0.1577819775899969,False,0.3462766071273775,NEITHER
2020-09-21,7.6321,False,0.7166381539996733,False,0.3833796577479491,NEITHER
2020-09-22,7.6622,False,0.2641894212587437,False,0.3564478679922855,NEITHER
2020-09-23,7.7009,False,0.2494650525656995,False,0.36421892718167836,NEITHER
2020-09-24,7.6254,False,0.8867816630077103,False,0.4066389702373492,NEITHER
2020-09-25,7.6582,False,0.5570962190537422,False,0.35802823254713445,NEITHER
2020-09-28,7.8006,False,0.993253933960141,False,0.42383111305769966,NEITHER
2020-09-29,7.8168,False,0.721398654423898,False,0.37076633806253345,NEITHER
2020-09-30,7.7213,False,0.854024259286365,False,0.4098637661990947,NEITHER
2020-10-01,7.746,False,0.7541988226525296,False,0.3660840973833401,NEITHER
2020-10-02,7.758,False,0.7543952946025962,False,0.3650565609044447,NEITHER
2020-10-05,7.7646,False,0.4411758269328266,False,0.35277638968645114,NEITHER
2020-10-06,7.7978,False,0.4634638450261311,False,0.34964842893822756,NEITHER
2020-10-07,7.8818,False,0.3392308569616361,False,0.37480208857228736,NEITHER
2020-10-08,7.9435,False,0.2872144712424864,False,0.364609233670317,NEITHER
2020-10-09,7.8564,False,0.5595039875215597,False,0.38253449959751784,NEITHER
2020-10-12,7.8888,False,0.5572039151137296,False,0.355366267397096,NEITHER
2020-10-13,7.9191,False,0.5605826726664761,False,0.35597875735573103,NEITHER
2020-10-14,7.9106,False,0.4859599739189446,False,0.35295512491044084,NEITHER
2020-10-15,7.9324,False,0.4238378998639489,False,0.34807232343015054,NEITHER
2020-10-16,7.9333,False,0.1936174230502939,False,0.3587926028848397,NEITHER
2020-10-19,7.8766,False,0.3303864695074334,False,0.3653783779364952,NEITHER
2020-10-20,7.8627,False,0.241832446366074,False,0.35391781732854416,NEITHER
2020-10-21,7.8122,False,0.2802817043506399,False,0.375025065100224,NEITHER
2020-10-22,7.9378,False,0.6039932555632762,False,0.38496936938592874,NEITHER
2020-10-23,7.9671,False,0.6147900870397573,False,0.3547912671259297,NEITHER
2020-10-26,8.0834,False,0.627402924448554,False,0.3884166358200776,NEITHER
2020-10-27,8.1848,False,0.5992763665583175,False,0.39474597161079217,NEITHER
2020-10-28,8.2566,False,0.3308356891119021,False,0.40944131769616143,NEITHER
2020-10-29,8.2883,False,0.3635461026501326,False,0.37714430171185287,NEITHER
2020-10-30,8.3456,False,0.3166750689724922,False,0.3887196321393452,NEITHER
2020-11-02,8.44,False,0.2827837423312875,False,0.4050227777317144,NEITHER
2020-11-03,8.4112,False,0.4418114277148268,False,0.3842875763668827,NEITHER
2020-11-04,8.4215,False,0.4562095290841539,False,0.3692808157874876,NEITHER
2020-11-05,8.416,False,0.486185686197644,False,0.36643268406969476,NEITHER
2020-11-06,8.5193,False,0.573668545327943,False,0.38961240878019915,NEITHER
2020-11-09,8.0525,True,2.166143520178692,True,0.6112971359639079,BOTH
2020-11-10,8.156,True,1.43401689396904,True,0.5355193550616051,BOTH
2020-11-11,7.793,True,1.66123080278885,True,0.6295388857611927,BOTH
2020-11-12,7.6888,True,1.892818664373054,True,0.6063331155319986,BOTH
2020-11-13,7.6804,True,1.9694106323289455,True,0.5936171524512329,BOTH
2020-11-16,7.7068,False,0.9667791738843894,True,0.5293108484875212,ISOLATION_FOREST_ONLY
2020-11-17,7.6995,True,1.071684293310484,True,0.5330183089595504,BOTH
2020-11-18,7.716,False,0.2905198068094497,False,0.44052169471951946,NEITHER
2020-11-19,7.5499,False,0.538167444271645,False,0.4973967837059657,NEITHER
2020-11-20,7.619,False,0.4948168182689444,False,0.4688631181211848,NEITHER
2020-11-23,7.8873,False,0.88036487728048,True,0.5211667472833678,ISOLATION_FOREST_ONLY
2020-11-24,8.0054,False,0.804153999937426,False,0.49087032721494767,NEITHER
2020-11-25,7.9522,False,0.8394882415876282,False,0.4819124278363587,NEITHER
2020-11-26,7.8717,False,0.7554611294355159,False,0.4873701831271287,NEITHER
2020-11-27,7.8137,False,0.7546911441631096,False,0.48035879132150683,NEITHER
2020-11-30,7.8256,False,0.3935527518952356,False,0.4205651146955371,NEITHER
2020-12-01,7.8314,False,0.408484265139156,False,0.43481448497208713,NEITHER
2020-12-02,7.8616,False,0.2353057364970953,False,0.4191365637954546,NEITHER
2020-12-03,7.7718,False,0.2855652793324525,False,0.4392779978213446,NEITHER
2020-12-04,7.813,False,0.2545874771733819,False,0.4174700047537409,NEITHER
2020-12-07,7.8097,False,0.2524738450753874,False,0.40196892626972175,NEITHER
2020-12-08,7.8191,False,0.253360736360335,False,0.4032766637248509,NEITHER
2020-12-09,7.8244,False,0.2397465315937397,False,0.3954066243607324,NEITHER
2020-12-10,7.8903,False,0.27819187022408,False,0.4151141371337968,NEITHER
2020-12-11,7.8421,False,0.1979882728471433,False,0.39796230584655834,NEITHER
2020-12-14,7.8508,False,0.1972714591812145,False,0.3864992030401468,NEITHER
2020-12-15,7.8362,False,0.2034259462007243,False,0.38584023205395807,NEITHER
2020-12-16,7.8026,False,0.2186441095431957,False,0.39268540730267115,NEITHER
2020-12-17,7.7027,False,0.4404117709201459,False,0.44007935551044003,NEITHER
2020-12-18,7.6433,False,0.4667050109750799,False,0.43725278307721777,NEITHER
2020-12-21,7.6412,False,0.4920592067423339,False,0.4268455413079311,NEITHER
2020-12-22,7.6593,False,0.415292336224806,False,0.41987824862113127,NEITHER
2020-12-23,7.6405,False,0.380547697580786,False,0.4175931440071297,NEITHER
2020-12-24,7.5623,False,0.3603100196158253,False,0.4430097893366678,NEITHER
2020-12-25,7.5863,False,0.2249758834741296,False,0.40951133340525037,NEITHER
2020-12-28,7.4382,False,0.7923706104996823,False,0.49719376804627374,NEITHER
2020-12-29,7.3954,False,0.6195344687943819,False,0.46822542114264243,NEITHER
2020-12-30,7.3832,False,0.604040238047724,False,0.4630199291228057,NEITHER
2020-12-31,7.4349,False,0.394461144538139,False,0.44653615858024537,NEITHER
2021-01-01,7.4299,False,0.3779344099057578,False,0.42844576207871743,NEITHER
2021-01-04,7.4222,False,0.1791250102572743,False,0.41381807876279714,NEITHER
2021-01-05,7.3866,False,0.1689824283389988,False,0.42113441092908094,NEITHER
2021-01-06,7.3059,False,0.3097225243684319,False,0.44952588421913026,NEITHER
2021-01-07,7.3481,False,0.3410427629767791,False,0.43642920317065,NEITHER
2021-01-08,7.3732,False,0.2670744941253262,False,0.42351252697393016,NEITHER
2021-01-11,7.4836,False,0.6774996622601467,False,0.4517826745662504,NEITHER
2021-01-12,7.4544,False,0.3739431761096597,False,0.4135384577051483,NEITHER
2021-01-13,7.4028,False,0.3276331808023275,False,0.430090246427504,NEITHER
2021-01-14,7.3609,False,0.3503161037314719,False,0.423262628285142,NEITHER
2021-01-15,7.4586,False,0.5192603739952973,False,0.45186724488526614,NEITHER
2021-01-18,7.4731,False,0.3204016741141975,False,0.4054873337009002,NEITHER
2021-01-19,7.4647,False,0.31516667843935,False,0.4027683708932548,NEITHER
2021-01-20,7.4186,False,0.3102351905777667,False,0.4143696896553201,NEITHER
2021-01-21,7.3679,False,0.3197708882559243,False,0.41894394179651256,NEITHER
2021-01-22,7.4103,False,0.2193576398932553,False,0.41606731416632897,NEITHER
2021-01-25,7.4046,False,0.2011792606401867,False,0.409999057256502,NEITHER
2021-01-26,7.3439,False,0.2916414273124043,False,0.435728009503617,NEITHER
2021-01-27,7.4139,False,0.3532335591866532,False,0.41962272945689977,NEITHER
2021-01-28,7.3342,False,0.3758371952826206,False,0.43714557124061354,NEITHER
2021-01-29,7.3193,False,0.5517592380482259,False,0.41777121074333395,NEITHER
2021-02-01,7.1865,False,0.5790358476983155,False,0.4783755706296886,NEITHER
2021-02-02,7.2023,False,0.75298595642253,False,0.45170682311596233,NEITHER
2021-02-03,7.1645,False,0.49421695055167,False,0.441720074535991,NEITHER
2021-02-04,7.1358,False,0.609619923452116,False,0.4388942806711974,NEITHER
2021-02-05,7.0564,False,0.4258401348564909,False,0.4589169386068375,NEITHER
2021-02-08,7.0732,False,0.3128648078837907,False,0.41310441632097544,NEITHER
2021-02-09,7.0686,False,0.3340245334399279,False,0.4210425259151385,NEITHER
2021-02-10,7.0578,False,0.2820044327093087,False,0.4131442226129486,NEITHER
2021-02-11,7.0258,False,0.2963125425588117,False,0.42220610935031766,NEITHER
2021-02-12,7.0357,False,0.1582391414912303,False,0.4150581449472376,NEITHER
2021-02-15,6.9642,False,0.3139392879873263,False,0.4438102803015306,NEITHER
2021-02-16,6.993,False,0.4039234533635064,False,0.4182292132404138,NEITHER
2021-02-17,6.966,False,0.4076709605690333,False,0.41458866608599,NEITHER
2021-02-18,6.9644,False,0.4092473928011588,False,0.4093421220616397,NEITHER
2021-02-19,6.9814,False,0.4222020314272458,False,0.40998626118917847,NEITHER
2021-02-22,7.021,False,0.397779146187334,False,0.4228726889012364,NEITHER
2021-02-23,7.1052,False,0.5484373859663245,False,0.43233538047310893,NEITHER
2021-02-24,7.1692,False,0.51506279862616,False,0.4279399776777257,NEITHER
2021-02-25,7.3527,False,0.98424647985501,True,0.5240869991493532,ISOLATION_FOREST_ONLY
2021-02-26,7.4249,True,1.124165114127474,False,0.4837536684897784,BASELINE_ONLY
2021-03-01,7.296,False,0.953469830857917,False,0.5051964753175787,NEITHER
2021-03-02,7.3601,False,0.9335566785002708,False,0.4712012152004751,NEITHER
2021-03-03,7.4455,False,0.9234452068264604,False,0.47716090861346183,NEITHER
2021-03-04,7.5113,False,0.7220701723410532,False,0.4283556182612163,NEITHER
2021-03-05,7.532,False,0.700299088154056,False,0.40995657188268775,NEITHER
2021-03-08,7.7454,True,1.274661622076062,True,0.5334604654779541,BOTH
2021-03-09,7.6072,False,0.8797111439845746,False,0.4952151367746168,NEITHER
2021-03-10,7.5045,False,0.9630187872596356,False,0.4589070157294491,NEITHER
2021-03-11,7.4759,False,0.9568979757323182,False,0.42826448680688206,NEITHER
2021-03-12,7.5668,False,0.996251916350003,False,0.4462254984318164,NEITHER
2021-03-15,7.5327,False,0.6003487977892852,False,0.40533619422358297,NEITHER
2021-03-16,7.4852,False,0.488192615568358,False,0.3865172228549997,NEITHER
2021-03-17,7.4954,False,0.3886038493776206,False,0.3616511131924037,NEITHER
2021-03-18,7.3226,False,0.6421760985332683,False,0.4482628422854635,NEITHER
2021-03-19,7.2131,False,0.913316290959796,False,0.4760448779778102,NEITHER
2021-03-22,7.7886,True,1.9946347617529223,True,0.6285079625270957,BOTH
2021-03-23,7.94,True,1.4164435282695345,True,0.5705632904480646,BOTH
2021-03-24,7.921,True,1.426147149975668,True,0.5584172323762053,BOTH
2021-03-25,7.9417,True,1.2891161757148994,True,0.570106511026244,BOTH
2021-03-26,8.0803,True,1.37449324760503,True,0.5817910545238552,BOTH
2021-03-29,8.1995,False,0.3687981881860849,False,0.45888822415655856,NEITHER
2021-03-30,8.3233,False,0.3774620403683125,False,0.46164534137939844,NEITHER
2021-03-31,8.2399,False,0.3933818468562138,False,0.4612574244977258,NEITHER
2021-04-01,8.1056,False,0.5366912040862846,False,0.47341044399199705,NEITHER
2021-04-02,8.1525,False,0.481309104133199,False,0.4457817539157927,NEITHER
2021-04-05,8.1021,False,0.531519950019822,False,0.45037898393158887,NEITHER
2021-04-06,8.1282,False,0.4688044405464159,False,0.44071505863012184,NEITHER
2021-04-07,8.1464,False,0.3052669580710343,False,0.42282121559097974,NEITHER
2021-04-08,8.1325,False,0.1582730583002667,False,0.4144960171382878,NEITHER
2021-04-09,8.1546,False,0.1357571918645472,False,0.413321564020393,NEITHER
2021-04-12,8.1432,False,0.0987589057224899,False,0.4193061591680316,NEITHER
2021-04-13,8.1047,False,0.1181967776795374,False,0.42276702121617143,NEITHER
2021-04-14,8.0651,False,0.195355207670036,False,0.4323559574401056,NEITHER
2021-04-15,8.0123,False,0.288827748609326,False,0.4400359667195976,NEITHER
2021-04-16,8.0605,False,0.226112239135922,False,0.4279246525482968,NEITHER
2021-04-19,8.0896,False,0.1933350709138562,False,0.3923009767623553,NEITHER
2021-04-20,8.1068,False,0.1869794566660725,False,0.37931027922522154,NEITHER
2021-04-21,8.1807,False,0.2777744404262739,False,0.3990788061854925,NEITHER
2021-04-22,8.3095,False,0.714139824348514,False,0.4516816418783998,NEITHER
2021-04-23,8.3682,False,0.63148030228395,False,0.42184656689262967,NEITHER
2021-04-26,8.2709,False,0.3947876490998588,False,0.41822370157122707,NEITHER
2021-04-27,8.2069,False,0.3990265511346926,False,0.3913643005832934,NEITHER
2021-04-28,8.188,False,0.3821451991572464,False,0.37889361634216456,NEITHER
2021-04-29,8.1953,False,0.380071116773946,False,0.3874281923907085,NEITHER
2021-04-30,8.2822,False,0.3823311446568869,False,0.3951945814210475,NEITHER
2021-05-03,8.2474,False,0.2399774424167516,False,0.3724500200924376,NEITHER
2021-05-04,8.3244,False,0.3119952303790195,False,0.3843112511858367,NEITHER
2021-05-05,8.3127,False,0.2980330298033,False,0.3733934945268866,NEITHER
2021-05-06,8.2727,False,0.2572843187887692,False,0.3745888085472005,NEITHER
2021-05-07,8.2343,False,0.2064019238037257,False,0.3746874671640518,NEITHER
2021-05-10,8.2744,False,0.2150829994051309,False,0.36284094317355353,NEITHER
2021-05-11,8.277,False,0.1380880070358355,False,0.36755998087620945,NEITHER
2021-05-12,8.4186,False,0.5617521376134639,False,0.4026934009778188,NEITHER
2021-05-13,8.502,False,0.288856441619271,False,0.3862463381523878,NEITHER
2021-05-14,8.4554,False,0.2967534251327097,False,0.3897760414927535,NEITHER
2021-05-17,8.3117,False,0.6132600112478912,False,0.4244841826058509,NEITHER
2021-05-18,8.3548,False,0.4518516460154916,False,0.38640737838196126,NEITHER
2021-05-19,8.4125,False,0.3742694646248108,False,0.3827356554160784,NEITHER
2021-05-20,8.3805,False,0.330021332398496,False,0.3829599791766308,NEITHER
2021-05-21,8.4154,False,0.3411140943912972,False,0.3714185072666367,NEITHER
2021-05-24,8.389,False,0.181839567160666,False,0.3675889040370515,NEITHER
2021-05-25,8.4618,False,0.2530812934039603,False,0.3782041519907865,NEITHER
2021-05-26,8.4559,False,0.1858628295955874,False,0.35907684168372905,NEITHER
2021-05-27,8.4982,False,0.2768760291696059,False,0.3731103187778981,NEITHER
2021-05-28,8.5647,False,0.2037167725241139,False,0.3778686074347381,NEITHER
2021-05-31,8.4919,False,0.3345636801664986,False,0.3800073295708468,NEITHER
2021-06-01,8.519,False,0.2316944042225405,False,0.35587220353310733,NEITHER
2021-06-02,8.5927,False,0.2557862060822954,False,0.3700021136180817,NEITHER
2021-06-03,8.7025,False,0.3553588844070823,False,0.38454528620805734,NEITHER
2021-06-04,8.6668,False,0.3246303699052345,False,0.37199296504603335,NEITHER
2021-06-07,8.6126,False,0.2996765559402599,False,0.3753457345109639,NEITHER
2021-06-08,8.6052,False,0.3064425957781683,False,0.36229218672914326,NEITHER
2021-06-09,8.5899,False,0.2763478245214226,False,0.36586407819893696,NEITHER
2021-06-10,8.4279,False,0.667637174246722,False,0.4561376971526107,NEITHER
2021-06-11,8.3942,False,0.626486641769608,False,0.41380997633566646,NEITHER
2021-06-14,8.4692,False,0.5850439402735444,False,0.3856621536941787,NEITHER
2021-06-15,8.5574,False,0.710690976503283,False,0.3824153888221945,NEITHER
2021-06-16,8.6159,False,0.7385677512720588,False,0.36820534822805084,NEITHER
2021-06-17,8.7193,False,0.6310830221200819,False,0.3985645008231236,NEITHER
2021-06-18,8.7373,False,0.7085320310255699,False,0.3948940224062293,NEITHER
2021-06-21,8.77,False,0.53616776788279,False,0.3821747742925445,NEITHER
2021-06-22,8.6499,False,0.6032237707873674,False,0.38421671116072925,NEITHER
2021-06-23,8.64,False,0.5930253905065958,False,0.3540730877715532,NEITHER
2021-06-24,8.7087,False,0.5403462924449358,False,0.36002155417602344,NEITHER
2021-06-25,8.7643,False,0.5734560781935246,False,0.35220312881704324,NEITHER
2021-06-28,8.6845,False,0.6162683445340242,False,0.3777387441428442,NEITHER
2021-06-29,8.7318,False,0.4598085893161673,False,0.35354420593966374,NEITHER
2021-06-30,8.7026,False,0.4779810146896538,False,0.35243912022785734,NEITHER
2021-07-01,8.6551,False,0.4414259814354175,False,0.3566447119094774,NEITHER
2021-07-02,8.6796,False,0.3860883605422908,False,0.3543709383724138,NEITHER
2021-07-05,8.6658,False,0.2892441413186909,False,0.34330991332051497,NEITHER
2021-07-06,8.6893,False,0.2386536321741274,False,0.34787651786136686,NEITHER
2021-07-07,8.6814,False,0.2241769267013635,False,0.34413565521979217,NEITHER
2021-07-08,8.6943,False,0.1348486991340445,False,0.34527384509132986,NEITHER
2021-07-09,8.6581,False,0.2170719327076542,False,0.35644795286032865,NEITHER
2021-07-12,8.6353,False,0.1860936898102204,False,0.3551150137445449,NEITHER
2021-07-13,8.621,False,0.1557582668186959,False,0.3638928959482144,NEITHER
2021-07-14,8.5851,False,0.2196123147092339,False,0.3772302156950455,NEITHER
2021-07-15,8.5629,False,0.299657924743442,False,0.3897228343325887,NEITHER
2021-07-16,8.5178,False,0.319954389965792,False,0.3984708821008651,NEITHER
2021-07-19,8.5854,False,0.4358589389292138,False,0.36486369173076544,NEITHER
2021-07-20,8.5646,False,0.3704670200238651,False,0.35210053319594004,NEITHER
2021-07-21,8.5578,False,0.3536017880975666,False,0.346620176349887,NEITHER
2021-07-22,8.5648,False,0.346474194961349,False,0.3438459026564181,NEITHER
2021-07-23,8.5504,False,0.297680274159479,False,0.3490624219682668,NEITHER
2021-07-26,8.5497,False,0.0913260059740368,False,0.3631003813744097,NEITHER
2021-07-27,8.5594,False,0.1369046722678575,False,0.35943916264605297,NEITHER
2021-07-28,8.5488,False,0.0894409606822763,False,0.35995826422304095,NEITHER
2021-07-29,8.4521,False,0.8250565941382333,False,0.42200821328825155,NEITHER
2021-07-30,8.4457,False,0.3589531461573887,False,0.3702938157773691,NEITHER
2021-08-02,8.3466,False,0.7023710295553548,False,0.4349037159002711,NEITHER
2021-08-03,8.4026,False,0.5434429267009416,False,0.4011040963285723,NEITHER
2021-08-04,8.4732,False,0.6891386972211851,False,0.39668840439493486,NEITHER
2021-08-05,8.5199,False,0.5995269714813916,False,0.3664928289339592,NEITHER
2021-08-06,8.615,False,0.6492068247075491,False,0.3985789515467021,NEITHER
2021-08-09,8.6303,False,0.6469783352337479,False,0.3905442122115666,NEITHER
2021-08-10,8.592,False,0.4609002723793831,False,0.3771679467666116,NEITHER
2021-08-11,8.625,False,0.4326452840144068,False,0.3640871499266846,NEITHER
2021-08-12,8.5436,False,0.593027227402442,False,0.3771012876952304,NEITHER
2021-08-13,8.5124,False,0.3965898556676676,False,0.3634567919964465,NEITHER
2021-08-16,8.4553,False,0.39908779931585,False,0.3888957872768616,NEITHER
2021-08-17,8.4291,False,0.3757391643649618,False,0.37700986196502495,NEITHER
2021-08-18,8.4512,False,0.3963511972633979,False,0.38058961468876645,NEITHER
2021-08-19,8.5025,False,0.3891925512392439,False,0.35669673283317843,NEITHER
2021-08-20,8.4813,False,0.3838235573804854,False,0.3509624658384851,NEITHER
2021-08-23,8.4198,False,0.3978244959989354,False,0.3677146901423222,NEITHER
2021-08-24,8.3956,False,0.396343731865617,False,0.35849521297621334,NEITHER
2021-08-25,8.3731,False,0.3759989877815813,False,0.36608906194248125,NEITHER
2021-08-26,8.388,False,0.261117445838082,False,0.37277320306716755,NEITHER
2021-08-27,8.3468,False,0.30672748004561,False,0.3824622249055704,NEITHER
2021-08-30,8.3709,False,0.2685585602780549,False,0.36427785579126204,NEITHER
2021-08-31,8.3069,False,0.3543167695095635,False,0.38780956007274425,NEITHER
2021-09-01,8.2837,False,0.3543613565643573,False,0.3754722357288549,NEITHER
2021-09-02,8.2742,False,0.342266468598562,False,0.3811810061777061,NEITHER
2021-09-03,8.3145,False,0.4228493435296989,False,0.3722326560598914,NEITHER
2021-09-06,8.2763,False,0.4074308329688939,False,0.3799577577464767,NEITHER
2021-09-07,8.3478,False,0.6068499915373,False,0.38477203301350577,NEITHER
2021-09-08,8.4597,False,0.744388698286053,False,0.4165880747346962,NEITHER
2021-09-09,8.4375,False,0.6690825276050077,False,0.3833725550353405,NEITHER
2021-09-10,8.456,False,0.6700566477693122,False,0.378788769727325,NEITHER
2021-09-13,8.4255,False,0.6494086078802362,False,0.3805134169753311,NEITHER
2021-09-14,8.4336,False,0.6314114403250699,False,0.3672412166690397,NEITHER
2021-09-15,8.4278,False,0.2245662624169748,False,0.3562253458329817,NEITHER
2021-09-16,8.5237,False,0.5398682023946513,False,0.3853911048926041,NEITHER
2021-09-17,8.6468,False,0.6907531607209472,False,0.4196933039571442,NEITHER
2021-09-20,8.6661,False,0.622652037906458,False,0.3922075164186179,NEITHER
2021-09-21,8.6273,False,0.717172808367836,False,0.3996642569660051,NEITHER
2021-09-22,8.6503,False,0.6801753087153932,False,0.3960281342369335,NEITHER
2021-09-23,8.7616,False,0.6846492933213676,False,0.40915776743871396,NEITHER
2021-09-24,8.8718,False,0.6199917793131609,False,0.3917711747721673,NEITHER
2021-09-27,8.8202,False,0.7397456434372406,False,0.38775481320144517,NEITHER
2021-09-28,8.869,False,0.6368356402753084,False,0.37381340644192745,NEITHER
2021-09-29,8.9093,False,0.6238642768071712,False,0.37001576057520824,NEITHER
2021-09-30,8.8805,False,0.6008395289405392,False,0.3643116039143132,NEITHER
2021-10-01,8.8493,False,0.4220126592915743,False,0.36164236267236904,NEITHER
2021-10-04,8.8495,False,0.3469952799299339,False,0.34491434332995696,NEITHER
2021-10-05,8.8668,False,0.2816325620128959,False,0.3486879211399622,NEITHER
2021-10-06,8.8701,False,0.1969974594177664,False,0.353772659332671,NEITHER
2021-10-07,8.8715,False,0.1657350070733504,False,0.34695662734636407,NEITHER
2021-10-08,8.9521,False,0.3162782880203543,False,0.359696078604998,NEITHER
2021-10-11,9.0012,False,0.3151179795959835,False,0.35725435062097777,NEITHER
2021-10-12,9.0376,False,0.3080947860750885,False,0.35505295040059315,NEITHER
2021-10-13,9.0824,False,0.2630961687912236,False,0.3636855634373321,NEITHER
2021-10-14,9.1834,False,0.3083262187999062,False,0.3902528456717429,NEITHER
2021-10-15,9.2566,False,0.2281110589542658,False,0.38708860801513395,NEITHER
2021-10-18,9.3302,False,0.2219418944328541,False,0.39525831174636805,NEITHER
2021-10-19,9.2911,False,0.4611377969563768,False,0.38935843873063236,NEITHER
2021-10-20,9.2051,False,0.6839502259669605,False,0.4056353961378816,NEITHER
2021-10-21,9.5061,True,1.179145797885392,False,0.5061657387910992,BASELINE_ONLY
2021-10-22,9.6026,True,1.0796695976782529,False,0.4417270894570122,BASELINE_ONLY
2021-10-25,9.5845,True,1.144638690176028,False,0.43931316812053695,BASELINE_ONLY
2021-10-26,9.5312,True,1.151444046134647,False,0.4430583121278732,BASELINE_ONLY
2021-10-27,9.4835,True,1.094495426329604,False,0.43275422798300356,BASELINE_ONLY
2021-10-28,9.527,False,0.4574558137297112,False,0.37191974714199894,NEITHER
2021-10-29,9.5896,False,0.379922935180172,False,0.36835224427423613,NEITHER
2021-11-01,9.5363,False,0.4099895878959438,False,0.37843943342862413,NEITHER
2021-11-02,9.6024,False,0.4255780023732277,False,0.365941202170249,NEITHER
2021-11-03,9.6391,False,0.3469819280847017,False,0.3664607834742567,NEITHER
2021-11-04,9.6919,False,0.3586429240046777,False,0.36587232662938984,NEITHER
2021-11-05,9.6745,False,0.3659436588245341,False,0.3623795399899193,NEITHER
2021-11-08,9.6775,False,0.254820471902637,False,0.3626692308906394,NEITHER
2021-11-09,9.7322,False,0.2330061576398614,False,0.3631446637298884,NEITHER
2021-11-10,9.8378,False,0.3469952370590025,False,0.376979358461507,NEITHER
2021-11-11,9.9049,False,0.3555578257697716,False,0.3695345304504167,NEITHER
2021-11-12,9.9909,False,0.2757184256147876,False,0.38550451742529573,NEITHER
2021-11-15,10.0604,False,0.1739082565134275,False,0.4038862102878387,NEITHER
2021-11-16,10.3168,False,0.63715160430997,False,0.45963242538270116,NEITHER
2021-11-17,10.6327,False,0.76549899193548,False,0.4978085570987785,NEITHER
2021-11-18,11.036,False,0.948253971239665,True,0.5556439212688165,ISOLATION_FOREST_ONLY
2021-11-19,11.2495,False,0.6175796897069548,True,0.530466136176185,ISOLATION_FOREST_ONLY
2021-11-22,11.4062,False,0.4900825651118943,True,0.5272880212756427,ISOLATION_FOREST_ONLY
2021-11-23,12.8129,True,3.0831915975522075,True,0.7200056922381141,BOTH
2021-11-24,11.8876,True,1.8054070507067077,True,0.719214632177326,BOTH
2021-11-25,11.9998,True,1.6875418700946414,True,0.6739041660124523,BOTH
2021-11-26,12.369,True,1.6734054485840528,True,0.67878402560057,BOTH
2021-11-29,12.817,True,1.654255963627442,True,0.6853233308810397,BOTH
2021-11-30,13.6848,True,1.6926737926191748,True,0.6762012618533652,BOTH
2021-12-01,13.3044,False,0.8883803582083,True,0.6616215433079004,ISOLATION_FOREST_ONLY
2021-12-02,13.6765,True,1.257059398114022,True,0.6567388031604878,BOTH
2021-12-03,13.7212,False,0.7781635135000002,True,0.6382280642549678,ISOLATION_FOREST_ONLY
2021-12-06,13.7985,False,0.7681590422444174,True,0.6172232950471793,ISOLATION_FOREST_ONLY
2021-12-07,13.4845,False,0.568902416929375,True,0.605955277139884,ISOLATION_FOREST_ONLY
2021-12-08,13.6624,False,0.3962198271923259,True,0.589669897407848,ISOLATION_FOREST_ONLY
2021-12-09,13.7773,False,0.3017846826944319,True,0.5678519507779738,ISOLATION_FOREST_ONLY
2021-12-10,13.8803,False,0.3073648489653256,True,0.5691508539477044,ISOLATION_FOREST_ONLY
2021-12-13,13.8319,False,0.3082655319910256,True,0.5731189821791571,ISOLATION_FOREST_ONLY
2021-12-14,14.3961,True,1.0197442144607751,True,0.6297618971622079,BOTH
2021-12-15,14.8062,False,0.7121720465959525,True,0.6237354736509227,ISOLATION_FOREST_ONLY
2021-12-16,15.6828,True,1.4801231916359323,True,0.6789494283672786,BOTH
2021-12-17,16.5047,True,1.310193332823215,True,0.6895652390310223,BOTH
2021-12-20,13.437,True,4.646706695668505,True,0.7698670532407156,BOTH
2021-12-21,12.557,True,4.78372827134089,True,0.7774619329504749,BOTH
2021-12-22,12.19,True,5.22845007785661,True,0.7727534642014849,BOTH
2021-12-23,11.2898,True,6.319290868661652,True,0.7890225764755151,BOTH
2021-12-24,10.9914,True,6.680884838864079,True,0.7708372601879158,BOTH
2021-12-27,11.567,True,2.2660211939629296,True,0.7432115680608586,BOTH
2021-12-28,11.828,False,0.8833847328336759,True,0.7091502759461954,ISOLATION_FOREST_ONLY
2021-12-29,12.668,True,1.7754480892796725,True,0.714124574510289,BOTH
2021-12-30,13.1706,True,2.279108375190096,True,0.7088601810682069,BOTH
2021-12-31,13.2844,True,2.778602458693582,True,0.6863303961958854,BOTH
2022-01-03,13.0819,True,1.835719522317882,True,0.6850162049578581,BOTH
2022-01-04,13.4246,True,1.934721624749312,True,0.6833124608419247,BOTH
2022-01-05,13.643,True,1.1814816385635618,True,0.6422222425292564,BOTH
2022-01-06,13.8301,False,0.799166298084788,True,0.6206415541846202,ISOLATION_FOREST_ONLY
2022-01-07,13.8328,False,0.6645379800905179,True,0.6079461194344818,ISOLATION_FOREST_ONLY
2022-01-10,13.8227,False,0.897683690100396,True,0.6219351116550833,ISOLATION_FOREST_ONLY
2022-01-11,13.8005,False,0.455506613267736,True,0.5954997149377584,ISOLATION_FOREST_ONLY
2022-01-12,13.2242,True,1.043983913626315,True,0.6499473200895642,BOTH
2022-01-13,13.5696,False,0.65296955581434,True,0.6353353907871085,ISOLATION_FOREST_ONLY
2022-01-14,13.5384,False,0.356746866044218,True,0.6234517989524104,ISOLATION_FOREST_ONLY
2022-01-17,13.4402,False,0.463504335128776,True,0.6043419849919391,ISOLATION_FOREST_ONLY
2022-01-18,13.528,False,0.33020897077802,True,0.5997458268772333,ISOLATION_FOREST_ONLY
2022-01-19,13.4321,False,0.2519282386229379,True,0.5759636427941947,ISOLATION_FOREST_ONLY
2022-01-20,13.3634,False,0.249868219355696,True,0.5647511518938775,ISOLATION_FOREST_ONLY
2022-01-21,13.4644,False,0.1889489201849825,True,0.5422554033835227,ISOLATION_FOREST_ONLY
2022-01-24,13.5109,False,0.0863387896972749,True,0.5253948680789338,ISOLATION_FOREST_ONLY
2022-01-25,13.4821,False,0.111116782391666,True,0.5313613659890062,ISOLATION_FOREST_ONLY
2022-01-26,13.5904,False,0.20082183042701,False,0.5144788135563526,NEITHER
2022-01-27,13.6469,False,0.343538507213094,True,0.521902034528412,ISOLATION_FOREST_ONLY
2022-01-28,13.5203,False,0.2319208025265799,True,0.5235814874792775,ISOLATION_FOREST_ONLY
2022-01-31,13.3266,False,0.35816512947198,True,0.5471965153273012,ISOLATION_FOREST_ONLY
2022-02-01,13.3612,False,0.1465037231818819,False,0.5175431068541793,NEITHER
2022-02-02,13.4673,False,0.198522587791515,True,0.5193206413518873,ISOLATION_FOREST_ONLY
2022-02-03,13.5672,False,0.1854491991713275,False,0.5144565745770733,NEITHER
2022-02-04,13.5595,False,0.1098742699499434,False,0.4985307752811349,NEITHER
2022-02-07,13.59,False,0.319181808818096,True,0.5198057273789863,ISOLATION_FOREST_ONLY
2022-02-08,13.5614,False,0.2425975631183839,False,0.5143668379403703,NEITHER
2022-02-09,13.5412,False,0.08955024932292,False,0.5044228307239113,NEITHER
2022-02-10,13.5115,False,0.0989591945272417,True,0.5256999695005621,ISOLATION_FOREST_ONLY
2022-02-11,13.501,False,0.070888898313814,True,0.5222515105743691,ISOLATION_FOREST_ONLY
2022-02-14,13.5948,False,0.2792698711986073,False,0.5166321508340019,NEITHER
2022-02-15,13.6078,False,0.056226408235228,False,0.4874645423355602,NEITHER
2022-02-16,13.6015,False,0.073070095185006,False,0.4868948341299356,NEITHER
2022-02-17,13.5839,False,0.0877325852635879,False,0.49006428808354613,NEITHER
2022-02-18,13.6522,False,0.1832205371803179,False,0.49233220540167216,NEITHER
2022-02-21,13.6754,False,0.097669148787922,False,0.48751160839371666,NEITHER
2022-02-22,13.8129,False,0.4227283668355977,False,0.506164717526794,NEITHER
2022-02-23,13.8286,False,0.275194338582344,False,0.48371483672989685,NEITHER
2022-02-24,14.0966,False,0.8115159764956958,True,0.5482078135411448,ISOLATION_FOREST_ONLY
2022-02-25,13.8788,False,0.6087439949539472,True,0.5260760384556387,ISOLATION_FOREST_ONLY
2022-02-28,13.8723,False,0.238598702187858,False,0.48793718643463924,NEITHER
2022-03-01,13.9088,False,0.1794451627249818,False,0.4770863072592058,NEITHER
2022-03-02,14.0869,False,0.4012450091497717,False,0.5074756806104044,NEITHER
2022-03-03,14.1434,False,0.1492821335859544,False,0.4712985877938487,NEITHER
2022-03-04,14.2244,False,0.418789799269296,False,0.4875384007034852,NEITHER
2022-03-07,14.3929,False,0.6308506061909639,True,0.5232976654893897,ISOLATION_FOREST_ONLY
2022-03-08,14.5004,False,0.7168867049991839,True,0.5195160143833608,ISOLATION_FOREST_ONLY
2022-03-09,14.6594,False,0.69374178264373,True,0.5321761430012716,ISOLATION_FOREST_ONLY
2022-03-10,14.8751,False,0.8866565281404679,True,0.5486864536964188,ISOLATION_FOREST_ONLY
2022-03-11,14.7786,True,2.633465876080528,True,0.5467270658765842,BOTH
2022-03-14,14.7808,True,2.432239576723758,False,0.49660645758618416,BASELINE_ONLY
2022-03-15,14.7037,True,2.198310483820912,False,0.4856168768951886,BASELINE_ONLY
2022-03-16,14.6193,True,1.8921598648143,False,0.47648103216880394,BASELINE_ONLY
2022-03-17,14.7144,True,1.7586444597068078,False,0.461539532346682,BASELINE_ONLY
2022-03-18,14.7905,False,0.1800625641143574,False,0.3825370493270127,NEITHER
2022-03-21,14.8331,False,0.2002288768335376,False,0.373181231155272,NEITHER
2022-03-22,14.8285,False,0.1710759373073551,False,0.3752572666659902,NEITHER
2022-03-23,14.8296,False,0.2827544016510759,False,0.37869690804252765,NEITHER
2022-03-24,14.8366,False,0.1643014164610679,False,0.3695944478426971,NEITHER
2022-03-25,14.8317,False,0.0987028637278055,False,0.37278454210356915,NEITHER
2022-03-28,14.829,False,0.144245969422934,False,0.38569447591248873,NEITHER
2022-03-29,14.5738,False,0.8427758800033422,False,0.4403571294981437,NEITHER
2022-03-30,14.6667,False,0.4646399271130696,False,0.37669415544555773,NEITHER
2022-03-31,14.6724,False,0.4713007048743566,False,0.3724474137851101,NEITHER
2022-04-01,14.6857,False,0.475698647299679,False,0.37079822544988555,NEITHER
2022-04-04,14.6795,False,0.47514701438547,False,0.372538558371,NEITHER
2022-04-05,14.722,False,0.199259164644268,False,0.3700716903826916,NEITHER
2022-04-06,14.7139,False,0.0927629240293595,False,0.3635949718283187,NEITHER
2022-04-07,14.7429,False,0.1100822832652371,False,0.35756675048072684,NEITHER
2022-04-08,14.7443,False,0.1140433492272996,False,0.3541611515843563,NEITHER
2022-04-11,14.6631,False,0.2664559457457122,False,0.3614662882829115,NEITHER
2022-04-12,14.6013,False,0.2305939221785688,False,0.36871635529329805,NEITHER
2022-04-13,14.6003,False,0.2373109630953055,False,0.35781664390324885,NEITHER
2022-04-14,14.6048,False,0.2090125881532969,False,0.36142146832328526,NEITHER
2022-04-15,14.6352,False,0.2454639447990964,False,0.35601427822534215,NEITHER
2022-04-18,14.64,False,0.1779181564649004,False,0.3476462657826812,NEITHER
2022-04-19,14.6554,False,0.0930056989600282,False,0.35667295924336284,NEITHER
2022-04-20,14.6728,False,0.097478336280094,False,0.3582388421406728,NEITHER
2022-04-21,14.7041,False,0.1445207413729158,False,0.35991920563051755,NEITHER
2022-04-22,14.7517,False,0.198642540138358,False,0.3571235277812655,NEITHER
2022-04-25,14.7686,False,0.172906400629238,False,0.3549173467739606,NEITHER
2022-04-26,14.8077,False,0.204771732627006,False,0.36650208841068216,NEITHER
2022-04-27,14.8168,False,0.1936121437839079,False,0.35700441581725373,NEITHER
2022-04-28,14.7915,False,0.2586813235475199,False,0.3530264661492967,NEITHER
2022-04-29,14.8562,False,0.4505962571389434,False,0.35629901306986683,NEITHER
2022-05-02,14.8784,False,0.192508718112608,False,0.34456695842177687,NEITHER
2022-05-03,14.7987,False,0.6366985132919135,False,0.3738249355318784,NEITHER
2022-05-04,14.7399,False,0.3978329798515694,False,0.3665290216937409,NEITHER
2022-05-05,14.8667,False,0.7537966152158793,False,0.3754454665259363,NEITHER
2022-05-06,14.953,False,0.4992312999963529,False,0.3561787060972372,NEITHER
2022-05-09,15.0973,False,0.6221175015613369,False,0.3755504426832819,NEITHER
2022-05-10,15.2561,False,0.594689866283827,False,0.38563322363990027,NEITHER
2022-05-11,15.3022,False,0.2484877364975229,False,0.3725254798598592,NEITHER
2022-05-12,15.3562,False,0.2787541517988294,False,0.3624865439811033,NEITHER
2022-05-13,15.4792,False,0.3422787361973571,False,0.37678315657401884,NEITHER
2022-05-16,15.56,False,0.2539244098052933,False,0.3693447688496008,NEITHER
2022-05-17,15.9107,True,1.1646442653686664,False,0.4558437523121732,BASELINE_ONLY
2022-05-18,15.95,False,0.613328299058208,False,0.38733803738262895,NEITHER
2022-05-19,15.8538,False,0.8153593994785538,False,0.41344789292113954,NEITHER
2022-05-20,15.9051,False,0.8763466426712735,False,0.3924054415091612,NEITHER
2022-05-23,15.9263,False,0.8918440825260904,False,0.38903139476300985,NEITHER
2022-05-24,16.064,False,0.4376403445421142,False,0.3737790195065284,NEITHER
2022-05-25,16.3832,False,0.7671411166033278,False,0.43015435247798206,NEITHER
2022-05-26,16.3659,False,0.6615909808577148,False,0.3934977695191565,NEITHER
2022-05-27,16.1993,False,0.8672340517245531,False,0.4180281017481069,NEITHER
2022-05-30,16.38,False,0.8950451438692839,False,0.40429281246272447,NEITHER
2022-05-31,16.4148,False,0.8964053117309502,False,0.39246537401393666,NEITHER
2022-06-01,16.4018,False,0.6032919717496015,False,0.37121386514590377,NEITHER
2022-06-02,16.4566,False,0.6306643292389558,False,0.36789380899818824,NEITHER
2022-06-03,16.4174,False,0.4342677326828784,False,0.3726721963522009,NEITHER
2022-06-06,16.5859,False,0.3985816326927563,False,0.3743273178678573,NEITHER
2022-06-07,16.7654,False,0.4954912033043786,False,0.3853869272170826,NEITHER
2022-06-08,17.1627,False,0.7320928253024694,False,0.45436049779871507,NEITHER
2022-06-09,17.2662,False,0.7077673127370626,False,0.4165758389574532,NEITHER
2022-06-10,17.125,False,0.8400565919054769,False,0.4348323014965763,NEITHER
2022-06-13,17.271,False,0.8316981993876135,False,0.41337013613858087,NEITHER
2022-06-14,17.2711,False,0.860598037951061,False,0.40652614998391773,NEITHER
2022-06-15,17.2215,False,0.489704663380666,False,0.3827074234973321,NEITHER
2022-06-16,17.3002,False,0.4706824883269537,False,0.37589504852707184,NEITHER
2022-06-17,17.3156,False,0.3209358664326878,False,0.375218855947606,NEITHER
2022-06-20,17.3282,False,0.1934282932846448,False,0.3725431872310826,NEITHER
2022-06-21,17.3358,False,0.2071939832073117,False,0.37098458322041256,NEITHER
2022-06-22,17.3456,False,0.1383679850388557,False,0.3719266736918645,NEITHER
2022-06-23,17.3501,False,0.0872354394955581,False,0.3902993871164598,NEITHER
2022-06-24,16.8875,False,0.9879636681591876,False,0.49778742823247724,NEITHER
2022-06-27,16.5309,False,0.94431732381946,False,0.5095488021752339,NEITHER
2022-06-28,16.6728,False,0.9514197471071536,False,0.47898495319944984,NEITHER
2022-06-29,16.6478,False,0.9350114247795271,False,0.47482509649320187,NEITHER
2022-06-30,16.6919,False,0.957645861179304,False,0.4694178636461449,NEITHER
2022-07-01,16.7427,False,0.7115744310131763,False,0.40156374071461104,NEITHER
2022-07-04,16.8367,False,0.352505172880848,False,0.3954361622235641,NEITHER
2022-07-05,16.9942,False,0.3704877781684239,False,0.39554081752746434,NEITHER
2022-07-06,17.232,False,0.6734255133976159,False,0.42186698029316266,NEITHER
2022-07-07,17.2726,False,0.669390954518996,False,0.39344467981567516,NEITHER
2022-07-08,17.289,False,0.6297370043976699,False,0.388671190200538,NEITHER
2022-07-11,17.3744,False,0.591812150938612,False,0.38609329667438125,NEITHER
2022-07-12,17.2915,False,0.4198073282098347,False,0.3685333356030811,NEITHER
2022-07-13,17.4303,False,0.2918283203480415,False,0.35705774163765647,NEITHER
2022-07-14,17.4493,False,0.2935403922236349,False,0.34746402912511226,NEITHER
2022-07-15,17.405,False,0.318727570093769,False,0.3495151199680515,NEITHER
2022-07-18,17.4615,False,0.3042155526433862,False,0.34602745526055256,NEITHER
2022-07-19,17.5517,False,0.2435490143076107,False,0.3520829769747009,NEITHER
2022-07-20,17.6228,False,0.1847783530014544,False,0.3533243709514954,NEITHER
2022-07-21,17.7149,False,0.1960647368005104,False,0.3566630077322856,NEITHER
2022-07-22,17.7289,False,0.1108581858580119,False,0.35865649247340525,NEITHER
2022-07-25,17.8005,False,0.1099932768415781,False,0.3625122273813957,NEITHER
2022-07-26,17.8623,False,0.1014615274563136,False,0.36303521835795427,NEITHER
2022-07-27,17.89,False,0.1145950748457784,False,0.35535079370046097,NEITHER
2022-07-28,17.9301,False,0.0850993046842864,False,0.35854622046096396,NEITHER
2022-07-29,17.8963,False,0.3394812038109831,False,0.36408489912284575,NEITHER
2022-08-01,17.8957,False,0.2004121382690847,False,0.3515764936141391,NEITHER
2022-08-02,17.9369,False,0.1120997357698075,False,0.3477390459754195,NEITHER
2022-08-03,17.924,False,0.2155060276872992,False,0.35172582597731716,NEITHER
2022-08-04,17.9173,False,0.1938016831189895,False,0.3536136398877601,NEITHER
2022-08-05,17.9111,False,0.1777192666873376,False,0.3559867050030616,NEITHER
2022-08-08,17.9482,False,0.0922542336439826,False,0.3518758274104721,NEITHER
2022-08-09,17.9694,False,0.0801181185119771,False,0.35126304829880994,NEITHER
2022-08-10,17.8566,False,0.7829700540396133,False,0.4002173127009127,NEITHER
2022-08-11,17.9495,False,0.3546416913351709,False,0.3544652472510586,NEITHER
2022-08-12,17.9542,False,0.2796211114464294,False,0.34379349732071063,NEITHER
2022-08-15,17.9724,False,0.2747248346942705,False,0.34276910271035943,NEITHER
2022-08-16,17.9548,False,0.2758583700347307,False,0.3484274919205845,NEITHER
2022-08-17,17.9614,False,0.1661901324179668,False,0.3486684247838225,NEITHER
2022-08-18,18.0848,False,0.5665096162373997,False,0.36754833621151,NEITHER
2022-08-19,18.0917,False,0.2203750706956222,False,0.3423930598979603,NEITHER
2022-08-22,18.0851,False,0.2322184497742258,False,0.3420623881823947,NEITHER
2022-08-23,18.1129,False,0.2138712141740652,False,0.3419821246689646,NEITHER
2022-08-24,18.1457,False,0.2066967086812113,False,0.3430296871001403,NEITHER
2022-08-25,18.1663,False,0.0648048798817067,False,0.34909488874840133,NEITHER
2022-08-26,18.1894,False,0.061952597560485,False,0.34849425021266855,NEITHER
2022-08-29,18.1993,False,0.0353191240627759,False,0.35544681152964164,NEITHER
2022-08-30,18.2148,False,0.0358184193322626,False,0.35486506389263045,NEITHER
2022-08-31,18.2064,False,0.122545423337229,False,0.3507119332527102,NEITHER
2022-09-01,18.2107,False,0.0552584930624643,False,0.34877103335800635,NEITHER
2022-09-02,18.2191,False,0.0424377658255214,False,0.3535873652796063,NEITHER
2022-09-05,18.2251,False,0.0529862766514538,False,0.35335044952580597,NEITHER
2022-09-06,18.2302,False,0.0494872034888904,False,0.35604771423107934,NEITHER
2022-09-07,18.2348,False,0.0477035838936005,False,0.3597007493228549,NEITHER
2022-09-08,18.2354,False,0.137505904342308,False,0.3618791437969485,NEITHER
2022-09-09,18.24,False,0.0853356647682163,False,0.36029321665657926,NEITHER
2022-09-12,18.2352,False,0.1667885647098881,False,0.36254831397139536,NEITHER
2022-09-13,18.255,False,0.0561396097548988,False,0.3530397812924986,NEITHER
2022-09-14,18.2448,False,0.2246108549985672,False,0.35576879242306286,NEITHER
2022-09-15,18.2711,False,0.1043583228430353,False,0.3484531710148801,NEITHER
2022-09-16,18.2628,False,0.350816541128733,False,0.3535755648560565,NEITHER
2022-09-19,18.2802,False,0.1667915890442301,False,0.34216000296037996,NEITHER
2022-09-20,18.3132,False,0.4519282029410006,False,0.35116338752220627,NEITHER
2022-09-21,18.3347,False,0.2153913023508426,False,0.3444354746807921,NEITHER
2022-09-22,18.3371,False,0.1430716301178825,False,0.3422861947557433,NEITHER
2022-09-23,18.418,True,1.4777513730709426,False,0.40027633679819846,BASELINE_ONLY
2022-09-26,18.4774,False,0.5924210293369406,False,0.3550676687297952,NEITHER
2022-09-27,18.4431,False,0.5268927143370136,False,0.357908273816084,NEITHER
2022-09-28,18.5488,False,0.93108211780343,False,0.38031488648555933,NEITHER
2022-09-29,18.5075,False,0.7231834902172698,False,0.36715192843644745,NEITHER
2022-09-30,18.502,False,0.6776144987242566,False,0.3483737773516332,NEITHER
2022-10-03,18.5568,False,0.679334902248056,False,0.3511732215203626,NEITHER
2022-10-04,18.5681,False,0.644530725367868,False,0.34588446138890505,NEITHER
2022-10-05,18.594,False,0.4370061473631929,False,0.3354696780415392,NEITHER
2022-10-06,18.584,False,0.3194170333941064,False,0.3372551828767935,NEITHER
2022-10-07,18.616,False,0.2996910733157958,False,0.33747295369851504,NEITHER
2022-10-10,18.5806,False,0.3703304829560396,False,0.3478426348250122,NEITHER
2022-10-11,18.5902,False,0.3496096494116749,False,0.33434512527369037,NEITHER
2022-10-12,18.5589,False,0.360827186154312,False,0.35061847120469636,NEITHER
2022-10-13,18.553,False,0.3733351092077746,False,0.3420642275048116,NEITHER
2022-10-14,18.5606,False,0.2805363556101853,False,0.3430996986124216,NEITHER
2022-10-17,18.5815,False,0.2705840479958711,False,0.3378441036890786,NEITHER
2022-10-18,18.5829,False,0.2661791798318818,False,0.33816751004999174,NEITHER
2022-10-19,18.5791,False,0.1482218636284872,False,0.34559266601428823,NEITHER
2022-10-20,18.5913,False,0.1324371168932927,False,0.34544859254645344,NEITHER
2022-10-21,18.5868,False,0.1542671015221298,False,0.34556508788421286,NEITHER
2022-10-24,18.603,False,0.1320709774373334,False,0.34478002698490534,NEITHER
2022-10-25,18.5947,False,0.1551555846988164,False,0.34448386967848316,NEITHER
2022-10-26,18.6016,False,0.1491873025580213,False,0.3447320047203395,NEITHER
2022-10-27,18.5956,False,0.1466281044776501,False,0.34744577385453024,NEITHER
2022-10-28,18.589,False,0.1509799799692062,False,0.3494324221168576,NEITHER
2022-10-31,18.6139,False,0.2490134468261379,False,0.3437339249214552,NEITHER
2022-11-01,18.5776,False,0.5559952816298365,False,0.36719007999585257,NEITHER
2022-11-02,18.6281,False,0.6417053554191027,False,0.36023770525651144,NEITHER
2022-11-03,18.6173,False,0.5578813464692399,False,0.3434542930901234,NEITHER
2022-11-04,18.5622,False,0.6886142958322776,False,0.3856961681273266,NEITHER
2022-11-07,18.4998,False,0.6956992573075711,False,0.3961960644750243,NEITHER
2022-11-08,18.5269,False,0.7591152669446999,False,0.3722133795962483,NEITHER
2022-11-09,18.588,False,0.7950779884758112,False,0.3783823092546705,NEITHER
2022-11-10,18.4871,True,1.0300637723850234,False,0.43906326736583434,BASELINE_ONLY
2022-11-11,18.5474,True,1.1122833372327234,False,0.40857122718153577,BASELINE_ONLY
2022-11-14,18.6007,True,1.018499614338358,False,0.3877386784648113,BASELINE_ONLY
2022-11-15,18.603,True,1.0253158385856886,False,0.3799523798499643,BASELINE_ONLY
2022-11-16,18.5863,False,0.9626504297973086,False,0.3786559843834358,NEITHER
2022-11-17,18.5928,False,0.5016194417585793,False,0.3492875796864784,NEITHER
2022-11-18,18.6178,False,0.3918183517990438,False,0.3435885809097314,NEITHER
2022-11-21,18.6223,False,0.2189892566114012,False,0.34346329401501025,NEITHER
2022-11-22,18.6108,False,0.2430462469038835,False,0.3448878111253684,NEITHER
2022-11-23,18.6169,False,0.1911340849671184,False,0.3456544683262135,NEITHER
2022-11-24,18.6289,False,0.1950967915584522,False,0.34458485993345,NEITHER
2022-11-25,18.6289,False,0.1296601000256512,False,0.349959105294619,NEITHER
2022-11-28,18.627,False,0.1303381677318732,False,0.3498700674325714,NEITHER
2022-11-29,18.6364,False,0.0878615683390318,False,0.3543645243762282,NEITHER
2022-11-30,18.6335,False,0.1013209478029077,False,0.3524068162286791,NEITHER
2022-12-01,18.633,False,0.0726045820343063,False,0.3583181536084734,NEITHER
2022-12-02,18.6307,False,0.0754898759244677,False,0.3570227708669711,NEITHER
2022-12-05,18.6391,False,0.088242534788181,False,0.35356800654320764,NEITHER
2022-12-06,18.6346,False,0.0850230944256172,False,0.35865375667214666,NEITHER
2022-12-07,18.6361,False,0.0727814639702778,False,0.3574767765401303,NEITHER
2022-12-08,18.6428,False,0.0824433924591995,False,0.35729635588082764,NEITHER
2022-12-09,18.6433,False,0.0963012141701778,False,0.3587086019121692,NEITHER
2022-12-12,18.6364,False,0.20329068497188,False,0.36323703672232105,NEITHER
2022-12-13,18.6424,False,0.1177909683885864,False,0.3605440427153794,NEITHER
2022-12-14,18.6223,False,0.6138573017313085,False,0.3766740548178383,NEITHER
2022-12-15,18.6423,False,0.4854131976473162,False,0.35897252161079257,NEITHER
2022-12-16,18.6564,False,0.2850710751483469,False,0.34861899576089755,NEITHER
2022-12-19,18.65,False,0.2576625941126371,False,0.34853873588503614,NEITHER
2022-12-20,18.6575,False,0.2623140313562719,False,0.34547339205688604,NEITHER
2022-12-21,18.6662,False,0.1787288543388526,False,0.35173531920123446,NEITHER
2022-12-22,18.655,False,0.3807339690517251,False,0.3598170687896073,NEITHER
2022-12-23,18.6755,False,0.5232567050912991,False,0.360471564348914,NEITHER
2022-12-26,18.6626,False,0.3762299940445152,False,0.3574785923811368,NEITHER
2022-12-27,18.6813,False,0.3973067846157193,False,0.34859656962380525,NEITHER
2022-12-28,18.7117,False,0.628661094707901,False,0.360315753883737,NEITHER
2022-12-29,18.7069,False,0.3429111444018169,False,0.3442027288959212,NEITHER
2022-12-30,18.7058,False,0.3382963258588489,False,0.342496169984319,NEITHER
2023-01-02,18.7127,False,0.2792149459564667,False,0.34204294272489266,NEITHER
2023-01-03,18.7198,False,0.2633016622425707,False,0.34247141822356786,NEITHER
2023-01-04,18.7381,False,0.2757756531234151,False,0.3515532715268481,NEITHER
2023-01-05,18.7635,False,0.3874968333406446,False,0.3498554304963891,NEITHER
2023-01-06,18.7134,True,1.0124064422088652,False,0.40261117550472714,BASELINE_ONLY
2023-01-09,18.7673,False,0.6946496661593853,False,0.37298052231922313,NEITHER
2023-01-10,18.7747,False,0.6944124520596623,False,0.3521502239059988,NEITHER
2023-01-11,18.769,False,0.7006918756679349,False,0.3531548112290087,NEITHER
2023-01-12,18.7824,False,0.6798858362820761,False,0.351534184224844,NEITHER
2023-01-13,18.7813,False,0.4314093438557174,False,0.34388774983114495,NEITHER
2023-01-16,18.7874,False,0.136062778323736,False,0.3477873883708844,NEITHER
2023-01-17,18.7695,False,0.3012986344348936,False,0.35395236341591035,NEITHER
2023-01-18,18.7984,False,0.3113271185347103,False,0.3406926038229763,NEITHER
2023-01-19,18.7901,False,0.3176113899723148,False,0.34245919081088566,NEITHER
2023-01-20,18.8066,False,0.3363953341791719,False,0.3389126680200375,NEITHER
2023-01-23,18.8103,False,0.3380903488028332,False,0.33816198546595966,NEITHER
2023-01-24,18.7967,False,0.3205142541301595,False,0.3461420100381912,NEITHER
2023-01-25,18.7886,False,0.2270161535936834,False,0.34787588829458505,NEITHER
2023-01-26,18.8031,False,0.2505393194308066,False,0.34226330845881603,NEITHER
2023-01-27,18.8052,False,0.2144115603747372,False,0.34390558867723753,NEITHER
2023-01-30,18.7917,False,0.2499864987211641,False,0.350248558262805,NEITHER
2023-01-31,18.8105,False,0.2913468036072588,False,0.34204436536446836,NEITHER
2023-02-01,18.8056,False,0.2941357548009734,False,0.34281287998162396,NEITHER
2023-02-02,18.8004,False,0.3357076026914181,False,0.34447699352784233,NEITHER
2023-02-03,18.8189,False,0.4490418526933508,False,0.3454064053294145,NEITHER
2023-02-06,18.8264,False,0.387192132205546,False,0.34456491838785397,NEITHER
2023-02-07,18.8275,False,0.3235789457823322,False,0.3441192210462221,NEITHER
2023-02-08,18.8293,False,0.2955591082707465,False,0.3451794930136881,NEITHER
2023-02-09,18.8276,False,0.2660419394632778,False,0.34740092400337874,NEITHER
2023-02-10,18.8332,False,0.123802791710204,False,0.353982926011764,NEITHER
2023-02-13,18.8403,False,0.1195194674057771,False,0.3548792914779189,NEITHER
2023-02-14,18.8367,False,0.1552059812813974,False,0.3567103751422081,NEITHER
2023-02-15,18.8497,False,0.2286891958891421,False,0.35086385349010196,NEITHER
2023-02-16,18.8468,False,0.2380849606901193,False,0.3512786563771903,NEITHER
2023-02-17,18.8618,False,0.3068931281168741,False,0.34989919512346584,NEITHER
2023-02-20,18.8651,False,0.2933847923018151,False,0.3464207817926594,NEITHER
2023-02-21,18.8662,False,0.2614883527686834,False,0.34885449093304177,NEITHER
2023-02-22,18.8725,False,0.2273123204536148,False,0.3506449837520848,NEITHER
2023-02-23,18.8721,False,0.2060759882502452,False,0.35304663116144186,NEITHER
2023-02-24,18.8764,False,0.0890904255028655,False,0.36069336606852176,NEITHER
2023-02-27,18.884,False,0.1211171971347745,False,0.3594905537097597,NEITHER
2023-02-28,18.8832,False,0.185478109906662,False,0.3610979305421779,NEITHER
2023-03-01,18.8828,False,0.1535323786671135,False,0.3612152529220827,NEITHER
2023-03-02,18.8908,False,0.1626785020856,False,0.35957607520517654,NEITHER
2023-03-03,18.8944,False,0.142256255551119,False,0.35701586285777387,NEITHER
2023-03-06,18.8961,False,0.121790531603065,False,0.35907744803279007,NEITHER
2023-03-07,18.9194,False,0.9926669305060324,False,0.38406269231822515,NEITHER
2023-03-08,18.9381,False,0.5308385263025189,False,0.3603119406979357,NEITHER
2023-03-09,18.9556,False,0.4118223174903152,False,0.35334751083511534,NEITHER
2023-03-10,18.9658,False,0.289890522026495,False,0.348425911370152,NEITHER
2023-03-13,18.9668,False,0.3003468571617483,False,0.3495551660799377,NEITHER
2023-03-14,18.9746,False,0.2507117965750298,False,0.3497721041720678,NEITHER
2023-03-15,18.9918,False,0.3483988822775041,False,0.3541995247647391,NEITHER
2023-03-16,18.9957,False,0.2151859549846121,False,0.3502363143881139,NEITHER
2023-03-17,19.0086,False,0.2285916108219026,False,0.350724217254207,NEITHER
2023-03-20,19.0005,False,0.5381394423022345,False,0.3650034637467701,NEITHER
2023-03-21,19.0196,False,0.3921057477949546,False,0.3487314185311116,NEITHER
2023-03-22,19.038,False,0.4080265791313576,False,0.34763298183604285,NEITHER
2023-03-23,19.0283,False,0.5227273172346224,False,0.36625905764650846,NEITHER
2023-03-24,19.0612,False,0.6715325633434257,False,0.37130733124538645,NEITHER
2023-03-27,19.0895,False,0.558959713063932,False,0.3553135947903217,NEITHER
2023-03-28,19.1156,False,0.5648773024034297,False,0.35117997778988747,NEITHER
2023-03-29,19.1247,False,0.588259106435744,False,0.34734078020332704,NEITHER
2023-03-30,19.1607,False,0.5156795042546265,False,0.3569544377743779,NEITHER
2023-03-31,19.1707,False,0.4473264104394157,False,0.3454480036411546,NEITHER
2023-04-03,19.1802,False,0.5243691720484516,False,0.3481203343351962,NEITHER
2023-04-04,19.2195,False,0.6189649426547168,False,0.36205362155268356,NEITHER
2023-04-05,19.2396,False,0.5658710641435972,False,0.3485286196350774,NEITHER
2023-04-06,19.2476,False,0.5284499170309639,False,0.34655881980073466,NEITHER
2023-04-07,19.2376,False,0.7164968459005284,False,0.3687286778039978,NEITHER
2023-04-10,19.2663,False,0.738380900350236,False,0.35689684011437617,NEITHER
2023-04-11,19.2875,False,0.6021858013767416,False,0.34745992700861994,NEITHER
2023-04-12,19.312,False,0.6316420776495734,False,0.3492786151124729,NEITHER
2023-04-13,19.3199,False,0.642756487841406,False,0.34996691025449767,NEITHER
2023-04-14,19.3477,False,0.338695025820916,False,0.34720022994289584,NEITHER
2023-04-17,19.388,False,0.4457353166583421,False,0.3522876830577055,NEITHER
2023-04-18,19.3882,False,0.6277959780539887,False,0.35746669009197946,NEITHER
2023-04-19,19.3938,False,0.6748203633076376,False,0.353627454253932,NEITHER
2023-04-20,19.3861,False,0.7855866624392587,False,0.3703368198579013,NEITHER
2023-04-21,19.401,False,0.7250901174049019,False,0.35211293462350635,NEITHER
2023-04-24,19.4009,False,0.3354243556789462,False,0.35167838098113674,NEITHER
2023-04-25,19.4265,False,0.5167357308777837,False,0.34621987312970515,NEITHER
2023-04-26,19.4147,False,0.6170159067353967,False,0.36610738129961634,NEITHER
2023-04-27,19.4342,False,0.6050509668003808,False,0.3487858269392129,NEITHER
2023-04-28,19.4482,False,0.6039883208112256,False,0.3477656643734735,NEITHER
2023-05-01,19.4379,False,0.6734441870278856,False,0.36417402631470513,NEITHER
2023-05-02,19.4624,False,0.6584009405727538,False,0.3508895640388445,NEITHER
2023-05-03,19.4734,False,0.5178180535105299,False,0.34496703764857994,NEITHER
2023-05-04,19.4899,False,0.5065843743447888,False,0.34477431089797017,NEITHER
2023-05-05,19.5138,False,0.5510240201040127,False,0.3469400273823831,NEITHER
2023-05-08,19.5018,False,0.5626870056319938,False,0.3619642986679581,NEITHER
2023-05-09,19.5096,False,0.5117369658450962,False,0.34529549427450723,NEITHER
2023-05-10,19.5385,False,0.603218905226256,False,0.3499311314377915,NEITHER
2023-05-11,19.537,False,0.6422752079374997,False,0.3507231124448769,NEITHER
2023-05-12,19.564,False,0.6611666328404159,False,0.3514934332574465,NEITHER
2023-05-15,19.6553,True,1.310801018272307,False,0.4359446952079494,BASELINE_ONLY
2023-05-16,19.7211,True,1.0024098048121572,False,0.3929132133043262,BASELINE_ONLY
2023-05-17,19.755,False,0.9848386494995064,False,0.37834578126963947,NEITHER
2023-05-18,19.7917,False,0.737529011184299,False,0.36061922918249595,NEITHER
2023-05-19,19.8124,False,0.7820306324294227,False,0.3628115237275945,NEITHER
2023-05-22,19.8246,False,0.5581075748581416,False,0.3495553586543346,NEITHER
2023-05-23,19.8489,False,0.272663234092194,False,0.34547203284392336,NEITHER
2023-05-24,19.8912,False,0.3283579347656671,False,0.348469100118721,NEITHER
2023-05-25,19.9279,False,0.3247709572422599,False,0.34666174420660206,NEITHER
2023-05-26,19.9662,False,0.3275960192243108,False,0.34777693262858966,NEITHER
2023-05-29,20.0926,True,1.0248321660743738,False,0.4155087064860556,BASELINE_ONLY
2023-05-30,20.4955,True,2.8983855414582056,True,0.5348763977579889,BOTH
2023-05-31,20.7815,True,1.2588793749799865,False,0.46054190381986515,BASELINE_ONLY
2023-06-01,20.8023,True,1.289101380588883,False,0.4406002257556836,BASELINE_ONLY
2023-06-02,20.9567,True,1.1320580462892509,False,0.4329851523722954,BASELINE_ONLY
2023-06-05,21.2569,True,1.0056656596525395,False,0.45330952738605435,BASELINE_ONLY
2023-06-06,21.5686,False,0.751105977660897,False,0.4370258475161045,NEITHER
2023-06-07,23.2553,True,3.098041520080465,True,0.6810269510149298,BOTH
2023-06-08,23.1098,True,1.5347541541227745,True,0.594306561092838,BOTH
2023-06-09,23.3834,True,1.5077516451000312,True,0.5889801506614433,BOTH
2023-06-12,23.6125,True,1.5215927420599784,True,0.5878625708341736,BOTH
2023-06-13,23.6313,True,1.5822814829678482,True,0.5792263563774126,BOTH
2023-06-14,23.5614,False,0.3672960768393974,False,0.4485599443564871,NEITHER
2023-06-15,23.6458,False,0.2869522243300551,False,0.44562393872376266,NEITHER
2023-06-16,23.6143,False,0.2328584130352977,False,0.4408336024800545,NEITHER
2023-06-19,23.5748,False,0.1503506691772141,False,0.44607973167269754,NEITHER
2023-06-20,23.5601,False,0.1334097336658819,False,0.4428800471156379,NEITHER
2023-06-21,23.5664,False,0.1192385404667887,False,0.44045505935253265,NEITHER
2023-06-22,24.8748,True,1.3879930748862774,True,0.5692727684919531,BOTH
2023-06-23,25.2305,False,0.9544632112522824,True,0.5288969040147463,ISOLATION_FOREST_ONLY
2023-06-26,25.9038,False,0.8881454866069192,True,0.5581087341918111,ISOLATION_FOREST_ONLY
2023-06-27,25.9814,False,0.8604049249618237,True,0.5435830479137237,ISOLATION_FOREST_ONLY
2023-06-28,26.0387,False,0.8449705016896001,True,0.5441195793600999,ISOLATION_FOREST_ONLY
2023-06-29,26.0194,False,0.4358785810768266,False,0.49159091966039375,NEITHER
2023-06-30,25.8881,False,0.4735804747609442,False,0.4903022095092972,NEITHER
2023-07-03,25.9212,False,0.1227747820532923,False,0.4844256532107988,NEITHER
2023-07-04,25.9613,False,0.1125805158502476,False,0.4796831764139357,NEITHER
2023-07-05,26.067,False,0.1300605449716994,False,0.4606440118578803,NEITHER
2023-07-06,26.0728,False,0.1284784302044122,False,0.4515066525355453,NEITHER
2023-07-07,26.0375,False,0.1366199848587624,False,0.4503916136137117,NEITHER
2023-07-10,26.0886,False,0.090250281312046,False,0.4450732687073682,NEITHER
2023-07-11,26.0934,False,0.0893255970896028,False,0.4405525694788084,NEITHER
2023-07-12,26.1246,False,0.0702743815780545,False,0.44276254167495877,NEITHER
2023-07-13,26.0296,False,0.1631989560236837,False,0.4395184415349988,NEITHER
2023-07-14,26.1253,False,0.103946686289982,False,0.4265852301639863,NEITHER
2023-07-17,26.3211,False,0.187366269478245,False,0.4250300454803456,NEITHER
2023-07-18,26.9155,False,0.5645660705669575,False,0.46352065986395213,NEITHER
2023-07-19,26.7849,False,0.4145243585992762,False,0.4403389702650751,NEITHER
2023-07-20,26.747,False,0.39903765815098,False,0.4163238566578868,NEITHER
2023-07-21,26.9681,False,0.3993829473466166,False,0.41899268180220905,NEITHER
2023-07-24,26.9499,False,0.4147692013880579,False,0.411336979963541,NEITHER
2023-07-25,26.9079,False,0.1840253399366306,False,0.394858697901264,NEITHER
2023-07-26,26.907,False,0.1553797793556521,False,0.38533974780639435,NEITHER
2023-07-27,26.9021,False,0.1501139906603265,False,0.3800088941109291,NEITHER
2023-07-28,26.8765,False,0.1097537526106835,False,0.40242645938578686,NEITHER
2023-07-31,26.9113,False,0.0402422987127199,False,0.3884285212907463,NEITHER
2023-08-01,26.9178,False,0.0707177271277031,False,0.38578741108195086,NEITHER
2023-08-02,26.9181,False,0.0776413446009026,False,0.38511847023228674,NEITHER
2023-08-03,26.9555,False,0.0396023449927879,False,0.3836511004346128,NEITHER
2023-08-04,26.914,False,0.1382535892926846,False,0.382320702885364,NEITHER
2023-08-07,26.9624,False,0.0488849913522377,False,0.37634672757864457,NEITHER
2023-08-08,26.982,False,0.0490363206692182,False,0.374914963383514,NEITHER
2023-08-09,26.9901,False,0.0597266947335419,False,0.3732528038355154,NEITHER
2023-08-10,26.9981,False,0.0578936923248974,False,0.37384647643729774,NEITHER
2023-08-11,26.9654,False,0.1337592069486362,False,0.38046048811633065,NEITHER
2023-08-14,27.0119,False,0.0431108012490075,False,0.3738975841927313,NEITHER
2023-08-15,27.0472,False,0.0422446108939657,False,0.37379069593478964,NEITHER
2023-08-16,27.043,False,0.0435463809613504,False,0.37153552780404514,NEITHER
2023-08-17,27.0793,False,0.1013201833133962,False,0.3703991329188803,NEITHER
2023-08-18,27.0689,False,0.1204664178560879,False,0.37595687124215127,NEITHER
2023-08-21,27.1392,False,0.5700843793474948,False,0.3857305737545456,NEITHER
2023-08-22,27.1721,False,0.1850167767519971,False,0.3711902954107684,NEITHER
2023-08-23,27.1893,False,0.0409107203027387,False,0.37118890338123545,NEITHER
2023-08-24,25.7736,True,12.16580386969299,True,0.6174122663427811,BOTH
2023-08-25,26.5335,False,0.955987446367446,True,0.525556120750623,ISOLATION_FOREST_ONLY
2023-08-28,26.4642,False,0.952320499185998,False,0.4834738866760986,NEITHER
2023-08-29,26.5177,False,0.957701668413174,False,0.4832021423987698,NEITHER
2023-08-30,26.6899,True,1.2544716094077724,False,0.4982241383634958,BASELINE_ONLY
2023-08-31,26.6899,False,0.67401514566392,False,0.42232757467875076,NEITHER
2023-09-01,26.6917,False,0.1434890637580418,False,0.3756847336251422,NEITHER
2023-09-04,26.7578,False,0.215967310670004,False,0.38334221989061346,NEITHER
2023-09-05,26.7615,False,0.1793352532062239,False,0.3783466213725673,NEITHER
2023-09-06,26.8114,False,0.089373393209826,False,0.38453065065688086,NEITHER
2023-09-07,26.8106,False,0.0887849264232619,False,0.38446855234489735,NEITHER
2023-09-08,26.8365,False,0.106512488368584,False,0.38461129837958546,NEITHER
2023-09-11,26.8663,False,0.079810807928116,False,0.3871124673271705,NEITHER
2023-09-12,26.8363,False,0.0550216445439899,False,0.3861788576656429,NEITHER
2023-09-13,26.9321,False,0.089244791569625,False,0.3831712269290668,NEITHER
2023-09-14,26.945,False,0.098862420143218,False,0.37448083459463266,NEITHER
2023-09-15,26.982,False,0.1070273968068279,False,0.3747372622348222,NEITHER
2023-09-18,27.0089,False,0.1048942047055279,False,0.37263908221684694,NEITHER
2023-09-19,27.0115,False,0.128874226258126,False,0.37654675699579776,NEITHER
2023-09-20,26.9957,False,0.04678310953206,False,0.3836200668832137,NEITHER
2023-09-21,27.1371,False,0.141305587124344,False,0.35556347847390435,NEITHER
2023-09-22,27.1418,False,0.1352615459944635,False,0.35162513233316833,NEITHER
2023-09-25,27.1993,False,0.137047696439526,False,0.3516290646179017,NEITHER
2023-09-26,27.2436,False,0.130786743314462,False,0.35002537889281937,NEITHER
2023-09-27,26.9039,True,1.8078152477509295,False,0.43797886628108046,BASELINE_ONLY
2023-09-28,27.3141,True,1.100343561689166,False,0.4185530878236651,BASELINE_ONLY
2023-09-29,27.3824,False,0.5457176246512068,False,0.35665888853572997,NEITHER
2023-10-02,27.4301,False,0.5456553464328338,False,0.35670733987058734,NEITHER
2023-10-03,27.4357,False,0.547010149498998,False,0.355473306766506,NEITHER
2023-10-04,27.5287,False,0.3366642537182576,False,0.3593439477405753,NEITHER
2023-10-05,27.5588,False,0.0686088810403341,False,0.35340765368723204,NEITHER
2023-10-06,27.5771,False,0.0690763589511188,False,0.3512029882751714,NEITHER
2023-10-09,27.6736,False,0.1122774128174876,False,0.35327519546666886,NEITHER
2023-10-10,27.721,False,0.0772279533306514,False,0.3511793287895529,NEITHER
2023-10-11,27.6717,False,0.1807823824704474,False,0.35106544758563163,NEITHER
2023-10-12,27.7247,False,0.1155348283491076,False,0.3435961657742082,NEITHER
2023-10-13,27.7642,False,0.1149752339768921,False,0.3432296729916986,NEITHER
2023-10-16,27.8561,False,0.1118232780627677,False,0.34707227687046815,NEITHER
2023-10-17,27.9446,False,0.1226828712990044,False,0.3474690415071597,NEITHER
2023-10-18,27.9745,False,0.0606527394790931,False,0.35509198234027867,NEITHER
2023-10-19,27.981,False,0.0823093288563598,False,0.35166898617146797,NEITHER
2023-10-20,27.9433,False,0.1543657166323596,False,0.3492779317315984,NEITHER
2023-10-23,28.0652,False,0.1534944244299763,False,0.3487407571039385,NEITHER
2023-10-24,28.0921,False,0.1240715155684003,False,0.3433325250591655,NEITHER
2023-10-25,28.1237,False,0.1240921622751953,False,0.3448912585875013,NEITHER
2023-10-26,28.1377,False,0.1254253965512778,False,0.34870324483340814,NEITHER
2023-10-27,28.1667,False,0.0932234438431784,False,0.3510521449444779,NEITHER
2023-10-30,28.245,False,0.2174676154468568,False,0.36370167710764306,NEITHER
2023-10-31,28.2995,False,0.0724957070164135,False,0.35950396128075013,NEITHER
2023-11-01,28.3294,False,0.0787945524289211,False,0.35833327908237605,NEITHER
2023-11-02,28.3246,False,0.2648688806330683,False,0.36189238578327915,NEITHER
2023-11-03,28.3801,False,0.0943096217465604,False,0.35524139107799546,NEITHER
2023-11-06,28.4367,False,0.0897501687834013,False,0.3574625110047686,NEITHER
2023-11-07,28.4916,False,0.0959530826868253,False,0.35805028399399014,NEITHER
2023-11-08,28.4479,False,0.4893993893014966,False,0.37190771598411076,NEITHER
2023-11-09,28.4655,False,0.1314038237569316,False,0.3526915754802518,NEITHER
2023-11-10,28.5481,False,0.2703662840963429,False,0.3540455032068698,NEITHER
2023-11-13,28.5929,False,0.1000872419661868,False,0.34864596222030864,NEITHER
2023-11-14,28.6318,False,0.0969883722053236,False,0.34830594510447527,NEITHER
2023-11-15,28.6809,False,0.0911071430236259,False,0.35987851574406854,NEITHER
2023-11-16,28.6547,False,0.3939646930849765,False,0.35742778144842974,NEITHER
2023-11-17,28.6774,False,0.1776168605224219,False,0.3419802035790892,NEITHER
2023-11-20,28.7431,False,0.2051381901965272,False,0.34536929154876156,NEITHER
2023-11-21,28.7802,False,0.204540702639987,False,0.34209099668976395,NEITHER
2023-11-22,28.852,False,0.2845652990386391,False,0.3460251357460116,NEITHER
2023-11-23,28.8257,False,0.4710155235086012,False,0.3590112485952272,NEITHER
2023-11-24,28.8595,False,0.231790292571542,False,0.3389531883743739,NEITHER
2023-11-27,28.9042,False,0.2142959805900844,False,0.3405372078589116,NEITHER
2023-11-28,28.9046,False,0.2377460416716842,False,0.3426018195511133,NEITHER
2023-11-29,28.9259,False,0.1680867285453968,False,0.3409776150923925,NEITHER
2023-11-30,28.8699,False,0.61383827810654,False,0.3605453509033821,NEITHER
2023-12-01,28.896,False,0.2280971861624354,False,0.33780250957264674,NEITHER
2023-12-04,28.9143,False,0.1992074705888243,False,0.33781582951189093,NEITHER
2023-12-05,28.884,False,0.3572978160647294,False,0.3528846454685053,NEITHER
2023-12-06,28.9123,False,0.2260389119804011,False,0.3377174705723268,NEITHER
2023-12-07,28.9199,False,0.1417070361249161,False,0.3431763876150325,NEITHER
2023-12-08,28.9846,False,0.2876263903416915,False,0.3428549284962753,NEITHER
2023-12-11,29.0011,False,0.2030864304059448,False,0.33786297385965564,NEITHER
2023-12-12,28.9958,False,0.1875428205059583,False,0.34361014108164634,NEITHER
2023-12-13,28.9699,False,0.3191295270598933,False,0.3497196449476062,NEITHER
2023-12-14,28.9604,False,0.2096675462147746,False,0.3445195554153722,NEITHER
2023-12-15,28.9791,False,0.1119523329740107,False,0.34593525607130887,NEITHER
2023-12-18,29.0582,False,0.4662363723269192,False,0.3471104175030146,NEITHER
2023-12-19,29.0934,False,0.2441160435466222,False,0.33571905194251855,NEITHER
2023-12-20,29.1302,False,0.2438938936112444,False,0.3378634464993071,NEITHER
2023-12-21,29.1522,False,0.3059072893416357,False,0.3388127808700578,NEITHER
2023-12-22,29.2107,False,0.329101032794585,False,0.34479827870894,NEITHER
2023-12-25,29.152,False,0.5757262404170884,False,0.3634985501669559,NEITHER
2023-12-26,29.2725,False,0.7607543495639076,False,0.3757365961913714,NEITHER
2023-12-27,29.3874,False,0.8567220705916262,False,0.37313797507966995,NEITHER
2023-12-28,29.435,False,0.836480725486809,False,0.3595403842151068,NEITHER
2023-12-29,29.5711,False,0.8907738892277582,False,0.3836826897482711,NEITHER
2024-01-01,29.5134,False,0.8715365338402548,False,0.379909350971326,NEITHER
2024-01-02,29.7309,False,0.9921341566875056,False,0.40923151947540637,NEITHER
2024-01-03,29.7691,True,1.0304604741288204,False,0.37795819624144655,BASELINE_ONLY
2024-01-04,29.7529,True,1.1009684499192312,False,0.3889114313101332,BASELINE_ONLY
2024-01-05,29.8403,True,1.0335021106599829,False,0.3783076659404689,BASELINE_ONLY
2024-01-08,29.8705,False,0.8795209406607899,False,0.36749743393333856,NEITHER
2024-01-09,29.9245,False,0.3712415486587095,False,0.343750859531206,NEITHER
2024-01-10,29.9598,False,0.3715915835068372,False,0.34299159546347857,NEITHER
2024-01-11,29.9971,False,0.2309583122408589,False,0.34433340507040905,NEITHER
2024-01-12,30.098,False,0.2850370564072455,False,0.3490887190112472,NEITHER
2024-01-15,30.0779,False,0.4355686808313002,False,0.35231827935454946,NEITHER
2024-01-16,30.1,False,0.4357788619940644,False,0.3434590293463786,NEITHER
2024-01-17,30.129,False,0.4366066716659073,False,0.34327868731134015,NEITHER
2024-01-18,30.1332,False,0.454036137979489,False,0.34422567133463516,NEITHER
2024-01-19,30.2005,False,0.3212097917310463,False,0.34245900431354576,NEITHER
2024-01-22,30.2562,False,0.255652415249976,False,0.3439044758972753,NEITHER
2024-01-23,30.2164,False,0.4214837605780652,False,0.35616984746312624,NEITHER
2024-01-24,30.2349,False,0.4202827017711205,False,0.34318178090677653,NEITHER
2024-01-25,30.2424,False,0.4184155686412726,False,0.34309863601025514,NEITHER
2024-01-26,30.0999,False,0.7200451160517906,False,0.3982098877059702,NEITHER
2024-01-29,30.3456,True,1.148964385108278,False,0.415912598676586,BASELINE_ONLY
2024-01-30,30.3488,True,1.1236270160968274,False,0.3853510378041042,BASELINE_ONLY
2024-01-31,30.3454,True,1.1413241498965636,False,0.38696985330534034,BASELINE_ONLY
2024-02-01,30.3329,True,1.1432390113980064,False,0.38747704034531416,BASELINE_ONLY
2024-02-02,30.4907,False,0.9258895947424954,False,0.384595438901337,NEITHER
2024-02-05,30.5514,False,0.5588636000607186,False,0.3468466855364655,NEITHER
2024-02-06,30.5517,False,0.5607836079993399,False,0.34620628107730933,NEITHER
2024-02-07,30.5837,False,0.5317120053009335,False,0.34488829780239366,NEITHER
2024-02-08,30.5893,False,0.5065076190558632,False,0.3443187729131713,NEITHER
2024-02-09,30.6745,False,0.2818738555596816,False,0.34381771993917143,NEITHER
2024-02-12,30.7137,False,0.2639616807229057,False,0.3400425214195708,NEITHER
2024-02-13,30.7063,False,0.2781548168608637,False,0.33961219102862045,NEITHER
2024-02-14,30.7433,False,0.2800328752567066,False,0.33807875378882507,NEITHER
2024-02-15,30.7253,False,0.3231667434614167,False,0.33990401336491344,NEITHER
2024-02-16,30.839,False,0.3993689609338155,False,0.34413031954945905,NEITHER
2024-02-19,30.8376,False,0.4131580280767676,False,0.3386711564038417,NEITHER
2024-02-20,30.9105,False,0.4123402494735975,False,0.341186911693769,NEITHER
2024-02-21,31.0042,False,0.445259986859938,False,0.34427988373583923,NEITHER
2024-02-22,30.9876,False,0.4474024711413484,False,0.34333539437572247,NEITHER
2024-02-23,31.0391,False,0.3639218794346963,False,0.33855022050414146,NEITHER
2024-02-26,31.0937,False,0.3179748162892319,False,0.33880536831011404,NEITHER
2024-02-27,31.1427,False,0.3070097552556251,False,0.3378455746641706,NEITHER
2024-02-28,31.2017,False,0.2431248221820723,False,0.33981457446906704,NEITHER
2024-02-29,31.2335,False,0.0805436991651189,False,0.3533384066038308,NEITHER
2024-03-01,31.3634,False,0.4518970722120651,False,0.3544138015151965,NEITHER
2024-03-04,31.5712,False,0.9542041078299572,False,0.38864748457563564,NEITHER
2024-03-05,31.5876,False,0.5716771401311165,False,0.3537043031666302,NEITHER
2024-03-06,31.7653,False,0.6033285320812497,False,0.3751846688270629,NEITHER
2024-03-07,31.8177,False,0.5762856897322536,False,0.35934485135910427,NEITHER
2024-03-08,31.9088,False,0.5776710501653002,False,0.3600243959287348,NEITHER
2024-03-11,32.022,False,0.4297520354007329,False,0.35571896571131245,NEITHER
2024-03-12,32.0589,False,0.3905879269084561,False,0.35402938276155066,NEITHER
2024-03-13,32.0416,False,0.3561206687135145,False,0.3592830996306006,NEITHER
2024-03-14,32.1327,False,0.3642953815090829,False,0.35140959850872927,NEITHER
2024-03-15,32.1271,False,0.3936730926449949,False,0.35504401665841423,NEITHER
2024-03-18,32.2803,False,0.4853032748290692,False,0.361058043963619,NEITHER
2024-03-19,32.3476,False,0.4880157487143172,False,0.3541800781685632,NEITHER
2024-03-20,32.3779,False,0.4213294078681603,False,0.35387819516615254,NEITHER
2024-03-21,32.0211,True,1.679865315483454,False,0.4743151736153925,BASELINE_ONLY
2024-03-22,31.9679,True,1.0983889729979237,False,0.4097178941877537,BASELINE_ONLY
2024-03-25,32.1128,True,1.089454693299536,False,0.4041964836526584,BASELINE_ONLY
2024-03-26,32.1354,True,1.1074526470161885,False,0.3999772336515275,BASELINE_ONLY
2024-03-27,32.256,True,1.172886525832452,False,0.40513004599528396,BASELINE_ONLY
2024-03-28,32.3174,False,0.4654430702996177,False,0.3552633175673331,NEITHER
2024-03-29,32.3984,False,0.2846100599207101,False,0.36266258467390083,NEITHER
2024-04-01,32.1785,False,0.7311223869086171,False,0.389545260347662,NEITHER
2024-04-02,32.0214,False,0.8073822561410201,False,0.3861389783757011,NEITHER
2024-04-03,31.9543,False,0.6828385952169894,False,0.38079595516514175,NEITHER
2024-04-04,31.8958,False,0.5846499246380713,False,0.3785785728201981,NEITHER
2024-04-05,32.0158,False,0.6613914998829968,False,0.3813911324059624,NEITHER
2024-04-08,32.0122,False,0.5272573368360424,False,0.357824797043167,NEITHER
2024-04-09,32.2378,False,0.6345721533832248,False,0.3658916372506385,NEITHER
2024-04-10,32.2842,False,0.5565888637447632,False,0.3544943541783645,NEITHER
2024-04-11,32.2783,False,0.4906376937514902,False,0.35613020184302774,NEITHER
2024-04-12,32.3565,False,0.4755237474343418,False,0.35399499887127106,NEITHER
2024-04-15,32.4045,False,0.4398066207422081,False,0.35205432862659836,NEITHER
2024-04-16,32.4515,False,0.1516640546985149,False,0.34233057224413443,NEITHER
2024-04-17,32.3808,False,0.2899613157359693,False,0.34011653109714357,NEITHER
2024-04-18,32.4747,False,0.3185539675555415,False,0.3390892441706711,NEITHER
2024-04-19,32.5004,False,0.3094825845056074,False,0.3346707321734701,NEITHER
2024-04-22,32.5131,False,0.3199949354163011,False,0.3338742769900952,NEITHER
2024-04-23,32.5468,False,0.314389668005288,False,0.3343118084543726,NEITHER
2024-04-24,32.54,False,0.2020008175678617,False,0.3380421430480111,NEITHER
2024-04-25,32.5105,False,0.1354533745858638,False,0.34501163985309097,NEITHER
2024-04-26,32.4375,False,0.2188188524184604,False,0.35153946362381183,NEITHER
2024-04-29,32.4363,False,0.2097068714269458,False,0.3448644286286531,NEITHER
2024-04-30,32.3795,False,0.2095684193308995,False,0.3618420950113373,NEITHER
2024-05-01,32.4788,False,0.3595969053738604,False,0.343705381071676,NEITHER
2024-05-02,32.3591,False,0.4918459069760247,False,0.37025729507329314,NEITHER
2024-05-03,32.3374,False,0.4165715615245431,False,0.3478748653169997,NEITHER
2024-05-06,32.2398,False,0.4403051557636683,False,0.3679263986198345,NEITHER
2024-05-07,32.257,False,0.4538729377223415,False,0.3497640342792917,NEITHER
2024-05-08,32.2468,False,0.3017704215452809,False,0.358198389505164,NEITHER
2024-05-09,32.2398,False,0.2234406720623229,False,0.3539498002412686,NEITHER
2024-05-10,32.2081,False,0.2251605517845686,False,0.3581807012348681,NEITHER
2024-05-13,32.2788,False,0.3375933652586322,False,0.3527591606005684,NEITHER
2024-05-14,32.2618,False,0.2074180393691775,False,0.34879945531000267,NEITHER
2024-05-15,32.1624,False,0.3881682828916415,False,0.36706305625252617,NEITHER
2024-05-16,32.2745,False,0.5146176949716073,False,0.355551339191203,NEITHER
2024-05-17,32.202,False,0.4597744053369024,False,0.3533106119552784,NEITHER
2024-05-20,32.184,False,0.4123782635684627,False,0.35190911857686924,NEITHER
2024-05-21,32.1427,False,0.4144693760336835,False,0.3543654865591275,NEITHER
2024-05-22,32.1662,False,0.3617106349433993,False,0.3494129463517948,NEITHER
2024-05-23,32.1791,False,0.1989510256438736,False,0.35614478873574373,NEITHER
2024-05-24,32.2247,False,0.2487756609950466,False,0.3550067295154609,NEITHER
2024-05-27,32.1324,False,0.3273721398457458,False,0.3635995621848888,NEITHER
2024-05-28,32.2213,False,0.401077019924614,False,0.3529802132838585,NEITHER
2024-05-29,32.2181,False,0.3626608827444083,False,0.3454343351900595,NEITHER
2024-05-30,32.1822,False,0.3790164309956784,False,0.3499085055397663,NEITHER
2024-05-31,32.2329,False,0.3856363294026093,False,0.3492502707104175,NEITHER
2024-06-03,32.149,False,0.3725367452428313,False,0.36256379260365035,NEITHER
2024-06-04,32.529,True,1.6313158784209267,False,0.4565691211827407,BASELINE_ONLY
2024-06-05,32.2163,True,1.1214544000404971,False,0.4378869020667672,BASELINE_ONLY
2024-06-06,32.2076,True,1.1243681280705458,False,0.4002520417965536,BASELINE_ONLY
2024-06-07,32.3,True,1.129606271620251,False,0.3997037114469911,BASELINE_ONLY
2024-06-10,32.3566,True,1.1185265439412853,False,0.39724329679833686,BASELINE_ONLY
2024-06-11,32.3413,False,0.7224623724499376,False,0.3689701804726401,NEITHER
2024-06-12,32.3088,False,0.2422566062114825,False,0.3470967145483019,NEITHER
2024-06-13,32.2852,False,0.2783967526520165,False,0.34580940916104197,NEITHER
2024-06-14,32.7682,False,0.9704424006863174,False,0.4285387047026067,NEITHER
2024-06-17,32.793,False,0.958615322946772,False,0.37642563013148794,NEITHER
2024-06-18,32.5128,True,1.1350464192838452,False,0.4174306637900096,BASELINE_ONLY
2024-06-19,32.5026,True,1.1387753737018167,False,0.3944231076326621,BASELINE_ONLY
2024-06-20,32.8109,True,1.1637919636587006,False,0.41227640332863963,BASELINE_ONLY
2024-06-21,32.8221,False,0.815694102559347,False,0.3575287232542496,NEITHER
2024-06-24,32.8946,False,0.8449099495840658,False,0.3597077032105355,NEITHER
2024-06-25,32.9356,False,0.5289017413374715,False,0.3495999624013472,NEITHER
2024-06-26,32.8128,False,0.6356041589524605,False,0.35750486936490333,NEITHER
2024-06-27,32.8278,False,0.301469530711331,False,0.33843966966129263,NEITHER
2024-06-28,32.7525,False,0.3322195076405665,False,0.34725021116278576,NEITHER
2024-07-01,32.6446,False,0.2967114400328017,False,0.3600532489747392,NEITHER
2024-07-02,32.517,False,0.254193031248858,False,0.37506136293001185,NEITHER
2024-07-03,32.5192,False,0.2649173218288861,False,0.3587876206560115,NEITHER
2024-07-04,32.5584,False,0.29554832590496,False,0.35459419287059196,NEITHER
2024-07-05,32.661,False,0.4023102029759179,False,0.345254582411275,NEITHER
2024-07-08,32.6925,False,0.3497886994274222,False,0.3374387777087661,NEITHER
2024-07-09,32.8481,False,0.2515130489460399,False,0.35303932729322185,NEITHER
2024-07-10,32.8188,False,0.2890059493726654,False,0.34418266105039436,NEITHER
2024-07-11,32.8078,False,0.3184278691551172,False,0.3393478466605305,NEITHER
2024-07-12,33.0372,False,0.4457873699247645,False,0.3545073013019367,NEITHER
2024-07-15,32.9742,False,0.5075721453553504,False,0.342961569274298,NEITHER
2024-07-16,33.0252,False,0.4583033696204698,False,0.33743870063919185,NEITHER
2024-07-17,33.0562,False,0.4369229982619348,False,0.3370632916334766,NEITHER
2024-07-18,33.0595,False,0.4304803697909588,False,0.33708958481662366,NEITHER
2024-07-19,33.0413,False,0.1748618509943589,False,0.33808213898566514,NEITHER
2024-07-22,32.8963,False,0.4325853872883349,False,0.36319533831328926,NEITHER
2024-07-23,32.8492,False,0.2637840764729065,False,0.3525889286826289,NEITHER
2024-07-24,32.8069,False,0.222201697991434,False,0.3585055748862573,NEITHER
2024-07-25,32.9827,False,0.4828283333314984,False,0.3546619346518247,NEITHER
2024-07-26,32.9449,False,0.4593015900890626,False,0.3453460011186186,NEITHER
2024-07-29,33.0711,False,0.4190674796293443,False,0.34349164452173153,NEITHER
2024-07-30,33.0577,False,0.3973689023197739,False,0.3386892591294395,NEITHER
2024-07-31,33.1513,False,0.3555223772464145,False,0.34289929563713606,NEITHER
2024-08-01,33.0852,False,0.3260516946457494,False,0.3421896026639327,NEITHER
2024-08-02,33.2012,False,0.3300249189017876,False,0.34127515687609866,NEITHER
2024-08-05,33.3451,False,0.342732565418336,False,0.3408823525850437,NEITHER
2024-08-06,33.5981,False,0.549756058454344,False,0.36274637041344554,NEITHER
2024-08-07,33.4399,False,0.6090771127438112,False,0.3698884159182976,NEITHER
2024-08-08,33.4842,False,0.5601414426048856,False,0.34682558056013424,NEITHER
2024-08-09,33.491,False,0.5674357940012242,False,0.34590647753165105,NEITHER
2024-08-12,33.5916,False,0.547838779093381,False,0.3451238704170857,NEITHER
2024-08-13,33.5335,False,0.3642768687791656,False,0.34112330316696704,NEITHER
2024-08-14,33.5803,False,0.2145415988619747,False,0.3371881984778036,NEITHER
2024-08-15,33.6102,False,0.2121645858329982,False,0.3368201250944908,NEITHER
2024-08-16,33.6825,False,0.2197831697358568,False,0.3388457728294258,NEITHER
2024-08-19,33.7433,False,0.1905561623976975,False,0.33690635040093103,NEITHER
2024-08-20,33.8598,False,0.1856316021741835,False,0.35168932848466783,NEITHER
2024-08-21,33.8521,False,0.1699592646249114,False,0.3414129231176248,NEITHER
2024-08-22,33.8864,False,0.1684326160007287,False,0.3394434731908143,NEITHER
2024-08-23,33.9767,False,0.1763200458480044,False,0.34365089315686753,NEITHER
2024-08-26,33.9757,False,0.2022522623234375,False,0.3393691150688598,NEITHER
2024-08-27,33.9985,False,0.1523088523088851,False,0.33937160517831416,NEITHER
2024-08-28,34.0385,False,0.1406969491683356,False,0.34048324944488617,NEITHER
2024-08-29,34.0697,False,0.1412684853573621,False,0.34016502342591454,NEITHER
2024-08-30,34.0669,False,0.1578678311508415,False,0.3475473364356502,NEITHER
2024-09-02,33.878,False,0.7025217031445977,False,0.3831177463091293,NEITHER
2024-09-03,33.982,False,0.4505091889755292,False,0.3442035977421212,NEITHER
2024-09-04,34.0158,False,0.4491854617145598,False,0.3387853784415641,NEITHER
2024-09-05,33.9376,False,0.4551929046227089,False,0.36113508869859035,NEITHER
2024-09-06,33.9762,False,0.5470181224688045,False,0.3470114053258055,NEITHER
2024-09-09,34.0428,False,0.3219633140561568,False,0.3387794080155692,NEITHER
2024-09-10,34.0306,False,0.2897893846470901,False,0.3373298044188953,NEITHER
2024-09-11,33.9557,False,0.3717150997335062,False,0.3547378256600565,NEITHER
2024-09-12,33.8832,False,0.3502563164832722,False,0.355680497374029,NEITHER
2024-09-13,33.8935,False,0.3262663697210892,False,0.3458088741465579,NEITHER
2024-09-16,33.9773,False,0.3601333815617812,False,0.34693974774536296,NEITHER
2024-09-17,34.0729,False,0.4455592289263886,False,0.34188035004537654,NEITHER
2024-09-18,34.0617,False,0.3875658745722443,False,0.33685569418651606,NEITHER
2024-09-19,34.0168,False,0.3372099642943146,False,0.3407374011630103,NEITHER
2024-09-20,34.0973,False,0.3575448713616737,False,0.3407485509145956,NEITHER
2024-09-23,34.1205,False,0.3383498467417177,False,0.33397835006079807,NEITHER
2024-09-24,34.1089,False,0.2770497315570208,False,0.3343514073716141,NEITHER
2024-09-25,34.1316,False,0.2721424841790823,False,0.33430287284092236,NEITHER
2024-09-26,34.1374,False,0.2019444646979957,False,0.337184015949022,NEITHER
2024-09-27,34.1623,False,0.0925362123686816,False,0.34628761218099696,NEITHER
2024-09-30,34.1833,False,0.0905804145334552,False,0.3460319881631787,NEITHER
2024-10-01,34.2059,False,0.0463041381698344,False,0.3568595572649239,NEITHER
2024-10-02,34.1633,False,0.2625231112328122,False,0.34844259484880724,NEITHER
2024-10-03,34.1435,False,0.1833177304934225,False,0.34408567271412077,NEITHER
2024-10-04,34.2398,False,0.4410301222285872,False,0.3446190662058918,NEITHER
2024-10-07,34.2276,False,0.3443498399948463,False,0.33648496768723785,NEITHER
2024-10-08,34.2617,False,0.350832151584704,False,0.33512179843419143,NEITHER
2024-10-09,34.2158,False,0.3538532581016607,False,0.34350849236519476,NEITHER
2024-10-10,34.1664,False,0.3850962543275593,False,0.3501143640654513,NEITHER
2024-10-11,34.2714,False,0.486976715221059,False,0.34917069034027903,NEITHER
2024-10-14,34.2605,False,0.4179972994928966,False,0.33887134737768115,NEITHER
2024-10-15,34.1951,False,0.4459577539380118,False,0.3582471720171699,NEITHER
2024-10-16,34.1617,False,0.4386949109586101,False,0.34843560807086693,NEITHER
2024-10-17,34.1203,False,0.4462878068075084,False,0.35222200005584076,NEITHER
2024-10-18,34.2271,False,0.5264236456493595,False,0.3557313802955402,NEITHER
2024-10-21,34.218,False,0.4569402793311902,False,0.3419719018946238,NEITHER
2024-10-22,34.258,False,0.4168289229560229,False,0.3401380777740224,NEITHER
2024-10-23,34.2763,False,0.3826931418809853,False,0.33947037146339515,NEITHER
2024-10-24,34.2255,False,0.4031701616924218,False,0.34936554882493565,NEITHER
2024-10-25,34.2863,False,0.3026017167132767,False,0.3399247785239681,NEITHER
2024-10-28,34.2911,False,0.3025019451545995,False,0.3376368050203986,NEITHER
2024-10-29,34.2741,False,0.3325192177153685,False,0.33982361757004514,NEITHER
2024-10-30,34.253,False,0.3572895464748315,False,0.34234061691250894,NEITHER
2024-10-31,34.2451,False,0.286552501778171,False,0.3402445913803113,NEITHER
2024-11-01,34.3061,False,0.2855654747715724,False,0.34159309151352524,NEITHER
2024-11-04,34.3406,False,0.3146787799172286,False,0.3380301204822296,NEITHER
2024-11-05,34.2819,False,0.4096255363574472,False,0.3508569876323887,NEITHER
2024-11-06,34.1941,False,0.5294968650186789,False,0.3712981461969276,NEITHER
2024-11-07,34.2225,False,0.5520911725963575,False,0.35268593207491095,NEITHER
2024-11-08,34.3826,False,0.7924536922408753,False,0.3786956858700079,NEITHER
2024-11-11,34.3262,False,0.821103218682642,False,0.36695062931694505,NEITHER
2024-11-12,34.3604,False,0.8060192871721611,False,0.35765460369756236,NEITHER
2024-11-13,34.356,False,0.6677865824230848,False,0.35235207172866306,NEITHER
2024-11-14,34.3324,False,0.7001751020667246,False,0.3567218536293922,NEITHER
2024-11-15,34.4347,False,0.5049542131212088,False,0.3487794368415613,NEITHER
2024-11-18,34.5492,False,0.5004873217814506,False,0.35356233050293623,NEITHER
2024-11-19,34.4818,False,0.6391163018263989,False,0.35753602059344686,NEITHER
2024-11-20,34.4605,False,0.654153845750915,False,0.35149482908984325,NEITHER
2024-11-21,34.4788,False,0.6257782752695077,False,0.3471192739477016,NEITHER
2024-11-22,34.5424,False,0.5620160343973243,False,0.34409399196608337,NEITHER
2024-11-25,34.5573,False,0.4251812973641375,False,0.33833517433991367,NEITHER
2024-11-26,34.6445,False,0.3756474555673577,False,0.34248364575186496,NEITHER
2024-11-27,34.6373,False,0.3392675830840723,False,0.33819477559824357,NEITHER
2024-11-28,34.6011,False,0.449863423928263,False,0.34193539587379945,NEITHER
2024-11-29,34.6904,False,0.4951376768555088,False,0.3441876690718658,NEITHER
2024-12-02,34.7145,False,0.4950931870771302,False,0.3397732087630091,NEITHER
2024-12-03,34.7341,False,0.4119523207268337,False,0.33620960601852073,NEITHER
2024-12-04,34.7258,False,0.4216162957602274,False,0.33744649082014205,NEITHER
2024-12-05,34.6852,False,0.4386906212279003,False,0.34522405843770465,NEITHER
2024-12-06,34.7784,False,0.4437253623139101,False,0.3414483600058678,NEITHER
2024-12-09,34.8218,False,0.4612002264581566,False,0.3368244076180085,NEITHER
2024-12-10,34.8404,False,0.4706175864401456,False,0.3363276356428402,NEITHER
2024-12-11,34.8654,False,0.4460647434888856,False,0.3357163863320684,NEITHER
2024-12-12,34.8925,False,0.2841051194841164,False,0.3365882868172892,NEITHER
2024-12-13,34.9466,False,0.1374181970638503,False,0.3446889447146651,NEITHER
2024-12-16,34.9405,False,0.2016082145277453,False,0.34041204580294365,NEITHER
2024-12-17,34.9865,False,0.2179625510132155,False,0.3388276349792485,NEITHER
2024-12-18,35.0379,False,0.233143993373137,False,0.3381795456779992,NEITHER
2024-12-19,35.0923,False,0.2407800069424085,False,0.3386881915988274,NEITHER
2024-12-20,35.1981,False,0.481243721665301,False,0.35007357381807264,NEITHER
2024-12-23,35.1932,False,0.3541691253197866,False,0.3419126003112847,NEITHER
2024-12-24,35.17,False,0.4630495741578034,False,0.34721290586468107,NEITHER
2024-12-25,35.2215,False,0.4661688306865008,False,0.33813745171351856,NEITHER
2024-12-26,35.1498,False,0.6099807977486486,False,0.3649492381885582,NEITHER
2024-12-27,35.1564,False,0.4050334098952862,False,0.3407197579545432,NEITHER
2024-12-30,35.3234,False,0.8394095870318676,False,0.37971807078017783,NEITHER
2024-12-31,35.3711,False,0.7372476594774888,False,0.3479077257845371,NEITHER
2025-01-01,35.3659,False,0.760123674088735,False,0.3525867754160622,NEITHER
2025-01-02,35.326,False,0.6910360510988298,False,0.3564593856617978,NEITHER
2025-01-03,35.3743,False,0.68984945088108,False,0.3502240126215734,NEITHER
2025-01-06,35.304,False,0.485154717716008,False,0.3583539911931708,NEITHER
2025-01-07,35.3377,False,0.4336433934857656,False,0.33785938068149246,NEITHER
2025-01-08,35.3389,False,0.4377457528764006,False,0.3387986137930327,NEITHER
2025-01-09,35.3286,False,0.4101776454725634,False,0.3384995592444839,NEITHER
2025-01-10,35.4226,False,0.5402576923032303,False,0.3454503655826593,NEITHER
2025-01-13,35.4877,False,0.3884144625887281,False,0.3385450320108547,NEITHER
2025-01-14,35.4793,False,0.4286175355454941,False,0.33691767780864484,NEITHER
2025-01-15,35.4613,False,0.4566435743601368,False,0.3384173488062432,NEITHER
2025-01-16,35.4275,False,0.502461304358046,False,0.3427636797048071,NEITHER
2025-01-17,35.4856,False,0.4080971104794608,False,0.33616987912377944,NEITHER
2025-01-20,35.5675,False,0.4495351478845435,False,0.3405381501623726,NEITHER
2025-01-21,35.62,False,0.4501816531576733,False,0.3361457340128856,NEITHER
2025-01-22,35.6452,False,0.394417769317665,False,0.33528001087191756,NEITHER
2025-01-23,35.6339,False,0.3169436248070446,False,0.336984554534873,NEITHER
2025-01-24,35.6798,False,0.3084058239023545,False,0.3347849318856472,NEITHER
2025-01-27,35.7431,False,0.2603973164217051,False,0.3370301359434099,NEITHER
2025-01-28,35.7352,False,0.2942285921593695,False,0.3366747882328804,NEITHER
2025-01-29,35.7944,False,0.3408000354435998,False,0.33824358888607614,NEITHER
2025-01-30,35.7721,False,0.3684998733967487,False,0.3413312715654096,NEITHER
2025-01-31,35.844,False,0.4320339705715576,False,0.34084047377011567,NEITHER
2025-02-03,35.9745,False,0.600109598115158,False,0.35965002758849435,NEITHER
2025-02-04,35.9325,False,0.6731368105621692,False,0.3604324818269311,NEITHER
2025-02-05,35.9044,False,0.7115681756487265,False,0.3558447917273458,NEITHER
2025-02-06,35.8882,False,0.7051517773653861,False,0.35229111551782605,NEITHER
2025-02-07,35.9677,False,0.7251441267360302,False,0.3505677658696444,NEITHER
2025-02-10,35.9951,False,0.4851827210829078,False,0.3387581425728853,NEITHER
2025-02-11,36.0423,False,0.4495575657277439,False,0.3374817510231587,NEITHER
2025-02-12,36.1027,False,0.370442899595267,False,0.33944295065195224,NEITHER
2025-02-13,36.0963,False,0.3319200801039831,False,0.34070788870537666,NEITHER
2025-02-14,36.2225,False,0.502886473284464,False,0.3552497795978686,NEITHER
2025-02-17,36.2417,False,0.4904866983372455,False,0.3403430596128583,NEITHER
2025-02-18,36.2722,False,0.5042205001037448,False,0.3401592349845824,NEITHER
2025-02-19,36.2922,False,0.5096009401838975,False,0.33955115340172654,NEITHER
2025-02-20,36.2991,False,0.490360307562674,False,0.34009252814961416,NEITHER
2025-02-21,36.4339,False,0.5216471216657754,False,0.3560926718040861,NEITHER
2025-02-24,36.434,False,0.5385026839982271,False,0.3439474765550476,NEITHER
2025-02-25,36.4455,False,0.551083608081144,False,0.3415781020192925,NEITHER
2025-02-26,36.4511,False,0.5652890197509494,False,0.3426600233385519,NEITHER
2025-02-27,36.4292,False,0.6130104498315573,False,0.348575331090533,NEITHER
2025-02-28,36.4935,False,0.3172725055772004,False,0.33729990496872747,NEITHER
2025-03-03,36.438,False,0.4309856925563727,False,0.3578535125820968,NEITHER
2025-03-04,36.4371,False,0.4260629122442463,False,0.34287416769028917,NEITHER
2025-03-05,36.4178,False,0.4268697005252288,False,0.3477491212891782,NEITHER
2025-03-06,36.4023,False,0.4201483079294505,False,0.34768806850305334,NEITHER
2025-03-07,36.475,False,0.450926673256078,False,0.34491922090875526,NEITHER
2025-03-10,36.5508,False,0.4537870316397146,False,0.34278077266759693,NEITHER
2025-03-11,36.5873,False,0.4380777816140332,False,0.33730140665313196,NEITHER
2025-03-12,36.5878,False,0.3933998436157531,False,0.3396627139402485,NEITHER
2025-03-13,36.607,False,0.3151674592262709,False,0.33833387170936075,NEITHER
2025-03-14,36.6383,False,0.2714622252950054,False,0.33764631811763796,NEITHER
2025-03-17,36.6454,False,0.1496315477545745,False,0.34438204547342766,NEITHER
2025-03-18,36.6908,False,0.1778518969562899,False,0.3425627401977635,NEITHER
2025-03-19,37.808,True,6.410805166710201,True,0.5790018297674844,BOTH
2025-03-20,37.8242,True,1.6386510938862815,False,0.46129821029122237,BASELINE_ONLY
2025-03-21,37.839,True,1.6453487279650083,False,0.4608519205575545,BASELINE_ONLY
2025-03-24,37.9769,True,1.6108840307667356,False,0.45862251267423765,BASELINE_ONLY
2025-03-25,37.979,True,1.6277926156712643,False,0.4599013449108454,BASELINE_ONLY
2025-03-26,37.9973,False,0.1836601520451654,False,0.3479304592390763,NEITHER
2025-03-27,37.9622,False,0.2127011547895461,False,0.34763285109187947,NEITHER
2025-03-28,37.9821,False,0.2119725992191003,False,0.3446981660165442,NEITHER
2025-03-31,37.9447,False,0.1107841642208864,False,0.3553606193628202,NEITHER
2025-04-01,37.9461,False,0.0913943526018221,False,0.3523625872092796,NEITHER
2025-04-02,37.9435,False,0.0807382056066405,False,0.3536757882943634,NEITHER
2025-04-03,37.9101,False,0.1092605121255935,False,0.355008834523811,NEITHER
2025-04-04,37.9772,False,0.1366642230100365,False,0.34664676939383904,NEITHER
2025-04-07,37.9771,False,0.1200227063041929,False,0.3464409336050913,NEITHER
2025-04-08,37.9207,False,0.1514445568254731,False,0.35053841654560736,NEITHER
2025-04-09,37.9793,False,0.1781575383278307,False,0.34384373148622815,NEITHER
2025-04-10,37.9132,False,0.2021160121760924,False,0.3480190118520902,NEITHER
2025-04-11,38.03,False,0.2515887739713832,False,0.344032940570434,NEITHER
2025-04-14,38.032,False,0.2513936941135909,False,0.3426266080645797,NEITHER
2025-04-15,38.0832,False,0.2222930861686508,False,0.3443112593355839,NEITHER
2025-04-16,38.1278,False,0.2188519819123074,False,0.3426605167166944,NEITHER
2025-04-17,37.9702,False,0.820575621265265,False,0.3880090078028076,NEITHER
2025-04-18,38.1008,False,0.4712907434670902,False,0.3513226875204844,NEITHER
2025-04-21,38.212,False,0.3635969298442656,False,0.3441802027464168,NEITHER
2025-04-22,38.2629,False,0.3638660910434032,False,0.33844287681269497,NEITHER
2025-04-23,38.3008,False,0.3636305972722639,False,0.33706111910194875,NEITHER
2025-04-24,38.3395,False,0.1401809590548861,False,0.3454231282165588,NEITHER
2025-04-25,38.4149,False,0.2039273881058946,False,0.3471557147336014,NEITHER
2025-04-28,38.4339,False,0.0659177639648101,False,0.3477128857296036,NEITHER
2025-04-29,38.4866,False,0.1014674861411343,False,0.34882295807557967,NEITHER
2025-04-30,38.4903,False,0.0894282639802164,False,0.3434288484914729,NEITHER
2025-05-01,38.4421,False,0.2744888875526619,False,0.3475328418688523,NEITHER
2025-05-02,38.5687,False,0.3577867190656626,False,0.3430893605936987,NEITHER
2025-05-05,38.5637,False,0.2110273282790274,False,0.3360320358475083,NEITHER
2025-05-06,38.6239,False,0.2135648634993907,False,0.33525816623227706,NEITHER
2025-05-07,38.6504,False,0.2096349296673404,False,0.3339674472215227,NEITHER
2025-05-08,38.6112,False,0.2600665387922415,False,0.34036425535212655,NEITHER
2025-05-09,38.7612,False,0.4195329230898259,False,0.343410059910353,NEITHER
2025-05-12,38.7747,False,0.2201957933364549,False,0.3339811443047189,NEITHER
2025-05-13,38.7892,False,0.2202810054885165,False,0.3335861976652178,NEITHER
2025-05-14,38.7704,False,0.2321602380202507,False,0.33578219277949867,NEITHER
2025-05-15,38.7145,False,0.3077836643502723,False,0.34292372783576364,NEITHER
2025-05-16,38.852,False,0.4178294736930247,False,0.34417433073170545,NEITHER
2025-05-19,38.8038,False,0.3571341347763379,False,0.34637215186946346,NEITHER
2025-05-20,38.8394,False,0.2485256149370258,False,0.3336961696050005,NEITHER
2025-05-21,38.8704,False,0.244222294834284,False,0.333696693636663,NEITHER
2025-05-22,38.9174,False,0.2059474603890267,False,0.33552277807766645,NEITHER
2025-05-23,38.9344,False,0.1173665690390647,False,0.33766412475520585,NEITHER
2025-05-26,38.9598,False,0.0350899996262309,False,0.3555817566037969,NEITHER
2025-05-27,38.9837,False,0.0353293518448872,False,0.35401659276537895,NEITHER
2025-05-28,39.097,False,0.3724166669023958,False,0.34857380587386466,NEITHER
2025-05-29,39.1054,False,0.1334664586766569,False,0.33838802341416474,NEITHER
2025-05-30,39.2289,False,0.3765148872666155,False,0.3475890939971359,NEITHER
2025-06-02,39.1961,False,0.2778955599108281,False,0.34300085530575486,NEITHER
2025-06-03,39.1492,False,0.3246465940409967,False,0.34490368094667273,NEITHER
2025-06-04,39.1642,False,0.2065504474064235,False,0.33530675813037963,NEITHER
2025-06-05,39.2864,False,0.3836256616242833,False,0.34104906730745305,NEITHER
2025-06-06,39.2423,False,0.3033622821498201,False,0.3430278367501583,NEITHER
2025-06-09,39.2561,False,0.2102513117024256,False,0.33402143262823586,NEITHER
2025-06-10,39.2056,False,0.3102384583592437,False,0.343830426612097,NEITHER
2025-06-11,39.1681,False,0.574322493059132,False,0.3485366117059174,NEITHER
2025-06-12,39.3445,False,0.7226100511642921,False,0.36604017710673176,NEITHER
2025-06-13,39.2169,False,0.8206673771281935,False,0.38051874657498497,NEITHER
2025-06-16,39.3602,False,0.9553304899871684,False,0.3767189333607979,NEITHER
2025-06-17,39.4751,False,0.930448660947455,False,0.37017625997658354,NEITHER
2025-06-18,39.516,False,0.8632830868744757,False,0.35898401590447626,NEITHER
2025-06-19,39.6085,False,0.7658950965967356,False,0.35124615749050975,NEITHER
2025-06-20,39.6706,False,0.2914330433018803,False,0.34249046517680065,NEITHER
2025-06-23,39.6149,False,0.4646790054037394,False,0.3468112056293189,NEITHER
2025-06-24,39.5944,False,0.4258259603722475,False,0.3393153233504988,NEITHER
2025-06-25,39.7576,False,0.5991998030132984,False,0.35093104002208636,NEITHER
2025-06-26,39.7712,False,0.5831952849126668,False,0.34051000851407864,NEITHER
2025-06-27,39.8993,False,0.644845208760967,False,0.350725595553426,NEITHER
2025-06-30,39.8102,False,0.6941967711944578,False,0.3596219459485263,NEITHER
2025-07-01,39.8237,False,0.676964421306691,False,0.34690381571371265,NEITHER
2025-07-02,39.7761,False,0.5439164457909361,False,0.3497371468331822,NEITHER
2025-07-03,39.8232,False,0.5679557318824283,False,0.3413727821798866,NEITHER
2025-07-04,39.862,False,0.400543543858022,False,0.33802214517250195,NEITHER
2025-07-07,39.9734,False,0.3889053961488755,False,0.341095830575397,NEITHER
2025-07-08,40.0353,False,0.3888650074481162,False,0.33681912550052373,NEITHER
2025-07-09,40.0431,False,0.2560779078154314,False,0.3388964010278906,NEITHER
2025-07-10,40.0815,False,0.2774510051027084,False,0.33676119557874773,NEITHER
2025-07-11,40.1704,False,0.2973254017064489,False,0.3388026239832456,NEITHER
2025-07-14,40.1734,False,0.2665569121696065,False,0.3379843389916082,NEITHER
2025-07-15,40.2048,False,0.251204910272871,False,0.33566993848826104,NEITHER
2025-07-16,40.2497,False,0.2276887416798028,False,0.3374655672203283,NEITHER
2025-07-17,40.2957,False,0.2276891775248681,False,0.3374612918613168,NEITHER
2025-07-18,40.3912,False,0.2437812596715764,False,0.3426369274048124,NEITHER
2025-07-21,40.3844,False,0.2659903343843045,False,0.3393215699381076,NEITHER
2025-07-22,40.4147,False,0.2669221524483841,False,0.3363372673763305,NEITHER
2025-07-23,40.4534,False,0.2671811966248438,False,0.33696648390646383,NEITHER
2025-07-24,40.7511,True,1.277278383664907,False,0.41555312077953477,BASELINE_ONLY
2025-07-25,40.5557,True,1.0853830838896,False,0.4216124544160924,BASELINE_ONLY
2025-07-28,40.5562,True,1.083579624015898,False,0.38769298315546474,BASELINE_ONLY
2025-07-29,40.5763,True,1.0853064165968374,False,0.3885543067891474,BASELINE_ONLY
2025-07-30,40.5856,True,1.08601104507296,False,0.38717220254755347,BASELINE_ONLY
2025-07-31,40.638,False,0.6100556422392646,False,0.3530175970926209,NEITHER
2025-08-01,40.647,False,0.1286940367237806,False,0.347364941603951,NEITHER
2025-08-04,40.6608,False,0.1150834883783309,False,0.34663871269135743,NEITHER
2025-08-05,40.6734,False,0.1175503057265973,False,0.34670538228135195,NEITHER
2025-08-06,40.6454,False,0.1800505431392499,False,0.3467451570139094,NEITHER
2025-08-07,40.6128,False,0.1835676806906492,False,0.35232537091578264,NEITHER
2025-08-08,40.6825,False,0.2661619339646862,False,0.34081598460563084,NEITHER
2025-08-11,40.7088,False,0.2744232476215945,False,0.33787366674118885,NEITHER
2025-08-12,40.7258,False,0.27513946149453,False,0.33704477445289305,NEITHER
2025-08-13,40.7739,False,0.2503060420820853,False,0.33764552096837847,NEITHER
2025-08-14,40.8279,False,0.1386431734433197,False,0.346292006258271,NEITHER
2025-08-15,40.8638,False,0.0986515854576184,False,0.3482682422303782,NEITHER
2025-08-18,40.8789,False,0.1146937866087305,False,0.34404511013192823,NEITHER
2025-08-19,40.8937,False,0.118310278965705,False,0.3430930736071026,NEITHER
2025-08-20,40.9321,False,0.1097506374104444,False,0.34352934327753737,NEITHER
2025-08-21,40.9374,False,0.0947984670351047,False,0.3456895408104472,NEITHER
2025-08-22,40.988,False,0.188456144061582,False,0.34608233874080807,NEITHER
2025-08-25,40.9925,False,0.163437815856331,False,0.34525077848172925,NEITHER
2025-08-26,41.0433,False,0.2750676859342467,False,0.3458384059112681,NEITHER
2025-08-27,41.0374,False,0.2718823374222153,False,0.3471525832766841,NEITHER
2025-08-28,41.0458,False,0.1833035485725297,False,0.34063301347485025,NEITHER
2025-08-29,41.1402,False,0.6871941797161041,False,0.3582856827816572,NEITHER
2025-09-01,41.1162,False,0.3882394318474501,False,0.34848139871672995,NEITHER
2025-09-02,41.1404,False,0.3114851288632954,False,0.33579750046078943,NEITHER
2025-09-03,41.1597,False,0.2991338462260766,False,0.3357950818603791,NEITHER
2025-09-04,41.1573,False,0.3193085992293563,False,0.33941983722355346,NEITHER
2025-09-05,41.2411,False,0.4952624876693905,False,0.3480363700127894,NEITHER
2025-09-08,41.2487,False,0.2578728188794355,False,0.3385559117749787,NEITHER
2025-09-09,41.2581,False,0.2687144010830704,False,0.337254758686436,NEITHER
2025-09-10,41.2704,False,0.2713980808790646,False,0.33697673046770615,NEITHER
2025-09-11,41.3269,False,0.2700937051098087,False,0.3405838459556128,NEITHER
2025-09-12,41.3597,False,0.1638771300203143,False,0.34227578725600816,NEITHER
2025-09-15,41.2925,False,0.7662382374111706,False,0.3743503569233212,NEITHER
2025-09-16,41.2349,False,0.5386688231150324,False,0.368081802161264,NEITHER
2025-09-17,41.2799,False,0.4785142427439176,False,0.3444444158801297,NEITHER
2025-09-18,41.2899,False,0.4177473794003309,False,0.3422549556164805,NEITHER
2025-09-19,41.3754,False,0.5380313343082437,False,0.34935549302011626,NEITHER
2025-09-22,41.3658,False,0.4584580694052088,False,0.3406042141257493,NEITHER
2025-09-23,41.3941,False,0.3065483091124126,False,0.33861885541832415,NEITHER
2025-09-24,41.4428,False,0.3137073976856208,False,0.338204469706891,NEITHER
2025-09-25,41.4835,False,0.294874955800413,False,0.33780914647401244,NEITHER
2025-09-26,41.5663,False,0.3536369981962319,False,0.34191503171142756,NEITHER
2025-09-29,41.5876,False,0.2071086128072922,False,0.3402008862266698,NEITHER
2025-09-30,41.5853,False,0.2747218264487554,False,0.3389440989544529,NEITHER
2025-10-01,41.5626,False,0.3498708842674066,False,0.3432967761896807,NEITHER
2025-10-02,41.6007,False,0.3476528492474759,False,0.3352847611919904,NEITHER
2025-10-03,41.6842,False,0.3633999390896342,False,0.3413564501545096,NEITHER
2025-10-06,41.6917,False,0.3559004580061489,False,0.33618482106856384,NEITHER
2025-10-07,41.6921,False,0.3522745398991896,False,0.3369034467036722,NEITHER
2025-10-08,41.6959,False,0.3022112785545499,False,0.3363688717474266,NEITHER
2025-10-09,41.7439,False,0.3112344572918702,False,0.33619123543014556,NEITHER
2025-10-10,41.8312,False,0.3935304828312476,False,0.3425577975076403,NEITHER
2025-10-13,41.8054,False,0.3836303312114962,False,0.3444557564308665,NEITHER
2025-10-14,41.8173,False,0.3736552895972451,False,0.3364062901810881,NEITHER
2025-10-15,41.8402,False,0.3609128873349548,False,0.33522699109739157,NEITHER
2025-10-16,41.8426,False,0.4656982119403482,False,0.3400034362824101,NEITHER
2025-10-17,41.9043,False,0.4556466604999218,False,0.34158731798539255,NEITHER
2025-10-20,41.9564,False,0.3651371719437444,False,0.3395541968643037,NEITHER
2025-10-21,41.97,False,0.3608401101510093,False,0.33973429929770027,NEITHER
2025-10-22,41.9703,False,0.4093410476281179,False,0.34096613771313167,NEITHER
2025-10-23,42.0024,False,0.3661554329236105,False,0.338441479852547,NEITHER
2025-10-24,41.9391,False,0.653835089756547,False,0.3739082726708103,NEITHER
2025-10-27,41.877,False,0.5762672159021988,False,0.37705345475201907,NEITHER
2025-10-28,41.9357,False,0.7119686827487846,False,0.3596275921645616,NEITHER
2025-10-29,41.9493,False,0.7320921967962511,False,0.355018905687481,NEITHER
2025-10-30,41.9615,False,0.7109519521084214,False,0.3555716049004779,NEITHER
2025-10-31,42.0611,False,0.7907710211187046,False,0.3676164564589474,NEITHER
2025-11-03,42.049,False,0.5789322796746776,False,0.3481348172710823,NEITHER
2025-11-04,42.0909,False,0.5556296879440219,False,0.3445612116681329,NEITHER
2025-11-05,42.0903,False,0.5805696576493216,False,0.34398436745790434,NEITHER
2025-11-06,42.105,False,0.5814973983222697,False,0.3435781289049871,NEITHER
2025-11-07,42.2081,False,0.5773171230218002,False,0.3523330997342837,NEITHER
2025-11-10,42.2331,False,0.5051567913284707,False,0.3411697674248088,NEITHER
2025-11-11,42.2206,False,0.5680806017335486,False,0.3453917875015633,NEITHER
2025-11-12,42.2306,False,0.5520657436399315,False,0.3414009712181244,NEITHER
2025-11-13,42.2506,False,0.5486648919849103,False,0.3416850919883508,NEITHER
2025-11-14,42.2451,False,0.2014369175547086,False,0.34604410224610616,NEITHER
2025-11-17,42.3089,False,0.3725188990298488,False,0.3408040585653825,NEITHER
2025-11-18,42.3322,False,0.320938860301899,False,0.3385187499563239,NEITHER
2025-11-19,42.3518,False,0.312260823486104,False,0.3381710758912744,NEITHER
2025-11-20,42.3676,False,0.3156369788378494,False,0.33831106991892435,NEITHER
2025-11-21,42.4369,False,0.3305156485057457,False,0.34298433538603007,NEITHER
2025-11-24,42.4184,False,0.3995057178058657,False,0.34637194470116656,NEITHER
2025-11-25,42.4144,False,0.4236467468474502,False,0.34264234847909414,NEITHER
2025-11-26,42.4397,False,0.4265403376694738,False,0.33836549096407725,NEITHER
2025-11-27,42.435,False,0.4452184451765177,False,0.3414097753200336,NEITHER
2025-11-28,42.5007,False,0.4319400437198792,False,0.3420155526180335,NEITHER
2025-12-01,42.4321,False,0.698331485211296,False,0.37700711954222155,NEITHER
2025-12-02,42.4447,False,0.6051030051826388,False,0.3487891975204032,NEITHER
2025-12-03,42.4437,False,0.5893900558531108,False,0.34872004271617163,NEITHER
2025-12-04,42.4994,False,0.6582381095308674,False,0.35129613791911907,NEITHER
2025-12-05,42.5291,False,0.5733891215009782,False,0.3451748254635893,NEITHER
2025-12-08,42.5687,False,0.2853301440916082,False,0.34257387711568216,NEITHER
2025-12-09,42.5875,False,0.2849997139888386,False,0.3422848748598937,NEITHER
2025-12-10,42.5938,False,0.2534653491749383,False,0.3439282623818305,NEITHER
2025-12-11,42.5971,False,0.2047224251713565,False,0.3452452901866277,NEITHER
2025-12-12,42.6945,False,0.6101587394616286,False,0.3581214017981321,NEITHER
2025-12-15,42.6941,False,0.5432730137815507,False,0.3436014327885082,NEITHER
2025-12-16,42.6948,False,0.5612638660392005,False,0.34453393976268704,NEITHER
2025-12-17,42.7184,False,0.5527204409177447,False,0.34288864649578255,NEITHER
2025-12-18,42.728,False,0.5440367321312986,False,0.3423415495375417,NEITHER
2025-12-19,42.8012,False,0.4078410090172211,False,0.34311370723630336,NEITHER
2025-12-22,42.8122,False,0.3856392884527249,False,0.33841293948877155,NEITHER
2025-12-23,42.8227,False,0.3644899765903994,False,0.3382574498381151,NEITHER
2025-12-24,42.8411,False,0.3715929073817122,False,0.33817209622399197,NEITHER
2025-12-25,42.8461,False,0.3811493968038339,False,0.3392864824700231,NEITHER
2025-12-26,42.9027,False,0.2869215348983928,False,0.3430033962716963,NEITHER
2025-12-29,42.9289,False,0.2789659877654762,False,0.3403521271551351,NEITHER
2025-12-30,42.934,False,0.2927852552347309,False,0.34240277488605125,NEITHER
2025-12-31,42.9256,False,0.3492072040222048,False,0.3478783570764209,NEITHER
2026-01-01,42.9562,False,0.3449718501141161,False,0.3391341733278523,NEITHER
2026-01-02,43.0237,False,0.4157986906473698,False,0.34597915899487064,NEITHER
2026-01-05,43.0151,False,0.4568654012637323,False,0.34784293730669913,NEITHER
2026-01-06,43.0317,False,0.4474452358074849,False,0.33948616704758794,NEITHER
2026-01-07,43.0342,False,0.4168567925317558,False,0.34209501770477563,NEITHER
2026-01-08,43.0385,False,0.4221327820112224,False,0.3403690449534798,NEITHER
2026-01-09,43.1297,False,0.5865117936253217,False,0.35782227064098704,NEITHER
2026-01-12,43.1112,False,0.5805173187411136,False,0.3549225792371794,NEITHER
2026-01-13,43.1528,False,0.5935959626261018,False,0.34523219975241304,NEITHER
2026-01-14,43.1739,False,0.57359891535608,False,0.34341690655340024,NEITHER
2026-01-15,43.1825,False,0.5659288665514934,False,0.34430154957087633,NEITHER
2026-01-16,43.2756,False,0.5945408837362196,False,0.358278972347172,NEITHER
2026-01-19,43.2572,False,0.6059975024863485,False,0.3541361963192022,NEITHER
2026-01-20,43.2731,False,0.6071317691612733,False,0.34505052358561555,NEITHER
2026-01-21,43.2949,False,0.6073077994076177,False,0.3454114652160437,NEITHER
2026-01-22,43.2557,False,0.7200641175997102,False,0.36910652943533756,NEITHER
2026-01-23,43.363,False,0.7948466705147286,False,0.3713785261918199,NEITHER
2026-01-26,43.3512,False,0.7810707718083238,False,0.35777235167909655,NEITHER
2026-01-27,43.4006,False,0.801560380878459,False,0.355645448634825,NEITHER
2026-01-28,43.3978,False,0.8214833674837998,False,0.3578088097460302,NEITHER
2026-01-29,43.4066,False,0.6926095104553429,False,0.35092058219849714,NEITHER
2026-01-30,43.4888,False,0.5703701256555465,False,0.3474097859554949,NEITHER
2026-02-02,43.4709,False,0.585497581452366,False,0.348213497852591,NEITHER
2026-02-03,43.4814,False,0.55489801790306,False,0.3418207292016025,NEITHER
2026-02-04,43.5189,False,0.5435692508273178,False,0.3416090014956153,NEITHER
2026-02-05,43.5344,False,0.5353223205654866,False,0.34072165447081787,NEITHER
2026-02-06,43.6024,False,0.455344792321006,False,0.3414612093883312,NEITHER
2026-02-09,43.5901,False,0.4328134723072325,False,0.3423699116233824,NEITHER
2026-02-10,43.6254,False,0.4221799841924076,False,0.3381835453489326,NEITHER
2026-02-11,43.6403,False,0.4229450170144628,False,0.33765181619502677,NEITHER
2026-02-12,43.645,False,0.4387859314227234,False,0.3390110839670711,NEITHER
2026-02-13,43.7288,False,0.5190519256722051,False,0.3468200178655639,NEITHER
2026-02-16,43.704,False,0.5652033203573315,False,0.3507052159730816,NEITHER
2026-02-17,43.7239,False,0.5591337110285381,False,0.34192247773108575,NEITHER
2026-02-18,43.7597,False,0.5649573673512706,False,0.341992312879225,NEITHER
2026-02-19,43.7574,False,0.5787073009388376,False,0.34459902487044275,NEITHER
2026-02-20,43.829,False,0.5145136564663952,False,0.34567794126484186,NEITHER
2026-02-23,43.835,False,0.4334995146205054,False,0.34081291121665,NEITHER
2026-02-24,43.8432,False,0.4491454841299734,False,0.34093698669339295,NEITHER
2026-02-25,43.865,False,0.4401199340533569,False,0.3394280692023539,NEITHER
2026-02-26,43.8838,False,0.4019422302167458,False,0.33915593128333255,NEITHER
2026-02-27,43.9347,False,0.2672987719088412,False,0.34462681874104645,NEITHER
2026-03-02,43.9517,False,0.2420338824334826,False,0.34308147311339443,NEITHER
2026-03-03,43.9584,False,0.2469916576431142,False,0.34517855658131696,NEITHER
2026-03-04,43.9555,False,0.3015164881866423,False,0.34530459682577946,NEITHER
2026-03-05,43.9944,False,0.3323246189159728,False,0.3407326409118838,NEITHER
2026-03-06,44.068,False,0.4643077282814386,False,0.3489234627941631,NEITHER
2026-03-09,44.0366,False,0.6036755809398615,False,0.3651014148235557,NEITHER
2026-03-10,44.0652,False,0.6026562533475662,False,0.3461839277610955,NEITHER
2026-03-11,44.0828,False,0.5709641544911742,False,0.3438792893922195,NEITHER
2026-03-12,44.1219,False,0.5707910786736458,False,0.34405235084480995,NEITHER
2026-03-13,44.2207,False,0.6837644215210993,False,0.3673097711679862,NEITHER
2026-03-16,44.1694,False,0.7551325459163709,False,0.37430727754645976,NEITHER
2026-03-17,44.1903,False,0.756411026442362,False,0.35575567295477556,NEITHER
2026-03-18,44.2112,False,0.755167084271463,False,0.3541188584210188,NEITHER
2026-03-19,44.2949,False,0.8236830749992274,False,0.3652835627136881,NEITHER
2026-03-20,44.2976,False,0.6683751481317836,False,0.3502457339927977,NEITHER
2026-03-23,44.3048,False,0.4514347342430714,False,0.34056144535572336,NEITHER
2026-03-24,44.3373,False,0.4502729407209224,False,0.33951189205863913,NEITHER
2026-03-25,44.3411,False,0.4793784278571646,False,0.3417799898274405,NEITHER
2026-03-26,44.333,False,0.224662837657816,False,0.34913067846294527,NEITHER
2026-03-27,44.42,False,0.5163814610068846,False,0.3499469660541511,NEITHER
2026-03-30,44.4456,False,0.5031601707971466,False,0.3402810421947106,NEITHER
2026-03-31,44.4499,False,0.5199403111060982,False,0.34189746157982415,NEITHER
2026-04-01,44.4705,False,0.5029867991382078,False,0.33964273093914377,NEITHER
2026-04-02,44.461,False,0.5050087678864555,False,0.34450505838234763,NEITHER
2026-04-03,44.5811,False,0.6764702242494197,False,0.36477660449107846,NEITHER
2026-04-06,44.5698,False,0.7285218618064937,False,0.35374156429817377,NEITHER
2026-04-07,44.6045,False,0.7138573941947796,False,0.34929413828306183,NEITHER
2026-04-08,44.5158,False,0.9464933225982252,False,0.40114421934587685,NEITHER
2026-04-09,44.5674,False,0.957779486036249,False,0.37099694334198235,NEITHER
2026-04-10,44.6144,False,0.744891918781577,False,0.35304404142701484,NEITHER
2026-04-13,44.6864,False,0.8080955248216424,False,0.357364930975373,NEITHER
2026-04-14,44.7241,False,0.8093951666137351,False,0.35321409173337,NEITHER
2026-04-15,44.745,False,0.2368092843328187,False,0.34434080574240356,NEITHER
2026-04-16,44.7541,False,0.3134213112071615,False,0.33971626367888,NEITHER
2026-04-17,44.8573,False,0.5003906054647458,False,0.3520676677685916,NEITHER
2026-04-20,44.8643,False,0.5170712856596029,False,0.3410248125089362,NEITHER
2026-04-21,44.879,False,0.5319546242031603,False,0.3407479906875666,NEITHER
2026-04-22,44.9199,False,0.5303064154533611,False,0.34099760711679244,NEITHER
2026-04-23,44.9251,False,0.5384807289955851,False,0.34186401198450117,NEITHER
2026-04-24,45.0098,False,0.4368873887387388,False,0.3429839320955185,NEITHER
2026-04-27,45.0347,False,0.4122216390199474,False,0.3380006976672419,NEITHER
2026-04-28,45.049,False,0.4133917290784705,False,0.33784161208505475,NEITHER
2026-04-29,45.1137,False,0.4488966428289059,False,0.3408221569675148,NEITHER
2026-04-30,45.1863,False,0.3994893745595869,False,0.342637596715048,NEITHER
2026-05-01,45.1846,False,0.4195065421133538,False,0.341476510607212,NEITHER
2026-05-04,45.1901,False,0.4559338968667586,False,0.3402080416566518,NEITHER
2026-05-05,45.2168,False,0.4422800218555363,False,0.33836683418680086,NEITHER
2026-05-06,45.2134,False,0.4135742685144044,False,0.3416453049292613,NEITHER
2026-05-07,45.2441,False,0.2091755505493486,False,0.3439005630457103,NEITHER
2026-05-08,45.3532,False,0.6001315700717789,False,0.35846009923134636,NEITHER
2026-05-11,45.3541,False,0.5854421537282939,False,0.3483129112095624,NEITHER
2026-05-12,45.382,False,0.5851817845547332,False,0.34358350424209866,NEITHER
2026-05-13,45.4209,False,0.5227276664896425,False,0.3428304137198994,NEITHER
2026-05-14,45.4325,False,0.552326536290396,False,0.34447512603961855,NEITHER
2026-05-15,45.5176,False,0.4196329019864537,False,0.34437836856929027,NEITHER
2026-05-18,45.578,False,0.3673871191288362,False,0.34156179731052555,NEITHER
2026-05-19,45.5808,False,0.4358907782691872,False,0.3453498132247305,NEITHER
2026-05-20,45.5888,False,0.4716535490976387,False,0.3418153749507583,NEITHER
2026-05-21,45.5904,False,0.4918045980400219,False,0.3447392575315873,NEITHER
2026-05-22,45.7362,False,0.8119156124657689,False,0.37645668350081335,NEITHER
2026-05-25,45.6907,False,0.835259316981883,False,0.37478480663928526,NEITHER
2026-05-26,45.8839,True,1.0707768394705366,False,0.4125113421749564,BASELINE_ONLY
2026-05-27,45.9088,True,1.0558709546339244,False,0.37942259915644083,BASELINE_ONLY
2026-05-28,45.8729,True,1.1093750090908283,False,0.3926541419028036,BASELINE_ONLY
2026-05-29,45.8248,True,1.0376954354639851,False,0.38743168317925136,BASELINE_ONLY
2026-06-01,45.9011,False,0.999596480829794,False,0.37528112094465604,NEITHER
2026-06-02,45.9392,False,0.5298486896224224,False,0.34125801618737867,NEITHER
2026-06-03,45.9653,False,0.5309403029700224,False,0.3409739332245997,NEITHER
2026-06-04,46.0303,False,0.4943675684512408,False,0.34246720061273145,NEITHER
2026-06-05,46.0408,False,0.2800327814561091,False,0.34067007640886937,NEITHER
2026-06-08,46.1073,False,0.2562100748519757,False,0.3409279596909975,NEITHER
2026-06-09,46.1238,False,0.2821799212561307,False,0.33881597796540697,NEITHER
2026-06-10,46.127,False,0.3228346503723512,False,0.33899410051575185,NEITHER
2026-06-11,46.2025,False,0.3548504331277557,False,0.3386462950080881,NEITHER
2026-06-12,46.269,False,0.3476023988230954,False,0.3385980109178294,NEITHER
2026-06-15,46.2985,False,0.3300721204839865,False,0.3377073328942723,NEITHER
2026-06-16,46.2902,False,0.387414852593252,False,0.34010598279903387,NEITHER
2026-06-17,46.3601,False,0.3703665643263786,False,0.33879915447150233,NEITHER
2026-06-18,46.4529,False,0.4099014212612352,False,0.3428466176545636,NEITHER
2026-06-19,46.4438,False,0.474553101001569,False,0.3435007348314392,NEITHER
2026-06-22,46.4656,False,0.4781250756070366,False,0.34075402939963706,NEITHER
2026-06-23,46.4739,False,0.4446930673369949,False,0.3402182240997865,NEITHER
2026-06-24,46.5056,False,0.4014207917356641,False,0.3381250815772052,NEITHER
2026-06-25,46.5673,False,0.2755767719598912,False,0.3427348788879245,NEITHER
2026-06-26,46.6255,False,0.2466834148772801,False,0.34416563210913215,NEITHER
2026-06-29,46.6471,False,0.2491083760255141,False,0.34391149599443066,NEITHER
2026-06-30,46.6592,False,0.2367800946705092,False,0.34554789422715565,NEITHER
2026-07-01,46.6625,False,0.3079234882619115,False,0.3455118344422834,NEITHER
2026-07-02,46.7081,False,0.263712521744033,False,0.3416016560086318,NEITHER
2026-07-03,46.8088,False,0.5365978225926316,False,0.35387114533505515,NEITHER
2026-07-06,46.8181,False,0.4576905809605112,False,0.342923337524109,NEITHER
2026-07-07,46.8496,False,0.4380521216418797,False,0.33967967713732955,NEITHER
2026-07-08,46.8294,False,0.5010787960852876,False,0.35815940422828757,NEITHER
2026-07-09,46.9009,False,0.5343156348680582,False,0.34624420217749785,NEITHER
2026-07-10,46.9929,False,0.5071294680604719,False,0.3502591239032078,NEITHER
2026-07-13,46.9933,False,0.5228310466373934,False,0.3469861705402179,NEITHER
2026-07-14,47.0327,False,0.5236051263967438,False,0.34333655092310755,NEITHER
2026-07-15,47.0397,False,0.4418926703532473,False,0.34287224790964793,NEITHER
2026-07-16,47.1003,False,0.4225935573817375,False,0.3402819032941469,NEITHER
2026-07-17,47.1623,False,0.3247409481001738,False,0.3415785863173976,NEITHER
2026-07-20,47.1697,False,0.302487949531857,False,0.3430665761051651,NEITHER
2026-07-21,47.1865,False,0.3137992493756085,False,0.3401186832795971,NEITHER
2026-07-22,47.2159,False,0.2802981308532765,False,0.3398141224156623,NEITHER
2026-07-23,47.2676,False,0.2587214089650315,False,0.3423235094725273,NEITHER
2026-07-24,47.3323,False,0.2681995869014942,False,0.34464415204587334,NEITHER
2026-07-27,47.3448,False,0.2535229677655087,False,0.34366850527484893,NEITHER
2026-07-28,47.3771,False,0.2292332701065493,False,0.343338324002854,NEITHER
2026-07-29,47.3904,False,0.2621272428435154,False,0.3427418236249741,NEITHER
2026-07-30,47.4289,False,0.2426605555474165,False,0.34165471537892533,NEITHER
2026-07-31,47.5127,False,0.3682690230234677,False,0.3443957278092095,NEITHER
2026-08-03,47.5316,False,0.3205498160802321,False,0.3407027451382346,NEITHER
2026-08-04,47.528,False,0.3832116470467572,False,0.3478379004085558,NEITHER
2026-08-05,47.5669,False,0.3684573236574266,False,0.338988402687796,NEITHER
2026-08-06,47.6245,False,0.3864662291012488,False,0.34003567845106075,NEITHER
2026-08-07,47.7111,False,0.4484811676278865,False,0.3485975825099627,NEITHER
