Date,USDTRY,Return_1D,Return_5D,Volatility_5D,Volatility_20D,Volatility_60D,MA_Distance_20D,MA_Slope_20D,Drawdown_60D,Absolute_Return_1D,Return_ZScore_20D,Volatility_Ratio_5D_60D,Drawdown_Change_5D,Baseline_Anomaly,Baseline_Anomaly_Score,Rules_Breached,Primary_Reason,IF_Raw_Score,IF_Anomaly_Score,IF_Anomaly,Comparison_Class
2017-04-24,3.573,-0.0184335595175956,-0.0346113317662316,0.0086437785983388,0.0090425810008679,0.0086543262693262,-0.0266506484909407,-0.0015001312444833,-0.0534347100431823,0.0184335595175956,-2.355574198594652,0.9987812256368488,-0.007941479869101,False,0.588893549648663,0,LOCAL_RETURN_SHOCK,-0.4397401994420187,0.4397401994420187,False,NEITHER
2017-04-25,3.5797,0.0018751749230339,-0.0221536276223777,0.0090783975722814,0.0086122501718628,0.008659957965999,-0.023781636011841,-0.0027169663534043,-0.0516597345484409,0.0018751749230339,0.2701189631416285,1.0483188957643086,0.0042267902742539,False,0.5241594478821543,0,VOLATILITY_ACCELERATION,-0.3885079534637988,0.3885079534637988,False,NEITHER
2017-04-26,3.5783,-0.0003910942257731,-0.0257827389055268,0.0084097656252489,0.0085958522538107,0.008660148638227,-0.0232631140772888,-0.003522395773125,-0.0520306249503271,0.0003910942257731,0.0763645394370079,0.9710879081367176,0.0007095426834574,False,0.4855439540683588,0,VOLATILITY_ACCELERATION,-0.3864447740381037,0.3864447740381037,False,NEITHER
2017-04-27,3.5612,-0.0047788055780678,-0.0220513524646437,0.0081953565518605,0.0086152407028358,0.0086119687612544,-0.0267246244518629,-0.0037275283002172,-0.056560786287652,0.0047788055780678,-0.4512178054269031,0.9516240454484396,0.0043031724486471,False,0.4758120227242198,0,VOLATILITY_ACCELERATION,-0.38816730690630186,0.38816730690630186,False,NEITHER
2017-04-28,3.5516,-0.0026957205436369,-0.0243125188868437,0.0079728106821677,0.0085864221279792,0.0085195537020814,-0.028238168657425,-0.0039476301954872,-0.059104034757729,0.0026957205436369,-0.1709668614093123,0.9358249224040776,-0.0216351046186418,False,0.4679124612020388,0,VOLATILITY_ACCELERATION,-0.40247824374157665,0.40247824374157665,False,NEITHER
2017-05-01,3.5545,0.0008165333934,-0.0051777218024069,0.0026965710323162,0.0085532550710093,0.0085119364066589,-0.026240416844164,-0.0042527363862655,-0.0583357617823933,0.0008165333934,0.2264165817950731,0.316798775682425,-0.004901051739211,False,0.1583993878412125,0,VOLATILITY_ACCELERATION,-0.3835531533331583,0.3835531533331583,False,NEITHER
2017-05-02,3.5273,-0.0076522717681811,-0.0146380981646506,0.0034005458031146,0.0082878111748622,0.0082547387634341,-0.0316797979520685,-0.0062987787080002,-0.0655416324476118,0.0076522717681811,-0.7520067782526063,0.4119507473910561,-0.0138818978991708,False,0.2776379579834159,0,DRAWDOWN_SHIFT,-0.40868805428882016,0.40868805428882016,False,NEITHER
2017-05-03,3.5349,0.0021546225158053,-0.012128664449599,0.0040130522608146,0.0081615661249994,0.0082220669065543,-0.0274013685551481,-0.0078942842870438,-0.0635282274088007,0.0021546225158053,0.509806375588077,0.4880831433779208,-0.0114976024584735,False,0.2440415716889604,0,VOLATILITY_ACCELERATION,-0.39019130992687656,0.39019130992687656,False,NEITHER
2017-05-04,3.554,0.0054032645902288,-0.0020217904077277,0.004988726503927,0.008251655509503,0.0081830685461628,-0.0200282079668895,-0.0091783849648791,-0.0584682226402099,0.0054032645902288,0.9360044219298752,0.6096400727654065,-0.0019074363525578,False,0.3048200363827033,0,VOLATILITY_ACCELERATION,-0.3719050153896387,0.3719050153896387,False,NEITHER
2017-05-05,3.5441,-0.0027855936972425,-0.0021117242932763,0.0049992406332077,0.0080762946769032,0.0081719988152641,-0.0202482760145908,-0.0117164768334229,-0.0610909476249769,0.0027855936972425,-0.0796879991831378,0.6117524911861035,-0.0019869128672479,False,0.3058762455930517,0,VOLATILITY_ACCELERATION,-0.36663697770053866,0.36663697770053866,False,NEITHER
2017-05-08,3.5851,0.0115685223328914,0.0086088057392039,0.0073974152845532,0.008661058182307,0.0082868074888407,-0.0069332683310573,-0.0135205663991516,-0.0502291572840225,0.0115685223328914,1.7445044457487455,0.8926737219990706,0.0081066044983708,False,0.4463368609995353,0,VOLATILITY_ACCELERATION,-0.3827830919099907,0.3827830919099907,False,NEITHER
2017-05-09,3.6239,0.0108225711974561,0.0273863861877357,0.0060205073904382,0.0089567175417093,0.0083790075227823,0.0048343738258931,-0.0139103829559187,-0.039950194717461,0.0108225711974561,1.4730361874781537,0.7185227336374386,0.0255914377301507,False,0.5118287546030139,0,DRAWDOWN_SHIFT,-0.39945802714696477,0.39945802714696477,False,NEITHER
2017-05-10,3.5874,-0.0100720218549076,0.0148519052872784,0.0092835597335208,0.0087728830127946,0.0084688640370291,-0.0044333437402436,-0.0144022341173347,-0.0496198373380666,0.0100720218549076,-1.0170438307673315,1.096198934465064,0.013908390070734,False,0.548099467232532,0,VOLATILITY_ACCELERATION,-0.3870816380055884,0.3870816380055884,False,NEITHER
2017-05-11,3.5758,-0.0032335396108602,0.0061339335959482,0.0095221038446214,0.0087169377191037,0.0084727529818173,-0.0064462350652957,-0.0161061697715777,-0.0526929292394098,0.0032335396108602,-0.275443188863936,1.123850047919021,0.0057752934008001,False,0.5619250239595105,0,VOLATILITY_ACCELERATION,-0.3693268665440556,0.3693268665440556,False,NEITHER
2017-05-12,3.5731,-0.0007550757872364,0.0081826133574109,0.009348141500294,0.0073262520882328,0.008373323478402,-0.004990225618348,-0.0196050594758695,-0.0534082178716189,0.0007550757872364,0.0478267682569014,1.1164194867672828,0.007682729753358,False,0.5582097433836414,0,VOLATILITY_ACCELERATION,-0.36834380591111865,0.36834380591111865,False,NEITHER
2017-05-15,3.5483,-0.0069407517281913,-0.010264706702742,0.0080164199878545,0.0072648155404932,0.0084172726539991,-0.0097896399488752,-0.0228260321208804,-0.0599782764193181,0.0069407517281913,-0.6529649491934326,0.9523773694138146,-0.0097491191352955,False,0.4761886847069073,0,VOLATILITY_ACCELERATION,-0.38057895370916855,0.38057895370916855,False,NEITHER
2017-05-16,3.5392,-0.0025646084040243,-0.0233726096194706,0.0037467167751097,0.0069659444333798,0.0084216047016804,-0.0106504905934642,-0.0248549808094906,-0.0623890640315786,0.0025646084040243,-0.0666074730285996,0.444893450575055,-0.0224388693141176,False,0.448777386282352,0,DRAWDOWN_SHIFT,-0.3985769992535111,0.3985769992535111,False,NEITHER
2017-05-17,3.5681,0.0081656871609403,-0.0053799409042761,0.0056297753973574,0.0072273493321148,0.0083721596389022,-0.0011072057961033,-0.0270088063608456,-0.0547328264497841,0.0081656871609403,1.411180111727019,0.672440044167099,-0.0051129891117174,False,0.3527950279317547,0,LOCAL_RETURN_SHOCK,-0.3762679333632597,0.3762679333632597,False,NEITHER
2017-05-18,3.6251,0.0159748885961716,0.0137871245595391,0.0092014298664758,0.0079928664514157,0.0086120229188185,0.0150830174995484,-0.027320923480442,-0.0396322886587013,0.0159748885961716,2.407210273953879,1.068440011506398,0.0130606405807084,False,0.6018025684884698,0,LOCAL_RETURN_SHOCK,-0.40782466438514664,0.40782466438514664,False,NEITHER
2017-05-19,3.5753,-0.0137375520675292,0.0006157118468554,0.0118868198030892,0.0085479255950774,0.0086908648339016,0.002047368339922,-0.0285909921290713,-0.0528253900972263,0.0137375520675292,-1.6942908281813571,1.3677372770452851,0.0005828277743925,False,0.6838686385226426,0,VOLATILITY_ACCELERATION,-0.4102779264887021,0.4102779264887021,False,NEITHER
2017-05-22,3.5593,-0.0044751489385506,0.0031000760927768,0.0115643602445459,0.0075493250635499,0.0087090657557094,-0.0022453893830366,-0.0282007066521738,-0.0570641375473548,0.0044751489385506,-0.4225800043188063,1.3278531324631069,0.0029141388719632,False,0.6639265662315534,0,VOLATILITY_ACCELERATION,-0.38341237212326584,0.38341237212326584,False,NEITHER
2017-05-23,3.5704,0.0031185907341331,0.0088155515370704,0.0114453124456356,0.0075720967476783,0.0085942106014219,0.0009966791380056,-0.0272873172334707,-0.0541235065038282,0.0031185907341331,0.4349576526650099,1.3317467975176207,0.0082655575277503,False,0.6658733987588104,0,VOLATILITY_ACCELERATION,-0.38487496066431004,0.38487496066431004,False,NEITHER
2017-05-24,3.5604,-0.00280080663231,-0.0021580112665002,0.0109633159298205,0.0075960577107529,0.0085948578885043,-0.0015563874984225,-0.0266341842897209,-0.0567727236601585,0.00280080663231,-0.3562991253351963,1.2755668647510778,-0.0020398972103744,False,0.6377834323755389,0,VOLATILITY_ACCELERATION,-0.3802255873818059,0.3802255873818059,False,NEITHER
2017-05-25,3.5667,0.0017694641051566,-0.0161099004165402,0.0066603749596613,0.0075302094903403,0.008166215398529,0.0001331940637507,-0.0253512927765485,-0.0551037168516703,0.0017694641051566,0.262349890630918,0.8156011854476737,-0.0154714281929689,False,0.4078005927238368,0,VOLATILITY_ACCELERATION,-0.37496942933908695,0.37496942933908695,False,NEITHER
2017-05-26,3.5777,0.0030840833263241,0.0006712723407826,0.0035405763345437,0.0075280129142809,0.0081416863374904,0.0028507118370413,-0.0238795229841265,-0.052189577979707,0.0030840833263241,0.3957433920624941,0.434870147016134,0.0006358121175193,False,0.217435073508067,0,VOLATILITY_ACCELERATION,-0.3597789745368106,0.3597789745368106,False,NEITHER
2017-05-29,3.5772,-0.0001397545909384,0.0050290787514399,0.0025084296473122,0.0075282184755464,0.0081302096937399,0.00239165065928,-0.0223598979257781,-0.0523220388375236,0.0001397545909384,-0.070775312181169,0.3085319741806464,0.0047420987098312,False,0.1542659870903232,0,VOLATILITY_ACCELERATION,-0.36019986636121426,0.36019986636121426,False,NEITHER
2017-05-30,3.5491,-0.0078553058257854,-0.0059657181268204,0.0043344613116746,0.0075396987460147,0.0081157523327611,-0.0057861113717887,-0.0200249814697889,-0.0597663390468117,0.0078553058257854,-1.0893060989634635,0.5340800376790147,-0.0056428325429834,False,0.2723265247408659,0,LOCAL_RETURN_SHOCK,-0.3741494920241051,0.3741494920241051,False,NEITHER
2017-05-31,3.527,-0.0062269307711814,-0.0093809684305133,0.0048884827219466,0.0076651321303021,0.0077741736486424,-0.0118676737566399,-0.0179199832713805,-0.0656211089623016,0.0062269307711814,-0.87032755065002,0.6288105904092165,-0.008848385302143,False,0.3144052952046082,0,VOLATILITY_ACCELERATION,-0.37661582472648447,0.37661582472648447,False,NEITHER
2017-06-01,3.5246,-0.0006804649844061,-0.0118036280034765,0.0045425720413867,0.0075558477164641,0.0076948188539903,-0.0121332215959572,-0.0161982112895288,-0.0582482765991556,0.0006804649844061,-0.0778152393192765,0.5903416477479596,-0.0031445597474853,False,0.2951708238739798,0,VOLATILITY_ACCELERATION,-0.3639684359904248,0.3639684359904248,False,NEITHER
2017-06-02,3.5098,-0.0041990580491403,-0.0189786734494229,0.0033771874309838,0.0075860021498373,0.0075759021964999,-0.015808253941548,-0.0141457339568109,-0.0622027467535938,0.0041990580491403,-0.5043604397732813,0.4457802309728966,-0.0100131687738868,False,0.2228901154864483,0,VOLATILITY_ACCELERATION,-0.3861080287897572,0.3861080287897572,False,NEITHER
2017-06-05,3.5237,0.0039603396204912,-0.0149558313764955,0.0047236476103476,0.0071280702048228,0.007583742125509,-0.011059174512118,-0.0130258467146612,-0.0584887511355742,0.0039603396204912,0.5825466593343088,0.6228650094072867,-0.0061667122980506,False,0.3114325047036433,0,VOLATILITY_ACCELERATION,-0.36994607097696186,0.36994607097696186,False,NEITHER
2017-06-06,3.5151,-0.0024406163975366,-0.0095798934941253,0.0038771640919683,0.0065820668736424,0.0075844490450032,-0.0119643080503645,-0.0135312556755714,-0.0582956037184879,0.0024406163975366,-0.2246536055766868,0.511199174648376,0.0014707353283237,False,0.255599587324188,0,VOLATILITY_ACCELERATION,-0.364981267354832,0.364981267354832,False,NEITHER
2017-06-07,3.5503,0.0100139398594634,0.006606180890275,0.0057262442961238,0.006736253150241,0.007382532603955,-0.0015495766084239,-0.0132001248829225,-0.0488654325287325,0.0100139398594634,1.7496584561529158,0.7756476812653849,0.016755676433569,False,0.4374146140382289,0,LOCAL_RETURN_SHOCK,-0.3812495086581826,0.3812495086581826,False,NEITHER
2017-06-08,3.5244,-0.0072951581556488,-5.674402769106912e-05,0.0069420998196377,0.0068826911201338,0.0072386264336242,-0.008116535894001,-0.0127146429563765,-0.0558041096257401,0.0072951581556488,-1.0090219272942766,0.9590355136149724,0.0024441669734154,False,0.4795177568074862,0,VOLATILITY_ACCELERATION,-0.3675442015027257,0.3675442015027257,False,NEITHER
2017-06-09,3.5373,0.0036601974804222,0.0078352042851446,0.0066343494026666,0.0069513405107165,0.0072486647388826,-0.0039842881076742,-0.0110191533324794,-0.0523481662067671,0.0036601974804222,0.6336779249258699,0.915251241663758,0.0098545805468267,False,0.457625620831879,0,VOLATILITY_ACCELERATION,-0.3620985343435829,0.3620985343435829,False,NEITHER
2017-06-12,3.5164,-0.00590846125576,-0.0020716860118624,0.0071934976686545,0.0069045221110987,0.0072586505247951,-0.0094243285993371,-0.0093556921119167,-0.0579473303506844,0.00590846125576,-0.7808584494292812,0.9910241089692854,0.0005414207848897,False,0.4955120544846427,0,VOLATILITY_ACCELERATION,-0.36669713415508604,0.36669713415508604,False,NEITHER
2017-06-13,3.5198,0.0009668979638266,0.0013370885607806,0.0071120837806923,0.0068921734518612,0.0072301121534855,-0.0081955318360554,-0.0079431414754144,-0.0570364615425831,0.0009668979638266,0.2021474768063163,0.9836754437154476,0.0012591421759048,False,0.4918377218577238,0,VOLATILITY_ACCELERATION,-0.3572647262410842,0.3572647262410842,False,NEITHER
2017-06-14,3.4878,-0.0090914256491846,-0.0176041461284961,0.0055381385816987,0.0068630119004437,0.0073014666685259,-0.0160993209906147,-0.0076104651244169,-0.0656093444423607,0.0090914256491846,-1.2824934354640642,0.7584967285506763,-0.0167439119136282,False,0.3792483642753381,0,VOLATILITY_ACCELERATION,-0.39535226633291387,0.39535226633291387,False,NEITHER
2017-06-15,3.513,0.0072251849303286,-0.0032345931222336,0.0067475492572684,0.0059319928529305,0.0073416283780792,-0.0074210323329845,-0.0089520852030179,-0.0588581991587858,0.0072251849303286,1.2152534678525715,0.9190807420075068,-0.0030540895330456,False,0.4595403710037534,0,VOLATILITY_ACCELERATION,-0.3697708750896136,0.3697708750896136,False,NEITHER
2017-06-16,3.5027,-0.0029319669797893,-0.0097814717439855,0.0063309937268204,0.0052122012319937,0.0073054660173766,-0.0093151583803192,-0.0090695194359856,-0.0616175958421517,0.0029319669797893,-0.2325302388415009,0.8666105231016961,-0.0092694296353846,False,0.433305261550848,0,VOLATILITY_ACCELERATION,-0.3685362788159309,0.3685362788159309,False,NEITHER
2017-06-19,3.5228,0.0057384303537271,0.0018200432260266,0.006644373574098,0.0053535004690508,0.0073448399736002,-0.0031156174214233,-0.0093908295045848,-0.0562327537707288,0.0057384303537271,1.29518222028607,0.9046314961224602,0.0017145765799556,False,0.4523157480612301,0,VOLATILITY_ACCELERATION,-0.3638102756487664,0.3638102756487664,False,NEITHER
2017-06-20,3.5444,0.0061314863177017,0.0069890334678106,0.0071410195667752,0.0055010898521211,0.0072289921892319,0.0033658786528558,-0.0096261542063084,-0.050446057813379,0.0061314863177017,1.2390262038714688,0.987830582721096,0.0065904037292041,False,0.493915291360548,0,VOLATILITY_ACCELERATION,-0.36460935517506216,0.36460935517506216,False,NEITHER
2017-06-21,3.531,-0.0037806116691118,0.0123860313091346,0.0053607854996675,0.0055283503380615,0.0072319996332493,-1.1328107299757306e-05,-0.0097898175801679,-0.0540359525276609,0.0037806116691118,-0.6234428985153678,0.7412590945139369,0.0115733919146998,False,0.3706295472569684,0,VOLATILITY_ACCELERATION,-0.3660524612141518,0.3660524612141518,False,NEITHER
2017-06-22,3.5077,-0.0065986972529029,-0.001508682038144,0.0058425479138217,0.0056703600752662,0.0072684700312469,-0.005779331026136,-0.0106933802550316,-0.0602780828890615,0.0065986972529029,-1.1212586676488308,0.8038208713394689,-0.0014198837302757,False,0.4019104356697344,0,VOLATILITY_ACCELERATION,-0.3678138465519788,0.3678138465519788,False,NEITHER
2017-06-23,3.5088,0.000313595803518,0.0017415136894396,0.0056526066918886,0.0056034527542252,0.0072508193308929,-0.004495488198102,-0.0120209220384973,-0.0599833900393816,0.000313595803518,0.1996328936694378,0.7795817870961228,0.0016342058027701,False,0.3897908935480614,0,VOLATILITY_ACCELERATION,-0.354578230387838,0.354578230387838,False,NEITHER
2017-06-26,3.5008,-0.0022799817601458,-0.0062450323606223,0.0048219377857627,0.0056074606390293,0.007241568644497,-0.0056875874262424,-0.0134055732325674,-0.0621266107643261,0.0022799817601458,-0.2361156336247919,0.665869236691829,-0.0058938569935973,False,0.3329346183459145,0,VOLATILITY_ACCELERATION,-0.36068377313858846,0.36068377313858846,False,NEITHER
2017-06-27,3.5263,0.0072840493601462,-0.0051066471052928,0.0052693883229635,0.0056639890224685,0.0071978820758964,0.0018794295512241,-0.0140261726645105,-0.0552950947035657,0.0072840493601462,1.4887272900495925,0.7320748335971131,-0.0048490368901867,False,0.3721818225123981,0,LOCAL_RETURN_SHOCK,-0.3681442275893289,0.3681442275893289,False,NEITHER
2017-06-28,3.5128,-0.0038283753509343,-0.005154347210422,0.0052757010203261,0.0055564156011067,0.0071633213364925,-0.0017547723413777,-0.0141159759732839,-0.0589117796769095,0.0038283753509343,-0.6217195646400547,0.7364881138934544,-0.0048758271492485,False,0.3682440569467272,0,VOLATILITY_ACCELERATION,-0.3610987773414809,0.3610987773414809,False,NEITHER
2017-06-29,3.5265,0.0039000227738557,0.0053596373692164,0.0045390454795878,0.0056289330347645,0.0071701509742096,0.00211135328368,-0.0136831572722252,-0.0552415141854422,0.0039000227738557,0.7355564914525824,0.6330474066605216,0.0050365687036193,False,0.3165237033302608,0,VOLATILITY_ACCELERATION,-0.3561362270580923,0.3561362270580923,False,NEITHER
2017-06-30,3.5212,-0.0015029065645825,0.0035339717282261,0.0046858313952208,0.0055538019810916,0.0071287126404291,0.0004432271482308,-0.0130489950717503,-0.0566613979157178,0.0015029065645825,-0.274456304988435,0.6573180364496702,0.0033219921236637,False,0.3286590182248351,0,VOLATILITY_ACCELERATION,-0.35165621415505777,0.35165621415505777,False,NEITHER
2017-07-03,3.5571,0.0101953879359311,0.016082038391225,0.0058655747680022,0.0059390003966941,0.0072716582348047,0.0101638310742309,-0.0117299377930205,-0.0470436949125296,0.0101953879359311,1.803915731717842,0.8066351000831568,0.0150829158517965,False,0.4509789329294605,0,LOCAL_RETURN_SHOCK,-0.3821734444575332,0.3821734444575332,False,NEITHER
2017-07-04,3.5594,0.0006465941356723,0.0093866091937726,0.0054492440194417,0.0058988456042654,0.0071997219239777,0.0101815653358499,-0.0095961817652873,-0.0464275189541082,0.0006465941356723,0.0266113045882392,0.756868678676843,0.0088675757494574,False,0.3784343393384215,0,VOLATILITY_ACCELERATION,-0.3535353313470382,0.3535353313470382,False,NEITHER
2017-07-05,3.6062,0.0131482834185536,0.0265884764290593,0.0062340095280485,0.0061951091376306,0.0072287220980295,0.0226525102656593,-0.0082934689986248,-0.0338896777131835,0.0131482834185536,2.1199695912848338,0.8623944098982376,0.025022101963726,False,0.5299923978212084,0,LOCAL_RETURN_SHOCK,-0.40653419179470934,0.40653419179470934,False,NEITHER
2017-07-06,3.6212,0.0041595030780323,0.0268538210690485,0.0062207418983831,0.0059312327554011,0.007231619813269,0.0254987029757927,-0.0062140468980423,-0.0298711388539126,0.0041595030780323,0.5423432762213112,0.8602141787057055,0.0253703753315296,False,0.507407506630592,0,DRAWDOWN_SHIFT,-0.37996727312226175,0.37996727312226175,False,NEITHER
2017-07-07,3.6182,-0.0008284546559151,0.027547427013518,0.006040247101516,0.005925026786802,0.0067825184544791,0.0234767149288372,-0.0045741880077151,-0.022398746318662,0.0008284546559151,-0.3710552426687697,0.8905611008735388,0.0342626515970558,False,0.685253031941116,0,DRAWDOWN_SHIFT,-0.38640974209347995,0.38640974209347995,False,NEITHER
2017-07-10,3.6083,-0.0027361671549389,0.0143937477158357,0.0062720973907477,0.0057665245440259,0.0067083444984087,0.0193513757839427,-0.0028325100602701,-0.0176150285869861,0.0027361671549389,-0.6555404796209693,0.9349694834896324,0.0294286663255434,False,0.588573326510868,0,DRAWDOWN_SHIFT,-0.3749764957262879,0.3749764957262879,False,NEITHER
2017-07-11,3.6139,0.0015519773854724,0.0153115693656233,0.0062042753431968,0.0057661948825726,0.0065695175262386,0.0195781921594129,-0.0012341904570026,-0.0160903893275251,0.0015519773854724,0.04256202014041,0.9444034997116568,0.0303371296265831,False,0.606742592531662,0,DRAWDOWN_SHIFT,-0.3709926119232601,0.3709926119232601,False,NEITHER
2017-07-12,3.5672,-0.0129223276792385,-0.0108147080028838,0.0065507147239609,0.006179611711974,0.0067542024901942,0.0052769147309761,0.001016962540234,-0.0204036798022793,0.0129223276792385,-2.472709367680777,0.96987242142522,0.0134859979109041,False,0.6181773419201942,0,LOCAL_RETURN_SHOCK,-0.3962949765004326,0.3962949765004326,False,NEITHER
2017-07-13,3.5657,-0.0004204978694775,-0.0153264111344305,0.0057137304168217,0.0060180092901178,0.0066697297840018,0.004108574502057,0.0033467400717381,-0.0204389989286007,0.0004204978694775,-0.2532115711598095,0.8566659522739306,0.0094321399253118,False,0.4283329761369653,0,VOLATILITY_ACCELERATION,-0.35751266920954605,0.35751266920954605,False,NEITHER
2017-07-14,3.5381,-0.0077404156266651,-0.022138079708142,0.0058695177295379,0.0062643586029049,0.0067380299114599,-0.0041600054040666,0.0048774831112374,-0.0239993379492979,0.0077404156266651,-1.412823144342025,0.8711029494771383,-0.0016005916306358,False,0.4355514747385691,0,VOLATILITY_ACCELERATION,-0.37808992839932404,0.37808992839932404,False,NEITHER
2017-07-17,3.5284,-0.0027415844662389,-0.0221433916248648,0.0058691219633697,0.0061790740649562,0.0063197831710193,-0.0069684449898117,0.0054756763945995,-0.0266751262034151,0.0027415844662389,-0.5209039619252708,0.9286904003738288,-0.009060097616429,False,0.4643452001869144,0,VOLATILITY_ACCELERATION,-0.36791640750934523,0.36791640750934523,False,NEITHER
2017-07-18,3.5231,-0.0015020972678835,-0.0251252109908963,0.0052095916816073,0.0060204693915617,0.0063161192524151,-0.0081627884389353,0.0055442164353392,-0.0281371548371079,0.0015020972678835,-0.2588804178432267,0.8248089488834941,-0.0120467655095828,False,0.412404474441747,0,VOLATILITY_ACCELERATION,-0.37262752928153803,0.37262752928153803,False,NEITHER
2017-07-19,3.522,-0.0003122250290936,-0.0126710024669208,0.0030666518830186,0.0059641425820716,0.0063160967515599,-0.0083468364659192,0.0058353912728261,-0.0284405947422141,0.0003122250290936,-0.0046657255313532,0.4855295926651571,-0.0080369149399348,False,0.2427647963325785,0,VOLATILITY_ACCELERATION,-0.3605772766510107,0.3605772766510107,False,NEITHER
2017-07-20,3.5264,0.0012492901760363,-0.0110216787727515,0.0034255452824045,0.0057698175938113,0.006290643745499,-0.00736929217639,0.0069414328999541,-0.0272268351217896,0.0012492901760363,0.2280304329856677,0.5445460625322331,-0.0067878361931889,False,0.2722730312661165,0,VOLATILITY_ACCELERATION,-0.3548958428321898,0.3548958428321898,False,NEITHER
2017-07-21,3.5364,0.0028357531760434,-0.0004804838755264,0.002203857164467,0.0057980454769992,0.0062931491550679,-0.0049409672590574,0.0083171496703924,-0.0244682905299165,0.0028357531760434,0.4426603791907896,0.3501994168837114,-0.0004689525806186,False,0.1750997084418557,0,VOLATILITY_ACCELERATION,-0.3509108580604838,0.3509108580604838,False,NEITHER
2017-07-24,3.5567,0.0057403008709422,0.0080206325813401,0.0028315968250875,0.0058791539926882,0.0063366200555838,-1.5463533473702995e-05,0.0102049945680346,-0.0188684450084135,0.0057403008709422,0.9197081139437026,0.4468623335862327,0.0078066811950016,False,0.2299270284859256,0,LOCAL_RETURN_SHOCK,-0.3538338883177895,0.3538338883177895,False,NEITHER
2017-07-25,3.5724,0.0044142041780301,0.0139933581221083,0.0024156723619435,0.0057463164307375,0.0062798965211292,0.0037481806993981,0.0111870806620479,-0.0145375299991724,0.0044142041780301,0.6132512688438163,0.3846675425010241,0.0135996248379355,False,0.2719924967587099,0,DRAWDOWN_SHIFT,-0.35854987161033647,0.35854987161033647,False,NEITHER
2017-07-26,3.5385,-0.0094894188780652,0.0046848381601363,0.0060740184223463,0.0061073979076429,0.0063982501955334,-0.0061356413493637,0.0117562642530852,-0.0238889961656231,0.0094894188780652,-1.7671724614618851,0.9493249305234353,0.0045515985765909,False,0.4746624652617176,0,VOLATILITY_ACCELERATION,-0.37218945149300015,0.37218945149300015,False,NEITHER
2017-07-27,3.5363,-0.000621732372474,0.0028073956442831,0.0061085088008855,0.0060537805370875,0.0063597672868111,-0.0068902378234317,0.011868192448573,-0.0244958759758351,0.000621732372474,-0.1643897261125081,0.9604925031696268,0.0027309591459545,False,0.4802462515848134,0,VOLATILITY_ACCELERATION,-0.3473745590741691,0.3473745590741691,False,NEITHER
2017-07-28,3.5279,-0.0023753640811018,-0.0024035742563058,0.0060709672731521,0.006069487941252,0.0063570110010329,-0.0093424352108997,0.011799502221818,-0.0268130534330088,0.0023753640811018,-0.4181746274249255,0.955003424119555,-0.0023447629030922,False,0.4775017120597775,0,VOLATILITY_ACCELERATION,-0.35103953232501106,0.35103953232501106,False,NEITHER
2017-07-31,3.5193,-0.0024377108194676,-0.0105153653667726,0.0049853158499216,0.0056044881235976,0.0061775194775199,-0.0112326088422378,0.0107829188569028,-0.0291854017820198,0.0024377108194676,-0.4201773375008352,0.8070093292401992,-0.0103169567736063,False,0.4035046646200996,0,VOLATILITY_ACCELERATION,-0.35948973559596065,0.35948973559596065,False,NEITHER
2017-08-01,3.5271,0.0022163498422982,-0.0126805508901579,0.0043195657452732,0.0056325936151853,0.0060128424328917,-0.0085913091873462,0.0096891607126388,-0.0270337370003587,0.0022163498422982,0.4880828107868493,0.718389978364331,-0.0124962070011863,False,0.3591949891821655,0,VOLATILITY_ACCELERATION,-0.3626247143059779,0.3626247143059779,False,NEITHER
2017-08-02,3.5305,0.0009639647302317,-0.0022608449908153,0.0020491600021333,0.0046605165039254,0.0058803340929184,-0.006578725224262,0.0078155130561039,-0.0260958318391217,0.0009639647302317,0.2493667242746813,0.348476799065052,-0.0022068356734985,False,0.174238399532526,0,VOLATILITY_ACCELERATION,-0.35041767049044026,0.35041767049044026,False,NEITHER
2017-08-03,3.5396,0.0025775385922675,0.000933178746147,0.002443941856031,0.0045801826008699,0.0058782068405178,-0.0028734013183842,0.0052787186080496,-0.0235855562605169,0.0025775385922675,0.7783195730314204,0.4157631608308151,0.0009103197153182,False,0.2078815804154075,0,VOLATILITY_ACCELERATION,-0.3484190432574453,0.3484190432574453,False,NEITHER
2017-08-04,3.528,-0.0032772064640071,2.834547464503068e-05,0.0027003373570867,0.0046043935734252,0.0058915909952853,-0.0048768930045215,0.0028527341413016,-0.02678546798709,0.0032772064640071,-0.4690371113451242,0.4583375457066901,2.7585445918798523e-05,False,0.229168772853345,0,VOLATILITY_ACCELERATION,-0.3505558975053785,0.3505558975053785,False,NEITHER
2017-08-07,3.5291,0.00031179138322,0.0027846446736568,0.0023325358412567,0.0046031036568277,0.0058248582812684,-0.0034535047566873,0.0004322278094808,-0.0264820280819839,0.00031179138322,0.339493094184749,0.4004450801417224,0.0027033737000358,False,0.2002225400708612,0,VOLATILITY_ACCELERATION,-0.3478279124306459,0.3478279124306459,False,NEITHER
2017-08-08,3.5338,0.0013317843076137,0.0018995775566328,0.0022054411791777,0.0045966882942955,0.0058183339923516,-0.0009965157286933,-0.0020256707212995,-0.0251855121238036,0.0013317843076137,0.5280686684008862,0.3790502886353427,0.0018482248765551,False,0.1895251443176713,0,VOLATILITY_ACCELERATION,-0.3495190842263958,0.3495190842263958,False,NEITHER
2017-08-09,3.5376,0.0010753296734393,0.0020110465939668,0.0022133413997474,0.0036771601381035,0.0057206770779789,0.0004963452866288,-0.0035592754634032,-0.0241372651788916,0.0010753296734393,0.4754096206616309,0.3869019994621629,0.00195856666023,False,0.1934509997310814,0,VOLATILITY_ACCELERATION,-0.34783022044483564,0.34783022044483564,False,NEITHER
2017-08-10,3.5418,0.0011872455902306,0.0006215391569668,0.0019427890570043,0.0036944537458228,0.0053197025426328,0.0020228311148202,-0.0046351704115051,-0.0219264332265547,0.0011872455902306,0.4343957911694396,0.3652063327666409,0.0016591230339621,False,0.1826031663833204,0,VOLATILITY_ACCELERATION,-0.34876062899185256,0.34876062899185256,False,NEITHER
2017-08-11,3.5369,-0.0013834773279122,0.0025226757369614,0.0011267189510193,0.0032727110697041,0.0050245701746532,0.0006535411462149,-0.0051479363220824,-0.023279575831216,0.0013834773279122,-0.2852295024322542,0.2242418578813196,0.003505892155874,False,0.1121209289406598,0,VOLATILITY_ACCELERATION,-0.3567821325562478,0.3567821325562478,False,NEITHER
2017-08-14,3.5257,-0.0031666148321977,-0.0009634184352951,0.0020061349341569,0.0032926885854197,0.0050083700357144,-0.0024770438441005,-0.0052643280910511,-0.0263724732132993,0.0031666148321977,-0.9639566572518722,0.4005564524688205,0.0001095548686846,False,0.240989164312968,0,LOCAL_RETURN_SHOCK,-0.3603312149884659,0.3603312149884659,False,NEITHER
2017-08-15,3.5352,0.0026945003829026,0.0003961740902145,0.0023310164205907,0.0033276795074812,0.0050039824301929,3.960328820440395e-05,-0.0047957613746253,-0.023749033469568,0.0026945003829026,0.8283853877263748,0.4658322552305286,0.0014364786542356,False,0.2329161276152643,0,VOLATILITY_ACCELERATION,-0.34952965205731173,0.34952965205731173,False,NEITHER
2017-08-16,3.5156,-0.0055442407784567,-0.0062189054726367,0.0033026770151732,0.0035653090368305,0.0050409859033449,-0.0054148254185598,-0.0047597662491604,-0.0291616038882138,0.0055442407784567,-1.719202801995137,0.6551648979977783,-0.0050243387093221,False,0.4298007004987842,0,LOCAL_RETURN_SHOCK,-0.378822897373403,0.378822897373403,False,NEITHER
2017-08-17,3.5254,0.0027875753783137,-0.0046304139138291,0.0036556938592791,0.0036118943355796,0.0050494291355665,-0.0026282361395201,-0.0050357768157225,-0.026455318678891,0.0027875753783137,0.8056695734259903,0.7239816147789079,-0.0045288854523363,False,0.3619908073894539,0,VOLATILITY_ACCELERATION,-0.35538137394944413,0.35538137394944413,False,NEITHER
2017-08-18,3.5185,-0.0019572247120893,-0.0052022957957533,0.0036826880135105,0.0035720701690479,0.0050360939801064,-0.0043282080596073,-0.0056739524361557,-0.0283607643874959,0.0019572247120893,-0.5396761805793661,0.7312587946249355,-0.0050811885562799,False,0.3656293973124677,0,VOLATILITY_ACCELERATION,-0.3555061482023443,0.3555061482023443,False,NEITHER
2017-08-21,3.497,-0.0061105584766235,-0.0081402274725587,0.0042930163206159,0.0035088663793588,0.0050922440979339,-0.0095757064243048,-0.0072945704722423,-0.0342980227548879,0.0061105584766235,-1.6413278385771712,0.8430499870101918,-0.0079255495415886,False,0.4215249935050959,0,VOLATILITY_ACCELERATION,-0.3868613630401517,0.3868613630401517,False,NEITHER
2017-08-22,3.4944,-0.0007434944237917,-0.011541072640869,0.0036560962315894,0.0032847462235438,0.0049968176739044,-0.0092177004800234,-0.0090332840693893,-0.0350160167900143,0.0007434944237917,0.0275498693735805,0.7316849383324826,-0.0112669833204463,False,0.3658424691662413,0,VOLATILITY_ACCELERATION,-0.37336543788724535,0.37336543788724535,False,NEITHER
2017-08-23,3.4787,-0.004492902930403,-0.010496074638753,0.0034481659553402,0.0027612285133403,0.0049665653732459,-0.0128323003927443,-0.0102307501098912,-0.0393515961559703,0.004492902930403,-1.0335211718295043,0.6942757612564455,-0.0101899922677565,False,0.3471378806282227,0,VOLATILITY_ACCELERATION,-0.3842231270891519,0.3842231270891519,False,NEITHER
2017-08-24,3.4838,0.0014660649093052,-0.0118000794236114,0.0030012399161625,0.0028092887108711,0.0049709043199374,-0.0106480712351563,-0.0111041370914406,-0.0379432232409145,0.0014660649093052,0.8381368166468481,0.6037613526627476,-0.0114879045620235,False,0.3018806763313738,0,VOLATILITY_ACCELERATION,-0.3793637744984351,0.3793637744984351,False,NEITHER
2017-08-25,3.4389,-0.0128882255008898,-0.0226232769646156,0.0055373065642324,0.0039017427374711,0.0052107100600151,-0.0221633310538281,-0.01244675205059,-0.0503424279244449,0.0128882255008898,-4.322942298911179,1.062677926895889,-0.0219816635369489,True,1.0807355747277947,1,LOCAL_RETURN_SHOCK,-0.4635505842729073,0.4635505842729073,False,BASELINE_ONLY
2017-08-28,3.4441,0.0015121114309808,-0.0151272519302257,0.0060290583044719,0.0039392807871769,0.005186097838424,-0.019636587216079,-0.012978748510935,-0.0489064398541919,0.0015121114309808,0.712908869687413,1.1625423376709891,-0.014608417099304,False,0.5812711688354946,0,VOLATILITY_ACCELERATION,-0.39673458218192886,0.39673458218192886,False,NEITHER
2017-08-29,3.4465,0.000696843877936,-0.0137076465201465,0.0061976300212731,0.00388682589733,0.0051806551418667,-0.0178267368280063,-0.01366345622761,-0.0482436761294599,0.000696843877936,0.4490231681306469,1.1963023694026391,-0.0132276593394456,False,0.5981511847013196,0,VOLATILITY_ACCELERATION,-0.39312135825279243,0.39312135825279243,False,NEITHER
2017-08-30,3.4517,0.0015087770201653,-0.0077615201080862,0.0063528052932577,0.003904276196897,0.0050066766103095,-0.0152391576310619,-0.0137216225646337,-0.0468076880592068,0.0015087770201653,0.6835234841588325,1.268866712936146,-0.0074560919032364,False,0.634433356468073,0,VOLATILITY_ACCELERATION,-0.3860264703590617,0.3860264703590617,False,NEITHER
2017-08-31,3.4527,0.0002897123156704,-0.0089270336988346,0.0062342825676093,0.0038228852356349,0.0049262007619837,-0.0137312648360218,-0.0138120457490563,-0.0465315365072351,0.0002897123156704,0.3612529927547551,1.2655356265055786,-0.0085883132663205,False,0.6327678132527893,0,VOLATILITY_ACCELERATION,-0.38751201779739586,0.38751201779739586,False,NEITHER
2017-09-01,3.4284,-0.0070379702841255,-0.003053301927942,0.0036341650444911,0.0040162199942628,0.0049726974406282,-0.0192774737612958,-0.0139621864501915,-0.053242019220148,0.0070379702841255,-1.5179267667270222,0.7308236802824659,-0.0028995912957031,False,0.3794816916817555,0,LOCAL_RETURN_SHOCK,-0.39186967150541097,0.39186967150541097,False,NEITHER
2017-09-04,3.4348,0.0018667600046669,-0.0027002700270026,0.0036888916944582,0.0040663123308601,0.0049307334821875,-0.0161196766039113,-0.0141909960382116,-0.0514746492875289,0.0018667600046669,0.8191554892914551,0.748142585232905,-0.002568209433337,False,0.3740712926164525,0,VOLATILITY_ACCELERATION,-0.3713446316842293,0.3713446316842293,False,NEITHER
2017-09-05,3.4375,0.0007860719692558,-0.0026113448425939,0.0036965496924571,0.0040491973868268,0.0049299519271167,-0.0139863349262533,-0.0144360498399214,-0.0507290400972053,0.0007860719692558,0.5241781778155181,0.749814551359944,-0.0024853639677454,False,0.374907275679972,0,VOLATILITY_ACCELERATION,-0.36849451473768474,0.36849451473768474,False,NEITHER
2017-09-06,3.4257,-0.0034327272727272,-0.0075325202074341,0.0036799680436049,0.004031186660801,0.004813264819792,-0.0157915225969751,-0.0156058877015251,-0.0539876284104716,0.0034327272727272,-0.5087530293652673,0.7645471798004926,-0.0071799403512647,False,0.3822735899002463,0,VOLATILITY_ACCELERATION,-0.37990990909834726,0.37990990909834726,False,NEITHER
2017-09-07,3.4045,-0.0061885162156639,-0.0139600892055492,0.0040150134196217,0.0040997605629602,0.0047697022502123,-0.0199493350221658,-0.017215282984171,-0.0598420413122721,0.0061885162156639,-1.1387285975396504,0.8417744355935406,-0.013310504805037,False,0.4208872177967703,0,VOLATILITY_ACCELERATION,-0.40380134826167324,0.40380134826167324,False,NEITHER
2017-09-08,3.4117,0.0021148479953003,-0.0048710768871775,0.0036723704133924,0.004199379057913,0.0047707947216262,-0.0161036354303049,-0.0189696683349414,-0.0578537501380757,0.0021148479953003,0.9956007688501,0.7697607270221459,-0.0046117309179277,False,0.3848803635110729,0,VOLATILITY_ACCELERATION,-0.3756522978042594,0.3756522978042594,False,NEITHER
2017-09-11,3.406,-0.0016707213412667,-0.0083847676720624,0.0033121452141728,0.0041869097040269,0.0047039138459719,-0.0160491455429712,-0.0206255278395115,-0.0594278139843145,0.0016707213412667,0.0288707364076622,0.7041253991097408,-0.0079531646967856,False,0.3520626995548704,0,VOLATILITY_ACCELERATION,-0.3792137388673168,0.3792137388673168,False,NEITHER
2017-09-12,3.4331,0.0079565472695244,-0.0012799999999999,0.0054852968872137,0.0046215030252581,0.0047534972410913,-0.0067554861201521,-0.022237246326795,-0.0519441069258809,0.0079565472695244,2.3104661399307025,1.1539497361640194,-0.0012150668286755,False,0.5776165349826756,0,LOCAL_RETURN_SHOCK,-0.39179047119998317,0.39179047119998317,False,NEITHER
2017-09-13,3.4579,0.0072237919081878,0.0093995387803953,0.0059842294773106,0.0049002255862069,0.0048371369730339,0.0012552246736343,-0.0229649139682127,-0.0450955484369822,0.0072237919081878,1.877712802308299,1.237142861711694,0.0088920799734893,False,0.618571430855847,0,VOLATILITY_ACCELERATION,-0.3858323514047763,0.3858323514047763,False,NEITHER
2017-09-14,3.4331,-0.0071719829954596,0.0084006462035541,0.0063226211474353,0.0050193932578988,0.0048502635145417,-0.004595601559895,-0.0242567240691546,-0.0519441069258809,0.0071719829954596,-1.297148678101175,1.3035623999560615,0.0078979343863912,False,0.6517811999780307,0,VOLATILITY_ACCELERATION,-0.390289388400317,0.390289388400317,False,NEITHER
2017-09-15,3.4376,0.001310768693018,0.0075915232875105,0.0063193544590232,0.0050504361148146,0.0048542709453245,-0.0021205229171775,-0.0251542605046416,-0.0507014249420081,0.001310768693018,0.5228537256949269,1.301813296002735,0.0071523251960676,False,0.6509066480013675,0,VOLATILITY_ACCELERATION,-0.3758666744262276,0.3758666744262276,False,NEITHER
2017-09-18,3.4895,0.015097742611124,0.0245155607751026,0.0083269204544785,0.0060764159111414,0.0052391184438312,0.0130554821702815,-0.0244363191448986,-0.0363691593946757,0.015097742611124,3.217144488930438,1.5893743468012318,0.0230586545896388,False,0.8042861222326095,0,LOCAL_RETURN_SHOCK,-0.43876031133938637,0.43876031133938637,False,NEITHER
2017-09-19,3.4887,-0.0002292592061899,0.0161952754070664,0.0083762095785541,0.0060745920916418,0.005150120498379,0.0129070376816979,-0.0234383638936064,-0.0365900806362531,0.0002292592061899,-0.0229467765652142,1.626410407521632,0.0153540262896277,False,0.813205203760816,0,VOLATILITY_ACCELERATION,-0.3875355093325311,0.3875355093325311,False,NEITHER
2017-09-20,3.503,0.0040989480322182,0.0130425981086788,0.0081178296952375,0.0060486563066873,0.0051562436312742,0.0167002374138722,-0.0222649776385388,-0.0326411134430575,0.0040989480322182,0.6853235997567272,1.5743689157743384,0.0124544349939247,False,0.7871844578871692,0,VOLATILITY_ACCELERATION,-0.3838879074033008,0.3838879074033008,False,NEITHER
2017-09-21,3.5023,-0.0001998287182415,0.0201567096792985,0.0064406058154174,0.0060441713701172,0.005130333555996,0.0162242465656041,-0.0212734235558224,-0.0328344195294377,0.0001998287182415,-0.0934600927263837,1.2553970897058029,0.0191096873964431,False,0.6276985448529014,0,VOLATILITY_ACCELERATION,-0.37854405118910284,0.37854405118910284,False,NEITHER
2017-09-22,3.4962,-0.0017417125888701,0.0170467768210378,0.0068900847966665,0.0052240958121164,0.0051315314275083,0.0136116547075451,-0.0192203523328436,-0.0345189439964652,0.0017417125888701,-0.3348510564327452,1.3426956248832902,0.0161824809455429,False,0.6713478124416451,0,VOLATILITY_ACCELERATION,-0.37927583694209643,0.37927583694209643,False,NEITHER
2017-09-25,3.5494,0.0152165207940049,0.0171657830634761,0.0069404971683532,0.0061361219655296,0.0053391155998017,0.0274669526691879,-0.0166719564143764,-0.0198276814315696,0.0152165207940049,2.7520572144532123,1.299933863318295,0.0165414779631061,False,0.6880143036133031,0,LOCAL_RETURN_SHOCK,-0.41188347170825906,0.41188347170825906,False,NEITHER
2017-09-26,3.5424,-0.0019721643094606,0.0153925531000085,0.0072087437250597,0.0061839118967476,0.005344257756195,0.024019240831264,-0.0141761813365707,-0.0217607422953716,0.0019721643094606,-0.5698868149184756,1.3488765051991385,0.0148293383408815,False,0.6744382525995692,0,VOLATILITY_ACCELERATION,-0.3769194074400205,0.3769194074400205,False,NEITHER
2017-09-27,3.5774,0.0098803071364046,0.0212389380530972,0.0078482636027634,0.0064690363968862,0.0052225710358244,0.0322614154279421,-0.0112749510358431,-0.0120954379763614,0.0098803071364046,1.3727599930414385,1.5027586123631391,0.020545675466696,False,0.7513793061815696,0,VOLATILITY_ACCELERATION,-0.3962629175320887,0.3962629175320887,False,NEITHER
2017-09-28,3.5603,-0.0047800078269134,0.0165605459269622,0.0087149713023104,0.0066290849551503,0.0052259215641495,0.0257348439559488,-0.0085109847262173,-0.0160024321485822,0.0047800078269134,-1.0186779316860726,1.6676429593004676,0.0168319873808555,False,0.8338214796502338,0,VOLATILITY_ACCELERATION,-0.3955927280873939,0.3955927280873939,False,NEITHER
2017-09-29,3.5637,0.0009549757042945,0.0193066758194611,0.0084011562370078,0.0063172912162092,0.0052277584225054,0.0247172014009098,-0.0051633536339427,-0.0138908104817511,0.0009549757042945,-0.0907206775163727,1.6070283968824923,0.020628133514714,False,0.8035141984412462,0,VOLATILITY_ACCELERATION,-0.3852778770714468,0.3852778770714468,False,NEITHER
2017-10-02,3.5635,-5.612144681088616e-05,0.0039725023947709,0.0055233634615855,0.006333333132276,0.0052175041075162,0.0227672261008702,-0.0019764685662724,-0.0139461523561803,5.612144681088616e-05,-0.3185130240328916,1.0586217754248983,0.0058815290753892,False,0.5293108877124492,0,VOLATILITY_ACCELERATION,-0.35527326313215424,0.35527326313215424,False,NEITHER
2017-10-03,3.5718,0.0023291707590851,0.0082994579945798,0.0053135889791316,0.0063289609758667,0.0052228763062579,0.0231774705017917,0.0013280707692484,-0.0015653826801587,0.0023291707590851,0.0740994891153017,1.0173683364404036,0.0201953596152128,False,0.5086841682202018,0,VOLATILITY_ACCELERATION,-0.3638696239339445,0.3638696239339445,False,NEITHER
2017-10-04,3.5723,0.000139985441514,-0.0014256163694303,0.0026837235360984,0.0062188849200444,0.0049478100079335,0.0211764840404549,0.005043576443007,-0.0014256163694303,0.000139985441514,-0.283939735829674,0.5424063437753712,0.0106698216069311,False,0.2712031718876856,0,VOLATILITY_ACCELERATION,-0.34987702108252,0.34987702108252,False,NEITHER
2017-10-05,3.5836,0.0031632281723259,0.0065443923264894,0.0013994961077228,0.0059053110701734,0.0049638130649664,0.0217910426482852,0.0096076342909783,0.0,0.0031632281723259,0.16844878157489,0.281939728472082,0.0160024321485822,False,0.320048642971644,0,DRAWDOWN_SHIFT,-0.36294443079670974,0.36294443079670974,False,NEITHER
2017-10-06,3.6149,0.0087342337314431,0.0143670903835901,0.0035630945256226,0.0060611169764403,0.0049786454767766,0.0277383302983651,0.014360324610531,0.0,0.0087342337314431,1.041601679261407,0.715675486885543,0.0138908104817511,False,0.3578377434427715,0,VOLATILITY_ACCELERATION,-0.36485609308614153,0.36485609308614153,False,NEITHER
2017-10-09,3.7011,0.0238457495366399,0.0386137224638698,0.0095958356399057,0.0075482947279509,0.0058106683188584,0.0478498566004832,0.0203766804225267,0.0,0.0238457495366399,3.453411067135716,1.6514168617683131,0.0139461523561803,False,0.863352766783929,0,LOCAL_RETURN_SHOCK,-0.45004294469488854,0.45004294469488854,False,NEITHER
2017-10-10,3.7114,0.0027829564183621,0.0390839352707317,0.0095349722397596,0.0075009240333858,0.0058080612514086,0.0466426302275377,0.0259095314556843,0.0,0.0027829564183621,-0.1864114037995157,1.6416790090578213,0.0015653826801587,False,0.8208395045289106,0,VOLATILITY_ACCELERATION,-0.3881182541055942,0.3881182541055942,False,NEITHER
2017-10-11,3.6484,-0.0169747265182949,0.0213028021162837,0.0146450152299071,0.0087838354622516,0.0062479545126603,0.0261198752366031,0.0295245637478953,-0.0169747265182949,0.0169747265182949,-2.7871354939175386,2.343969566396769,-0.0155491101488646,True,1.1719847831983845,1,VOLATILITY_ACCELERATION,-0.46133380985283223,0.46133380985283223,False,BASELINE_ONLY
2017-10-12,3.654,0.0015349194167306,0.0196450496707221,0.014694918610305,0.0084781361612736,0.0062485609985573,0.0245123122323238,0.0341045825541104,-0.0154658619388909,0.0015349194167306,-0.1350799157586816,2.351728440147714,-0.0154658619388909,True,1.175864220073857,1,VOLATILITY_ACCELERATION,-0.4273354683556104,0.4273354683556104,False,BASELINE_ONLY
2017-10-13,3.6349,-0.0052271483305965,0.0055326565050208,0.014891914930493,0.0086767760120001,0.0062865055674755,0.0163458634843587,0.0381824752787087,-0.0206121679150724,0.0052271483305965,-0.9888886499029994,2.368870077446414,-0.0206121679150724,True,1.184435038723207,1,VOLATILITY_ACCELERATION,-0.43421921594444507,0.43421921594444507,False,BASELINE_ONLY
2017-10-16,3.6463,0.0031362623455941,-0.0148064089054604,0.0085425733566761,0.0081849739278607,0.0062584818253323,0.0173033356769003,0.0405715728996407,-0.0175405507355713,0.0031362623455941,0.0353096478152625,1.364959361565698,-0.0175405507355713,False,0.682479680782849,0,VOLATILITY_ACCELERATION,-0.3814408606476429,0.3814408606476429,False,NEITHER
2017-10-17,3.6663,0.005485012204152,-0.0121517486662714,0.0090653490342721,0.0081942724967064,0.0062715375393264,0.0203553418161173,0.0432358905943102,-0.0121517486662714,0.005485012204152,0.3974597604906882,1.4454747304670954,-0.0121517486662714,False,0.7227373652335477,0,VOLATILITY_ACCELERATION,-0.37972175751181764,0.37972175751181764,False,NEITHER
2017-10-18,3.6768,0.0028639227559119,0.0077842341848481,0.0040514361634715,0.0081863775450328,0.0061410623559901,0.0208087510584837,0.0453901656092365,-0.0093226275798888,0.0028639227559119,0.0422727897286882,0.6597288756593812,0.007652098938406,False,0.3298644378296906,0,VOLATILITY_ACCELERATION,-0.3507242360857467,0.3507242360857467,False,NEITHER
2017-10-19,3.6456,-0.0084856396866841,-0.0022988505747126,0.0060510388037614,0.0085302816288638,0.0062517507327566,0.0101371149745843,0.0471885758555703,-0.0177291588079969,0.0084856396866841,-1.3365394352214608,0.967895084501122,-0.002263296869106,False,0.483947542250561,0,VOLATILITY_ACCELERATION,-0.3698431745989287,0.3698431745989287,False,NEITHER
2017-10-20,3.6714,0.0070770243581304,0.0100415417205426,0.0061218136144744,0.0085523278897512,0.0062963214192065,0.01482264651616,0.0488584474885842,-0.0107776041385998,0.0070770243581304,0.5903132383871266,0.9722841651317584,0.0098345637764726,False,0.4861420825658792,0,VOLATILITY_ACCELERATION,-0.3614525191598192,0.3614525191598192,False,NEITHER
2017-10-23,3.7163,0.0122296671569428,0.0191975427145325,0.0076883816106681,0.0083417447115908,0.006455773247001,0.0248695575436002,0.0496755695083102,0.0,0.0122296671569428,1.139718243945239,1.190931173773754,0.0175405507355713,False,0.595465586886877,0,VOLATILITY_ACCELERATION,-0.3834213790174151,0.3834213790174151,False,NEITHER
2017-10-24,3.7414,0.0067540295455157,0.020483866568475,0.007776945160492,0.0083329142216088,0.0064975582877805,0.0289680891732007,0.0510968950455439,0.0,0.0067540295455157,0.5299789609281941,1.1969027157659444,0.0121517486662714,False,0.5984513578829722,0,VOLATILITY_ACCELERATION,-0.3722321841664324,0.3722321841664324,False,NEITHER
2017-10-25,3.7668,0.0067889025498475,0.0244778067885116,0.0078204936518269,0.0082220026656364,0.0065403218646298,0.0332625619249824,0.0519232628163415,0.0,0.0067889025498475,0.4823657605567077,1.1957352885215475,0.0093226275798888,False,0.5978676442607738,0,VOLATILITY_ACCELERATION,-0.36996552622761,0.36996552622761,False,NEITHER
2017-10-26,3.8203,0.0142030370606349,0.047920781215712,0.0035458014597751,0.0084168087848177,0.0067535251898048,0.0442143587332652,0.0540381304964743,0.0,0.0142030370606349,1.4094154085728972,0.5250297230145647,0.0177291588079969,False,0.3550759265158725,0,LARGE_ABSOLUTE_RETURN,-0.42380506766285586,0.42380506766285586,False,NEITHER
2017-10-27,3.7885,-0.0083239536162081,0.0318951898458352,0.0088306219167487,0.0088145266484614,0.0068422807318115,0.0323507131217675,0.0552197691604319,-0.0083239536162081,0.0083239536162081,-1.4124029639818412,1.2905962591819562,0.0024536505223916,False,0.6452981295909781,0,VOLATILITY_ACCELERATION,-0.39193595528423375,0.39193595528423375,False,NEITHER
2017-10-30,3.7798,-0.0022964233865646,0.0170868874956273,0.0087939888209819,0.0088708012173116,0.0068563609109967,0.0269535224603632,0.0563748950612408,-0.0106012616810198,0.0022964233865646,-0.6122222093705182,1.2826029631662914,-0.0106012616810198,False,0.6413014815831457,0,VOLATILITY_ACCELERATION,-0.3750226573557605,0.3750226573557605,False,NEITHER
2017-10-31,3.792,0.0032276840044447,0.0135243491741059,0.0085995242034247,0.0088695640959575,0.0068614977029985,0.0271954881413367,0.0574967988106183,-0.0074077951993299,0.0032276840044447,0.0270182481660033,1.2533013309421754,-0.0074077951993299,False,0.6266506654710877,0,VOLATILITY_ACCELERATION,-0.36875050315943214,0.36875050315943214,False,NEITHER
2017-11-01,3.813,0.0055379746835444,0.0122650525645111,0.0084687504742319,0.0088590225122169,0.0068842826996758,0.0295277078765754,0.0587212925430649,-0.0019108446980603,0.0055379746835444,0.2824308498648812,1.2301572790772697,-0.0019108446980603,False,0.6150786395386348,0,VOLATILITY_ACCELERATION,-0.36513290475049953,0.36513290475049953,False,NEITHER
2017-11-02,3.7975,-0.0040650406504065,-0.0059681176870927,0.0055938519387704,0.0090111540079843,0.0069187047388254,0.0223902798212869,0.0590674830882405,-0.0059681176870927,0.0040650406504065,-0.8316804997774301,0.8085114410764808,-0.0059681176870927,False,0.4042557205382404,0,VOLATILITY_ACCELERATION,-0.3692428901413543,0.3692428901413543,False,NEITHER
2017-11-03,3.8864,0.023410138248848,0.0258413620166293,0.0109275321974486,0.0100458412389186,0.007480265686914,0.0425144383850468,0.059867769205947,0.0,0.023410138248848,2.271486654401299,1.4608481375956015,0.0083239536162081,False,0.7304240687978008,0,VOLATILITY_ACCELERATION,-0.42360923671806855,0.42360923671806855,False,NEITHER
2017-11-06,3.828,-0.0150267599835324,0.012751997460183,0.014117467546444,0.0096921552371738,0.0077598186197319,0.02510407028979,0.0572366502552315,-0.0150267599835324,0.0150267599835324,-1.8616636420558008,1.819303805703097,-0.0044254983025126,False,0.9096519028515484,0,VOLATILITY_ACCELERATION,-0.42012006091808524,0.42012006091808524,False,NEITHER
2017-11-07,3.8844,0.0147335423197492,0.0243670886075948,0.0151424641883089,0.0101193512148937,0.0079472076012835,0.0378035242679148,0.0555272764702812,-0.0005146150679292,0.0147335423197492,1.3414921730785143,1.905381732555136,0.0068931801314007,False,0.952690866277568,0,VOLATILITY_ACCELERATION,-0.4254999483495457,0.4254999483495457,False,NEITHER
2017-11-08,3.8665,-0.0046081762949232,0.0140309467610804,0.0157078888381663,0.009215162254581,0.0079338484000799,0.0300201661778298,0.0557666508228027,-0.0051204199258955,0.0046081762949232,-0.6855476573044301,1.9798574469872792,-0.0032095752278352,False,0.9899287234936396,0,VOLATILITY_ACCELERATION,-0.4124098122358942,0.4124098122358942,False,NEITHER
2017-11-09,3.8647,-0.0004655373076425,0.0176958525345622,0.0153887613847569,0.0092421182223559,0.0079368335052457,0.0266593524238611,0.0554509578517206,-0.0055835734870317,0.0004655373076425,-0.3703663536691819,1.9389043974005489,0.0003845442000609,False,0.9694521987002744,0,VOLATILITY_ACCELERATION,-0.40118236283979447,0.40118236283979447,False,NEITHER
2017-11-10,3.8636,-0.0002846275260692,-0.0058666117743927,0.010700768525113,0.0090794963330014,0.0079271894342767,0.0232587703732738,0.0557369898558341,-0.0058666117743927,0.0002846275260692,-0.3388891322912226,1.3498817725792582,-0.0058666117743927,False,0.6749408862896291,0,VOLATILITY_ACCELERATION,-0.37586951915658123,0.37586951915658123,False,NEITHER
2017-11-13,3.8706,0.0018117817579459,0.0111285266457681,0.0073631367552193,0.0090840052223006,0.0078624423165184,0.0220768709755359,0.0565566864195878,-0.0040654590366405,0.0018117817579459,-0.1412820859297941,0.9364948522102226,0.0109613009468919,False,0.4682474261051113,0,VOLATILITY_ACCELERATION,-0.36246566252687057,0.36246566252687057,False,NEITHER
2017-11-14,3.886,0.0039787113109079,0.0004119040263619,0.0031862349392575,0.0090687965616767,0.0078609642631452,0.023175477490666,0.057002749668815,-0.0001029230135858,0.0039787113109079,0.1046216264707697,0.405323676917808,0.0004116920543433,False,0.202661838458904,0,VOLATILITY_ACCELERATION,-0.3565967188684076,0.3565967188684076,False,NEITHER
2017-11-15,3.8811,-0.0012609366958312,0.0037760248286564,0.0021297673533033,0.0091177012945713,0.0078281018688077,0.0191442402503023,0.0572886155725529,-0.0013637299300123,0.0012609366958312,-0.4646646919678759,0.2720668929705286,0.0037566899958832,False,0.1360334464852643,0,VOLATILITY_ACCELERATION,-0.36061241631970764,0.36061241631970764,False,NEITHER
2017-11-16,3.8629,-0.0046893921826286,-0.0004657541335679,0.0032685838112479,0.0089086769285889,0.0078735023054902,0.0114792645310626,0.0582000906064394,-0.0060467270481679,0.0046893921826286,-0.8155742149053038,0.4151372139649611,-0.0004631535611362,False,0.2075686069824805,0,VOLATILITY_ACCELERATION,-0.36326411234011624,0.36326411234011624,False,NEITHER
2017-11-17,3.8773,0.0037277692925004,0.0035459157262656,0.0036757071176102,0.0088580852406158,0.0076384942862126,0.0125203852868169,0.0584834601377921,-0.0023414985590778,0.0037277692925004,0.0888108336633177,0.4812083350307418,0.0035251132153149,False,0.2406041675153709,0,VOLATILITY_ACCELERATION,-0.35085097252446473,0.35085097252446473,False,NEITHER
2017-11-20,3.9285,0.0132050653805484,0.0149589210975042,0.0067622650834621,0.00891541315514,0.0077730259587971,0.023056199730987,0.0589735033589622,0.0,0.0132050653805484,1.1781266021627383,0.8699655860288136,0.0040654590366405,False,0.4349827930144068,0,VOLATILITY_ACCELERATION,-0.37523188347812764,0.37523188347812764,False,NEITHER
2017-11-21,3.9566,0.0071528573246786,0.0181677817807512,0.0070220272145893,0.0089251213681049,0.0077961603480397,0.0274948224035733,0.0590348920675343,0.0,0.0071528573246786,0.4862329791912475,0.9007032822708615,0.0001029230135858,False,0.4503516411354307,0,VOLATILITY_ACCELERATION,-0.36282294835173007,0.36282294835173007,False,NEITHER
2017-11-22,3.9184,-0.0096547540817872,0.0096106773852773,0.0091604928398711,0.0092918528395197,0.0079478949053038,0.0155754923470279,0.0583630957279306,-0.0096547540817872,0.0096547540817872,-1.399710365947889,1.1525684409538568,-0.0082910241517749,False,0.5762842204769284,0,VOLATILITY_ACCELERATION,-0.38317441694415033,0.38317441694415033,False,NEITHER
2017-11-23,3.9201,0.0004338505512453,0.014807528022988,0.0084947557197903,0.0088404636707435,0.0079473458465213,0.0147037697095355,0.0559663144314399,-0.0092250922509224,0.0004338505512453,-0.1702348776917256,1.068879583679954,-0.0031783652027544,False,0.534439791839977,0,VOLATILITY_ACCELERATION,-0.35851241693354124,0.35851241693354124,False,NEITHER
2017-11-24,3.9437,0.0060202545853422,0.0171253191653986,0.0086068094987254,0.0085947188972492,0.007869914459522,0.0187662019785306,0.0548466120584882,-0.003260375069504,0.0060202545853422,0.5308619663731442,1.0936344407545384,-0.0009188765104261,False,0.5468172203772692,0,VOLATILITY_ACCELERATION,-0.3635862512208552,0.3635862512208552,False,NEITHER
2017-11-27,3.9062,-0.009508836879073,-0.0056764668448516,0.0081402102337173,0.0089311643649824,0.0080178000713919,0.0074341532609047,0.0534641817423542,-0.0127382095738765,0.009508836879073,-1.344224992662551,1.015267300411015,-0.0127382095738765,False,0.5076336502055075,0,VOLATILITY_ACCELERATION,-0.38090454268785473,0.38090454268785473,False,NEITHER
2017-11-28,3.9645,0.0149249910398852,0.0019966638022546,0.0105099668364644,0.0094078717309208,0.0081823088306619,0.0202007205352547,0.0526586674359796,0.0,0.0149249910398852,1.4825852605410177,1.2844744746226118,0.0,False,0.6422372373113059,0,VOLATILITY_ACCELERATION,-0.3889112724485855,0.3889112724485855,False,NEITHER
2017-11-29,3.9613,-0.0008071635767435,0.0109483462637811,0.0090246623698807,0.0093988016775856,0.0081574996251354,0.0174358500185569,0.0512401313302588,-0.0008071635767435,0.0008071635767435,-0.3269397595313016,1.106302517265627,0.0088475905050437,False,0.5531512586328134,0,VOLATILITY_ACCELERATION,-0.3619886373468554,0.3619886373468554,False,NEITHER
2017-11-30,3.919,-0.0106783126751318,-0.0002806050866049,0.0107714227786918,0.0097320337252489,0.0082581191622994,0.0050032183695816,0.0498487616222016,-0.0114768571068231,0.0106783126751318,-1.3437563574622469,1.3043433458633449,-0.0022517648559007,False,0.6521716729316724,0,VOLATILITY_ACCELERATION,-0.3830711470047869,0.3830711470047869,False,NEITHER
2017-12-01,3.9131,-0.0015054860933911,-0.0077592108933235,0.0102303733501289,0.0082828049191041,0.008273314944331,0.0031467702345016,0.0463838987529205,-0.0129650649514441,0.0015054860933911,-0.3212287803416522,1.2365506956965189,-0.0097046898819401,False,0.6182753478482594,0,VOLATILITY_ACCELERATION,-0.3668635869585125,0.3668635869585125,False,NEITHER
2017-12-04,3.8742,-0.009940967519358,-0.0081921048589421,0.0103162534611391,0.007851934357945,0.0084087387353061,-0.0074132716393361,0.0452245494750627,-0.0227771471812334,0.009940967519358,-1.24546088353077,1.2268490894863748,-0.0100389376073569,False,0.6134245447431874,0,VOLATILITY_ACCELERATION,-0.3846170538424433,0.3846170538424433,False,NEITHER
2017-12-05,3.8444,-0.0076919105879924,-0.0302938579896583,0.0046735630386791,0.0073146190001628,0.0084691109767561,-0.0145432034523286,0.0422746503050439,-0.0302938579896583,0.0076919105879924,-1.05975697772916,0.5518363204244139,-0.0302938579896583,False,0.6058771597931659,0,DRAWDOWN_SHIFT,-0.417748741561413,0.417748741561413,False,NEITHER
2017-12-06,3.8506,0.0016127354073458,-0.0279453714689622,0.0054265464685644,0.0072624553560805,0.0084405153521652,-0.0127527343770029,0.0390350070994536,-0.0287299785597174,0.0016127354073458,0.2877492889479037,0.6429164858011136,-0.0279228149829739,False,0.558456299659478,0,DRAWDOWN_SHIFT,-0.3987471776874937,0.3987471776874937,False,NEITHER
2017-12-07,3.8631,0.0032462473380772,-0.014263842817045,0.0057579011457469,0.0073021195905684,0.0083589709949312,-0.0095275699568746,0.0361058829623746,-0.0255769958380628,0.0032462473380772,0.471912403422922,0.6888289418923018,-0.0141001387312397,False,0.3444144709461509,0,VOLATILITY_ACCELERATION,-0.3691481422967921,0.3691481422967921,False,NEITHER
2017-12-08,3.8388,-0.0062902850042712,-0.0189875035138381,0.005873807364407,0.0074368800546027,0.008426961205821,-0.0154449066688551,0.0326396135368054,-0.0317063942489596,0.0062902850042712,-0.8620618622742628,0.6970255612841335,-0.0187413292975155,False,0.37482658595031,0,DRAWDOWN_SHIFT,-0.3829364410128389,0.3829364410128389,False,NEITHER
2017-12-11,3.8367,-0.0005470459518599,-0.009679417686232,0.0048339603181394,0.0074203846459719,0.008251134509897,-0.0155555413007639,0.0291339175256371,-0.0322360953461975,0.0005470459518599,-0.0337987011526131,0.5858540195098265,-0.0094589481649641,False,0.2929270097549132,0,VOLATILITY_ACCELERATION,-0.3635436976128697,0.3635436976128697,False,NEITHER
2017-12-12,3.8479,0.0029191753329684,0.0009104151493082,0.0039163291317348,0.0073911001068691,0.0082492148764099,-0.0121989413208332,0.0256557433161839,-0.0294110228275948,0.0029191753329684,0.4491419168754824,0.4747517418820354,0.0008828351620635,False,0.2373758709410177,0,VOLATILITY_ACCELERATION,-0.35542213935903627,0.35542213935903627,False,NEITHER
2017-12-13,3.8119,-0.0093557524883702,-0.010050381758687,0.0056201859315136,0.007653855226285,0.0083640869543639,-0.0205706122365081,0.021995984974509,-0.0384916130659603,0.0093557524883702,-1.2026822949313158,0.6719425517905825,-0.0097616345062429,False,0.3359712758952912,0,VOLATILITY_ACCELERATION,-0.3810127007094277,0.3810127007094277,False,NEITHER
2017-12-14,3.8869,0.0196752275767988,0.0061608552716729,0.0113450191270906,0.0088583920078948,0.0086852900755006,-0.0016079482990682,0.0194026802406876,-0.0195737167360323,0.0196752275767988,2.6844740341623163,1.306233761736127,0.0060032791020305,False,0.6711185085405791,0,LOCAL_RETURN_SHOCK,-0.40315863354133513,0.40315863354133513,False,NEITHER
2017-12-15,3.8617,-0.0064833157529136,0.0059654058559965,0.0113775034840108,0.0089470929688925,0.0087392347362257,-0.0078820670129844,0.0164583852894284,-0.0259301299028882,0.0064833157529136,-0.7710427237129437,1.301887845722807,0.0057762643460714,False,0.6509439228614035,0,VOLATILITY_ACCELERATION,-0.37407256094265695,0.37407256094265695,False,NEITHER
2017-12-18,3.83,-0.0082088199497629,-0.0017462923866864,0.0121671879832,0.0085348590197206,0.0086477511440859,-0.0147795923039624,0.0123673002227884,-0.0339260940850044,0.0082088199497629,-0.899191354558891,1.4069771181518105,-0.0016899987388069,False,0.7034885590759052,0,VOLATILITY_ACCELERATION,-0.3862669760941202,0.3862669760941202,False,NEITHER
2017-12-19,3.8336,0.0009399477806788,-0.0037163127939915,0.0120684463715605,0.0083239814286091,0.0086372090144494,-0.0122909691456868,0.0079413616916297,-0.0330180350611678,0.0009399477806788,0.2547567974902123,1.3972622812960642,-0.003607012233573,False,0.6986311406480321,0,VOLATILITY_ACCELERATION,-0.3762847912676176,0.3762847912676176,False,NEITHER
2017-12-20,3.8203,-0.0034693238731219,0.0022036254886015,0.0112721809564298,0.0081191999219429,0.0085856399525172,-0.014472190692395,0.0046898832518424,-0.0363728086770084,0.0034693238731219,-0.2311769724872866,1.312910979119843,0.0021188043889519,False,0.6564554895599215,0,VOLATILITY_ACCELERATION,-0.3758266249083616,0.3758266249083616,False,NEITHER
2017-12-21,3.8175,-0.0007329267335026,-0.0178548457639764,0.0038210805771302,0.0081107594597615,0.0085542497670724,-0.0138894987949691,0.0020643000340383,-0.0370790768066591,0.0007329267335026,0.0619288610101705,0.4466879833037566,-0.0175053600706268,False,0.350107201412536,0,DRAWDOWN_SHIFT,-0.37879955214139627,0.37879955214139627,False,NEITHER
2017-12-22,3.8157,-0.0004715127701374,-0.0119118522930314,0.0036241768743932,0.0079305337853047,0.0085569214569653,-0.0127222907885645,-0.0015977556505913,-0.0375331063185774,0.0004715127701374,0.1014165979355247,0.4235374711127136,-0.0116029764156891,False,0.232059528313782,0,DRAWDOWN_SHIFT,-0.37108701439928554,0.37108701439928554,False,NEITHER
2017-12-25,3.8074,-0.0021752234190319,-0.0059007832898172,0.0016902266388251,0.0077130778650596,0.0085664579916506,-0.0136090550864912,-0.0044991779232083,-0.0396266868457561,0.0021752234190319,-0.0701789646328009,0.1973075266898523,-0.0057005927607516,False,0.1140118552150319,0,DRAWDOWN_SHIFT,-0.3758161906188083,0.3758161906188083,False,NEITHER
2017-12-26,3.812,0.0012081735567579,-0.0056343906510851,0.001776459927223,0.0067484504071834,0.0085650426479276,-0.010462567216251,-0.0086708697889861,-0.0384663892041872,0.0012081735567579,0.3189595250806636,0.2074081823343673,-0.0054483541430193,False,0.108967082860386,0,DRAWDOWN_SHIFT,-0.3688360570262115,0.3688360570262115,False,NEITHER
2017-12-27,3.8156,0.000944386149003,-0.0012302698740936,0.001373089116962,0.0067752080236037,0.0085641101656778,-0.0076514556491252,-0.0124299618715191,-0.0375583301803507,0.000944386149003,0.427092583518597,0.1603306228433282,-0.0011855215033423,False,0.1067731458796492,0,LOCAL_RETURN_SHOCK,-0.36457264337671985,0.36457264337671985,False,NEITHER
2017-12-28,3.7749,-0.0106667365551943,-0.0111591355599213,0.0049033545283727,0.0067744145964549,0.0086937197292457,-0.0163934426229507,-0.0158161708325961,-0.0478244419220582,0.0106667365551943,-1.3012865495226575,0.5640111115933265,-0.0107453651153991,False,0.3253216373806644,0,LOCAL_RETURN_SHOCK,-0.3899976613022907,0.3899976613022907,False,NEITHER
2017-12-29,3.79,0.0040001059630718,-0.006735330345677,0.005654952039082,0.0068998360617238,0.0086427850565468,-0.0108725722010826,-0.0177308646247909,-0.0440156387942994,0.0040001059630718,0.8635102793969615,0.654297428674157,-0.006482532475722,False,0.3271487143370785,0,VOLATILITY_ACCELERATION,-0.3654672156584989,0.3654672156584989,False,NEITHER
2018-01-01,3.7875,-0.0006596306068601,-0.0052266638651047,0.0056394445671695,0.0066136901096613,0.0080983566953303,-0.010405439830691,-0.0194228485563529,-0.0446462353386303,0.0006596306068601,0.1325771308183943,0.6963690016792339,-0.0050195484928741,False,0.3481845008396169,0,VOLATILITY_ACCELERATION,-0.3585525514822999,0.3585525514822999,False,NEITHER
2018-01-02,3.7667,-0.0054917491749174,-0.0118835257082895,0.0057677944819283,0.0065160312853093,0.0081277836062507,-0.0148400393363045,-0.0199159988054757,-0.0498927985874637,0.0054917491749174,-0.6624781132549876,0.7096392769970595,-0.0114264093832765,False,0.3548196384985297,0,VOLATILITY_ACCELERATION,-0.37580669168086533,0.37580669168086533,False,NEITHER
2018-01-03,3.7812,0.0038495234555446,-0.0090156200859627,0.0063068735777975,0.0065821023487949,0.0078172174808327,-0.0101492943661861,-0.0206058958962551,-0.0462353386303443,0.0038495234555446,0.7442934820219226,0.8067926462659555,-0.0086770084499935,False,0.4033963231329777,0,VOLATILITY_ACCELERATION,-0.36717959175300907,0.36717959175300907,False,NEITHER
2018-01-04,3.748,-0.0087802813921505,-0.0071260165832207,0.0056673716716173,0.0067321308219683,0.0079097696551439,-0.0173600596715182,-0.0220613497561702,-0.0546096607390591,0.0087802813921505,-1.1989793256926924,0.7165027451756046,-0.0067852188170009,False,0.3582513725878023,0,VOLATILITY_ACCELERATION,-0.3835997638657019,0.3835997638657019,False,NEITHER
2018-01-05,3.7367,-0.0030149413020278,-0.0140633245382586,0.0047919447349426,0.0066485263483516,0.0078879645798901,-0.0190096899275685,-0.0230596406276446,-0.057459957119435,0.0030149413020278,-0.2265461188287431,0.6075007926834991,-0.0134443183251356,False,0.3037503963417495,0,VOLATILITY_ACCELERATION,-0.37935128819449265,0.37935128819449265,False,NEITHER
2018-01-08,3.7443,0.0020338801616399,-0.0114059405940594,0.0052270868309156,0.0066893643064659,0.0078829808228703,-0.0158207801834148,-0.0238201843572193,-0.0555429436246689,0.0020338801616399,0.5053625410124587,0.6630850624107376,-0.0108967082860386,False,0.3315425312053688,0,VOLATILITY_ACCELERATION,-0.37356176020626536,0.37356176020626536,False,NEITHER
2018-01-09,3.7679,0.0063029137622518,0.0003185812514934,0.0060173674187832,0.0068400429159873,0.0078924969690134,-0.0085752100387055,-0.0243696443515718,-0.0495901122461849,0.0063029137622518,1.1211683383843818,0.7624161836751899,0.0003026863412788,False,0.3812080918375949,0,VOLATILITY_ACCELERATION,-0.36467919713343294,0.36467919713343294,False,NEITHER
2018-01-10,3.7994,0.0083600944823376,0.0048132867872632,0.0069844920572184,0.006851902777403,0.0079522304400364,-0.0001223727685061,-0.0236628845106322,-0.0416445957876151,0.0083600944823376,1.372490988471345,0.8783060438055451,0.0045907428427292,False,0.4391530219027725,0,VOLATILITY_ACCELERATION,-0.36859834813795334,0.36859834813795334,False,NEITHER
2018-01-11,3.7741,-0.0066589461493919,0.0069637139807896,0.0062713933171352,0.0051661649998092,0.007920376101534,-0.0053041134882617,-0.0254125183655438,-0.0480262328162442,0.0066589461493919,-0.9511132788993104,0.7918049896545407,0.0065834279228149,False,0.3959024948272703,0,VOLATILITY_ACCELERATION,-0.3695775873958787,0.3695775873958787,False,NEITHER
2018-01-12,3.7483,-0.0068360668768712,0.0031043434046083,0.00711999900168,0.0051847906683015,0.0079314388787349,-0.0106254231494593,-0.0266739115913656,-0.0545339891537395,0.0068360668768712,-1.040878051452762,0.8976932320274871,0.0029259679656955,False,0.4488466160137435,0,VOLATILITY_ACCELERATION,-0.3761324007888912,0.3761324007888912,False,NEITHER
2018-01-15,3.8007,0.0139796707840886,0.0150628956013139,0.0093572447063881,0.0059811339279056,0.0079788425278123,0.0035937883704901,-0.025817662198019,-0.041316685584563,0.0139796707840886,2.98103210861858,1.1727571604240872,0.0142262580401058,False,0.745258027154645,0,LOCAL_RETURN_SHOCK,-0.41655947592057013,0.41655947592057013,False,NEITHER
2018-01-16,3.798,-0.000710395453469,0.0079885347275669,0.0092691269651507,0.005973534387505,0.0079362576900779,0.0033524334862931,-0.0247326607932126,-0.0419977298524404,0.000710395453469,-0.057424448226261,1.167946824198915,0.0075923823937444,False,0.5839734120994575,0,VOLATILITY_ACCELERATION,-0.36745845595446863,0.36745845595446863,False,NEITHER
2018-01-17,3.8182,0.005318588730911,0.0049481497078487,0.0088049587002503,0.0060622576929556,0.0079180718191462,0.0087168330381048,-0.0235256939428336,-0.0369025097742464,0.005318588730911,0.9655988659871428,1.1120079359421289,0.0047420860133686,False,0.5560039679710644,0,VOLATILITY_ACCELERATION,-0.3658027581812875,0.3658027581812875,False,NEITHER
2018-01-18,3.7701,-0.0125975590592426,-0.0010598553297475,0.0103623173685576,0.0066852259334395,0.0078738054209154,-0.0033665227270024,-0.0228439246035538,-0.0490351872871737,0.0125975590592426,-2.076372537655734,1.316049459519523,-0.0010089544709295,False,0.6580247297597615,0,VOLATILITY_ACCELERATION,-0.402321110748458,0.402321110748458,False,NEITHER
2018-01-19,3.8065,0.0096549163152173,0.0155270389243125,0.0103342217451363,0.0070682342678142,0.0079010703425211,0.0063782676228558,-0.021344831779594,-0.0398537016017152,0.0096549163152173,1.5344584765026656,1.3079521251090167,0.0146802875520243,False,0.6539760625545084,0,VOLATILITY_ACCELERATION,-0.39122488875514044,0.39122488875514044,False,NEITHER
2018-01-22,3.775,-0.0082753185340864,-0.0067619122793169,0.0092256577181507,0.0072907459092003,0.0079693372531754,-0.0015221827386329,-0.0205120300109068,-0.047799218060285,0.0082753185340864,-1.1570576742073388,1.157644283967869,-0.0064825324757219,False,0.5788221419839344,0,VOLATILITY_ACCELERATION,-0.3796848234875514,0.3796848234875514,False,NEITHER
2018-01-23,3.7673,-0.0020397350993377,-0.0080832016850973,0.0092227818398915,0.0072891657822837,0.0079622996371542,-0.0029694165969745,-0.0191534678588531,-0.0497414554168242,0.0020397350993377,-0.2246363448356632,1.1583063009655596,-0.0077437255643837,False,0.5791531504827798,0,VOLATILITY_ACCELERATION,-0.36795388979493904,0.36795388979493904,False,NEITHER
2018-01-24,3.7384,-0.0076712765110291,-0.0208999004766644,0.0085994392476537,0.0074481619568019,0.0079869695859057,-0.0096061632041031,-0.0182989945435912,-0.0570311514692899,0.0076712765110291,-0.974996687320274,1.07668361011776,-0.0201286416950434,False,0.53834180505888,0,VOLATILITY_ACCELERATION,-0.394872161498491,0.394872161498491,False,NEITHER
2018-01-25,3.7525,0.0037716670233254,-0.0046683111853796,0.0076611768421473,0.007155368669349,0.0079883998376437,-0.0055756663504294,-0.016747810928875,-0.0534745869592635,0.0037716670233254,0.6399987277328196,0.9590377294393267,-0.0044393996720897,False,0.4795188647196634,0,VOLATILITY_ACCELERATION,-0.3639002111327069,0.3639002111327069,False,NEITHER
2018-01-26,3.7548,0.0006129247168553,-0.0135820307368974,0.0052222981230597,0.0070886750141921,0.0073658677893464,-0.0045018532364029,-0.0156276913922427,-0.052894438138479,0.0006129247168553,0.1238443093367133,0.7089861333939437,-0.0130407365367638,False,0.3544930666969718,0,VOLATILITY_ACCELERATION,-0.36552042137179,0.36552042137179,False,NEITHER
2018-01-29,3.7934,0.0102801747097049,0.0048741721854306,0.0066780275173055,0.0074822016121536,0.0072462874186242,0.005653387061498,-0.0144356698216115,-0.0431580274940093,0.0102801747097049,1.512660789865198,0.9215791662005878,0.0046411905662756,False,0.4607895831002939,0,VOLATILITY_ACCELERATION,-0.36955040010494483,0.36955040010494483,False,NEITHER
2018-01-30,3.781,-0.0032688353456002,0.003636556685159,0.006838170412525,0.0074108676363416,0.0069887293417559,0.002176108397234,-0.0132472328583684,-0.0462857863538908,0.0032688353456002,-0.4508351618845155,0.978456895113773,0.0034556690629333,False,0.4892284475568865,0,VOLATILITY_ACCELERATION,-0.35726392813840663,0.35726392813840663,False,NEITHER
2018-01-31,3.7555,-0.0067442475535572,0.0045741493687139,0.006559833620499,0.0075153171357608,0.0070157851516791,-0.0042436640015059,-0.0126872724131341,-0.0527178711060664,0.0067442475535572,-0.9391339605582883,0.9350106194356628,0.0043132803632235,False,0.4675053097178314,0,VOLATILITY_ACCELERATION,-0.3639993145760475,0.3639993145760475,False,NEITHER
2018-02-01,3.7315,-0.0063906270802822,-0.0055962691538973,0.0070177378316847,0.0073916113818964,0.0070574232692575,-0.0103906987599053,-0.0114138820176628,-0.0587715979316433,0.0063906270802822,-0.8085471765185178,0.9943767808648134,-0.0052970109723797,False,0.4971883904324067,0,VOLATILITY_ACCELERATION,-0.3729011058468215,0.3729011058468215,False,NEITHER
2018-02-02,3.7734,0.0112287283934073,0.0049536593160754,0.0089939425182802,0.0077814829145585,0.0072196930925645,0.0002345915125585,-0.0096072310854767,-0.0482027998486568,0.0112287283934073,1.5454525024561891,1.245751364077094,0.0046916382898221,False,0.622875682038547,0,VOLATILITY_ACCELERATION,-0.37842561594920265,0.37842561594920265,False,NEITHER
2018-02-05,3.79,0.0043992155615624,-0.0008962935625033,0.0077834335348323,0.007823602907201,0.0072406313387661,0.0040267034015046,-0.0078039369271569,-0.0440156387942994,0.0043992155615624,0.4988365371151182,1.0749661418556218,-0.00085761130029,False,0.5374830709278109,0,VOLATILITY_ACCELERATION,-0.35808742774419833,0.35808742774419833,False,NEITHER
2018-02-06,3.7695,-0.0054089709762533,-0.0030415234065063,0.0080516908001113,0.0078154065777577,0.0072474833729064,-0.0014252108676303,-0.0067386047588599,-0.0491865304578131,0.0054089709762533,-0.7726319176461868,1.1109636801943288,-0.0029007441039222,False,0.5554818400971644,0,VOLATILITY_ACCELERATION,-0.36474194369006274,0.36474194369006274,False,NEITHER
2018-02-07,3.8047,0.0093381085024539,0.0131007855145786,0.0081863252820887,0.0078729854292198,0.0073565118274583,0.0078288383625,-0.0065054942741386,-0.0403077311136335,0.0093381085024539,1.188410136584889,1.1127998532583212,0.0124101399924329,False,0.5563999266291606,0,VOLATILITY_ACCELERATION,-0.3735381789241016,0.3735381789241016,False,NEITHER
2018-02-08,3.8216,0.0044418745236156,0.0241457858769931,0.0064504834651205,0.0077619895908467,0.007358718392652,0.0116690315339165,-0.0044027436432999,-0.0360448984739564,0.0044418745236156,0.5516044399850615,0.8765770234612577,0.0227266994576869,False,0.4545339891537379,0,DRAWDOWN_SHIFT,-0.3727581735153234,0.3727581735153234,False,NEITHER
2018-02-09,3.8226,0.0002616705045006,0.0130386388933056,0.0055145938657934,0.0075611649029772,0.0073413246556224,0.0109395475287836,-0.0019321350752464,-0.035792659856224,0.0002616705045006,-0.0505632389062802,0.7511715016676197,0.0124101399924328,False,0.3755857508338098,0,VOLATILITY_ACCELERATION,-0.3539957178834336,0.3539957178834336,False,NEITHER
2018-02-12,3.7997,-0.0059906869669857,0.0025593667546173,0.0065335338898972,0.0070601579799128,0.0071628823230572,0.0048966130988037,-0.0015592446971157,-0.0415689242022954,0.0059906869669857,-0.9257456707324044,0.9121375439696758,0.0024467145920039,False,0.4560687719848379,0,VOLATILITY_ACCELERATION,-0.3597234353724151,0.3597234353724151,False,NEITHER
2018-02-13,3.8106,0.0028686475248045,0.0109033028253084,0.005640675175238,0.007086234043481,0.0071061234760652,0.0076114246730736,-0.0009233061492981,-0.0388195232690125,0.0028686475248045,0.4048261686000238,0.7937766905172541,0.0103670071888005,False,0.396888345258627,0,VOLATILITY_ACCELERATION,-0.3557824819369485,0.3557824819369485,False,NEITHER
2018-02-14,3.7824,-0.0074004093843489,-0.005861171708676,0.0052893837180566,0.0071719083970821,0.007063276075561,0.0006283027228657,-0.0013684859868884,-0.0459326522890655,0.0074004093843489,-1.071072773884796,0.7488569980094529,-0.005624921175432,False,0.3744284990047264,0,VOLATILITY_ACCELERATION,-0.36484620846810106,0.36484620846810106,False,NEITHER
2018-02-15,3.7644,-0.0047588832487308,-0.0149675528574418,0.0043726685931443,0.0066695107426071,0.0070826276222906,-0.0040584802129245,-0.0008181694417018,-0.0504729474082481,0.0047588832487308,-0.6012899319407754,0.6173794284175751,-0.0144280489342916,False,0.3086897142087875,0,VOLATILITY_ACCELERATION,-0.36909206033656466,0.36909206033656466,False,NEITHER
2018-02-16,3.7474,-0.0045159919243439,-0.0196724742321979,0.0039855323778845,0.0063276960307775,0.0070449442782385,-0.0077804270033903,-0.0014779073994516,-0.0547610039096986,0.0045159919243439,-0.6689304433688813,0.5657294395067993,-0.0189683440534745,False,0.37936688106949,0,DRAWDOWN_SHIFT,-0.3835773212316514,0.3835773212316514,False,NEITHER
2018-02-19,3.7573,0.0026418316699579,-0.0111587756928178,0.0046926817846645,0.0061127816760604,0.006965316757113,-0.0049259779125506,-0.0012841350471003,-0.0522638415941481,0.0026418316699579,0.5380995249476,0.6737212316830129,-0.0106949173918526,False,0.3368606158415064,0,VOLATILITY_ACCELERATION,-0.36336985676123584,0.36336985676123584,False,NEITHER
2018-02-20,3.7984,0.0109387059856811,-0.0032015955492573,0.0074586574433355,0.0065801438536749,0.0068322328752809,0.0055447384548592,-0.0002818563882156,-0.0411228637063589,0.0109387059856811,1.825019708684416,1.0916866534688845,-0.0023033404373463,False,0.5458433267344422,0,VOLATILITY_ACCELERATION,-0.37312820160866317,0.37312820160866317,False,NEITHER
2018-02-21,3.7891,-0.002448399326032,0.0017713620981387,0.0066140095634673,0.0063409304873192,0.0068359936555931,0.0024100592858711,0.0014120477076082,-0.0331462107680531,0.002448399326032,-0.4376926092064713,0.9675271652798894,0.0127864415210123,False,0.4837635826399447,0,VOLATILITY_ACCELERATION,-0.3567891734925544,0.3567891734925544,False,NEITHER
2018-02-22,3.7843,-0.0012667915863925,0.0052863670173202,0.0061013327859932,0.0063121941877056,0.0067103838707738,0.0007192760697909,0.0021306253544419,-0.0329150801155094,0.0012667915863925,-0.3090424119611673,0.9092375195652752,0.0175578672927387,False,0.4546187597826376,0,VOLATILITY_ACCELERATION,-0.35726683557865285,0.35726683557865285,False,NEITHER
2018-02-23,3.7905,0.0016383479111063,0.0115013075732508,0.0052547875583722,0.0063178270089887,0.0067151537383848,0.0018858872987408,0.003071494095626,-0.0248012554992409,0.0016383479111063,0.1897036023444522,0.7825267690202038,0.0299597484104576,False,0.599194968209152,0,DRAWDOWN_SHIFT,-0.36561765820346914,0.36561765820346914,False,NEITHER
2018-02-26,3.7864,-0.0010816514971639,0.0077449232161392,0.0054544139122888,0.0058875480451176,0.0066006534318502,0.0008947889447967,0.0029002604667192,-0.0258560806812626,0.0010816514971639,-0.2491085288720537,0.8263445382497376,0.0264077609128855,False,0.52815521825771,0,DRAWDOWN_SHIFT,-0.36303663093990024,0.36303663093990024,False,NEITHER
2018-02-27,3.8155,0.0076854003803084,0.004501895534962,0.004074934896881,0.0060812256391881,0.0066096979195275,0.0081273746677446,0.0031674172164368,-0.0183693946332552,0.0076854003803084,1.3182599167704014,0.6165084919905538,0.0227534690731037,False,0.4550693814620739,0,DRAWDOWN_SHIFT,-0.36536059965033924,0.36536059965033924,False,NEITHER
2018-02-28,3.7988,-0.0043768837635959,0.0025599746641682,0.004536822854371,0.0059551083866545,0.0066285295481713,0.0031410875107773,0.0040832505856416,-0.0226658776917337,0.0043768837635959,-0.7973190968307214,0.6844388067369532,0.0104803330763194,False,0.3422194033684766,0,VOLATILITY_ACCELERATION,-0.3551408299299852,0.3551408299299852,False,NEITHER
2018-03-01,3.8056,0.0017900389596714,0.0056285178236397,0.0044408475763963,0.005726968196062,0.0066183399990053,0.0039545086410894,0.0052855187923661,-0.0209164115361856,0.0017900389596714,0.2014870463477863,0.670991151416176,0.0119986685793238,False,0.335495575708088,0,VOLATILITY_ACCELERATION,-0.3477315304088676,0.3477315304088676,False,NEITHER
2018-03-02,3.8071,0.0003941559806601,0.0043793694763223,0.0044401736647018,0.0051962458705762,0.006570658651677,0.0039039684412736,0.0052431865744735,-0.0205304998842263,0.0003941559806601,-0.1056473618828657,0.6757577740807695,0.0042707556150145,False,0.3378788870403847,0,VOLATILITY_ACCELERATION,-0.3390856077460977,0.3390856077460977,False,NEITHER
2018-03-05,3.8084,0.0003414672585431,0.0058102683287555,0.0043269839466455,0.0051127871450579,0.006570674283539,0.0040032004513321,0.0048784041538623,-0.0201960431191952,0.0003414672585431,-0.0223236517035332,0.6585296668084061,0.0056600375620673,False,0.329264833404203,0,VOLATILITY_ACCELERATION,-0.3401805960007478,0.3401805960007478,False,NEITHER
2018-03-06,3.7942,-0.0037285999369813,-0.0055824924649456,0.0027526753202477,0.005027921978957,0.0065749103473777,-6.588570148502448e-05,0.0051842707582756,-0.023849340091075,0.0037285999369813,-0.7790621534487913,0.4186635520202281,-0.0054799454578197,False,0.209331776010114,0,VOLATILITY_ACCELERATION,-0.35854823893731375,0.35854823893731375,False,NEITHER
2018-03-07,3.8027,0.0022402614516894,0.0010266399915763,0.0023549001607032,0.0045907581421763,0.0064712202513308,0.0022006404258965,0.005087221815321,-0.0216625073966398,0.0022402614516894,0.3782206409152535,0.3639035713888608,0.0010033702950939,False,0.1819517856944304,0,VOLATILITY_ACCELERATION,-0.3452865295128319,0.3452865295128319,False,NEITHER
2018-03-08,3.8236,0.0054960948799536,0.0047298717679209,0.0033503849236688,0.0046503069692817,0.00598006127487,0.0076822727931584,0.0044817764035662,-0.0098661211383587,0.0054960948799536,1.2007580193589198,0.5602592966309753,0.0110502903978268,False,0.3001895048397299,0,LOCAL_RETURN_SHOCK,-0.3537455277560071,0.3537455277560071,False,NEITHER
2018-03-09,3.8111,-0.0032691704153153,0.0010506684878253,0.0038632583360788,0.0047079695313822,0.0059375774591358,0.0045402128430691,0.0033428231781418,-0.0058691569282136,0.0032691704153153,-0.7108319258848756,0.6506455473914925,0.0146613429560127,False,0.3253227736957462,0,VOLATILITY_ACCELERATION,-0.3544589725398834,0.3544589725398834,False,NEITHER
2018-03-12,3.8438,0.0085801999422738,0.0092952420964185,0.0053867346285715,0.0048792473694094,0.0059494637665428,0.0125708625740237,0.0039392412696019,0.0,0.0085801999422738,1.8522477018004917,0.9054151499945516,0.0201960431191952,False,0.4630619254501229,0,LOCAL_RETURN_SHOCK,-0.37019974336193173,0.37019974336193173,False,NEITHER
2018-03-13,3.8733,0.0076746969145116,0.0208476095092509,0.0048102278114869,0.0051103354218749,0.0060290130768673,0.0195000809377727,0.0046009654094658,0.0,0.0076746969145116,1.4523302130267044,0.7978466376102661,0.023849340091075,False,0.4769868018214999,0,DRAWDOWN_SHIFT,-0.37386333984581266,0.37386333984581266,False,NEITHER
2018-03-14,3.8796,0.0016265200216869,0.0202224735056668,0.0048783149493337,0.0047297416075057,0.0060124663790186,0.0198537095088819,0.0063623917831232,0.0,0.0016265200216869,0.1561148032865495,0.8113666907739076,0.0216625073966398,False,0.4332501479327959,0,DRAWDOWN_SHIFT,-0.3632369416398187,0.3632369416398187,False,NEITHER
2018-03-15,3.8956,0.0041241365089184,0.0188304215922168,0.0048127938594248,0.0045463291061497,0.0060313403052432,0.0222968087995831,0.0081738426452615,0.0,0.0041241365089184,0.6013159411352782,0.7979642361152982,0.0098661211383587,False,0.3989821180576491,0,VOLATILITY_ACCELERATION,-0.3539590900121312,0.3539590900121312,False,NEITHER
2018-03-16,3.9196,0.0061607967963857,0.0284694707564745,0.0028045335501417,0.0043994997866505,0.0060765342102103,0.0262761357283964,0.0112423661924099,0.0,0.0061607967963857,0.9758594730037424,0.4615350548721158,0.0058691569282136,False,0.2439648682509356,0,LOCAL_RETURN_SHOCK,-0.36567967672898555,0.36567967672898555,False,NEITHER
2018-03-19,3.9362,0.0042351260332686,0.0240387116915552,0.0022888922575661,0.0044211867650109,0.0060856558288861,0.0282143780742334,0.0138483540347997,0.0,0.0042351260332686,0.4493847533472598,0.3761126691886964,0.0,False,0.1880563345943482,0,VOLATILITY_ACCELERATION,-0.35705430431134466,0.35705430431134466,False,NEITHER
2018-03-20,3.9339,-0.000584319902444,0.0156455735419409,0.0026196576527805,0.0039690471300503,0.0060868836709253,0.025798149396409,0.0152245360963931,-0.000584319902444,0.000584319902444,-0.6609181386608257,0.4303774795785232,-0.000584319902444,False,0.2151887397892616,0,VOLATILITY_ACCELERATION,-0.35068594697570526,0.35068594697570526,False,NEITHER
2018-03-21,3.9085,-0.0064566969165459,0.0074492215692338,0.0050927242475614,0.0042816998890868,0.006153241088596,0.0175907689143397,0.0161230585266098,-0.0070372440424775,0.0064566969165459,-2.0705897354749574,0.8276490672533391,-0.0070372440424775,False,0.5176474338687393,0,LOCAL_RETURN_SHOCK,-0.3743634100074957,0.3743634100074957,False,NEITHER
2018-03-22,3.9343,0.0066009978252525,0.0099342848341719,0.0055152344137746,0.0043687510579932,0.0060284818729161,0.0223116669503318,0.0176791182521589,-0.0004826990498449,0.0066009978252525,1.1770655358333588,0.9148629008163156,-0.0004826990498449,False,0.4574314504081578,0,VOLATILITY_ACCELERATION,-0.35224007353159625,0.35224007353159625,False,NEITHER
2018-03-23,3.9824,0.0122258089113693,0.016022043065619,0.0071006387667473,0.0049333871999554,0.0061958392838644,0.0322366596423562,0.0197350771072841,0.0,0.0122258089113693,2.3510753653421013,1.1460334010340192,0.0,False,0.5877688413355253,0,LOCAL_RETURN_SHOCK,-0.3775541891655028,0.3775541891655028,False,NEITHER
2018-03-26,3.9657,-0.0041934511852149,0.0074945378791728,0.0077641846320792,0.0050980785369412,0.0062270969750453,0.025524987748885,0.0221992246924742,-0.0041934511852149,0.0041934511852149,-1.3535061989250752,1.2468385610813004,-0.0041934511852149,False,0.6234192805406502,0,VOLATILITY_ACCELERATION,-0.36905586193866013,0.36905586193866013,False,NEITHER
2018-03-27,3.9819,0.0040850291247447,0.0122016319682758,0.0077287646061389,0.0049606734390617,0.0061860695244631,0.0275035706774802,0.0239316307064687,-0.0001255524306951,0.0040850291247447,0.3445808307572504,1.249382111787645,0.0004587674717489,False,0.6246910558938225,0,VOLATILITY_ACCELERATION,-0.35536004401336535,0.35536004401336535,False,NEITHER
2018-03-28,4.0103,0.0071322735377583,0.0260457976205705,0.0060111166062976,0.0048297108578877,0.0062265764082402,0.0320158316370253,0.026138759752357,0.0,0.0071322735377583,1.0046948614015978,0.965396746491786,0.0070372440424775,False,0.482698373245893,0,VOLATILITY_ACCELERATION,-0.36425750949420993,0.36425750949420993,False,NEITHER
2018-03-29,3.9422,-0.0169812732214547,0.0020079810893933,0.0114230769639921,0.0065413451653895,0.0065276402888403,0.0127109065126698,0.02693761690071,-0.0169812732214547,0.0169812732214547,-4.079962981382691,1.7499550309965874,-0.0164985741716098,True,1.0199907453456727,1,LOCAL_RETURN_SHOCK,-0.4391779152365483,0.4391779152365483,False,BASELINE_ONLY
2018-03-30,3.9552,0.0032976510577849,-0.0068300522298111,0.0096890331717329,0.0065410674723242,0.0065149333084165,0.0141213422646711,0.0284339694037514,-0.013739620477271,0.0032976510577849,0.2312136631062257,1.487203738404482,-0.013739620477271,False,0.743601869202241,0,VOLATILITY_ACCELERATION,-0.3741901743451938,0.3741901743451938,False,NEITHER
2018-04-02,3.9735,0.0046268203883494,0.001966865874877,0.0098395737404799,0.0065564498832421,0.0065307012166904,0.0166616347438068,0.0303607889349799,-0.0091763708450739,0.0046268203883494,0.4122328603777617,1.5066642025106085,-0.004982919659859,False,0.7533321012553043,0,VOLATILITY_ACCELERATION,-0.3657016475173151,0.3657016475173151,False,NEITHER
2018-04-03,3.9887,0.0038253428966905,0.0017077274667871,0.009816129130768,0.006416386512588,0.0065044582457229,0.0180176386288781,0.0325883856685422,-0.0053861307134128,0.0038253428966905,0.2563426604063126,1.5091386184579996,-0.0052605782827176,False,0.7545693092289998,0,VOLATILITY_ACCELERATION,-0.36537697840828126,0.36537697840828126,False,NEITHER
2018-04-04,3.9991,0.0026073658084087,-0.0027928085180659,0.0092290308466617,0.0064160621751017,0.0064357198699764,0.0181202543327583,0.0352036580705523,-0.0027928085180659,0.0026073658084087,0.0132510059608715,1.4340324055614222,-0.0027928085180659,False,0.7170162027807111,0,VOLATILITY_ACCELERATION,-0.361333118634059,0.361333118634059,False,NEITHER
2018-04-05,4.0515,0.0131029481633366,0.0277256354319921,0.0043182489304586,0.0068136271280985,0.0065483393388834,0.0284769960297717,0.0381794462965647,0.0,0.0131029481633366,1.6462201307845168,0.6594418381492937,0.0169812732214547,False,0.4115550326961292,0,LOCAL_RETURN_SHOCK,-0.38516500310443613,0.38516500310443613,False,NEITHER
2018-04-06,4.0449,-0.0016290262865604,0.022679004854369,0.0053765408565836,0.0067447237561431,0.0064740643028268,0.0237635440052039,0.0414180751869786,-0.0016290262865604,0.0016290262865604,-0.6677891694843062,0.8304738113639089,0.0121105941907105,False,0.4152369056819544,0,VOLATILITY_ACCELERATION,-0.3650123924686862,0.3650123924686862,False,NEITHER
2018-04-09,4.0737,0.0071200771341688,0.0252170630426575,0.0055045631190214,0.0066888492345865,0.0063045366323478,0.0280617942437926,0.0438412783713726,0.0,0.0071200771341688,0.6104074773252175,0.8731114497421055,0.0091763708450739,False,0.4365557248710527,0,VOLATILITY_ACCELERATION,-0.3630143041278957,0.3630143041278957,False,NEITHER
2018-04-10,4.1121,0.0094263200530231,0.0309373981497731,0.0057680006432573,0.0067652745288048,0.0063883818422321,0.0346350245128563,0.046122685870634,0.0,0.0094263200530231,0.9712102403073456,0.9028891487240784,0.0053861307134128,False,0.4514445743620392,0,VOLATILITY_ACCELERATION,-0.3717628055786413,0.3717628055786413,False,NEITHER
2018-04-11,4.136,0.0058121154641181,0.0342327023580306,0.0054485306803927,0.0067846883156643,0.0063938997934661,0.037302511872173,0.0481562534913218,0.0,0.0058121154641181,0.4130642614388455,0.8521451471542502,0.0027928085180659,False,0.4260725735771251,0,VOLATILITY_ACCELERATION,-0.36825604940393614,0.36825604940393614,False,NEITHER
2018-04-12,4.1102,-0.0062379110251451,0.0144884610638034,0.0065744924469883,0.007100841210086,0.006208740121923,0.0280653177405172,0.049167658408638,-0.0062379110251451,0.0062379110251451,-1.395025488917585,1.058909266273496,-0.0062379110251451,False,0.529454633136748,0,VOLATILITY_ACCELERATION,-0.3767910290835532,0.3767910290835532,False,NEITHER
2018-04-13,4.0969,-0.0032358522699625,0.0128556948255826,0.0068831427230408,0.0071709381495568,0.0061430275100284,0.0224714614436238,0.0491235833260239,-0.0094535783365571,0.0032358522699625,-0.8371757411478843,1.120480530455736,-0.0078245520499967,False,0.560240265227868,0,VOLATILITY_ACCELERATION,-0.3667480151939296,0.3667480151939296,False,NEITHER
2018-04-16,4.0963,-0.0001464521955624,0.0055477821145397,0.0064367507092735,0.0071736740563346,0.0060178753720756,0.0202833719191055,0.0487632536525095,-0.0095986460348161,0.0001464521955624,-0.3326509621697301,1.069605186432006,-0.0095986460348161,False,0.534802593216003,0,VOLATILITY_ACCELERATION,-0.35702989930712514,0.35702989930712514,False,NEITHER
2018-04-17,4.0976,0.0003173595683909,-0.0035261788380632,0.004495777785625,0.0071592650393447,0.0060028468565221,0.0185307167447583,0.0490447761583219,-0.009284332688588,0.0003173595683909,-0.2373301025868979,0.7489409430361084,-0.009284332688588,False,0.3744704715180542,0,VOLATILITY_ACCELERATION,-0.35596611163272157,0.35596611163272157,False,NEITHER
2018-04-18,4.0086,-0.0217200312377976,-0.0308027079303674,0.0090661498254967,0.0087518585147028,0.0066070323395476,-0.0048298744679503,0.0487173045104902,-0.0308027079303674,0.0217200312377976,-3.322268898934664,1.3721969803643312,-0.0308027079303674,False,0.830567224733666,0,LOCAL_RETURN_SHOCK,-0.47220526457626194,0.47220526457626194,False,NEITHER
2018-04-19,4.0403,0.0079079978047198,-0.0170064717045398,0.0110444851848437,0.0087982667146417,0.0066558757438021,0.0017218915766155,0.0480507011291604,-0.0231382978723404,0.0079079978047198,0.7548330640899569,1.6593586794537505,-0.0169003868471953,False,0.8296793397268752,0,VOLATILITY_ACCELERATION,-0.4006107789177207,0.4006107789177207,False,NEITHER
2018-04-20,4.0766,0.0089844813503947,-0.0049549659498644,0.0123572083086798,0.0086156785976128,0.0067295429870981,0.0095429370255306,0.0466650077889492,-0.0143617021276596,0.0089844813503947,0.8657757229796177,1.836262630667651,-0.0049081237911025,False,0.9181313153338256,0,VOLATILITY_ACCELERATION,-0.39802404832233473,0.39802404832233473,False,NEITHER
2018-04-23,4.1079,0.0076779669332287,0.0028318238410272,0.0129620795568795,0.0086330936535765,0.0066795006932952,0.0155061276706198,0.0460771218995628,-0.006794003868472,0.0076779669332287,0.7512905238262505,1.940576122686936,0.0028046421663441,False,0.970288061343468,0,VOLATILITY_ACCELERATION,-0.39049761923213433,0.39049761923213433,False,NEITHER
2018-04-24,4.086,-0.00533119111955,-0.0028309254197578,0.013239703699361,0.008757702926704,0.0067089155201241,0.0087942365901469,0.0451743922752085,-0.0120889748549322,0.00533119111955,-0.8258744267216425,1.9734491602476003,-0.0028046421663442,False,0.9867245801238002,0,VOLATILITY_ACCELERATION,-0.3999475572609592,0.3999475572609592,False,NEITHER
2018-04-25,4.0809,-0.0012481644640236,0.0180362221224366,0.0064701653072981,0.0086653659288693,0.006634102153473,0.0066577699060905,0.0432384859067036,-0.0133220502901354,0.0012481644640236,-0.2941426108878168,0.975288766681249,0.017480657640232,False,0.4876443833406245,0,VOLATILITY_ACCELERATION,-0.3656569513842771,0.3656569513842771,False,NEITHER
2018-04-26,4.0664,-0.0035531377882329,0.0064599163428458,0.0065906813107193,0.0076692155066834,0.0065875200923888,0.0015467523127394,0.0430033498427835,-0.0168278529980658,0.0035531377882329,-0.5149194004024029,1.0004798798768224,0.0063104448742745,False,0.5002399399384112,0,VOLATILITY_ACCELERATION,-0.3547120480139598,0.3547120480139598,False,NEITHER
2018-04-27,4.0422,-0.0059512099154042,-0.0084384045528135,0.0055416851313255,0.0078372139186422,0.0065285976207553,-0.0054791891685754,0.0421383930002243,-0.0226789168278529,0.0059512099154042,-0.9820357663218362,0.8488323914630194,-0.0083172147001933,False,0.4244161957315097,0,VOLATILITY_ACCELERATION,-0.36719417279667127,0.36719417279667127,False,NEITHER
2018-04-30,4.0617,0.0048241056850228,-0.0112466223617906,0.0043571059463084,0.0078419856956368,0.0065323906252366,-0.0017646133579756,0.0410656077454085,-0.0179642166344293,0.0048241056850228,0.4729122823963154,0.667000214205743,-0.0111702127659573,False,0.3335001071028715,0,VOLATILITY_ACCELERATION,-0.3621344475001523,0.3621344475001523,False,NEITHER
2018-05-01,4.103,0.0101681561907573,0.0041605482134114,0.0065701579621618,0.0080814264902761,0.0065756614188643,0.006971244994901,0.0399402262062911,-0.0079787234042554,0.0101681561907573,1.152833136105324,0.9991630565578222,0.0041102514506768,False,0.4995815282789111,0,VOLATILITY_ACCELERATION,-0.35931195087996576,0.35931195087996576,False,NEITHER
2018-05-02,4.1771,0.0180599561296612,0.0235732313950356,0.0098737867588181,0.0088960443064591,0.0068442453662659,0.0229227659149822,0.0396061533761462,0.0,0.0180599561296612,2.0559687397994275,1.4426406755497525,0.0133220502901354,False,0.7213203377748763,0,VOLATILITY_ACCELERATION,-0.40459277876204985,0.40459277876204985,False,NEITHER
2018-05-03,4.2131,0.0086184194776279,0.0360761361400747,0.008765614125411,0.0086606340210948,0.0068948902608303,0.0297012764033408,0.0386500715859592,0.0,0.0086184194776279,0.7195326201614349,1.2713203247350051,0.0168278529980658,False,0.6356601623675026,0,VOLATILITY_ACCELERATION,-0.38239255947974005,0.38239255947974005,False,NEITHER
2018-05-04,4.226,0.0030618784268117,0.0454702884567808,0.0058369099113438,0.0086208022031122,0.006894809179003,0.0305733509241261,0.0378687981047887,0.0,0.0030618784268117,0.1233950597340771,0.8465658381263318,0.0226789168278529,False,0.453578336557058,0,DRAWDOWN_SHIFT,-0.3887228727180043,0.3887228727180043,False,NEITHER
2018-05-07,4.2669,0.0096781826786558,0.0505207179259914,0.0053643930300529,0.0087156643573614,0.0068954364297268,0.0381019344133868,0.0372958519926156,0.0,0.0096781826786558,0.8642395792184837,0.7779627997042443,0.0179642166344293,False,0.3889813998521221,0,VOLATILITY_ACCELERATION,-0.39567935334658993,0.39567935334658993,False,NEITHER
2018-05-08,4.3327,0.0154210316623311,0.0559834267609067,0.0059121960462636,0.0090676007950216,0.0071105943390575,0.0512893927188375,0.0369548452677039,0.0,0.0154210316623311,1.4990689911044148,0.8314629923111679,0.0079787234042554,False,0.4157314961555839,0,VOLATILITY_ACCELERATION,-0.41503902199502024,0.41503902199502024,False,NEITHER
2018-05-09,4.2876,-0.0104092136543032,0.026453759785497,0.0098030721030312,0.0094861908400854,0.0071893859693568,0.0384363874155344,0.0355218426665897,-0.0104092136543032,0.0104092136543032,-1.4407999444878627,1.3635478947457642,-0.0104092136543032,False,0.6817739473728821,0,VOLATILITY_ACCELERATION,-0.3991246570314036,0.3991246570314036,False,NEITHER
2018-05-10,4.2352,-0.012221289299375,0.0052455436614369,0.0121700933983081,0.0098421685823507,0.0073725683088832,0.0241950110636857,0.03430594585536,-0.02250328894223,0.012221289299375,-1.4827456192236432,1.650726434591914,-0.02250328894223,False,0.825363217295957,0,VOLATILITY_ACCELERATION,-0.4113036960408373,0.4113036960408373,False,NEITHER
2018-05-11,4.3136,0.0185115224782772,0.0207288215806908,0.014524371762531,0.0104676186799227,0.0076231145533507,0.0404282697597797,0.0347217022805885,-0.0044083366030419,0.0185115224782772,1.7238449675138017,1.9053067694157748,-0.0044083366030419,False,0.9526533847078874,0,VOLATILITY_ACCELERATION,-0.4270182109062034,0.4270182109062034,False,NEITHER
2018-05-14,4.3674,0.0124721810089021,0.0235533994234691,0.0148383691729657,0.0106696435157923,0.0077337496620067,0.0499718718896802,0.0360348355424153,0.0,0.0124721810089021,0.9400096501598212,1.9186513426807172,0.0,False,0.9593256713403586,0,VOLATILITY_ACCELERATION,-0.41863511631876726,0.41863511631876726,False,NEITHER
2018-05-15,4.445,0.0177680084260658,0.0259191728021788,0.0152903729234231,0.0111200650036206,0.0079077455815508,0.064183810520217,0.0382446154037361,0.0,0.0177680084260658,1.3594229562396,1.9335944442998232,0.0,False,0.9667972221499116,0,VOLATILITY_ACCELERATION,-0.4391099550599543,0.4391099550599543,False,NEITHER
2018-05-16,4.4139,-0.0069966254218223,0.0294570389028825,0.0144723661777146,0.0097171136218576,0.0079789669330392,0.0516359217807216,0.0419855240308286,-0.0069966254218223,0.0069966254218223,-1.001127957155471,1.8138145325289687,0.0034125882324809,False,0.9069072662644844,0,VOLATILITY_ACCELERATION,-0.4183602358346609,0.4183602358346609,False,NEITHER
2018-05-17,4.4606,0.0105802125104783,0.0532206271250472,0.0103323623478348,0.0097792266395827,0.0080286308341726,0.0574677764633646,0.0458266133281102,0.0,0.0105802125104783,0.5874233752038662,1.28693952446496,0.02250328894223,False,0.64346976223248,0,VOLATILITY_ACCELERATION,-0.42236350487739177,0.42236350487739177,False,NEITHER
2018-05-18,4.4917,0.0069721562121687,0.0412880192878337,0.0093260444897335,0.0097464331718709,0.008045334566972,0.0596268647033637,0.0497465989279515,0.0,0.0069721562121687,0.2010785433108077,1.159186658068779,0.0044083366030419,False,0.5795933290343895,0,VOLATILITY_ACCELERATION,-0.39598223475911365,0.39598223475911365,False,NEITHER
2018-05-21,4.5749,0.0185230536322551,0.0475111050052663,0.0103608111546305,0.0101999594442196,0.0082771084885502,0.0733419437181144,0.0536738212809086,0.0,0.0185230536322551,1.3972194837075105,1.2517428240747002,0.0,False,0.6258714120373501,0,VOLATILITY_ACCELERATION,-0.42917414499856216,0.42917414499856216,False,NEITHER
2018-05-22,4.6691,0.0205906140024918,0.050416197975253,0.0109905806333506,0.0104031526097289,0.0085587503005532,0.0880005592515351,0.0595178723971574,0.0,0.0205906140024918,1.4846345657048985,1.2841338101241504,0.0,False,0.6420669050620752,0,VOLATILITY_ACCELERATION,-0.44647793677193903,0.44647793677193903,False,NEITHER
2018-05-23,4.5762,-0.0198967681137692,0.0367702032216408,0.0162258614857236,0.011887043945363,0.0090200610298875,0.060234487855679,0.0647041991558765,-0.0198967681137692,0.0198967681137692,-2.560787197120689,1.798863824974139,-0.0129001426919469,False,0.8994319124870696,0,VOLATILITY_ACCELERATION,-0.4732257478392613,0.4732257478392613,False,NEITHER
2018-05-24,4.7073,0.0286482234168086,0.0553064610142133,0.0189133848934317,0.0127046112648209,0.009599372622571,0.0825709594182502,0.0709683457631793,0.0,0.0286482234168086,1.9211808928566425,1.97027302065144,0.0,False,0.98513651032572,0,VOLATILITY_ACCELERATION,-0.49626125965996326,0.49626125965996326,False,NEITHER
2018-05-25,4.7081,0.0001699488029232,0.0481777500723556,0.019507910231135,0.0124364120055944,0.009600683502915,0.0745271941125922,0.0780138615858896,0.0,0.0001699488029232,-0.5707518965052814,2.0319293126590336,0.0,True,1.0159646563295168,1,VOLATILITY_ACCELERATION,-0.4576438539211349,0.4576438539211349,False,BASELINE_ONLY
2018-05-28,4.5822,-0.0267411482338947,0.0015956632931866,0.0242598321243289,0.0146331321300925,0.010362507488219,0.0396181124335803,0.0832415799925287,-0.0267411482338947,0.0267411482338947,-2.771565941284983,2.341116004201646,-0.0267411482338947,True,1.170558002100823,1,VOLATILITY_ACCELERATION,-0.5184561140736196,0.5184561140736196,False,BASELINE_ONLY
2018-05-29,4.5488,-0.0072890751167562,-0.0257651367501232,0.0215566696932785,0.0148990117031944,0.0104125834021654,0.0268472889723625,0.0871927148587772,-0.0338353051124658,0.0072890751167562,-0.9183269865905213,2.0702518155864738,-0.0338353051124658,True,1.0351259077932369,1,VOLATILITY_ACCELERATION,-0.48365948890206556,0.48365948890206556,False,BASELINE_ONLY
2018-05-30,4.465,-0.0184224410833626,-0.0242996372536166,0.021311016537723,0.0154737016031309,0.010776205598717,0.004665563372121,0.0883483388616857,-0.0516344172808563,0.0184224410833626,-1.590609162992901,1.977599289703628,-0.0317376491670871,False,0.988799644851814,0,VOLATILITY_ACCELERATION,-0.4981424358843083,0.4981424358843083,False,NEITHER
2018-05-31,4.5245,0.013325867861142,-0.0388333014679328,0.0156659375685662,0.0155917780098269,0.0108572903372006,0.0144994153371145,0.0900044603850593,-0.0389966228414859,0.013325867861142,0.6381100349329744,1.4428957025206937,-0.0389966228414859,False,0.779932456829718,0,DRAWDOWN_SHIFT,-0.4801672491571086,0.4801672491571086,False,NEITHER
2018-06-01,4.6508,0.0279146867057134,-0.0121705146449735,0.0225791505984554,0.0165030435842768,0.011296076805555,0.0378759561042831,0.0927772074047155,-0.0121705146449735,0.0279146867057134,1.5538555436488604,1.998848891267435,-0.0121705146449735,False,0.9994244456337176,0,VOLATILITY_ACCELERATION,-0.5000053640733192,0.5000053640733192,False,NEITHER
2018-06-04,4.5921,-0.0126214844757891,0.0021605342411941,0.019409640234335,0.0169135606924839,0.011461273445557,0.0210713678211651,0.0941648886088331,-0.0246383891591086,0.0126214844757891,-1.0635275129647983,1.6934977013273522,0.0021027590747861,False,0.8467488506636761,0,VOLATILITY_ACCELERATION,-0.4474221597540849,0.4474221597540849,False,NEITHER
2018-06-05,4.5985,0.0013936978724329,0.010925958494548,0.0189114512418749,0.0166964002477495,0.0114468395184045,0.0194817791326034,0.0944612405734086,-0.0232790297572269,0.0013936978724329,-0.1431558521362875,1.652111153604331,0.0105562753552388,False,0.8260555768021655,0,VOLATILITY_ACCELERATION,-0.43346298134848743,0.43346298134848743,False,NEITHER
2018-06-06,4.5554,-0.0093726215070131,0.0202463605823068,0.0167383964063739,0.0166537673032693,0.0115556077928748,0.0069374217371072,0.0956949792923056,-0.0324334657292751,0.0093726215070131,-0.7478395161990365,1.448508525591775,0.0192009515515811,False,0.7242542627958874,0,VOLATILITY_ACCELERATION,-0.4448458400223423,0.4448458400223423,False,NEITHER
2018-06-07,4.4844,-0.0155858980550555,-0.0088628577743397,0.0177310202217004,0.0168334043311302,0.0117934620164939,-0.0114791771143895,0.0970521021002865,-0.047513859093902,0.0155858980550555,-1.1259514857799324,1.50346185004051,-0.0085172362524161,False,0.751730925020255,0,VOLATILITY_ACCELERATION,-0.45911456865998507,0.45911456865998507,False,NEITHER
2018-06-08,4.474,-0.0023191508340022,-0.038014965167283,0.0070861649196237,0.0164633249405865,0.0117986472423913,-0.0155121746200623,0.0961194987439657,-0.04972281812196,0.0023191508340022,-0.3158218192549696,0.600591302888,-0.0375523034769865,False,0.75104606953973,0,DRAWDOWN_SHIFT,-0.4627050761865468,0.4627050761865468,False,NEITHER
2018-06-11,4.524,0.0111756817165846,-0.0148298164238583,0.0102434882313621,0.0164222375959461,0.0118520853709176,-0.0062220953029497,0.0944299129230639,-0.0391028227947579,0.0111756817165846,0.5600332781720756,0.8642772905177816,-0.0144644336356493,False,0.4321386452588908,0,VOLATILITY_ACCELERATION,-0.4300752410973779,0.4300752410973779,False,NEITHER
2018-06-12,4.5976,0.0162687886825818,-0.0001957159943458,0.0134694886249243,0.0163492095967496,0.0119793870382285,0.008255563925521,0.0917053515637158,-0.0234701896731165,0.0162687886825818,0.8755166086655028,1.12438880069077,-0.0001911599158896,False,0.562194400345385,0,VOLATILITY_ACCELERATION,-0.42657346536862845,0.42657346536862845,False,NEITHER
2018-06-13,4.6452,0.0103532277710109,0.0197128682442815,0.0129026533317419,0.0163172679173889,0.0119588179546491,0.016117177656447,0.0891897526312341,-0.0133599541216201,0.0103532277710109,0.522186824493486,1.0789238017228848,0.019073511607655,False,0.5394619008614424,0,VOLATILITY_ACCELERATION,-0.4190339866949414,0.4190339866949414,False,NEITHER
2018-06-14,4.7259,0.0173727718935676,0.0538533583088038,0.007830995264002,0.0165591805670675,0.0120946032991434,0.0307789787307366,0.0869081288419915,0.0,0.0173727718935676,0.9002360799362793,0.6474784720352613,0.047513859093902,False,0.95027718187804,0,DRAWDOWN_SHIFT,-0.4709631839721202,0.4709631839721202,False,NEITHER
2018-06-15,4.7301,0.0008887196089633,0.0572418417523468,0.0065351960331058,0.0165386815291665,0.0120385528538942,0.029019699980747,0.0843983585538383,0.0,0.0008887196089633,-0.1288884398533109,0.5428556166526122,0.04972281812196,False,0.9944563624392,0,DRAWDOWN_SHIFT,-0.4537051228588535,0.4537051228588535,False,NEITHER
2018-06-18,4.7042,-0.0054755713409864,0.0398320070733864,0.0099228350805594,0.0161987816360052,0.0120525646794413,0.0219479184996425,0.079974520768741,-0.0054755713409864,0.0054755713409864,-0.4954691251462166,0.8232965633849954,0.0336272514537715,False,0.67254502907543,0,DRAWDOWN_SHIFT,-0.4350916546686817,0.4350916546686817,False,NEITHER
2018-06-19,4.7402,0.0076527358530673,0.0310161823560117,0.0087850807796701,0.0156459753124383,0.0120671933388958,0.0289739456989508,0.0734658448776055,0.0,0.0076527358530673,0.3786601061868762,0.7280135929664298,0.0234701896731165,False,0.4694037934623299,0,DRAWDOWN_SHIFT,-0.4094400194501037,0.4094400194501037,False,NEITHER
2018-06-20,4.7327,-0.0015822117210243,0.0188366485834841,0.008979693327267,0.0148838383789108,0.0120688268506789,0.0256037966865674,0.0691195874162897,-0.0015822117210243,0.0015822117210243,-0.1568595912510208,0.7440402814928007,0.0117777424005958,False,0.3720201407464003,0,VOLATILITY_ACCELERATION,-0.3898949719949365,0.3898949719949365,False,NEITHER
2018-06-21,4.7225,-0.0021552179516978,-0.0007194396834465,0.0049090282580741,0.0134861777975908,0.0118051026108705,0.02322487546882,0.0614153707459996,-0.0037340196616175,0.0021552179516978,-0.2649152216091135,0.4158395246436669,-0.0037340196616175,False,0.2079197623218334,0,VOLATILITY_ACCELERATION,-0.3790224133937942,0.3790224133937942,False,NEITHER
2018-06-22,4.6773,-0.009571201694018,-0.0111625547028605,0.0063741783175719,0.0136638603255472,0.0119175048761761,0.0137696504160369,0.0529983076784383,-0.0132694823003248,0.009571201694018,-0.7280615133364399,0.5348584610453413,-0.0132694823003248,False,0.2674292305226706,0,VOLATILITY_ACCELERATION,-0.397435902215481,0.397435902215481,False,NEITHER
2018-06-25,4.681,0.0007910546682916,-0.0049317631053101,0.0061889631290691,0.0121571803464267,0.0119182009090243,0.0134864496796724,0.0479015695687883,-0.0124889245179528,0.0007910546682916,0.0754213557636857,0.5192866923717405,-0.0070133531769664,False,0.2596433461858702,0,VOLATILITY_ACCELERATION,-0.3695088340723381,0.3695088340723381,False,NEITHER
2018-06-26,4.6155,-0.0139927365947447,-0.0263069068815661,0.0062173017245128,0.0124895924262933,0.0121127354560706,-0.0014160398697978,0.0433816342240291,-0.0263069068815661,0.0139927365947447,-1.2445200372366143,0.5132863461817656,-0.0263069068815661,False,0.526138137631322,0,DRAWDOWN_SHIFT,-0.42730692975165174,0.42730692975165174,False,NEITHER
2018-06-27,4.6225,0.0015166287509478,-0.0232848057134407,0.0068072766585007,0.0116412702594701,0.0121134016633717,-0.0016026194837061,0.0417740616277384,-0.0248301759419433,0.0015166287509478,0.057223154909373,0.5619624319966561,-0.023247964220919,False,0.46495928441838,0,DRAWDOWN_SHIFT,-0.3937563379200883,0.3937563379200883,False,NEITHER
2018-06-28,4.5853,-0.0080475932936721,-0.0290524086818422,0.0067703612148825,0.0115076747715264,0.0121070517109395,-0.0102871598287057,0.0388187006918419,-0.0326779460782244,0.0080475932936721,-0.8458253639598029,0.5592080860417109,-0.0289439264166069,False,0.5788785283321379,0,DRAWDOWN_SHIFT,-0.4178759788339555,0.4178759788339555,False,NEITHER
2018-06-29,4.5872,0.0004143676531525,-0.0192632501656938,0.00687420698619,0.0095680276006723,0.0120991501672441,-0.0091969812820479,0.0331851174104429,-0.0322771191088983,0.0004143676531525,-0.0274466958683006,0.5681561837954923,-0.0190076368085735,False,0.38015273617147,0,DRAWDOWN_SHIFT,-0.38422204087909934,0.38422204087909934,False,NEITHER
2018-07-02,4.6161,0.0063001395186605,-0.0138645588549454,0.0081330389294041,0.0092517017977245,0.0120939274721905,-0.0032131427905107,0.0297164876532434,-0.026180329943884,0.0063001395186605,0.7258486762770916,0.6724894744164537,-0.0136914054259312,False,0.3362447372082268,0,VOLATILITY_ACCELERATION,-0.3770426081517956,0.3770426081517956,False,NEITHER
2018-07-03,4.6705,0.0117848400164639,0.0119163687574477,0.0073681985023257,0.009601440976256,0.0121217551866769,0.0077504326174109,0.0274806706387695,-0.014704020927387,0.0117848400164639,1.2412375277201355,0.6078491430369866,0.011602885954179,False,0.3103093819300339,0,LOCAL_RETURN_SHOCK,-0.3807414237855366,0.3807414237855366,False,NEITHER
2018-07-04,4.6667,-0.0008136173857188,0.0095619253650622,0.0075098753105183,0.0093094963218662,0.012118439439484,0.0057228815047802,0.0256696761615511,-0.0155056748660394,0.0008136173857188,-0.1702301817836123,0.6197064686439584,0.0093245010759039,False,0.3098532343219792,0,VOLATILITY_ACCELERATION,-0.35939380694088113,0.35939380694088113,False,NEITHER
2018-07-05,4.5925,-0.0158998864293825,0.0015702353172093,0.0103872088061124,0.0093395964191002,0.0122938527468817,-0.0114195305184531,0.0240439989198661,-0.0311590228260409,0.0158998864293825,-1.8420625240725672,0.8449107875272936,0.0015189232521834,False,0.4605156310181418,0,LOCAL_RETURN_SHOCK,-0.4007929780690409,0.4007929780690409,False,NEITHER
2018-07-06,4.5704,-0.0048121937942297,-0.0036623648412975,0.0106399256908335,0.0094059036177323,0.0123067464910389,-0.0171964811402102,0.0232974180849576,-0.0358212733639929,0.0048121937942297,-0.6472744610536785,0.8645604017748242,-0.0035441542550945,False,0.4322802008874121,0,VOLATILITY_ACCELERATION,-0.38060156346081914,0.38060156346081914,False,NEITHER
2018-07-09,4.7338,0.0357517941536844,0.0254977145209158,0.0197381929650217,0.0120297066127924,0.0130554639562111,0.015649472414962,0.0238416633258826,-0.0013501540019409,0.0357517941536844,3.683150419698413,1.511872196286928,0.0248301759419431,False,0.9207876049246032,0,LOCAL_RETURN_SHOCK,-0.49567272921875993,0.49567272921875993,False,NEITHER
2018-07-10,4.7077,-0.0055135409185008,0.0079648859865111,0.0198118257891058,0.0116830653069613,0.0130936111858517,0.0088580726111224,0.0233357566028611,-0.0068562507911058,0.0055135409185008,-0.6526163180403867,1.5130910417222,0.0078477701362812,False,0.7565455208611,0,VOLATILITY_ACCELERATION,-0.4121043342886746,0.4121043342886746,False,NEITHER
2018-07-11,4.8762,0.0357924251757757,0.0448925364818824,0.0247734542801269,0.0139008413263119,0.0133995110719816,0.0423874739066441,0.0232734407811845,0.0,0.0357924251757757,2.956783928700709,1.8488327034505188,0.0155056748660394,False,0.9244163517252594,0,VOLATILITY_ACCELERATION,-0.5063649751911045,0.5063649751911045,False,NEITHER
2018-07-12,4.8552,-0.0043066322136089,0.0572019597169297,0.0222688129453306,0.0135217881626849,0.0134219890247408,0.036465871684193,0.0217229379349304,-0.0043066322136089,0.0043066322136089,-0.491101032073293,1.6591291279021625,0.026852390612432,False,0.8295645639510812,0,VOLATILITY_ACCELERATION,-0.47010600847595,0.47010600847595,False,NEITHER
2018-07-13,4.8552,0.0,0.0623140206546473,0.0214840820368225,0.0135251415808314,0.0134059578898627,0.0350837359973648,0.0204342023253614,-0.0043066322136089,0.0,-0.1062074842315818,1.602577168548941,0.031514641150384,False,0.8012885842744705,0,VOLATILITY_ACCELERATION,-0.4710241724613129,0.4710241724613129,False,NEITHER
2018-07-16,4.8463,-0.0018330861756467,0.0237652625797457,0.0174417907166479,0.0134521300176807,0.0134060002319833,0.0316237169362287,0.020544537785917,-0.0061318239612812,0.0018330861756467,-0.2384274707216385,1.3010435935273394,-0.0047816699593403,False,0.6505217967636697,0,VOLATILITY_ACCELERATION,-0.41290037654459655,0.41290037654459655,False,NEITHER
2018-07-17,4.8065,-0.0082124507356128,0.020986893812265,0.0178781459965324,0.0135422698489929,0.0134409053482071,0.0224300715477694,0.0204765858608881,-0.0142939173946926,0.0082124507356128,-0.7274873275563267,1.3301295956910513,-0.0074376666035867,False,0.6650647978455256,0,VOLATILITY_ACCELERATION,-0.42051268349967785,0.42051268349967785,False,NEITHER
2018-07-18,4.7953,-0.0023301778841151,-0.0165907879086173,0.003127347984375,0.0135501687386015,0.0134471514107156,0.0193689236286414,0.019424429250956,-0.0165907879086173,0.0023301778841151,-0.229704618964035,0.2325658341202968,-0.0165907879086173,False,0.3318157581723459,0,DRAWDOWN_SHIFT,-0.3990450709014364,0.3990450709014364,False,NEITHER
2018-07-19,4.8066,0.0023564740475048,-0.010009886307464,0.00392779244257,0.0135369259744573,0.0134215915105863,0.0208585100214724,0.0201676593771598,-0.0142734096222467,0.0023564740475048,0.1190633367987029,0.2926472944338939,-0.0099667774086378,False,0.199335548172756,0,DRAWDOWN_SHIFT,-0.38613829471982464,0.38613829471982464,False,NEITHER
2018-07-20,4.7927,-0.0028918570299173,-0.0128727961772944,0.0037686469334617,0.0133442323775582,0.0133932574257898,0.016660444278514,0.0217587786127178,-0.0171239899922069,0.0028918570299173,-0.285189368728422,0.2813838944217458,-0.012817357778598,False,0.25634715557196,0,DRAWDOWN_SHIFT,-0.3925184812615676,0.3925184812615676,False,NEITHER
2018-07-23,4.7395,-0.0111002149101759,-0.022037430617172,0.0052827527833578,0.0136300800520019,0.0135123411208037,0.0047518753637043,0.021299237232907,-0.0280341249333497,0.0111002149101759,-0.9294586706614324,0.390957624302752,-0.0219023009720685,False,0.43804601944137,0,DRAWDOWN_SHIFT,-0.4157919696677718,0.4157919696677718,False,NEITHER
2018-07-24,4.8861,0.0309315328621162,0.0165609071049621,0.0161380966159712,0.0147366912245646,0.0139660265833562,0.0328678195118392,0.0234896025460591,0.0,0.0309315328621162,2.217404347536021,1.1555252683826,0.0142939173946926,False,0.773288321552905,0,LARGE_ABSOLUTE_RETURN,-0.4581159060650426,0.4581159060650426,False,NEITHER
2018-07-25,4.7728,-0.0231882278299665,-0.0046920943423769,0.0201776746952074,0.0158563983647648,0.014225482986747,0.0073172327479407,0.0233718941148011,-0.0231882278299665,0.0231882278299665,-1.7739786361795888,1.4184175478615166,-0.0065974399213492,False,0.7092087739307583,0,VOLATILITY_ACCELERATION,-0.45634718183795486,0.45634718183795486,False,NEITHER
2018-07-26,4.8649,0.0192968488099227,0.0121291557441849,0.0221604892147999,0.0161461821840266,0.0143716232255172,0.0237347199454556,0.0257178995717639,-0.0043388387466487,0.0192968488099227,1.108558429488152,1.5419614658039016,0.009934570875598,False,0.7709807329019508,0,VOLATILITY_ACCELERATION,-0.45098912742393793,0.45098912742393793,False,NEITHER
2018-07-27,4.8529,-0.0024666488519804,0.01256076950362,0.0221349002007191,0.0161840824067935,0.0143856840309238,0.0183625911388247,0.0292918885994581,-0.0067947852070158,0.0024666488519804,-0.3439188060193094,1.5386755439044404,0.0103292047851911,False,0.7693377719522202,0,VOLATILITY_ACCELERATION,-0.43197745042645586,0.43197745042645586,False,NEITHER
2018-07-30,4.8823,0.0060582332213727,0.0301297605232619,0.0207481799095728,0.0161815309921051,0.0143622533316508,0.0216784672835004,0.0318992956134553,-0.0007777163791162,0.0060582332213727,0.1925322129354143,1.4446326374043983,0.0272564085542335,False,0.7223163187021991,0,VOLATILITY_ACCELERATION,-0.4444039547790143,0.4444039547790143,False,NEITHER
2018-07-31,4.9142,0.0065338057882555,0.0057510079613598,0.0157143793173391,0.0160725320016393,0.0142706880937203,0.0257384327337926,0.0337268965041062,0.0,0.0065338057882555,0.2226998844308638,1.1011647941667286,0.0,False,0.5505823970833643,0,VOLATILITY_ACCELERATION,-0.40201677911234157,0.40201677911234157,False,NEITHER
2018-08-01,4.995,0.0164421472467541,0.0465554810593362,0.0087675732092149,0.0163367999507459,0.0142895556077285,0.0390437053609038,0.0360247362959562,0.0,0.0164421472467541,0.8570222943317414,0.6135651415550643,0.0231882278299665,False,0.4637645565993299,0,DRAWDOWN_SHIFT,-0.43942905233756585,0.43942905233756585,False,NEITHER
2018-08-02,5.066,0.014214214214214,0.0413369236777734,0.0075039156977736,0.0158316696014377,0.014230735150994,0.0486485143801052,0.0399156181722291,0.0,0.014214214214214,0.6539712195663947,0.5273034469515414,0.0043388387466487,False,0.35535535535535,0,LARGE_ABSOLUTE_RETURN,-0.42195961125779413,0.42195961125779413,False,NEITHER
2018-08-03,5.0815,0.0030596131069877,0.0471058542314903,0.0057501240795047,0.0156709796777776,0.0140859810375127,0.0463221206065642,0.0443330315652303,0.0,0.0030596131069877,-0.1248452754234534,0.4082160883357298,0.0067947852070158,False,0.2041080441678649,0,VOLATILITY_ACCELERATION,-0.41016764995764643,0.41016764995764643,False,NEITHER
2018-08-06,5.3301,0.0489225622355602,0.0917190668332548,0.0182175444372039,0.0172131197822802,0.0152470018171151,0.0908142069233681,0.048379483614612,0.0,0.0489225622355602,2.7753752813158465,1.1948279836075248,0.0007777163791162,True,1.223064055889005,1,LARGE_ABSOLUTE_RETURN,-0.5488395860756335,0.5488395860756335,True,BOTH
2018-08-07,5.2443,-0.0160972589632464,0.0671726832444752,0.0237104398666222,0.0177430978167171,0.0153341363705027,0.0673942334699726,0.0528923476839038,-0.0160972589632464,0.0160972589632464,-1.288872107543915,1.5462520544836462,-0.0160972589632464,False,0.7731260272418231,0,VOLATILITY_ACCELERATION,-0.5044197529840476,0.5044197529840476,False,NEITHER
2018-08-08,5.28,0.0068073908815284,0.0570570570570569,0.0237834716412999,0.0162659290802045,0.0152870085083522,0.0702623156179245,0.0546087305989952,-0.0093994484156019,0.0068073908815284,0.0703555708655666,1.5557963239377788,-0.0093994484156019,False,0.7778981619688894,0,VOLATILITY_ACCELERATION,-0.4747325995823032,0.4747325995823032,False,NEITHER
2018-08-09,5.5457,0.0503219696969696,0.0946900908014212,0.0296235131921702,0.0191153577750563,0.0164343329814793,0.1163078124638303,0.0605234844312372,0.0,0.0503219696969696,2.841040070819699,1.8025382122629785,0.0,True,1.25804924242424,1,LARGE_ABSOLUTE_RETURN,-0.5837821968323385,0.5837821968323385,True,BOTH
2018-08-10,6.4275,0.1590060767802081,0.2648824166092689,0.0673012303463743,0.0389234933864532,0.0259199793567843,0.2736524845883592,0.0758692586398215,0.0,0.1590060767802081,7.960344508552309,2.5965001522564437,0.0,True,3.975151919505202,3,LARGE_ABSOLUTE_RETURN,-0.7402226079028548,0.7402226079028548,True,BOTH
2018-08-13,6.8834,0.0709295993776739,0.2914204236318267,0.0679466631880756,0.0406500536928585,0.0271906671500399,0.3370069915400326,0.0959237846283531,0.0,0.0709295993776739,1.442266537968952,2.4988965078768177,0.0,True,1.7732399844418476,2,LARGE_ABSOLUTE_RETURN,-0.7201491040574688,0.7201491040574688,True,BOTH
2018-08-14,6.3544,-0.076851555917134,0.211677440268482,0.0865459442564512,0.0456123569991009,0.0292107115733917,0.2159762407764613,0.1116143078521734,-0.076851555917134,0.076851555917134,-2.343938786409916,2.962815337072674,-0.0607542969538875,True,1.9212888979283496,3,LARGE_ABSOLUTE_RETURN,-0.7429854973933284,0.7429854973933284,True,BOTH
2018-08-15,5.9905,-0.0572674052624953,0.1345643939393939,0.097160505705451,0.0482866131294952,0.0301459427134748,0.1333794971923292,0.1235782606338824,-0.1297178719818694,0.0572674052624953,-1.584332324857634,3.223004389974564,-0.1203184235662675,True,2.40636847132535,3,DRAWDOWN_SHIFT,-0.7402290926415404,0.7402290926415404,True,BOTH
2018-08-16,5.827,-0.0272932142559051,0.0507239843482336,0.0991280527745093,0.0490554053958191,0.0302647107029314,0.091905991522597,0.1334107837286207,-0.1534706685649534,0.0272932142559051,-0.8189449760136057,3.275367597183339,-0.1534706685649534,True,3.069413371299068,2,DRAWDOWN_SHIFT,-0.7196670023118539,0.7196670023118539,True,BOTH
2018-08-17,6.014,0.0320919855843486,-0.0643329443796187,0.0618660817658923,0.0491662720028096,0.030476176577283,0.1141978710928273,0.1449770478727918,-0.1263038614638114,0.0320919855843486,0.4346841057016082,2.0299817337325505,-0.1263038614638114,True,2.526077229276228,2,DRAWDOWN_SHIFT,-0.6851908712720123,0.6851908712720123,True,BOTH
2018-08-20,6.0808,0.011107416029265,-0.1165993549699276,0.045522124147113,0.0488545927687897,0.0302085345832083,0.1127478877956034,0.1584845301706456,-0.1165993549699276,0.011107416029265,-0.0286813826642138,1.506929242851022,-0.1165993549699276,True,2.331987099398552,1,DRAWDOWN_SHIFT,-0.6688335927051877,0.6688335927051877,True,BOTH
2018-08-21,6.0758,-0.0008222602289171,-0.043843635905829,0.0347222278443634,0.0487785722766501,0.0301748908971561,0.0998605216544432,0.167745631381966,-0.1173257401865357,0.0008222602289171,-0.2957800617646524,1.1506993666590482,-0.0404741842694017,False,0.809483685388034,0,DRAWDOWN_SHIFT,-0.6169727365090825,0.6169727365090825,True,ISOLATION_FOREST_ONLY
2018-08-22,6.0512,-0.0040488495342178,0.0101327101243635,0.0217422657567185,0.0482357861686908,0.0300404002453036,0.0828773772721374,0.179384060800358,-0.1208995554522475,0.0040488495342178,-0.3298397916638146,0.7237675123891735,0.0088183165296219,False,0.3618837561945867,0,VOLATILITY_ACCELERATION,-0.5782271555672066,0.5782271555672066,True,ISOLATION_FOREST_ONLY
2018-08-23,6.1247,0.0121463511369646,0.0510897545906985,0.0142156203964906,0.0482131302523038,0.03003558108292,0.0838134050838204,0.1891696530593778,-0.1102216927681087,0.0121463511369646,-0.0176400641220587,0.4732926710239157,0.0432489757968446,False,0.8649795159368919,0,DRAWDOWN_SHIFT,-0.5921175591372062,0.5921175591372062,True,ISOLATION_FOREST_ONLY
2018-08-24,6.0068,-0.0192499224451809,-0.0011972065181243,0.0128295256697125,0.048634120178594,0.0300558016602269,0.0522074846376445,0.1979615540789379,-0.1273498561757271,0.0192499224451809,-0.6614304213937119,0.4268568782409128,-0.0010459947119157,False,0.4812480611295225,0,LARGE_ABSOLUTE_RETURN,-0.5724205902653152,0.5724205902653152,True,ISOLATION_FOREST_ONLY
2018-08-27,6.1217,0.0191283212359325,0.006726088672543,0.0149233073940303,0.0486407107305275,0.0300251604349027,0.0608189951704549,0.2075928520383663,-0.1106575238980737,0.0191283212359325,0.1506715095158128,0.4970267328424572,0.0059418310718538,False,0.4782080308983125,0,LARGE_ABSOLUTE_RETURN,-0.5687651075618582,0.5687651075618582,True,ISOLATION_FOREST_ONLY
2018-08-28,6.273,0.0247153568453206,0.0324566312255174,0.0180103055218692,0.0486941139884593,0.0301254642022737,0.0743885165628472,0.2187025792702399,-0.0886771072435134,0.0247153568453206,0.2520791190299561,0.5978432531675275,0.0286486329430223,False,0.6178839211330149,0,LARGE_ABSOLUTE_RETURN,-0.5974434586803394,0.5974434586803394,True,ISOLATION_FOREST_ONLY
2018-08-29,6.4752,0.0322333811573409,0.0700687466948704,0.019889427786908,0.0488743587825441,0.030253154352851,0.0951379070066367,0.2299365236863479,-0.0593020890838829,0.0322333811573409,0.3875263912509358,0.6574331904346912,0.0615974663683645,True,1.23194932736729,1,DRAWDOWN_SHIFT,-0.6324827636572323,0.6324827636572323,True,BOTH
2018-08-30,6.6519,0.0272887323943662,0.0860776854376541,0.0207115362668048,0.0489625854430013,0.0302335353852227,0.1101348053020916,0.2403228744478347,-0.0336316355289536,0.0272887323943662,0.2687716859683277,0.6850517480971814,0.0765900572391551,True,1.531801144783102,1,DRAWDOWN_SHIFT,-0.6411149617189245,0.6411149617189245,True,BOTH
2018-08-31,6.538,-0.0171229272839339,0.0884331091429713,0.0197865839798605,0.0494232469639146,0.0303711772174926,0.0780240073868883,0.2487915767105559,-0.0501786907632855,0.0171229272839339,-0.6521171520624092,0.6514921643690588,0.0771711654124416,True,1.5434233082488318,1,DRAWDOWN_SHIFT,-0.638496802280464,0.638496802280464,True,BOTH
2018-09-03,6.634,0.0146833894157234,0.0836859042422857,0.0197808673395795,0.0487306634635833,0.0303831585487557,0.0822194797875039,0.2545141056207598,-0.0362320946044105,0.0146833894157234,0.017928849214378,0.6510471025531214,0.0744254292936632,True,1.488508585873264,1,DRAWDOWN_SHIFT,-0.6268423979019123,0.6268423979019123,True,BOTH
2018-09-04,6.6711,0.0055924027735905,0.0634624581539933,0.0196093518754013,0.0483099921194578,0.0303582374945577,0.0757522372198888,0.2621835552534206,-0.0308423162971787,0.0055924027735905,-0.1332410765039607,0.6459318291754143,0.0578347909463346,True,1.1566958189266918,1,DRAWDOWN_SHIFT,-0.6101670367311005,0.6101670367311005,True,BOTH
2018-09-05,6.6011,-0.0104930221402768,0.019443414875216,0.0181332624714625,0.0485840213784784,0.0304344347383597,0.0532454498603085,0.2704074496743607,-0.0410117093296917,0.0104930221402768,-0.4898124181191599,0.5958140056600839,0.0182903797541912,False,0.365807595083824,0,DRAWDOWN_SHIFT,-0.5861730746272366,0.5861730746272366,True,ISOLATION_FOREST_ONLY
2018-09-06,6.5827,-0.0027874142188423,-0.0104030427396684,0.0126236997671082,0.0478424904796121,0.0304215304624367,0.0416917224223165,0.2720156122462334,-0.0436848069268094,0.0027874142188423,-0.3106413396547272,0.4149593914315206,-0.0100531713978557,False,0.2074796957157603,0,VOLATILITY_ACCELERATION,-0.5675765535393572,0.5675765535393572,True,ISOLATION_FOREST_ONLY
2018-09-07,6.397,-0.0282103088398377,-0.0215662282043438,0.0163596818717414,0.0331365490168664,0.0307343419038049,0.0125496322641969,0.2518978462343284,-0.0706627538716331,0.0282103088398377,-0.7913390488767085,0.5322932217955211,-0.0204840631083475,False,0.7052577209959424,0,LARGE_ABSOLUTE_RETURN,-0.5759891805287392,0.5759891805287392,True,ISOLATION_FOREST_ONLY
2018-09-10,6.4616,0.0100984836642175,-0.0259873379559844,0.0151147487175793,0.0288221741208848,0.0307059096769321,0.026200543942191,0.2230339146505735,-0.0612778568730569,0.0100984836642175,0.2960471492681688,0.4922423362996569,-0.0250457622686464,False,0.500915245372928,0,DRAWDOWN_SHIFT,-0.5417636519382357,0.5417636519382357,True,ISOLATION_FOREST_ONLY
2018-09-11,6.4302,-0.0048594775287853,-0.0361109861941808,0.0139324342241946,0.0229855133112421,0.0307352432308919,0.0205994367037727,0.2056456859863447,-0.0658395560333555,0.0048594775287853,-0.0730834712699694,0.4533048305338007,-0.0349972397361768,False,0.699944794723536,0,DRAWDOWN_SHIFT,-0.5322008600958673,0.5322008600958673,True,ISOLATION_FOREST_ONLY
2018-09-12,6.342,-0.0137165251469628,-0.0392510339185893,0.0141921563886763,0.0188879799488625,0.0308227101637399,0.0038002592596695,0.1953393422028484,-0.078652991254322,0.0137165251469628,-0.6335762823610271,0.4604447925988051,-0.0376412819246303,False,0.752825638492606,0,DRAWDOWN_SHIFT,-0.5377813692424446,0.5377813692424446,True,ISOLATION_FOREST_ONLY
2018-09-13,6.0812,-0.0411226742352569,-0.0761845443359108,0.0199357591426816,0.0202596244025743,0.0313886444787381,-0.0394111235724327,0.1862929913389572,-0.116541244152599,0.0411226742352569,-2.3372943684550047,0.6351264756331099,-0.0728564372257896,True,1.457128744515792,2,DRAWDOWN_SHIFT,-0.6267540782732699,0.6267540782732699,True,BOTH
2018-09-14,6.1703,0.0146517134776031,-0.0354384867906831,0.0222216378375331,0.0192620807952386,0.0313578720271554,-0.0265385504333427,0.1743199066993599,-0.1035970595926432,0.0146517134776031,0.6080612009912092,0.7086462314244261,-0.0329343057210101,False,0.658686114420202,0,DRAWDOWN_SHIFT,-0.5583624893641121,0.5583624893641121,True,ISOLATION_FOREST_ONLY
2018-09-17,6.3144,0.0233538077565109,-0.0227807354215673,0.0253415980362949,0.0197727616360398,0.0314405787738794,-0.0056368347743652,0.1620454666064008,-0.0826626376499986,0.0233538077565109,1.1365957636060255,0.806015634080773,-0.0213847807769416,False,0.5838451939127725,0,LARGE_ABSOLUTE_RETURN,-0.5564691548477313,0.5564691548477313,True,ISOLATION_FOREST_ONLY
2018-09-18,6.3846,0.0111174458380842,-0.0070915368106746,0.0262504903883836,0.0198607962323486,0.0313440970934795,0.0029792785794346,0.152327369525294,-0.0724641892088212,0.0111174458380842,0.4574231001111561,0.8374939086646869,-0.0066246331754656,False,0.4187469543323434,0,VOLATILITY_ACCELERATION,-0.5237714333904852,0.5237714333904852,True,ISOLATION_FOREST_ONLY
2018-09-19,6.2493,-0.0211916173291983,-0.0146168401135288,0.0273359992474888,0.0205248379125092,0.0315342975155006,-0.0198006757074694,0.1409188316191172,-0.0921201731702356,0.0211916173291983,-1.2014387674171594,0.8668656479203908,-0.0134671819159136,False,0.5297904332299574,0,LARGE_ABSOLUTE_RETURN,-0.5474267392649954,0.5474267392649954,True,ISOLATION_FOREST_ONLY
2018-09-20,6.196,-0.0085289552429872,0.0188778530553179,0.0182360068725161,0.0204976322408301,0.0315378661428787,-0.0287038699002446,0.1288323528396859,-0.0998634395792776,0.0085289552429872,-0.5038641529565131,0.5782257680307207,0.0166778045733214,False,0.333556091466428,0,DRAWDOWN_SHIFT,-0.5268378854556923,0.5268378854556923,True,ISOLATION_FOREST_ONLY
2018-09-21,6.2937,0.0157682375726275,0.0199990275999546,0.0184069129224575,0.0201900325700405,0.0315581721223479,-0.0156019050747248,0.1199367288167658,-0.0856698724467559,0.0157682375726275,0.7312663184286456,0.5832692987127305,0.0179271871458873,False,0.3942059393156874,0,LARGE_ABSOLUTE_RETURN,-0.5267050468138771,0.5267050468138771,True,ISOLATION_FOREST_ONLY
2018-09-24,6.1524,-0.0224510224510224,-0.0256556442417331,0.0178201822700761,0.0205288105024665,0.0317673825715131,-0.0379336308060144,0.1081760886404319,-0.1061975186681,0.0224510224510224,-1.2372907211825293,0.5609584683270717,-0.0235348810181014,False,0.56127556127556,0,LARGE_ABSOLUTE_RETURN,-0.546681704514657,0.546681704514657,True,ISOLATION_FOREST_ONLY
2018-09-25,6.1618,0.0015278590468761,-0.0348964696300472,0.0160747295723207,0.0197253836706482,0.0317593729298922,-0.0356252714446134,0.0943288454391155,-0.1048319144608768,0.0015278590468761,0.0524584082858893,0.5061412770272622,-0.0323677252520556,False,0.6473545050411119,0,DRAWDOWN_SHIFT,-0.524864599101146,0.524864599101146,True,ISOLATION_FOREST_ONLY
2018-09-26,6.107,-0.0088935051446006,-0.0227705503016337,0.014185467176893,0.0181948321162758,0.0318020060911844,-0.0414400217233831,0.0775173017988457,-0.1127930964349013,0.0088935051446006,-0.4149516539326939,0.4460557342269439,-0.0206729232646657,False,0.4134584652933139,0,DRAWDOWN_SHIFT,-0.5169697994666551,0.5169697994666551,False,NEITHER
2018-09-27,6.008,-0.0162109055182577,-0.0303421562298256,0.0151144176283209,0.0169720530744446,0.0318054911071393,-0.0521895242332168,0.0578849210819472,-0.1271755237237412,0.0162109055182577,-0.7390085575521463,0.4752140936106533,-0.0273120841444635,False,0.54624168288927,0,DRAWDOWN_SHIFT,-0.536577663144932,0.536577663144932,True,ISOLATION_FOREST_ONLY
2018-09-28,6.056,0.0079893475366179,-0.0377679266568156,0.0124771690738305,0.0169521953270633,0.0317817029752157,-0.0409709377454581,0.0412082838675635,-0.1202022256443037,0.0079893475366179,0.7617875254480628,0.3925896948807482,-0.0345323531975478,False,0.690647063950956,0,DRAWDOWN_SHIFT,-0.5246253669861071,0.5246253669861071,True,ISOLATION_FOREST_ONLY
2018-10-01,5.936,-0.0198150594451783,-0.0351732657174436,0.0117263000035244,0.0167386962374724,0.0316852329401076,-0.054749976910166,0.0244412923664698,-0.1376354708428974,0.0198150594451783,-0.95155359516872,0.3700872272484098,-0.0314379521747974,False,0.6287590434959479,0,DRAWDOWN_SHIFT,-0.5409030546244162,0.5409030546244162,True,ISOLATION_FOREST_ONLY
2018-10-02,5.9846,0.0081873315363882,-0.0287578305040734,0.0132302393850771,0.0168382210540871,0.031663003020736,-0.0417733102019935,0.0071210473228748,-0.1305750065374669,0.0081873315363882,0.8122730003728913,0.4178453754501005,-0.0257430920765901,False,0.514861841531802,0,DRAWDOWN_SHIFT,-0.515717850905247,0.515717850905247,False,NEITHER
2018-10-03,6.0458,0.010226247368245,-0.0100212870476502,0.0147677661770669,0.0171353179621694,0.0314055000125227,-0.0276515705892664,-0.0079235535047286,-0.1216840514861842,0.010226247368245,0.9208550213857296,0.4702286596672037,-0.0088909550512829,False,0.2556561842061249,0,LARGE_ABSOLUTE_RETURN,-0.5006507662636288,0.5006507662636288,False,NEITHER
2018-10-04,6.1627,0.0193357372059943,0.0257490013315579,0.0147270064009482,0.0179299003511044,0.0314470741410921,-0.0054916060567428,-0.0193868249979429,-0.1047011651218874,0.0193357372059943,1.3760518960452943,0.4683108620812619,0.0224743586018537,False,0.4833934301498575,0,LARGE_ABSOLUTE_RETURN,-0.5177395001867796,0.5177395001867796,False,NEITHER
2018-10-05,6.1333,-0.0047706362470995,0.0127642007926023,0.015216920160934,0.0169436857430226,0.0314645452598348,-0.0081255978568928,-0.0212371086698275,-0.1089723101955428,0.0047706362470995,-0.0911016916528907,0.4836211690101474,0.0112299154487609,False,0.2418105845050737,0,VOLATILITY_ACCELERATION,-0.4817393471078345,0.4817393471078345,False,NEITHER
2018-10-08,6.1106,-0.0037011070712341,0.0294137466307278,0.0101304143086032,0.0167058774535162,0.0314717121459977,-0.0089839514952575,-0.0207460345820181,-0.1122700990789435,0.0037011070712341,-0.1024510683951822,0.3218895197569191,0.0253653717639538,False,0.507307435279076,0,DRAWDOWN_SHIFT,-0.48908082050381096,0.48908082050381096,False,NEITHER
2018-10-09,6.1011,-0.0015546754819494,0.0194666310196169,0.0104999212154562,0.0166992698191135,0.0314384222653156,-0.0078770119391043,-0.0239468352481543,-0.1136502309904988,0.0015546754819494,0.0658757627185131,0.3339837198840676,0.0169247755469681,False,0.338495510939362,0,DRAWDOWN_SHIFT,-0.47770936835467764,0.47770936835467764,False,NEITHER
2018-10-10,6.076,-0.0041140122273033,0.0049952032816169,0.0102989291707591,0.0164963118221419,0.0314457867849597,-0.0098170866850058,-0.0287670604100355,-0.1172966847778714,0.0041140122273033,-0.0972536192393539,0.3275138014891396,0.0043873667083128,False,0.1637569007445698,0,VOLATILITY_ACCELERATION,-0.4691181864960095,0.4691181864960095,False,NEITHER
2018-10-11,5.9258,-0.0247202106649111,-0.0384409430931248,0.0095506308297215,0.0147664845952263,0.0316694207027416,-0.0330702442860942,-0.0319443347497115,-0.1391172966847779,0.0247202106649111,-1.3766949095658711,0.3015726406670492,-0.0344161315628905,False,0.68832263125781,0,DRAWDOWN_SHIFT,-0.5472900217942794,0.5472900217942794,True,ISOLATION_FOREST_ONLY
2018-10-12,5.8721,-0.0090620675689359,-0.0425871879738477,0.00940518352915,0.0143743905078391,0.0317020826967616,-0.0394958093156853,-0.0354901739603044,-0.1469186739111486,0.0090620675689359,-0.5331240854198376,0.296673995179211,-0.0379463637156058,False,0.7589272743121159,0,DRAWDOWN_SHIFT,-0.5334183038311575,0.5334183038311575,True,ISOLATION_FOREST_ONLY
2018-10-15,5.7867,-0.014543349057407,-0.0530062514319379,0.0092328731678296,0.0132587547685541,0.0317327374000505,-0.0493619782575661,-0.0414192005127401,-0.1593253334108144,0.014543349057407,-0.8465027455741123,0.2909573495482588,-0.0470552343318708,False,0.941104686637416,0,DRAWDOWN_SHIFT,-0.5643547121457975,0.5643547121457975,True,ISOLATION_FOREST_ONLY
2018-10-16,5.6856,-0.0174710975167193,-0.0681024733244823,0.0078959008388708,0.0130519471625282,0.0316467022244381,-0.060576895274052,-0.0492346796509696,-0.1740128424906296,0.0174710975167193,-0.9956328388217353,0.2495015367754008,-0.0603626115001307,True,1.2072522300026138,1,DRAWDOWN_SHIFT,-0.5935952976775477,0.5935952976775477,True,BOTH
2018-10-17,5.5835,-0.0179576473898972,-0.081056616194865,0.0056893818098683,0.0128686641827665,0.0315804646311822,-0.0723441937817904,-0.0559333013360435,-0.1888456286137664,0.0179576473898972,-0.9391682484040956,0.1801551014626513,-0.0715489438358949,True,1.430978876717898,1,DRAWDOWN_SHIFT,-0.6124754601762425,0.6124754601762425,True,BOTH
2018-10-18,5.6425,0.0105668487507835,-0.0478078909176818,0.0118657977977149,0.0133350245598137,0.0315245941044242,-0.0582114613620508,-0.0607992814038959,-0.1802742830577911,0.0105668487507835,1.2514759154558188,0.3763981150212379,-0.0411569863730132,False,0.823139727460264,0,DRAWDOWN_SHIFT,-0.5783935998753157,0.5783935998753157,True,ISOLATION_FOREST_ONLY
2018-10-19,5.6425,0.0,-0.0391001515641763,0.0126523611678117,0.0125090031982847,0.0315190248632453,-0.053065265913706,-0.0679992805136505,-0.1802742830577911,0.0,0.3436952303905752,0.4014198162128348,-0.0333556091466425,False,0.6671121829328499,0,DRAWDOWN_SHIFT,-0.5452523957515184,0.5452523957515184,True,ISOLATION_FOREST_ONLY
2018-10-22,5.6689,0.0046787771377934,-0.0203570255931705,0.0130364291275104,0.0120208808725288,0.0315172491730049,-0.0447592688547103,-0.0720032963329859,-0.1764389691141006,0.0046787771377934,0.803451177960534,0.4136283930095124,-0.0171136357032861,False,0.342272714065722,0,DRAWDOWN_SHIFT,-0.5267764222515352,0.5267764222515352,True,ISOLATION_FOREST_ONLY
2018-10-23,5.737,0.0120129125579919,0.0090403827212608,0.0120730598963488,0.012494643203954,0.0315357019595846,-0.0298116867358837,-0.0745200076689216,-0.1665456024638986,0.0120129125579919,1.333348110300328,0.3828378360444091,0.0074672400267309,False,0.333337027575082,0,LOCAL_RETURN_SHOCK,-0.5290813534524412,0.5290813534524412,True,ISOLATION_FOREST_ONLY
2018-10-24,5.7023,-0.0060484573819069,0.0212769768066625,0.0074911555366958,0.0124459971274346,0.0315075290694066,-0.0323686376324654,-0.0750217979395746,-0.1715867158671586,0.0060484573819069,-0.204696026783187,0.2377576331102909,0.0172589127466077,False,0.345178254932154,0,DRAWDOWN_SHIFT,-0.5253417447127401,0.5253417447127401,True,ISOLATION_FOREST_ONLY
2018-10-25,5.6345,-0.0118899391473615,-0.0014178112538768,0.0092715243848311,0.0122468816422724,0.0315257803977471,-0.0408341312905627,-0.0732699461413954,-0.1814364994043641,0.0118899391473615,-0.6862718901553178,0.2940934139569678,-0.0011622163465729,False,0.2972484786840375,0,LARGE_ABSOLUTE_RETURN,-0.5244797159208259,0.5244797159208259,True,ISOLATION_FOREST_ONLY
2018-10-26,5.5929,-0.007383086343065,-0.0087904297740363,0.0097950345986495,0.0119918631836017,0.031550021546128,-0.0441480580118333,-0.0733999290546532,-0.1874800244065432,0.007383086343065,-0.3470706757783147,0.3104604725650846,-0.007205741348752,False,0.184577158576625,0,LARGE_ABSOLUTE_RETURN,-0.5223558926487785,0.5223558926487785,True,ISOLATION_FOREST_ONLY
2018-10-29,5.5611,-0.0056857801855925,-0.0190160348568505,0.0091780382958428,0.0114069280145375,0.0309576495848577,-0.0465282748747316,-0.0712353220315229,-0.1920998343841706,0.0056857801855925,-0.1488180451178135,0.2964707727789531,-0.01566086527007,False,0.3132173054013999,0,DRAWDOWN_SHIFT,-0.529512354616605,0.529512354616605,True,ISOLATION_FOREST_ONLY
2018-10-30,5.4746,-0.0155544766323209,-0.0457381906919993,0.0042759552326261,0.0113954547469854,0.030952599975463,-0.0572372018133365,-0.0702138101143304,-0.2046662986314903,0.0155544766323209,-1.0835315196396202,0.1381452684432251,-0.0381206961675917,False,0.762413923351834,0,DRAWDOWN_SHIFT,-0.5972267582146795,0.5972267582146795,True,ISOLATION_FOREST_ONLY
2018-10-31,5.5835,0.0198918642457897,-0.0208336986829875,0.0139712932748926,0.0122225329631579,0.031038966560019,-0.03464122575581,-0.0697794854392197,-0.1888456286137664,0.0198918642457897,2.1301181725069696,0.45012108402117,-0.0172589127466077,False,0.5325295431267424,0,LOCAL_RETURN_SHOCK,-0.5630292071179334,0.5630292071179334,True,ISOLATION_FOREST_ONLY
2018-11-01,5.5118,-0.0128414077191725,-0.0217765551513,0.0141093048323491,0.0110662883499293,0.0304160508935921,-0.0416452585191386,-0.0718790394288599,-0.1992619926199261,0.0128414077191725,-0.7316721988201025,0.4638769471325936,-0.017825493215562,False,0.35650986431124,0,DRAWDOWN_SHIFT,-0.5423927074771281,0.5423927074771281,True,ISOLATION_FOREST_ONLY
2018-11-02,5.4296,-0.0149134583983454,-0.0291977328398506,0.0148985667358909,0.0112614380432836,0.022221868811479,-0.0501265716490002,-0.0755901347851436,-0.2112037655809628,0.0149134583983454,-0.8499761350678662,0.670446165544585,-0.0237237411744195,False,0.47447482348839,0,DRAWDOWN_SHIFT,-0.5577938234625277,0.5577938234625277,True,ISOLATION_FOREST_ONLY
2018-11-05,5.3134,-0.0214012081921319,-0.0445415475355595,0.0164408772328033,0.0117547603287581,0.0201462331138153,-0.063927543968134,-0.0794235155883196,-0.2035196594264814,0.0214012081921319,-1.3663165954742609,0.8160769876890261,-0.0114198250423107,False,0.5350302048032974,0,LARGE_ABSOLUTE_RETURN,-0.5858014400070143,0.5858014400070143,True,ISOLATION_FOREST_ONLY
2018-11-06,5.356,0.0080174652764708,-0.021663683191466,0.0174284672699038,0.01217132367146,0.0177939283827595,-0.0501887297692948,-0.0830184046286388,-0.1971339059525415,0.0080174652764708,1.2690168425390411,0.9794614710706716,0.0075323926789488,False,0.4897307355353358,0,VOLATILITY_ACCELERATION,-0.5595730830593463,0.5595730830593463,True,ISOLATION_FOREST_ONLY
2018-11-07,5.3612,0.0009708737864078,-0.0398137369033759,0.0121228880644196,0.0122747177728336,0.0162911898363435,-0.0432024128746134,-0.0868553055291188,-0.1963544243078352,0.0009708737864078,0.6073119496897873,0.7441376711095118,-0.0075087956940688,False,0.3720688355547559,0,VOLATILITY_ACCELERATION,-0.5313170795118575,0.5313170795118575,True,ISOLATION_FOREST_ONLY
2018-11-08,5.4583,0.0181116168022084,-0.0097064479843245,0.0162534133591241,0.0125994538073852,0.016136852654678,-0.0217925052420293,-0.0895117378399502,-0.1817991035961085,0.0181116168022084,1.977910162469684,1.0072232613719945,0.0174628890238175,False,0.5036116306859972,0,VOLATILITY_ACCELERATION,-0.5505873030742573,0.5505873030742573,True,ISOLATION_FOREST_ONLY
2018-11-09,5.4606,0.0004213766190939,0.0057094445263004,0.0145254181921439,0.0125783469999152,0.0155444657801001,-0.0177584508910702,-0.0906566713993157,-0.1814543328686423,0.0004213766190939,0.3529087479377968,0.9344430614488678,0.0297494327123205,False,0.59498865424641,0,DRAWDOWN_SHIFT,-0.5120213320990902,0.5120213320990902,False,NEITHER
2018-11-12,5.4685,0.001446727465846,0.0291903489291225,0.0075447645377518,0.0123489610572804,0.0154615961264529,-0.0135142326526158,-0.0893287937343677,-0.180270120369954,0.001446727465846,0.3973205783914769,0.4879680258135595,0.0232495390565274,False,0.464990781130548,0,DRAWDOWN_SHIFT,-0.5007062240160702,0.5007062240160702,False,NEITHER
2018-11-13,5.4776,0.0016640760720489,0.0227035100821508,0.0076113126381371,0.0118808986888484,0.015467181840279,-0.0100153352195864,-0.0857882844738918,-0.178906027491718,0.0016640760720489,0.357558896232174,0.4920943399214479,0.0182278784608234,False,0.364557569216468,0,DRAWDOWN_SHIFT,-0.4865186002816349,0.4865186002816349,False,NEITHER
2018-11-14,5.4624,-0.00277493792902,0.0188763709617247,0.0082092006807747,0.0112627750822377,0.015464648820679,-0.0116809240522819,-0.0817378822000903,-0.1811845122993209,0.00277493792902,-0.0825099027375885,0.5308365405490186,0.0151699120085143,False,0.303398240170286,0,DRAWDOWN_SHIFT,-0.4809354594497539,0.4809354594497539,False,NEITHER
2018-11-15,5.3481,-0.0209248681898066,-0.0201894362713667,0.0096078547250739,0.0117463036419323,0.0155559638125512,-0.0297773681842591,-0.0799531317285513,-0.19831811845123,0.0209248681898066,-1.7659375583597892,0.6176315939563887,-0.0165190148551215,False,0.523121704745165,0,LARGE_ABSOLUTE_RETURN,-0.533858510158382,0.533858510158382,True,ISOLATION_FOREST_ONLY
2018-11-16,5.3318,-0.0030478113722629,-0.0235871515950628,0.0093268686893566,0.0117304190003143,0.0153936649174518,-0.030000700419615,-0.0775328511252454,-0.2007614936067514,0.0030478113722629,-0.0372640515563304,0.6058900683736936,-0.0193071607381091,False,0.3861432147621819,0,DRAWDOWN_SHIFT,-0.4969249745975648,0.4969249745975648,False,NEITHER
2018-11-19,5.3075,-0.0045575602985858,-0.0294413458900977,0.0086985784222692,0.0116031670967842,0.0151478395379802,-0.0312367952966385,-0.0768199645295959,-0.2044040712925904,0.0045575602985858,-0.1530272040726702,0.5742454823646133,-0.0241339509226364,False,0.482679018452728,0,DRAWDOWN_SHIFT,-0.5059075441067206,0.5059075441067206,False,NEITHER
2018-11-20,5.3776,0.0132077249175694,-0.0182561705856578,0.0120887482469589,0.0116885091431537,0.0148707847805831,-0.0152115172785731,-0.0765429029718676,-0.1938960591206847,0.0132077249175694,1.4161675625880736,0.8129193196813173,-0.0149900316289666,False,0.4064596598406586,0,VOLATILITY_ACCELERATION,-0.5187557959190465,0.5187557959190465,True,ISOLATION_FOREST_ONLY
2018-11-21,5.308,-0.012942576614103,-0.0282659636789689,0.012748351124359,0.0118781531629365,0.0142138629363549,-0.0244350710813369,-0.0767174892458065,-0.2043291211344455,0.012942576614103,-0.8365492266071727,0.8968955998409447,-0.0231446088351246,False,0.4628921767024919,0,DRAWDOWN_SHIFT,-0.5179078533595141,0.5179078533595141,False,NEITHER
2018-11-22,5.296,-0.0022607385079125,-0.0097417774536749,0.0094695570350629,0.0117146041452638,0.0136396236360059,-0.0236033204124241,-0.0766634748377487,-0.2061279249299216,0.0022607385079125,0.1051115242224646,0.694268206203663,-0.0078098064786915,False,0.3471341031018315,0,VOLATILITY_ACCELERATION,-0.4851214950810103,0.4851214950810103,False,NEITHER
2018-11-23,5.2875,-0.0016049848942599,-0.008308638733636,0.0094485650136041,0.0116727161030157,0.0135274501086244,-0.0224182829505127,-0.0756192725619613,-0.2074020776183838,0.0016049848942599,0.1214573149840107,0.6984734697029255,-0.0066405840116323,False,0.3492367348514627,0,VOLATILITY_ACCELERATION,-0.48256385868470536,0.48256385868470536,False,NEITHER
2018-11-26,5.2477,-0.0075271867612292,-0.0112670748940179,0.0097664518347019,0.0117044025818441,0.0133254478605399,-0.0269576689408752,-0.0753350850196529,-0.2133681102067125,0.0075271867612292,-0.4102115164600097,0.7329173425850017,-0.0089640389141221,False,0.3664586712925008,0,VOLATILITY_ACCELERATION,-0.4917692270912607,0.4917692270912607,False,NEITHER
2018-11-27,5.2716,0.0045543762029078,-0.0197113954180303,0.0066018864831774,0.0114139926986848,0.0133137003795869,-0.0206829545591764,-0.0730225289414883,-0.2014058263016769,0.0045543762029078,0.6309891228920774,0.4958716431158146,-0.0075097671809921,False,0.2479358215579073,0,VOLATILITY_ACCELERATION,-0.4846367249623537,0.4846367249623537,False,NEITHER
2018-11-28,5.2219,-0.0094278776841946,-0.0162207987942728,0.0055012145549243,0.0103070577797167,0.0133053713697731,-0.0266465729269478,-0.0724438350859113,-0.2067236848101843,0.0094278776841946,-0.6660549038765573,0.4134581742995809,-0.0023945636757387,False,0.235696942104865,0,LARGE_ABSOLUTE_RETURN,-0.49664597604452976,0.49664597604452976,False,NEITHER
2018-11-29,5.1631,-0.0112602692506558,-0.0250944108761329,0.0064803902646221,0.0102357705271062,0.0133392416697309,-0.0344689588624046,-0.0702265481894141,-0.2009564194626717,0.0112602692506558,-0.7731353068975627,0.4858139934091795,0.0051715054672498,False,0.2815067312663949,0,LARGE_ABSOLUTE_RETURN,-0.5008224583501247,0.5008224583501247,False,NEITHER
2018-11-30,5.2128,0.0096259998837906,-0.014127659574468,0.0093051503360337,0.0102301219468666,0.0130645396050452,-0.0231946302688238,-0.0663998194582699,-0.1932648260492757,0.0096259998837906,1.254274106408472,0.7122447952502118,0.0141372515691081,False,0.3561223976251059,0,VOLATILITY_ACCELERATION,-0.49650327470416933,0.49650327470416933,False,NEITHER
2018-12-03,5.2501,0.0071554634745243,0.0004573432170282,0.0097493270790008,0.0093309479382091,0.0130187443428323,-0.015621323298487,-0.0604014608184598,-0.1835246182078318,0.0071554634745243,0.8935331030648127,0.7488684639827392,0.0298434919988807,False,0.596869839977614,0,DRAWDOWN_SHIFT,-0.4783497012072926,0.4783497012072926,False,NEITHER
2018-12-04,5.3875,0.0261709300775223,0.0219857348812504,0.0153730065308856,0.0109512613484835,0.0135635499959544,0.0098425676524231,-0.0539145577729446,-0.1561726654763022,0.0261709300775223,2.864509137183139,1.1334058218881418,0.0452331608253746,False,0.904663216507492,0,DRAWDOWN_SHIFT,-0.5440798214576807,0.5440798214576807,True,ISOLATION_FOREST_ONLY
2018-12-05,5.3262,-0.0113781902552204,0.019973572837473,0.0158311702596464,0.0112582433132619,0.0135351381125792,-0.0013200231004042,-0.0481923517942631,-0.1657738934310685,0.0113781902552204,-1.0709458547292237,1.1696349256261618,0.0409497913791158,False,0.8189958275823159,0,DRAWDOWN_SHIFT,-0.5125559974166203,0.5125559974166203,False,NEITHER
2018-12-06,5.3386,0.0023281138522772,0.033991206833104,0.01354426096151,0.0104244251937312,0.0125794252202177,0.0021296145951337,-0.0452776931486227,-0.1638317200764339,0.0023281138522772,0.2305465686024612,1.0766995092702338,0.0371246993862378,False,0.742493987724756,0,DRAWDOWN_SHIFT,-0.48461205130917523,0.48461205130917523,False,NEITHER
2018-12-07,5.3029,-0.0066871464428874,0.0172843769183548,0.0146103020893915,0.0104923433326133,0.0123984104243969,-0.0030962313206263,-0.043162614166288,-0.1694232998151802,0.0066871464428874,-0.5401291369705283,1.1784012296158677,0.0238415262340954,False,0.5892006148079338,0,VOLATILITY_ACCELERATION,-0.47919253727529376,0.47919253727529376,False,NEITHER
2018-12-10,5.3248,0.004129815761187,0.0142283004133254,0.0144840858711628,0.0105478252989084,0.0119610681431483,0.0023747290427573,-0.0417125544452293,-0.1659931710678821,0.004129815761187,0.5281806359351445,1.210935820933331,0.0175314471399496,False,0.6054679104666655,0,VOLATILITY_ACCELERATION,-0.47239953469913615,0.47239953469913615,False,NEITHER
2018-12-11,5.3653,0.0076059194711539,-0.0041206496519721,0.0079262895439895,0.0107173673442748,0.0119004197753672,0.0110674126601553,-0.0409261496670441,-0.1475125919570363,0.0076059194711539,0.8422401411965754,0.666051256477205,0.0086600735192658,False,0.3330256282386025,0,VOLATILITY_ACCELERATION,-0.4289252462794518,0.4289252462794518,False,NEITHER
2018-12-12,5.3482,-0.0031871470374443,0.0041305245766212,0.005737831948716,0.0107213948464852,0.0116538904596642,0.0089306263511959,-0.0409085645635213,-0.150229594674039,0.0031871470374443,-0.2058674242105393,0.4923533448830214,0.0155442987570294,False,0.310885975140588,0,DRAWDOWN_SHIFT,-0.4263633579474659,0.4263633579474659,False,NEITHER
2018-12-13,5.3392,-0.0016828091694403,0.0001123890158469,0.0057577488611172,0.00964917438494,0.0116275948312049,0.0073173515658679,-0.0384281163374601,-0.1516595961040405,0.0016828091694403,-0.0635559547815918,0.4951796949155097,0.0121721239723933,False,0.2475898474577548,0,VOLATILITY_ACCELERATION,-0.4189576155210816,0.4189576155210816,False,NEITHER
2018-12-14,5.3635,0.0045512436320047,0.0114277093665731,0.0045425565348089,0.0096740548124114,0.0114186518729447,0.0115993964541682,-0.0354221301670729,-0.1296834179823778,0.0045512436320047,0.4757444711054826,0.3978189882092834,0.0397398818328023,False,0.7947976366560459,0,DRAWDOWN_SHIFT,-0.4377834774979036,0.4377834774979036,False,NEITHER
2018-12-17,5.3686,0.0009508716323296,0.0082256610576922,0.0044408487879872,0.0096054318614955,0.0111249198187837,0.0119781981525166,-0.0316830743424227,-0.1288558586333912,0.0009508716323296,0.0630776469962223,0.3991802961572017,0.0371373124344909,False,0.742746248689818,0,DRAWDOWN_SHIFT,-0.4298318976000788,0.4298318976000788,False,NEITHER
2018-12-18,5.345,-0.0043959319003091,-0.0037835722140422,0.0035741694303609,0.009188374489319,0.0111174887402912,0.0078392736769163,-0.0287950277118262,-0.1326853489541921,0.0043959319003091,-0.5217889822108125,0.3214907173602662,0.0148272430028442,False,0.2965448600568839,0,DRAWDOWN_SHIFT,-0.42012763165584965,0.42012763165584965,False,NEITHER
2018-12-19,5.2861,-0.0110196445275957,-0.0116113832691372,0.0058803041549579,0.0090578590439752,0.0111422007946957,-0.003060918501866,-0.0254771685091759,-0.1422428481022928,0.0110196445275957,-1.1705594187089774,0.5277506897701258,0.0079867465717462,False,0.2926398546772443,0,LOCAL_RETURN_SHOCK,-0.42895693591096756,0.42895693591096756,False,NEITHER
2018-12-20,5.2649,-0.0040105181513782,-0.0139159424632904,0.005909390283601,0.0090875387348648,0.0109951644847551,-0.0067678782819493,-0.0227229778623807,-0.145682898729453,0.0040105181513782,-0.4242237056847832,0.5374535589526128,0.0059766973745875,False,0.2687267794763064,0,VOLATILITY_ACCELERATION,-0.41317811499761725,0.41317811499761725,False,NEITHER
2018-12-21,5.3181,0.0101046553590762,-0.0084646219819147,0.0078395786727906,0.0093688694119006,0.0110315205560303,0.0029788931417564,-0.0196810541427742,-0.1370503188537492,0.0101046553590762,1.1400340912633466,0.7106525916325427,-0.0073669008713713,False,0.3553262958162713,0,VOLATILITY_ACCELERATION,-0.42119799044082734,0.42119799044082734,False,NEITHER
2018-12-24,5.289,-0.0054718790545497,-0.0148269567485005,0.0078281240700908,0.0092890814004888,0.0107940550275776,-0.0028976108378564,-0.016449768546203,-0.1417722751391436,0.0054718790545497,-0.6192756252425582,0.7252255107177813,-0.0129164165057523,False,0.3626127553588906,0,VOLATILITY_ACCELERATION,-0.41653602242779963,0.41653602242779963,False,NEITHER
2018-12-25,5.3101,0.0039894119871433,-0.0065294667913937,0.0083256429560114,0.0092767387925324,0.0107412737853321,0.000717072835189,-0.0142375860009456,-0.138348451165885,0.0039894119871433,0.3828810449762243,0.7751076010538527,-0.0056631022116929,False,0.3875538005269263,0,VOLATILITY_ACCELERATION,-0.4056689042472675,0.4056689042472675,False,NEITHER
2018-12-26,5.2766,-0.0063087324155853,-0.0017971661527401,0.0071286268800036,0.0091277622769413,0.0106355847172107,-0.0061084604908994,-0.0104056866401796,-0.1437843802229542,0.0063087324155853,-0.7236684301013235,0.6702618680163324,-0.0015415321206614,False,0.3351309340081662,0,VOLATILITY_ACCELERATION,-0.41139102490042545,0.41139102490042545,False,NEITHER
2018-12-27,5.285,0.0015919342000529,0.003817736329275,0.0068418724260229,0.0086938543083852,0.0102666302916151,-0.0056677876813809,-0.0060393610376592,-0.138310534296382,0.0015919342000529,0.1129988185999714,0.6664185065289389,0.007372364433071,False,0.3332092532644694,0,VOLATILITY_ACCELERATION,-0.3978373488128755,0.3978373488128755,False,NEITHER
2018-12-28,5.2725,-0.0023651844843898,-0.0085744908896034,0.004447340926366,0.0084935807670729,0.0102623310860092,-0.0085763551336847,-0.0034610181052283,-0.1371551075180833,0.0023651844843898,-0.4104396481294525,0.4333655666624448,-0.0001047886643341,False,0.2166827833312224,0,VOLATILITY_ACCELERATION,-0.4032096389046435,0.4032096389046435,False,NEITHER
2018-12-31,5.2887,0.003072546230441,-5.6721497447398406e-05,0.0042803132180758,0.0083760696225019,0.0102857390279171,-0.0058909331508786,-0.002507774099709,-0.1331563160741504,0.003072546230441,0.2906886385997481,0.416140561845713,0.0086159590649931,False,0.2080702809228565,0,VOLATILITY_ACCELERATION,-0.39680864615443334,0.39680864615443334,False,NEITHER
2019-01-01,5.2933,0.0008697789626941,-0.0031637822263234,0.0037467993929524,0.0057904414896122,0.0102936859331417,-0.0041446156682651,-0.0036851053141616,-0.1288183015141539,0.0008697789626941,0.0561559353818027,0.3639900631598979,0.0095301496517311,False,0.1906029930346219,0,DRAWDOWN_SHIFT,-0.3961739138699316,0.3961739138699316,False,NEITHER
2019-01-02,5.4003,0.02021423308711,0.0234431262555432,0.0089104546553241,0.0069622992567615,0.0106929143230414,0.0152781472579142,-0.002663484110972,-0.0886800094502008,0.02021423308711,3.640461222593831,0.8333045964956061,0.0551043707727534,True,1.102087415455068,1,DRAWDOWN_SHIFT,-0.48972420539835676,0.48972420539835676,False,BASELINE_ONLY
2019-01-03,5.4664,0.0122400607373664,0.0343235572374645,0.0092546981623387,0.0074209215302072,0.0104174513222231,0.0264720656097869,-0.0003435165014628,-0.0690894228640519,0.0122400607373664,1.6554996794454298,0.8883841043342388,0.06922111143233,True,1.3844222286465997,1,DRAWDOWN_SHIFT,-0.4625973440793894,0.4625973440793894,False,BASELINE_ONLY
2019-01-04,5.3311,-0.0247512073759695,0.0111142721669037,0.0169862481587619,0.0092952163927853,0.0108055014347132,0.0008006630578945,0.0014033616762889,-0.0787322653671349,0.0247512073759695,-3.49832310773581,1.5719999910594384,0.0584228421509483,True,1.168456843018966,1,DRAWDOWN_SHIFT,-0.518921551077021,0.518921551077021,True,BOTH
2019-01-07,5.3848,0.0100729680553732,0.0181708170249776,0.0173475095653422,0.0095162507683665,0.0107711538743709,0.01031270198796,0.0033225499488442,-0.0613909708907094,0.0100729680553732,1.0507121938289463,1.610552571031337,0.071765345183441,True,1.43530690366882,1,DRAWDOWN_SHIFT,-0.47291611058244715,0.47291611058244715,False,BASELINE_ONLY
2019-01-08,5.4811,0.0178836725597977,0.0354788128388716,0.0182895036533397,0.010169380860966,0.0108296094683247,0.0272648471359961,0.0054752881805009,-0.0446051943524491,0.0178836725597977,1.8158563197320703,1.6888424007194616,0.0842131071617048,True,1.6842621432340958,1,DRAWDOWN_SHIFT,-0.5052753533983451,0.5052753533983451,False,BASELINE_ONLY
2019-01-09,5.4768,-0.0007845140573972,0.0141658796733514,0.016891997949928,0.0101299692860533,0.0105860088258756,0.0252234392944288,0.0077713804929766,-0.0453547150078438,0.0007845140573972,-0.187025168959291,1.5956908999205195,0.043325294442357,False,0.86650588884714,0,DRAWDOWN_SHIFT,-0.4359880549268792,0.4359880549268792,False,NEITHER
2019-01-10,5.4168,-0.0109553023663452,-0.0090736133469925,0.0168817924789925,0.0104769105284308,0.0105773361383811,0.0132558663732351,0.0085880067881478,-0.0558131427575387,0.0109553023663452,-1.2036413721876378,1.5960344134034794,0.0132762801065131,False,0.7980172067017397,0,VOLATILITY_ACCELERATION,-0.4270597583226857,0.4270597583226857,False,NEITHER
2019-01-11,5.455,0.0070521341013143,0.02324098216128,0.010992818716007,0.010539106350024,0.0106234817050359,0.0195289794804607,0.009149377593361,-0.0491546104235662,0.0070521341013143,0.5992425895767489,1.0347660984624298,0.0295776549435687,False,0.591553098871374,0,DRAWDOWN_SHIFT,-0.3980924087202067,0.3980924087202067,False,NEITHER
2019-01-14,5.4447,-0.0018881759853345,0.0111239043232802,0.01081878375527,0.0105574741706567,0.0106029512208992,0.0168807774663986,0.0092854833738764,-0.0509499738539306,0.0018881759853345,-0.2644573004320316,1.0203558924184597,0.0104409970367787,False,0.5101779462092298,0,VOLATILITY_ACCELERATION,-0.3774870651879212,0.3774870651879212,False,NEITHER
2019-01-15,5.4466,0.0003489632119308,-0.0062943569721405,0.0064478455121692,0.0104886728303151,0.0104735997272889,0.0162714261591094,0.0105535573709443,-0.0448415551619522,0.0003489632119308,-0.0386505360608959,0.6156284066660843,-0.0002363608095031,False,0.3078142033330421,0,VOLATILITY_ACCELERATION,-0.36061305248041176,0.36061305248041176,False,NEITHER
2019-01-16,5.3363,-0.0202511658649433,-0.0256536663745253,0.0106244561930255,0.0112226417427332,0.010750794198106,-0.0047753550277374,0.0112356266018902,-0.0529239506611057,0.0202511658649433,-2.025559020892122,0.9882484956225134,-0.0075692356532619,False,0.5063897552230305,0,LOCAL_RETURN_SHOCK,-0.4261357688252562,0.4261357688252562,False,NEITHER
2019-01-17,5.348,0.0021925304049623,-0.0127012258159799,0.0104505681556937,0.0111760942724404,0.0106634559069963,-0.0033655978501917,0.0123161235857021,-0.0437876593538236,0.0021925304049623,0.147901582015366,0.9800357639062468,0.0120254834037151,False,0.4900178819531234,0,VOLATILITY_ACCELERATION,-0.3844866244593704,0.3844866244593704,False,NEITHER
2019-01-18,5.3283,-0.0036836200448766,-0.0232263978001834,0.008996771586765,0.0109985603607059,0.0106354842995282,-0.0071311843505257,0.0121202005542873,-0.0457060983254231,0.0036836200448766,-0.4050123682900527,0.8459202546295053,0.003448512098143,False,0.4229601273147526,0,VOLATILITY_ACCELERATION,-0.38191646216236463,0.38191646216236463,False,NEITHER
2019-01-21,5.3247,-0.000675637633016,-0.0220397818061601,0.0091057220062489,0.0109214694302063,0.0106157394284995,-0.0081319137799193,0.0120626954756171,-0.0463508551983522,0.000675637633016,-0.0753789769084407,0.857756736361036,0.0045991186555784,False,0.428878368180518,0,VOLATILITY_ACCELERATION,-0.37828737327442835,0.37828737327442835,False,NEITHER
2019-01-22,5.3435,0.0035307153454653,-0.0189292402599787,0.0096185147654224,0.0109139991448494,0.0104467209584157,-0.0049394555891267,0.0120102632816305,-0.042983791528611,0.0035307153454653,0.2872764237448947,0.9207209423617168,0.0018577636333411,False,0.4603604711808584,0,VOLATILITY_ACCELERATION,-0.3751216074656796,0.3751216074656796,False,NEITHER
2019-01-23,5.286,-0.0107607373444371,-0.0094260067837265,0.0056884174445473,0.0111011892886328,0.0101862997945201,-0.0157331866057039,0.0115774444672567,-0.0409666533618782,0.0107607373444371,-1.0198862057930995,0.5584380549655023,0.0119572972992275,False,0.2792190274827511,0,VOLATILITY_ACCELERATION,-0.3905082497771969,0.3905082497771969,False,NEITHER
2019-01-24,5.265,-0.0039727582292848,-0.0155198204936425,0.0052352737531742,0.0111327769688513,0.0100732279313305,-0.0194608617756418,0.0102292984642882,-0.0394263925124518,0.0039727582292848,-0.3711726472850898,0.5197215618333288,0.0043612668413718,False,0.2598607809166644,0,VOLATILITY_ACCELERATION,-0.3776744210529634,0.3776744210529634,False,NEITHER
2019-01-25,5.2688,0.000721747388414,-0.0111667886567948,0.0054800860689149,0.0111215580304544,0.0099004071590672,-0.0187193512760486,0.0096274804394795,-0.0387331010198682,0.000721747388414,0.0765561391623638,0.5535212825965458,0.0069729973055548,False,0.2767606412982729,0,VOLATILITY_ACCELERATION,-0.37235368967466614,0.37235368967466614,False,NEITHER
2019-01-28,5.3279,0.0112169754023685,0.00060097282476,0.0082200267817991,0.0113850491871177,0.0096222508361606,-0.0080744404954508,0.0096296268449107,-0.0279505938588969,0.0112169754023685,1.0064384695520805,0.8542727602681157,0.0184002613394553,False,0.4271363801340578,0,VOLATILITY_ACCELERATION,-0.38361530838525965,0.38361530838525965,False,NEITHER
2019-01-29,5.3098,-0.0033972109086131,-0.0063067278001309,0.008089972839334,0.0114163321335713,0.0095756050799154,-0.0115960346940997,0.0106794874448057,-0.0312528507051503,0.0033972109086131,-0.3362518565755868,0.8448523901954272,0.0117309408234607,False,0.4224261950977136,0,VOLATILITY_ACCELERATION,-0.37585581570741283,0.37585581570741283,False,NEITHER
2019-01-30,5.2252,-0.0159328034954235,-0.0115020809685961,0.0097684595489132,0.0109351340380204,0.0097898532559468,-0.0257563384010708,0.0083295184182845,-0.0466877086716169,0.0159328034954235,-1.4146826520686984,0.9978147060559254,-0.0057210553097387,False,0.4989073530279627,0,VOLATILITY_ACCELERATION,-0.4106887850607938,0.4106887850607938,False,NEITHER
2019-01-31,5.1645,-0.0116167802189389,-0.0190883190883189,0.0106586226754559,0.0106444700174411,0.0095882750713118,-0.0343561299080352,0.0042851040057836,-0.0577621280399918,0.0116167802189389,-0.9169628720730044,1.111630882112111,-0.0183357355275399,False,0.5558154410560555,0,VOLATILITY_ACCELERATION,-0.41845147915721925,0.41845147915721925,False,NEITHER
2019-02-01,5.2084,0.0085003388517765,-0.0114637109019131,0.0119708072382159,0.0095756980452959,0.0096632443243726,-0.0250294359344902,0.0028675564382976,-0.0497527868493549,0.0085003388517765,1.059972848440272,1.2387979478096371,-0.0110196858294866,False,0.6193989739048186,0,VOLATILITY_ACCELERATION,-0.410563382214107,0.410563382214107,False,NEITHER
2019-02-04,5.2182,0.0018815759158283,-0.0205897257831414,0.0098939133267049,0.0092410951271697,0.0096650764956547,-0.021669435184803,0.0007401730072316,-0.0479648245790077,0.0018815759158283,0.3134506688693238,1.0236766704488147,-0.0200142307201108,False,0.5118383352244074,0,VOLATILITY_ACCELERATION,-0.39739683333203246,0.39739683333203246,False,NEITHER
2019-02-05,5.1985,-0.003775248169867,-0.0209612414780218,0.0098885191216163,0.0080370048845313,0.009667705371112,-0.0227740546840488,-0.0029940260044512,-0.0515589936326649,0.003775248169867,-0.2430172496468135,1.0228403475310814,-0.0203061429275146,False,0.5114201737655407,0,VOLATILITY_ACCELERATION,-0.39775840514236394,0.39775840514236394,False,NEITHER
2019-02-06,5.2168,0.0035202462248724,-0.001607593967695,0.0076965310762912,0.0081454461173567,0.0096803391279432,-0.0169315858404076,-0.0066275993040133,-0.0482202477604859,0.0035202462248724,0.763057257996285,0.7950683312400126,-0.0015325390888689,False,0.3975341656200063,0,VOLATILITY_ACCELERATION,-0.36724427701974777,0.36724427701974777,False,NEITHER
2019-02-07,5.2668,0.0095844195675509,0.0198083067092651,0.0053989465240367,0.0083029546973028,0.0093982340196303,-0.0061047526490097,-0.0087515093243745,-0.0390979912791227,0.0095844195675509,1.4709605914312192,0.5744639378802232,0.018664136760869,False,0.37328273521738,0,DRAWDOWN_SHIFT,-0.3880801404247974,0.3880801404247974,False,NEITHER
2019-02-08,5.2474,-0.003683451051872,0.0074879041548268,0.0055740714714645,0.0080736554332977,0.0094018425355399,-0.0078222346594765,-0.011539086928162,-0.0426374267938917,0.003683451051872,-0.2786028061324794,0.592870115660197,0.0071153600554631,False,0.2964350578300985,0,VOLATILITY_ACCELERATION,-0.3602982042591,0.3602982042591,False,NEITHER
2019-02-11,5.2779,0.0058124023325838,0.0114407266873632,0.0059075951032834,0.0082561564294906,0.0094161042620359,-0.0004791276468014,-0.013799150778391,-0.03707285034026,0.0058124023325838,0.9561228154992744,0.6273927028507744,0.0108919742387477,False,0.3136963514253872,0,VOLATILITY_ACCELERATION,-0.3686063530769233,0.3686063530769233,False,NEITHER
2019-02-12,5.2516,-0.0049830424979632,0.0102144849475809,0.0062333963689593,0.0082786196594869,0.0092737868827568,-0.0036200262584714,-0.0165531743788244,-0.0418711572494572,0.0049830424979632,-0.4192105142078485,0.6721522122262001,0.0096878363832077,False,0.3360761061131,0,VOLATILITY_ACCELERATION,-0.36669434364468895,0.36669434364468895,False,NEITHER
2019-02-13,5.285,0.0063599664864042,0.0130731482901396,0.0065234510314048,0.0072267747236918,0.0091637952847483,0.0032051312471348,-0.0174919175181209,-0.0357774899199064,0.0063599664864042,0.9842874806232936,0.7118721914556583,0.0124427578405795,False,0.3559360957278291,0,VOLATILITY_ACCELERATION,-0.36915650635987446,0.36915650635987446,False,NEITHER
2019-02-14,5.2729,-0.0022894985808893,0.0011581985266195,0.0054216604484789,0.0072097290447667,0.009163914639631,0.0016222294827861,-0.018952453010216,-0.0379850759883964,0.0022894985808893,-0.2534297895272406,0.5916314873811627,0.0011129152907263,False,0.2958157436905813,0,VOLATILITY_ACCELERATION,-0.3521564178187851,0.3521564178187851,False,NEITHER
2019-02-15,5.2714,-0.0002844734396632,0.0045736936387543,0.0050031574267284,0.0071752317977953,0.0091616572428048,0.001878736447582,-0.0195758184464192,-0.0382587436828373,0.0002844734396632,0.0551541661085469,0.5460974247489645,0.0043786831110544,False,0.2730487123744822,0,VOLATILITY_ACCELERATION,-0.3518120915716784,0.3518120915716784,False,NEITHER
2019-02-18,5.3083,0.007000037940585,0.0057598666136153,0.0053119725133071,0.0073686952010975,0.0091515716115977,0.0090491845659175,-0.0200545604752292,-0.0315265183995913,0.007000037940585,1.0469627818335228,0.5804437465773952,0.0055463319406686,False,0.2902218732886976,0,VOLATILITY_ACCELERATION,-0.3595764716933142,0.3595764716933142,False,NEITHER
2019-02-19,5.2828,-0.004803797826046,0.0059410465381979,0.0052605009553783,0.0073865207104507,0.0091564107119304,0.0047815948539844,-0.0209244835917896,-0.0361788692050865,0.004803797826046,-0.6344975296704379,0.5745156176234099,0.0056922880443706,False,0.2872578088117049,0,VOLATILITY_ACCELERATION,-0.35918398951287156,0.35918398951287156,False,NEITHER
2019-02-20,5.3244,0.0078746119482091,0.0074550614947965,0.0056605786999738,0.0072031489367136,0.0091244098829876,0.0123241779761882,-0.0206526586469217,-0.0285891518125923,0.0078746119482091,1.1398758442425032,0.620377511813439,0.007188338107314,False,0.3101887559067195,0,VOLATILITY_ACCELERATION,-0.36402391270492196,0.36402391270492196,False,NEITHER
2019-02-21,5.3214,-0.0005634437683119,0.0091979745491095,0.0054192344156919,0.0071345663994381,0.0089970291706494,0.011211614472484,-0.0199450786340242,-0.0291364872014741,0.0005634437683119,-0.1319015695303611,0.6023359836790152,0.0088485887869223,False,0.3011679918395076,0,VOLATILITY_ACCELERATION,-0.35384721934760793,0.35384721934760793,False,NEITHER
2019-02-22,5.3186,-0.0005261773217574,0.0089539780703418,0.0054439954894152,0.0071385067841323,0.0089184390887113,0.0102015426723065,-0.0194475640259178,-0.0296473335644303,0.0005261773217574,-0.1518390699808939,0.6104202131408903,0.008611410118407,False,0.3052101065704451,0,VOLATILITY_ACCELERATION,-0.35265526862646107,0.35265526862646107,False,NEITHER
2019-02-25,5.3026,-0.0030083104576392,-0.0010737901022926,0.004861050712314,0.0067097500876633,0.0088839080948319,0.0074045928423853,-0.0200408841856768,-0.0325664556384667,0.0030083104576392,-0.4907248718972312,0.547174808701798,-0.0010399372388753,False,0.273587404350899,0,VOLATILITY_ACCELERATION,-0.3537557834413931,0.3537557834413931,False,NEITHER
2019-02-26,5.3066,0.0007543469241504,0.0045051866434466,0.0041266443436838,0.0066702729915225,0.0082047864324778,0.0081951718117248,-0.0202211613904816,-0.0318366751199575,0.0007543469241504,0.1446967226684329,0.5029557292739399,0.004342194085129,False,0.2514778646369699,0,VOLATILITY_ACCELERATION,-0.3492935420806959,0.3492935420806959,False,NEITHER
2019-02-27,5.3136,0.0013191120491462,-0.0020283975659228,0.0016683570738,0.0055187319392341,0.008074802009492,0.0086780558041794,-0.0177976783123946,-0.0305595592125667,0.0013191120491462,0.1991022080587443,0.2066127530853179,-0.0019704073999744,False,0.1033063765426589,0,VOLATILITY_ACCELERATION,-0.3581776797974028,0.3581776797974028,False,NEITHER
2019-02-28,5.3371,0.0044226136705811,0.0029503514112829,0.0027129875119948,0.0047185784597861,0.0080895834814495,0.0114820103799573,-0.0134118762322968,-0.0262720986663259,0.0044226136705811,0.6467014459971041,0.335368009764167,0.0028643885351481,False,0.1676840048820835,0,VOLATILITY_ACCELERATION,-0.35641560794513527,0.35641560794513527,False,NEITHER
2019-03-01,5.3742,0.00695134061569,0.0104538788402963,0.0037896141710742,0.0046118220815501,0.0080893230065052,0.0169154774868702,-0.0107270348233188,-0.0195033843571544,0.00695134061569,1.122314532001243,0.4684711153240762,0.0101439492072759,False,0.2805786330003108,0,LOCAL_RETURN_SHOCK,-0.3636372606507647,0.3636372606507647,False,NEITHER
2019-03-04,5.3769,0.0005024003572624,0.0140119941160941,0.0028072535530679,0.0046173542827175,0.0080734114709405,0.0159010266893895,-0.0076943555977184,-0.0190107825071609,0.0005024003572624,-0.2332616375468703,0.3477159021526836,0.0135556731313057,False,0.2711134626261139,0,DRAWDOWN_SHIFT,-0.36287043694946386,0.36287043694946386,False,NEITHER
2019-03-05,5.387,0.0018784057728429,0.0151509441073378,0.0026437280863307,0.0044467134526592,0.0080179639595966,0.016000067896793,-0.0032868703768106,-0.0171680866979255,0.0018784057728429,0.0799598644776906,0.3297256135912728,0.0146685884220319,False,0.293371768440638,0,DRAWDOWN_SHIFT,-0.3638589180302147,0.3638589180302147,False,NEITHER
2019-03-06,5.4288,0.007759420827919,0.0216802168021679,0.0031344088383316,0.0046306624940771,0.0080663186040243,0.0218407928828019,0.0011523277397229,-0.0095418802795058,0.007759420827919,1.342010328338865,0.3885798456767921,0.0210176789330609,False,0.420353578661218,0,DRAWDOWN_SHIFT,-0.3843672312447698,0.3843672312447698,False,NEITHER
2019-03-07,5.4712,0.0078101974653699,0.0251260047591386,0.0035103477869803,0.0044927361818987,0.0081200600030096,0.0278443392194416,0.0044978911712256,-0.0018062067833098,0.0078101974653699,1.253892568365178,0.4323056462241945,0.0244658918830161,False,0.489317837660322,0,DRAWDOWN_SHIFT,-0.389439892711685,0.389439892711685,False,NEITHER
2019-03-08,5.4303,-0.0074755081152214,0.0104387629786759,0.0063033137643492,0.0048102407341097,0.0081651595068675,0.0184110289884154,0.0081985036218252,-0.0092682125850649,0.0074755081152214,-2.090183088289548,0.7719768069500235,0.0102351717720894,False,0.522545772072387,0,LOCAL_RETURN_SHOCK,-0.38019743636203096,0.38019743636203096,False,NEITHER
2019-03-11,5.4455,0.0027991087048597,0.0127582807937658,0.0062416255120972,0.0047218749211617,0.0081713739796799,0.019659171127851,0.0113778612726616,-0.0064950466147305,0.0027991087048597,0.223186020209808,0.7638403930132819,0.0125157358924304,False,0.3819201965066409,0,VOLATILITY_ACCELERATION,-0.3526454815873074,0.3526454815873074,False,NEITHER
2019-03-12,5.4572,0.0021485630336977,0.0130313718210508,0.0062354778315857,0.0044627459907991,0.0081516915778687,0.0198867830731537,0.0151991773357516,-0.0043604385980915,0.0021485630336977,0.1214978171806637,0.764930538897547,0.012807648099834,False,0.3824652694487735,0,VOLATILITY_ACCELERATION,-0.3536233528881866,0.3536233528881866,False,NEITHER
2019-03-13,5.4564,-0.0001465953236091,0.0050839964633069,0.005569560370225,0.0043588725370363,0.008013685623629,0.0181066395987579,0.017320236934843,-0.0045063947017932,0.0001465953236091,-0.465641813863668,0.6950060972946955,0.0050354855777125,False,0.3475030486473477,0,VOLATILITY_ACCELERATION,-0.34289392847166716,0.34289392847166716,False,NEITHER
2019-03-14,5.4671,0.0019609999266916,-0.0007493785641173,0.0042455791169879,0.0042614699971426,0.007993011788097,0.0182582830918576,0.0198903570424515,-0.0025542318147815,0.0019609999266916,0.0814160542244449,0.531161373152272,-0.0007480250314717,False,0.265580686576136,0,VOLATILITY_ACCELERATION,-0.3416219520299398,0.3416219520299398,False,NEITHER
2019-03-15,5.4467,-0.0037314115344516,0.0030200909710329,0.0026648072049173,0.0044178366892299,0.0079151136959913,0.0128053389514555,0.0221077009188417,-0.0062761124591778,0.0037314115344516,-1.3023802085690424,0.3366732693008468,0.0029921001258871,False,0.3255950521422606,0,LOCAL_RETURN_SHOCK,-0.3604909180874507,0.3604909180874507,False,NEITHER
2019-03-18,5.4683,0.0039657040042595,0.0041869433477184,0.0029415206874817,0.0042740654829161,0.0078895902278752,0.0153114605256194,0.0237877314689409,-0.0023352976592289,0.0039657040042595,0.5250099591538597,0.3728356736562605,0.0041597489555016,False,0.1864178368281302,0,VOLATILITY_ACCELERATION,-0.34548765848314,0.34548765848314,False,NEITHER
2019-03-19,5.4764,0.0014812647440702,0.0035182877666202,0.0028818080412484,0.0040094664610571,0.0078778903676837,0.0149911546905159,0.0262198392440744,-0.0008574921092481,0.0014812647440702,-0.0031151379559261,0.3658096148519676,0.0035029464888434,False,0.1829048074259838,0,VOLATILITY_ACCELERATION,-0.3422707185949424,0.3422707185949424,False,NEITHER
2019-03-20,5.4208,-0.010152655028851,-0.0065244483542262,0.0057091667869858,0.0045622880854898,0.007949870122039,0.0037895797205171,0.0267616425646155,-0.011001441316524,0.010152655028851,-2.983311450841968,0.7181459192847166,-0.0064950466147308,False,0.745827862710492,0,LOCAL_RETURN_SHOCK,-0.38795498443058585,0.38795498443058585,False,NEITHER
2019-03-21,5.4652,0.0081906729634002,-0.0003475334272283,0.0071062607645935,0.0048260517237232,0.0080109141267725,0.0106656927152439,0.0275777211918517,-0.0029008775610733,0.0081906729634002,1.5963928624387134,0.8870723930049824,-0.0003466457462917,False,0.4435361965024912,0,VOLATILITY_ACCELERATION,-0.35693904002762555,0.35693904002762555,False,NEITHER
2019-03-22,5.7627,0.0544353363097416,0.0580167808030549,0.0249014937165445,0.0127868140055803,0.0105950567944255,0.0613234912233204,0.03130929611065,0.0,0.0544353363097416,11.000744435631931,2.350293556675054,0.0062761124591778,True,2.750186108907983,3,LOCAL_RETURN_SHOCK,-0.5901050666064583,0.5901050666064583,True,BOTH
2019-03-25,5.5503,-0.0368577229423706,0.0149955196313296,0.0333001294357094,0.0156874246434888,0.0116940537535008,0.0198792197518795,0.03391009047947,-0.0368577229423706,0.0368577229423706,-3.202593958901282,2.8476121401221093,-0.0345224252831417,True,1.4238060700610546,1,VOLATILITY_ACCELERATION,-0.5673309599831466,0.5673309599831466,True,BOTH
2019-03-26,5.3279,-0.0400699061312002,-0.0271163538090717,0.038658298505164,0.0183439764685622,0.0128330799011462,-0.0211787962183871,0.0341438577059027,-0.0754507435750603,0.0400699061312002,-2.7073077205242164,3.01239443710712,-0.0745932514658122,True,1.50619721855356,3,VOLATILITY_ACCELERATION,-0.6126549473214984,0.6126549473214984,True,BOTH
2019-03-27,5.3278,-1.876912104203932e-05,-0.0171561393152301,0.0385790348671246,0.0183427325294692,0.0125609134367668,-0.021324824711741,0.0334109419624761,-0.0754680965519635,1.876912104203932e-05,-0.0206245461654311,3.0713558421794924,-0.0644666552354395,True,1.5356779210897462,2,VOLATILITY_ACCELERATION,-0.5737775533781819,0.5737775533781819,True,BOTH
2019-03-28,5.561,0.0437704118022448,0.0175290931713385,0.044024857372996,0.0207599130360755,0.0136962175339371,0.0194158294508701,0.0338424130320864,-0.0350009544137296,0.0437704118022448,2.3702978126302607,3.214380705031097,-0.0321000768526563,True,1.6071903525155484,2,VOLATILITY_ACCELERATION,-0.6038432573369288,0.6038432573369288,True,BOTH
2019-03-29,5.5555,-0.0009890307498651,-0.0359553681434049,0.0340861662630022,0.0207413924371111,0.0132949527689786,0.0167180622786711,0.0339359730396864,-0.0359553681434049,0.0009890307498651,-0.1565080576582457,2.563842599165616,-0.0359553681434049,True,1.281921299582808,1,VOLATILITY_ACCELERATION,-0.5268584968847043,0.5268584968847043,True,BOTH
2019-04-01,5.4863,-0.0124561245612456,-0.0115309082391943,0.0302428298556438,0.02098707988785,0.0133459100016123,0.0030495719995173,0.0334193631276049,-0.0479636281604108,0.0124561245612456,-0.6903668089280611,2.2660747638782377,-0.0111059052180401,True,1.1330373819391188,1,VOLATILITY_ACCELERATION,-0.4960673844607039,0.4960673844607039,False,BASELINE_ONLY
2019-04-02,5.605,0.0216357107704647,0.0520092344075528,0.0223634082461511,0.0214791649616005,0.0134377033764227,0.0227131732025429,0.0336381459271826,-0.0273656445763269,0.0216357107704647,0.9730078113403796,1.6642284488426136,0.0480850989987334,False,0.961701979974668,0,DRAWDOWN_SHIFT,-0.5046370107062577,0.5046370107062577,False,NEITHER
2019-04-03,5.626,0.0037466547725244,0.0559705694658207,0.0219855392373935,0.0214432418883546,0.0134433174326705,0.0247013867892569,0.0334317441106466,-0.0237215194266575,0.0037466547725244,0.0718683162516322,1.6354251357602658,0.051746577125306,True,1.03493154250612,1,DRAWDOWN_SHIFT,-0.49037946964710305,0.49037946964710305,False,BASELINE_ONLY
2019-04-04,5.5925,-0.0059544969783149,0.0056644488401367,0.0129090286827381,0.0214679034297117,0.0133862443245014,0.0174758412028139,0.0325869789225405,-0.0295347666892255,0.0059544969783149,-0.371065255394497,0.9643502964539626,0.0054661877245041,False,0.4821751482269813,0,VOLATILITY_ACCELERATION,-0.41106719981528805,0.41106719981528805,False,NEITHER
2019-04-05,5.6262,0.0060259275815823,0.0127261272612724,0.0129930403078901,0.0213890971572709,0.0133785397158573,0.0217861916661823,0.0326529923313947,-0.0236868134728512,0.0060259275815823,0.2194819475371758,0.9711852402313926,0.0122685546705537,False,0.4855926201156963,0,VOLATILITY_ACCELERATION,-0.41227886748363296,0.41227886748363296,False,NEITHER
2019-04-08,5.6903,0.0113931250222174,0.0371835298835279,0.0101510272616082,0.0214923014028252,0.0134463318440753,0.0311353851060436,0.0333245326757183,-0.0125635552779079,0.0113931250222174,0.4396605822556334,0.7549291047789312,0.0354000728825028,False,0.708001457650056,0,DRAWDOWN_SHIFT,-0.43573896509879806,0.43573896509879806,False,NEITHER
2019-04-09,5.6943,0.0007029506352917,0.0159322033898303,0.0064313799560531,0.021495688959754,0.0134461975732704,0.0296482943619147,0.0335548582545754,-0.0118694362017803,0.0007029506352917,-0.079839392745532,0.4783047341828439,0.0154962083745466,False,0.309924167490932,0,DRAWDOWN_SHIFT,-0.40253497785730175,0.40253497785730175,False,NEITHER
2019-04-10,5.6818,-0.0021951776337741,0.0099182367579095,0.0068372986633174,0.0215130684020701,0.0131655188871541,0.025298627383222,0.0340049931335082,-0.0140385583146788,0.0021951776337741,-0.2112879447760196,0.5193337780244051,0.0096829611119787,False,0.2596668890122025,0,VOLATILITY_ACCELERATION,-0.39599132475989646,0.39599132475989646,False,NEITHER
2019-04-11,5.7388,0.0100320321025026,0.0261600357621814,0.0058586955637861,0.0215830630608138,0.0132150424040994,0.0330519748199431,0.0346652213511837,-0.0041473614798617,0.0100320321025026,0.3620059567692593,0.4433353586492232,0.0253874052093638,False,0.5077481041872759,0,DRAWDOWN_SHIFT,-0.4246752540389798,0.4246752540389798,False,NEITHER
2019-04-12,5.7693,0.005314699937269,0.0254345739575558,0.0058419898359949,0.021537081095295,0.0132090298052928,0.0355355642827912,0.0359782328762412,0.0,0.005314699937269,0.1235679629158821,0.4422724395438975,0.0236868134728512,False,0.4737362694570239,0,DRAWDOWN_SHIFT,-0.41656076199607683,0.41656076199607683,False,NEITHER
2019-04-15,5.8041,0.0060319276168685,0.019998945574047,0.0047825400670038,0.0215464059117998,0.0132194473404335,0.0386517087172586,0.0375568505162151,0.0,0.0060319276168685,0.1361325255242574,0.3617806360463907,0.0125635552779079,False,0.251271105558158,0,DRAWDOWN_SHIFT,-0.4129137469575769,0.4129137469575769,False,NEITHER
2019-04-16,5.7703,-0.0058234696163057,0.0133466800133466,0.0064866299266099,0.0216388470857259,0.0132504929347545,0.0298948473130868,0.0384189461061639,-0.0058234696163057,0.0058234696163057,-0.418947420225564,0.489538763467148,0.0060459665854746,False,0.244769381733574,0,VOLATILITY_ACCELERATION,-0.4009947372269657,0.4009947372269657,False,NEITHER
2019-04-17,5.7387,-0.0054763183889918,0.0100144320461825,0.0072259598846934,0.0215160047483069,0.0131859188252062,0.0213572534572055,0.0404354544671765,-0.0112678968315501,0.0054763183889918,-0.3842359619997187,0.5480057916692356,0.0027706614831286,False,0.2740028958346178,0,VOLATILITY_ACCELERATION,-0.3999663171667356,0.3999663171667356,False,NEITHER
2019-04-18,5.8018,0.0109955216338195,0.0109779047884575,0.007500796550536,0.0215602206914742,0.0132230251071445,0.0295038798480355,0.042164391288066,-0.0003962716011095,0.0109955216338195,0.3682653939223143,0.5672526891356551,0.0037510898787522,False,0.2836263445678275,0,VOLATILITY_ACCELERATION,-0.4013771532580726,0.4013771532580726,False,NEITHER
2019-04-19,5.8112,0.0016201868385674,0.0072625795157124,0.0072975225135567,0.0178756939196184,0.0132224016764045,0.0307283403290732,0.0383490523469858,0.0,0.0016201868385674,-0.0738386349232942,0.5519059768528434,0.0,False,0.2759529884264217,0,VOLATILITY_ACCELERATION,-0.3814977911941944,0.3814977911941944,False,NEITHER
2019-04-22,5.8272,0.0027533039647578,0.0039799452111439,0.0069227582669105,0.0155540441380008,0.0131643846010696,0.0310343607346332,0.0385300567885831,0.0,0.0027533039647578,0.1220594481566431,0.5258702534676805,0.0,False,0.2629351267338402,0,VOLATILITY_ACCELERATION,-0.37399111886127373,0.37399111886127373,False,NEITHER
2019-04-23,5.8287,0.0002574135090609,0.0101207909467446,0.0059278700272878,0.0119295398306531,0.0131494174259184,0.0267507979791574,0.0429271124599959,0.0,0.0002574135090609,-0.1475207634393761,0.4508085670475076,0.0058234696163057,False,0.2254042835237538,0,VOLATILITY_ACCELERATION,-0.36812636005365135,0.36812636005365135,False,NEITHER
2019-04-24,5.8753,0.0079949216806491,0.0238033003990452,0.0045688785759371,0.011901909793442,0.0129690504052249,0.0299927334436027,0.047819665716978,0.0,0.0079949216806491,0.2872363705901554,0.3522909105277604,0.0112678968315501,False,0.225357936631002,0,DRAWDOWN_SHIFT,-0.3906374985736131,0.3906374985736131,False,NEITHER
2019-04-25,5.9268,0.0087655098463057,0.0215450377469061,0.0038570401727221,0.0077427420815367,0.012871887814876,0.035700274617497,0.049022150892241,0.0,0.0087655098463057,0.3189825343350717,0.2996483676826744,0.0003962716011095,False,0.2191377461576425,0,LARGE_ABSOLUTE_RETURN,-0.38329628875266397,0.38329628875266397,False,NEITHER
2019-04-26,5.9382,0.0019234662887224,0.0218543502202643,0.0038068469904371,0.0076866226069659,0.0128468480771876,0.0342341212615211,0.0507837449557571,0.0,0.0019234662887224,-0.1672917807162321,0.2963253684922913,0.0,False,0.1481626842461456,0,VOLATILITY_ACCELERATION,-0.3751855939853791,0.3751855939853791,False,NEITHER
2019-04-29,5.9483,0.0017008521100669,0.0207818506315209,0.0039430963553524,0.0067475410817955,0.0128469615259144,0.0318418523645471,0.0539562163367839,0.0,0.0017008521100669,-0.2164196456743019,0.3069283228877534,0.0,False,0.1534641614438767,0,VOLATILITY_ACCELERATION,-0.3730584788857828,0.3730584788857828,False,NEITHER
2019-04-30,5.9656,0.002908393994923,0.0234872269974435,0.0034383935528634,0.0053331150446255,0.012822648596452,0.0316163361157368,0.0551498762891111,0.0,0.002908393994923,-0.1724840316839503,0.2681500258702244,0.0,False,0.1340750129351122,0,VOLATILITY_ACCELERATION,-0.3772628982123579,0.3772628982123579,False,NEITHER
2019-05-01,5.9665,0.0001508649590988,0.0155226116113218,0.0033231551324855,0.005371910011697,0.0128249343830577,0.0287432573047838,0.0563558442220757,0.0,0.0001508649590988,-0.5597115872826367,0.2591167356673211,0.0,False,0.1399278968206591,0,LOCAL_RETURN_SHOCK,-0.37222666610994243,0.37222666610994243,False,NEITHER
2019-05-02,5.9645,-0.0003352048939914,0.0063609367618275,0.0013347408058812,0.0050165319251556,0.0127936099853201,0.0251108767967798,0.0585742238847111,-0.0003352048939914,0.0003352048939914,-0.6126846209338164,0.1043287084265297,-0.0003352048939914,False,0.1531711552334541,0,LOCAL_RETURN_SHOCK,-0.38019525587274317,0.38019525587274317,False,NEITHER
2019-05-03,5.9648,5.029759409835855e-05,0.0044794718938399,0.0013678282228248,0.005019637018229,0.0127737931096352,0.0221881386212421,0.0597658293136513,-0.0002849241598926,5.029759409835855e-05,-0.6352493740453464,0.1070808186014109,-0.0002849241598926,False,0.1588123435113366,0,LOCAL_RETURN_SHOCK,-0.380195432801246,0.380195432801246,False,NEITHER
2019-05-06,6.0803,0.0193635997854078,0.0221912142965217,0.0084487813602925,0.0059553996010318,0.0129569156690116,0.0385109717199063,0.0609488482335716,0.0,0.0193635997854078,3.272215673304749,0.6520673265242455,0.0,False,0.8180539183261872,0,LOCAL_RETURN_SHOCK,-0.4248602972949468,0.4248602972949468,False,NEITHER
2019-05-07,6.1511,0.0116441622946235,0.0310949443475927,0.0089447729218018,0.0061982966821518,0.0129731852952557,0.0465210249308185,0.0628045136506196,0.0,0.0116441622946235,1.3949313653053048,0.6894816283147446,0.0,False,0.3487328413263262,0,LOCAL_RETURN_SHOCK,-0.40117764402162487,0.40117764402162487,False,NEITHER
2019-05-08,6.186,0.0056737819251841,0.0367887371155619,0.0083351540628324,0.0060398327766305,0.0129702248047653,0.0479639158884441,0.0651923043955677,0.0,0.0056737819251841,0.2887781653231147,0.6426375940508016,0.0,False,0.3213187970254008,0,VOLATILITY_ACCELERATION,-0.39240425502493864,0.39240425502493864,False,NEITHER
2019-05-09,6.1926,0.0010669253152277,0.0382429373794952,0.0080330382943162,0.0059217834953308,0.0129555298731254,0.0450649009841253,0.0666718870101652,0.0,0.0010669253152277,-0.5315332332255466,0.6200470666182257,0.0003352048939914,False,0.3100235333091128,0,VOLATILITY_ACCELERATION,-0.39286092313473675,0.39286092313473675,False,NEITHER
2019-05-10,5.9851,-0.0335077350385943,0.0034032993562231,0.0203901764651669,0.0102154463251082,0.0137723157393135,0.008211267688674,0.0655203793714955,-0.0335077350385943,0.0335077350385943,-6.304988503514356,1.4805190972323206,-0.0332228108787017,True,1.576247125878589,1,LOCAL_RETURN_SHOCK,-0.5276548044608086,0.5276548044608086,True,BOTH
2019-05-13,6.0594,0.012414161835224,-0.0034373303948818,0.0190021640404557,0.0104487316033555,0.0138218696471167,0.0185371954171373,0.0646032379462822,-0.0215095436488711,0.012414161835224,1.0304240685379489,1.3747897010748926,-0.0215095436488711,False,0.6873948505374463,0,VOLATILITY_ACCELERATION,-0.44431374445730637,0.44431374445730637,False,NEITHER
2019-05-14,6.0306,-0.0047529458362214,-0.019589992033945,0.0177467880028438,0.01040809119701,0.0138214281206696,0.0114833025417908,0.0641339471925224,-0.0261602557891676,0.0047529458362214,-0.6661074168924852,1.2840053754144207,-0.0261602557891676,False,0.6420026877072104,0,VOLATILITY_ACCELERATION,-0.43264676520420187,0.43264676520420187,False,NEITHER
2019-05-15,6.0007,-0.0049580472921433,-0.0299547365017781,0.0169434745517552,0.01038844109887,0.0138330255130602,0.0042617570689689,0.0634550696780393,-0.0309885992959337,0.0049580472921433,-0.6935570727045419,1.2248567412644706,-0.0309885992959337,False,0.619771985918674,0,DRAWDOWN_SHIFT,-0.44506370750038693,0.44506370750038693,False,NEITHER
2019-05-16,6.0457,0.0074991251020715,-0.0237218615767205,0.0178301753193541,0.0102628287495663,0.0138459807490396,0.0097320553225674,0.0624431065046233,-0.0237218615767205,0.0074991251020715,0.5017743785349199,1.2877509829407248,-0.0237218615767205,False,0.6438754914703624,0,VOLATILITY_ACCELERATION,-0.4338184757391786,0.4338184757391786,False,NEITHER
2019-05-17,6.055,0.0015382834080419,0.011679002857095,0.0076210088506502,0.0102630515185993,0.0138415976054179,0.0092305846036915,0.0641482594309461,-0.0222200691147498,0.0015382834080419,-0.055868445737658,0.5505873720579171,0.0112876659238445,False,0.2752936860289585,0,VOLATILITY_ACCELERATION,-0.376212242134471,0.376212242134471,False,NEITHER
2019-05-20,6.0272,-0.0045912469033856,-0.005314057497442,0.005507081308433,0.0103695763484417,0.0138533078363537,0.0029253097533621,0.0633108036377791,-0.0267092981946194,0.0045912469033856,-0.6527106892985222,0.3975282563187816,-0.0051997545457482,False,0.1987641281593908,0,VOLATILITY_ACCELERATION,-0.3830743298163033,0.3830743298163033,False,NEITHER
2019-05-21,6.0525,0.0041976373772234,0.0036314794547807,0.0054582089705069,0.0103773468298232,0.0138542189276169,0.005263411401456,0.0605918081186012,-0.0226237767658171,0.0041976373772234,0.2369728820574397,0.3939744996830204,0.0035364790233505,False,0.1969872498415102,0,VOLATILITY_ACCELERATION,-0.3699757679232437,0.3699757679232437,False,NEITHER
2019-05-22,6.1002,0.0078810408921932,0.0165813988368024,0.005118584759884,0.0103738787685307,0.0138723257441642,0.0112971450028223,0.0574732894885625,-0.0149210347834511,0.0078810408921932,0.5727572579038313,0.3689781262552375,0.0160675645124825,False,0.32135129024965,0,DRAWDOWN_SHIFT,-0.38856972961199227,0.38856972961199227,False,NEITHER
2019-05-23,6.0964,-0.0006229303957246,0.0083861256761004,0.0047287290650477,0.0102601602556407,0.0138751358387046,0.009248353001845,0.0555753118608022,-0.0155346704130736,0.0006229303957246,-0.2462508566880246,0.3408059654347268,0.0081871911636469,False,0.1704029827173634,0,VOLATILITY_ACCELERATION,-0.36964752317359256,0.36964752317359256,False,NEITHER
2019-05-24,6.0825,-0.0022800341184961,0.0045417010734929,0.0050545435951055,0.0102932148387335,0.0138740205646231,0.0057459385721962,0.053314035711051,-0.0177792849530084,0.0022800341184961,-0.3647368219751739,0.3643171474023839,0.0044407841617413,False,0.1821585737011919,0,VOLATILITY_ACCELERATION,-0.369560663764243,0.369560663764243,False,NEITHER
2019-05-27,6.0629,-0.0032223592272913,0.0059231483939474,0.0047067153068046,0.0103406763697916,0.0138898865706108,0.0015561296972979,0.0500872545856363,-0.0209443529373768,0.0032223592272913,-0.434694932840163,0.3388591607913775,0.0057649452572425,False,0.1694295803956887,0,VOLATILITY_ACCELERATION,-0.3724974796337387,0.3724974796337387,False,NEITHER
2019-05-28,6.0319,-0.005113064705009,-0.0034035522511358,0.0050490116991114,0.0104182709943368,0.013921049187058,-0.0041102596340142,0.0473864601220521,-0.0259503278106125,0.005113064705009,-0.5917362680218695,0.3626890208681484,-0.0033265510447954,False,0.1813445104340742,0,VOLATILITY_ACCELERATION,-0.3808431836943126,0.3808431836943126,False,NEITHER
2019-05-29,6.0121,-0.0032825477875959,-0.0144421494377233,0.0016368590105396,0.0104543698909327,0.0139163534179474,-0.0077528335595778,0.0447050283673817,-0.0291476924070663,0.0032825477875959,-0.3731294178838162,0.1176212590597623,-0.0142266576236152,False,0.284533152472304,0,DRAWDOWN_SHIFT,-0.40626403221490065,0.40626403221490065,False,NEITHER
2019-05-30,5.8772,-0.0224380831988822,-0.0359556459549897,0.0085426285410535,0.011640806178745,0.0142389841993024,-0.0293176716969103,0.0406151524604292,-0.0509317572586635,0.0224380831988822,-2.1877194325466616,0.5999464864545621,-0.0353970868455899,False,0.707941736911798,0,DRAWDOWN_SHIFT,-0.48050896103249435,0.48050896103249435,False,NEITHER
2019-05-31,5.8382,-0.0066358129721637,-0.040164406083025,0.0081184684300041,0.0117147436636971,0.0142306300654163,-0.0347498007730996,0.0365112483023652,-0.057229596615315,0.0066358129721637,-0.5123196737310706,0.5704925497103494,-0.0394503116623066,False,0.789006233246132,0,DRAWDOWN_SHIFT,-0.45580191413281856,0.45580191413281856,False,NEITHER
2019-06-03,5.8339,-0.0007365283820355,-0.037770703788616,0.008558947990367,0.0106928608374202,0.0142316671854139,-0.0334920461360556,0.0309548107757278,-0.0579239737751509,0.0007365283820355,0.0230287663754882,0.6014016403601051,-0.0369796208377741,False,0.7395924167554819,0,DRAWDOWN_SHIFT,-0.44499098942301374,0.44499098942301374,False,NEITHER
2019-06-04,5.7824,-0.008827713879223,-0.0413634178285449,0.0084451011121959,0.0102890966847659,0.0142903216978887,-0.0390893417253483,0.0238121771145514,-0.0662403513871394,0.008827713879223,-0.6374723376162275,0.590966480022882,-0.0402900235765269,False,0.8058004715305379,0,DRAWDOWN_SHIFT,-0.46325853586884724,0.46325853586884724,False,NEITHER
2019-06-05,5.731,-0.0088890426120642,-0.0467557093195389,0.0079564610346989,0.0101547775025143,0.0143473429346346,-0.044016764319523,0.0155856256485187,-0.0745405806930852,0.0088890426120642,-0.5689651965902717,0.5545598980206948,-0.0453928882860188,False,0.907857765720376,0,DRAWDOWN_SHIFT,-0.4787903446533556,0.4787903446533556,False,NEITHER
2019-06-06,5.7801,0.0085674402373059,-0.0165214728101817,0.0074217264997274,0.0104759624528013,0.0143807827813171,-0.0324978030715151,0.0082160941614848,-0.0666117624261214,0.0085674402373059,1.2142546850677112,0.5160864059061786,-0.0156800051674578,False,0.313600103349156,0,DRAWDOWN_SHIFT,-0.4273141047530012,0.4273141047530012,False,NEITHER
2019-06-07,5.831,0.0088060760194461,-0.0012332568257338,0.008777825926405,0.0080692588362002,0.0144015034978806,-0.0227175023401314,0.0050856122991296,-0.0583922746503891,0.0088060760194461,1.1640072450836012,0.6095076064590611,-0.001162678035074,False,0.3047538032295305,0,VOLATILITY_ACCELERATION,-0.3976994791075934,0.3976994791075934,False,NEITHER
2019-06-10,5.7747,-0.0096552906877036,-0.0101475856631069,0.009761174777096,0.007594134773614,0.0144650020747861,-0.0298388356789212,0.0005362137593458,-0.0674837709524269,0.0096552906877036,-1.03887621353271,0.6748132303493183,-0.009559797177276,False,0.3374066151746591,0,VOLATILITY_ACCELERATION,-0.4125898850147001,0.4125898850147001,False,NEITHER
2019-06-11,5.7976,0.0039655739692106,0.002628666297731,0.0091835636812896,0.0076999944892229,0.0144699242203087,-0.0240814993620236,-0.0036018976423715,-0.0637858088686496,0.0039655739692106,0.8350360385131229,0.6346656375988732,0.0024545425184898,False,0.3173328187994366,0,VOLATILITY_ACCELERATION,-0.39322513554414434,0.39322513554414434,False,NEITHER
2019-06-12,5.808,0.0017938457292672,0.0134357005758156,0.0075297231084278,0.0077087110946093,0.014395119764658,-0.0207426203733755,-0.0073988721782489,-0.0621063850402092,0.0017938457292672,0.4848993063961583,0.5230747108415386,0.0124341956528759,False,0.2615373554207693,0,VOLATILITY_ACCELERATION,-0.3969119302462242,0.3969119302462242,False,NEITHER
2019-06-13,5.8682,0.0103650137741047,0.0152419508313004,0.0079133166429032,0.0079107860971489,0.0144156058263644,-0.0091098671935023,-0.0109028414528435,-0.0523851048025061,0.0103650137741047,1.5524379152325631,0.5489409698224892,0.0142266576236152,False,0.3881094788081408,0,LOCAL_RETURN_SHOCK,-0.40264262602498463,0.40264262602498463,False,NEITHER
2019-06-14,5.9015,0.0056746532156368,0.0120905505059165,0.0074550174557884,0.0080461822045985,0.0126328703329884,-0.0021937703684604,-0.0141917321430357,-0.0470077188902883,0.0056746532156368,0.901761253707365,0.5901285503042807,0.0113845557601008,False,0.2950642751521403,0,VOLATILITY_ACCELERATION,-0.3783332672350591,0.3783332672350591,False,NEITHER
2019-06-17,5.8733,-0.0047784461577564,0.0170744800595701,0.0055558970007088,0.0080503787116263,0.0116680442511197,-0.0056680628024067,-0.0171125628575516,-0.0515615411943285,0.0047784461577564,-0.4382547381268241,0.4761635181642064,0.0159222297580984,False,0.318444595161968,0,DRAWDOWN_SHIFT,-0.38190331411572004,0.38190331411572004,False,NEITHER
2019-06-18,5.8284,-0.0076447652937872,0.0053125431212917,0.0073870629189525,0.0080632187709157,0.0104169507085026,-0.0113941388244571,-0.0208003574269908,-0.0588121306074992,0.0076447652937872,-0.7929113495108754,0.7091387034137521,0.0049736782611503,False,0.354569351706876,0,VOLATILITY_ACCELERATION,-0.3770891400726403,0.3770891400726403,False,NEITHER
2019-06-19,5.7914,-0.0063482259282136,-0.0028581267217629,0.0080578943012067,0.0077819219688224,0.0104650512819332,-0.0150906399257839,-0.0251854467507343,-0.0647870038432967,0.0063482259282136,-0.5574172395516813,0.7699813487887822,-0.0026806188030875,False,0.3849906743943911,0,VOLATILITY_ACCELERATION,-0.38252771429753596,0.38252771429753596,False,NEITHER
2019-06-20,5.7644,-0.0046620851607556,-0.0176885586721651,0.0053018203416277,0.0077812776943336,0.0088951510413087,-0.0169070364549713,-0.0293020402994105,-0.0691470464748247,0.0046620851607556,-0.269467240754683,0.5960348865360772,-0.0167619416723186,False,0.3352388334463719,0,DRAWDOWN_SHIFT,-0.3925982287578517,0.3925982287578517,False,NEITHER
2019-06-21,5.8214,0.0098882797862742,-0.0135728204693723,0.0071483276267747,0.0082810330089805,0.0089719413120547,-0.0049705323323897,-0.0326187425075442,-0.0599425120304879,0.0098882797862742,1.6263845272852957,0.7967425753409919,-0.0129347931401996,False,0.4065961318213239,0,LOCAL_RETURN_SHOCK,-0.40189397528608445,0.40189397528608445,False,NEITHER
2019-06-24,5.809,-0.0021300718040333,-0.0109478487392097,0.0070541544800427,0.0082772495435491,0.0088105615565912,-0.0049308085172715,-0.0356315706007123,-0.0619449019797821,0.0021300718040333,0.0034515451149014,0.8006475449644265,-0.0103833607854536,False,0.4003237724822132,0,VOLATILITY_ACCELERATION,-0.37910072209791235,0.37910072209791235,False,NEITHER
2019-06-25,5.7949,-0.0024272680323635,-0.0057477180701392,0.0063990404026226,0.008247595855434,0.008392673504767,-0.0053270419254591,-0.0381158682108274,-0.0642218131318024,0.0024272680323635,-0.0390501988328381,0.7624555392257275,-0.0054096825243032,False,0.3812277696128637,0,VOLATILITY_ACCELERATION,-0.3737498049974016,0.3737498049974016,False,NEITHER
2019-06-26,5.7749,-0.0034513106352137,-0.002849052042684,0.0059225223545948,0.0082490958686415,0.0083982341275811,-0.0067379591766532,-0.0404352149461757,-0.0674514743403417,0.0034513106352137,-0.1796354601893996,0.7052104364588171,-0.0026644704970449,False,0.3526052182294085,0,VOLATILITY_ACCELERATION,-0.3767989080713028,0.3767989080713028,False,NEITHER
2019-06-27,5.7725,-0.0004155916119759,0.0014051766012073,0.0054740865295641,0.0066983460799215,0.0083567538935018,-0.0062559822615186,-0.0406080555468387,-0.0678390336853663,0.0004155916119759,0.1894263945472755,0.6550493887130913,0.0013080127894583,False,0.3275246943565456,0,VOLATILITY_ACCELERATION,-0.36922920587530395,0.36922920587530395,False,NEITHER
2019-06-28,5.7921,0.0033954092680814,-0.0050331535369498,0.0026918427554592,0.0066195425244942,0.0083344767489165,-0.0024859920761695,-0.0399850869158352,-0.0646739657009979,0.0033954092680814,0.637839959059503,0.3229768150483046,-0.0047314536705099,False,0.1614884075241523,0,VOLATILITY_ACCELERATION,-0.3835957070962076,0.3835957070962076,False,NEITHER
2019-07-01,5.6507,-0.0244125619378118,-0.0272508176966776,0.0109121057065866,0.0085291163367058,0.0088109162374096,-0.025300243644753,-0.0395431788285736,-0.0875076704453703,0.0244125619378118,-3.631226695738771,1.2384757058812703,-0.0255627684655882,False,0.9078066739346928,0,LOCAL_RETURN_SHOCK,-0.5025354127417974,0.5025354127417974,False,NEITHER
2019-07-02,5.6528,0.0003716353726088,-0.0245215620631935,0.0111753368676392,0.008362944675216,0.0088105223575332,-0.023846918308828,-0.0376776552211211,-0.0871685560184736,0.0003716353726088,0.2263938470832634,1.26840798015614,-0.0229467428866712,False,0.63420399007807,0,VOLATILITY_ACCELERATION,-0.4365671989660896,0.4365671989660896,False,NEITHER
2019-07-03,5.6249,-0.0049356071327483,-0.0259744757484977,0.0111468289490796,0.0082145378144929,0.0088287394160403,-0.0277741768773799,-0.0349106528493087,-0.0916739334043857,0.0049356071327483,-0.4587224544998006,1.262561779638408,-0.024222459064044,False,0.631280889819204,0,VOLATILITY_ACCELERATION,-0.4395293139482184,0.4395293139482184,False,NEITHER
2019-07-04,5.5953,-0.0052623157745027,-0.0306972715461238,0.0108331519151483,0.0079534243414828,0.008750838471323,-0.0313433223402321,-0.0331254969243001,-0.0964538319930239,0.0052623157745027,-0.5308455597206942,1.237955877102424,-0.0286147983076576,False,0.618977938551212,0,VOLATILITY_ACCELERATION,-0.4527076345310315,0.4527076345310315,False,NEITHER
2019-07-05,5.6288,0.0059871678015477,-0.0281935740059735,0.0114496523215132,0.0077825790793607,0.0087586880674865,-0.0238352895474346,-0.0335713549466232,-0.0910441494687206,0.0059871678015477,0.9530888994722164,1.307233712776682,-0.0263701837677226,False,0.653616856388341,0,VOLATILITY_ACCELERATION,-0.45018204929196554,0.45018204929196554,False,NEITHER
2019-07-08,5.7367,0.0191692723138146,0.0152193533544517,0.0101056266706354,0.0088361251160029,0.0090798331977368,-0.0047949982131518,-0.0315793364256902,-0.0736201272486516,0.0191692723138146,2.6859181464993527,1.1129749248206766,0.0138875431967186,False,0.6714795366248382,0,LOCAL_RETURN_SHOCK,-0.43895014238178715,0.43895014238178715,False,NEITHER
2019-07-09,5.7322,-0.0007844231003887,0.0140461364279649,0.0101955099829532,0.0087792943934419,0.0090497579541086,-0.0050112218737145,-0.0302306477731428,-0.0743468010205729,0.0007844231003887,-0.0556299488751754,1.1266058202500795,0.0128217549979007,False,0.5633029101250397,0,VOLATILITY_ACCELERATION,-0.39207858993965117,0.39207858993965117,False,NEITHER
2019-07-10,5.6741,-0.0101357245036809,0.0087468221657274,0.0113824527865933,0.0090151606827285,0.0091166811985481,-0.0139502552405776,-0.0297840592477691,-0.0837289668313793,0.0101357245036809,-1.0940918834485402,1.2485303082009758,0.0079449665730064,False,0.6242651541004879,0,VOLATILITY_ACCELERATION,-0.41459161858239485,0.41459161858239485,False,NEITHER
2019-07-11,5.6734,-0.0001233675825241,0.0139581434418172,0.010803190497388,0.0086073196925337,0.0089985786739482,-0.0124002656391573,-0.0299747557897046,-0.0838420049736782,0.0001233675825241,0.1113103504030229,1.2005440957764069,0.0126118270193456,False,0.6002720478882034,0,VOLATILITY_ACCELERATION,-0.4025245967773938,0.4025245967773938,False,NEITHER
2019-07-12,5.72,0.0082137695209221,0.0162023877202954,0.0110101593419702,0.0087387840242407,0.0090628658117319,-0.0027128998737698,-0.0302503603447475,-0.0763168943577818,0.0082137695209221,1.1461218147118324,1.2148650957313665,0.0147272551109387,False,0.6074325478656832,0,VOLATILITY_ACCELERATION,-0.40904944972427176,0.40904944972427176,False,NEITHER
2019-07-15,5.7148,-0.0009090909090908,-0.003817525755225,0.006497309570365,0.0087057182869896,0.0090548101610174,-0.0022408900008465,-0.0303287070112652,-0.0771566062720019,0.0009090909090908,0.0704011700973455,0.7175533727186347,-0.0035364790233502,False,0.3587766863593173,0,VOLATILITY_ACCELERATION,-0.3716465356431112,0.3716465356431112,False,NEITHER
2019-07-16,5.7118,-0.0005249527542521,-0.0035588430271099,0.0064979797691739,0.0085785851971391,0.009054580582006,-0.0017485740950627,-0.0294746483591504,-0.0776410554532828,0.0005249527542521,0.0925703068228533,0.7176455839475563,-0.0032942544327099,False,0.3588227919737781,0,VOLATILITY_ACCELERATION,-0.37037509118478124,0.37037509118478124,False,NEITHER
2019-07-17,5.6842,-0.0048321019643545,0.0017800179764191,0.0047766849947147,0.0085351923404645,0.0090067845746546,-0.0056407435040483,-0.0278377962410728,-0.082097987921067,0.0048321019643545,-0.4496369430970388,0.5303429825729878,0.0016309789103123,False,0.2651714912864939,0,VOLATILITY_ACCELERATION,-0.3745673092402417,0.3745673092402417,False,NEITHER
2019-07-18,5.6181,-0.0116287252383799,-0.0097472415130256,0.0072180285887256,0.0088337853050388,0.0090355537434347,-0.0159446360478742,-0.0263330908743617,-0.0927720182152891,0.0116287252383799,-1.2571103108583843,0.7988473970364321,-0.0089300132416108,False,0.3994236985182161,0,VOLATILITY_ACCELERATION,-0.40651657301112115,0.40651657301112115,False,NEITHER
2019-07-19,5.6551,0.0065858564283298,-0.0113461538461537,0.0066609538566706,0.0086434973261672,0.0090797568828008,-0.0080190288581545,-0.025581661675623,-0.0867971449794916,0.0065858564283298,0.8867359918477069,0.7336048687920286,-0.0104802506217098,False,0.3668024343960143,0,VOLATILITY_ACCELERATION,-0.39035230399357257,0.39035230399357257,False,NEITHER
2019-07-22,5.677,0.0038726105639157,-0.0066144047035767,0.0072232522111623,0.0087211381152688,0.0090941035232486,-0.0030232437658219,-0.0245932318507791,-0.0832606659561412,0.0038726105639157,0.6114551180245481,0.7942786435954279,-0.0061040596841393,False,0.3971393217977139,0,VOLATILITY_ACCELERATION,-0.37669297061059426,0.37669297061059426,False,NEITHER
2019-07-23,5.7178,0.0071868944865247,0.0010504569487728,0.0081902061269574,0.0089078141379808,0.0091398300908759,0.0048221905116725,-0.0232709427757089,-0.076672157090721,0.0071868944865247,0.9516258511486876,0.8961004794972621,0.0009688983625617,False,0.448050239748631,0,VOLATILITY_ACCELERATION,-0.3802413963113016,0.3802413963113016,False,NEITHER
2019-07-24,5.7085,-0.0016264997026829,0.0042750079166813,0.0078108924269796,0.0088867336768624,0.009140019527017,0.0037734920099032,-0.0218495633441261,-0.0781739495526918,0.0016264997026829,-0.1116819253089475,0.854581590760432,0.0039240383683751,False,0.427290795380216,0,VOLATILITY_ACCELERATION,-0.3700387455550542,0.3700387455550542,False,NEITHER
2019-07-25,5.7027,-0.0010160287290881,0.0150584717253163,0.0041437569188087,0.0088873039898179,0.0091399876987665,0.0033693730151052,-0.0215688502351589,-0.0791105513031682,0.0010160287290881,-0.053519259555849,0.4533656997555835,0.0136614669121209,False,0.2732293382424179,0,DRAWDOWN_SHIFT,-0.3809742622251575,0.3809742622251575,False,NEITHER
2019-07-26,5.6718,-0.0054184859803251,0.0029530865944016,0.0049469228238039,0.0088988190770546,0.0091595599186117,-0.0010101214699688,-0.0222163476152301,-0.0841003778703612,0.0054184859803251,-0.545502528909939,0.5400830244859294,0.0026967671091304,False,0.2700415122429647,0,VOLATILITY_ACCELERATION,-0.37588588712244075,0.37588588712244075,False,NEITHER
2019-07-29,5.6148,-0.0100497196657146,-0.0109564911044565,0.006360425878367,0.0073568631618673,0.008843901145001,-0.010736925933887,-0.020981047456823,-0.0933049123146981,0.0100497196657146,-1.015706201726475,0.7191878079689097,-0.0100442463585569,False,0.3595939039844548,0,VOLATILITY_ACCELERATION,-0.3944981068640348,0.3944981068640348,False,NEITHER
2019-07-30,5.5597,-0.0098133504310037,-0.0276504949456084,0.0043123548929266,0.0076549058157068,0.008745394251114,-0.0196408623746601,-0.0206893753038176,-0.1022026289442236,0.0098133504310037,-1.2940785215153696,0.4931001129397095,-0.0255304718535026,False,0.510609437070052,0,DRAWDOWN_SHIFT,-0.4344964077531842,0.4344964077531842,False,NEITHER
2019-07-31,5.5864,0.0048024173966221,-0.0213891565209773,0.0062917760846453,0.007687789718153,0.0087337494834029,-0.0145982826379921,-0.0201241359999586,-0.0978910312308237,0.0048024173966221,0.7321655745007567,0.7203980485817482,-0.0197170816781318,False,0.394341633562636,0,DRAWDOWN_SHIFT,-0.4051742174344935,0.4051742174344935,False,NEITHER
2019-08-01,5.6039,0.003132607761707,-0.0173251266943728,0.0070596515427006,0.0076324519748822,0.0087487397079241,-0.0115863757344005,-0.0184822595583715,-0.0813579882626798,0.003132607761707,0.448496613373927,0.8069335445317202,-0.0022474369595116,False,0.4034667722658601,0,VOLATILITY_ACCELERATION,-0.3805721970908921,0.3805721970908921,False,NEITHER
2019-08-02,5.5597,-0.0078873641571048,-0.0197644486759053,0.0073119009515933,0.007699858234274,0.0077324814242977,-0.0187844094784187,-0.0173605330336578,-0.0886036523392674,0.0078873641571048,-1.0470777240393938,0.9456086022550518,-0.0045032744689061,False,0.4728043011275259,0,VOLATILITY_ACCELERATION,-0.4000394050473143,0.4000394050473143,False,NEITHER
2019-08-05,5.5715,0.0021224166771589,-0.0077117617724583,0.006786190631456,0.0061937587019836,0.0075370741972125,-0.0152663323244151,-0.0184695906209555,-0.0866692895314907,0.0021224166771589,0.3521801190346535,0.9003746618237876,0.0066356227832074,False,0.4501873309118938,0,VOLATILITY_ACCELERATION,-0.3780443622854902,0.3780443622854902,False,NEITHER
2019-08-06,5.5209,-0.0090819348469891,-0.0069787938198104,0.0065673129360391,0.0064211396074045,0.0075905361158674,-0.0223841085401722,-0.0197463318446052,-0.0949640995377201,0.0090819348469891,-1.233543655869524,0.8651975085541935,0.0072385294065035,False,0.4325987542770967,0,VOLATILITY_ACCELERATION,-0.40467544154083923,0.40467544154083923,False,NEITHER
2019-08-07,5.4938,-0.0049086199713814,-0.0165759702133753,0.0056533256433786,0.0061678017688214,0.0075901507584857,-0.0256274281498218,-0.0201724774627999,-0.0994065768335463,0.0049086199713814,-0.4753176969336358,0.7448238939204532,-0.0015155456027226,False,0.3724119469602266,0,VOLATILITY_ACCELERATION,-0.397251771377847,0.397251771377847,False,NEITHER
2019-08-08,5.4782,-0.0028395646000947,-0.0224308071164724,0.0044510384736611,0.0061635906772226,0.0075005678231859,-0.0267094368250353,-0.0202101613070282,-0.1019638700370479,0.0028395646000947,-0.2017544000035077,0.593426868283487,-0.0206058817743681,False,0.4121176354873619,0,DRAWDOWN_SHIFT,-0.41437191156316366,0.41437191156316366,False,NEITHER
2019-08-09,5.4917,0.0024643130955421,-0.0122308757666781,0.0048794618373151,0.0057986233681752,0.0075081125988479,-0.0223281681715898,-0.0206501196047114,-0.0997508278417101,0.0024643130955421,0.6806594761085863,0.6498919366318294,-0.0111471755024427,False,0.3249459683159147,0,VOLATILITY_ACCELERATION,-0.39773889382651534,0.39773889382651534,False,NEITHER
2019-08-12,5.564,0.0131653222135221,-0.0013461365879925,0.0085695614430648,0.0067210152981145,0.0077346742529529,-0.0081253855012316,-0.0206114740202544,-0.0878987574177896,0.0131653222135221,2.618516047082609,1.1079408340685015,-0.0012294678862989,False,0.6546290117706522,0,LOCAL_RETURN_SHOCK,-0.417086129692883,0.417086129692883,False,NEITHER
2019-08-13,5.5629,-0.0001976994967649,0.0076074553061999,0.0070673068354418,0.0067234372105135,0.0077024475217846,-0.0070035798851687,-0.0209147288311993,-0.0880790793744468,0.0001976994967649,0.1662019686892968,0.9175404071827232,0.0068850201632733,False,0.4587702035913616,0,VOLATILITY_ACCELERATION,-0.37265251461524035,0.37265251461524035,False,NEITHER
2019-08-14,5.6128,0.0089701414729728,0.0216607812443117,0.0066139210687253,0.0070424198674109,0.007725879282151,0.0025426158310208,-0.020621207761117,-0.0793255035758808,0.0089701414729728,1.5272730241228067,0.8560735713286844,0.0200810732576654,False,0.4280367856643422,0,VOLATILITY_ACCELERATION,-0.3995238165379496,0.3995238165379496,False,NEITHER
2019-08-15,5.568,-0.007981755986317,0.016392245628126,0.0082110308346122,0.0067845440506241,0.0077722915184877,-0.0050142421632363,-0.0198051191687701,-0.0845869297163994,0.007981755986317,-1.0470101881139309,1.056449158537207,0.0173769403206485,False,0.5282245792686034,0,VOLATILITY_ACCELERATION,-0.4017108872679401,0.4017108872679401,False,NEITHER
2019-08-16,5.5785,0.0018857758620689,0.0158056703752935,0.0082295259109141,0.0066079899495824,0.0077836231829747,-0.002455192293593,-0.0190472765736128,-0.0798957594550462,0.0018857758620689,0.3407300502993692,1.057287296347379,0.0198550683866639,False,0.5286436481736895,0,VOLATILITY_ACCELERATION,-0.3908033067035089,0.3908033067035089,False,NEITHER
2019-08-19,5.6609,0.014770995787398,0.0174155283968366,0.0087330788284993,0.0074030492044763,0.0080545507959045,0.0124252762041878,-0.0180516541788465,-0.0615063247069747,0.014770995787398,2.3353428360230093,1.08424157346426,0.0263924327108149,False,0.5838357090057523,0,LOCAL_RETURN_SHOCK,-0.42243619522241554,0.42243619522241554,False,NEITHER
2019-08-20,5.729,0.0120298892402268,0.0298585270272699,0.0091447648065433,0.0077266296452658,0.0082126744181442,0.0245020328201881,-0.0172880098974406,-0.0470883717835698,0.0120298892402268,1.6406612796224582,1.113494136129376,0.0409907075908769,False,0.8198141518175379,0,DRAWDOWN_SHIFT,-0.4253414526995847,0.4253414526995847,False,NEITHER
2019-08-21,5.7162,-0.0022342468144528,0.0184221778791333,0.0095776295043559,0.0077350756924322,0.008208471801766,0.0221426693870399,-0.0166466210893539,-0.0313987969160384,0.0022342468144528,-0.3054876084149627,1.1667981246272097,0.0479267066598424,False,0.958534133196848,0,DRAWDOWN_SHIFT,-0.4062446819414235,0.4062446819414235,False,NEITHER
2019-08-22,5.7688,0.0092019173576851,0.0360632183908045,0.0071041814128228,0.0079909894093868,0.0078015539643428,0.0309390734808576,-0.0154612873996003,-0.0224858086927053,0.0092019173576851,1.1772556957904268,0.9106110712420424,0.0621011210236941,True,1.242022420473882,1,DRAWDOWN_SHIFT,-0.43624993179124033,0.43624993179124033,False,BASELINE_ONLY
2019-08-23,5.7599,-0.0015427818610456,0.0325177018911893,0.0078620571608293,0.0078834571678101,0.0077588213771005,0.0285388780160282,-0.0136423641597981,-0.0239938998559688,0.0015427818610456,-0.2689822870067224,1.013305601290615,0.0559018595990774,True,1.118037191981548,1,DRAWDOWN_SHIFT,-0.4201457399380252,0.4201457399380252,False,BASELINE_ONLY
2019-08-26,5.8252,0.0113370023785135,0.0290236534826617,0.0070622208482797,0.0077841022773645,0.0078998318046153,0.0382490286243895,-0.0114769175473155,-0.0129289163771924,0.0113370023785135,1.336541088830257,0.8939710392509568,0.0485774083297823,False,0.971548166595646,0,DRAWDOWN_SHIFT,-0.4198341433780489,0.4198341433780489,False,NEITHER
2019-08-27,5.8275,0.0003948362287991,0.0171932274393435,0.0063612140758875,0.0072971602520533,0.007814301882486,0.0361860529623985,-0.0083044073576749,-0.0125391849529782,0.0003948362287991,-0.1894807869371188,0.8140476489838113,0.0345491868305916,False,0.6909837366118319,0,DRAWDOWN_SHIFT,-0.38335743334370537,0.38335743334370537,False,NEITHER
2019-08-28,5.8134,-0.0024195624195624,0.017004303558308,0.0064028801506897,0.0073494894191593,0.0077315257501384,0.0315970287507052,-0.0059656104255303,-0.0149284080318564,0.0024195624195624,-0.6577552966738108,0.8281522118160292,0.0164703888841819,False,0.4140761059080146,0,VOLATILITY_ACCELERATION,-0.3699006817289215,0.3699006817289215,False,NEITHER
2019-08-29,5.84,0.0045756356005091,0.0123422548883649,0.0056430038834741,0.0073680562424,0.0076758671632807,0.0341508850932639,-0.0039588400572175,-0.0104210793865967,0.0045756356005091,0.3478542601545002,0.7351617430886147,0.0120647293061085,False,0.3675808715443073,0,VOLATILITY_ACCELERATION,-0.3618708220089417,0.3618708220089417,False,NEITHER
2019-08-30,5.8306,-0.0016095890410959,0.0122745186548376,0.0056549442307885,0.0070473209824452,0.0075953113531432,0.0300157754620018,-0.0009609725147743,-0.0120138947725155,0.0016095890410959,-0.5022796660852566,0.7445309307100741,0.0119800050834532,False,0.3722654653550371,0,VOLATILITY_ACCELERATION,-0.3607108802985685,0.3607108802985685,False,NEITHER
2019-09-02,5.8068,-0.0040819126676499,-0.003158689830392,0.0033251595077608,0.007195418756246,0.007508472723794,0.0236837489235262,0.0025769392218808,-0.0160467677709057,0.0040819126676499,-0.9204969133155144,0.4428543100680814,-0.0031178513937133,False,0.2301242283288786,0,LOCAL_RETURN_SHOCK,-0.3621608544107593,0.3621608544107593,False,NEITHER
2019-09-03,5.7293,-0.0133464214369359,-0.0168511368511367,0.0064647332675889,0.0075960880430243,0.0076886642351755,0.0081692805138244,0.0062976886340575,-0.0291790222824706,0.0133464214369359,-2.145994560792736,0.8408135756550353,-0.0166398373294924,False,0.536498640198184,0,LOCAL_RETURN_SHOCK,-0.3968831425696693,0.3968831425696693,False,NEITHER
2019-09-04,5.667,-0.0108739287522037,-0.0251831974403963,0.0072141137619773,0.0079839598992729,0.0078068864566603,-0.0043107878630281,0.009442570848102,-0.0397356604253157,0.0108739287522037,-1.679234420013631,0.9240705372143224,-0.0248072523934592,False,0.496145047869184,0,DRAWDOWN_SHIFT,-0.4029703932164317,0.4029703932164317,False,NEITHER
2019-09-05,5.6917,0.0043585671431092,-0.0253938356164383,0.0071418680115412,0.0079361820199177,0.0077046145676128,-0.0018431450262266,0.0130895517217179,-0.035550283826146,0.0043585671431092,0.3475905277663229,0.9269598042662424,-0.0251292044395493,False,0.5025840887909859,0,DRAWDOWN_SHIFT,-0.38618912410721185,0.38618912410721185,False,NEITHER
2019-09-06,5.7155,0.0041815274873937,-0.0197406784893492,0.0082371858631246,0.0079513898053221,0.0076867903829541,0.0003675569713306,0.0171404563192523,-0.02686734884988,0.0041815274873937,0.2820251081137558,1.0716027695240702,-0.0148534540773644,False,0.5358013847620351,0,VOLATILITY_ACCELERATION,-0.37029416661585923,0.37029416661585923,False,NEITHER
2019-09-09,5.75,0.006036217303823,-0.0097816353241028,0.0093633059855486,0.007576865601978,0.0077116286672125,0.0047704754748634,0.0201655025866465,-0.0154109589041095,0.006036217303823,0.5039410451657683,1.2141800895261632,0.0006358088667962,False,0.6070900447630816,0,VOLATILITY_ACCELERATION,-0.35973541535560033,0.35973541535560033,False,NEITHER
2019-09-10,5.7683,0.0031826086956521,0.0068071143071579,0.0069247545262275,0.0075706457179962,0.0076639579297824,0.0061625998391758,0.0233544889582275,-0.0122773972602739,0.0031826086956521,0.1992747932514953,0.9035480869901008,0.0169016250221967,False,0.4517740434950504,0,VOLATILITY_ACCELERATION,-0.3529797350902796,0.3529797350902796,False,NEITHER
2019-09-11,5.7515,-0.0029124698784737,0.0149108875948473,0.0034440622064317,0.0074470325205519,0.0076295732779603,0.0020200682763915,0.0252457549389886,-0.015154109589041,0.0029124698784737,-0.6279802059838534,0.4514095455876452,0.0245815508362746,False,0.491631016725492,0,DRAWDOWN_SHIFT,-0.369964721837966,0.369964721837966,False,NEITHER
2019-09-12,5.6566,-0.0165000434669216,-0.0061668745717448,0.0091863321236888,0.0082074343983379,0.0078982342237916,-0.0152733083986221,0.026496320625583,-0.031404109589041,0.0165000434669216,-2.383185333126241,1.163086819585206,0.0041461742371049,False,0.5957963332815602,0,LOCAL_RETURN_SHOCK,-0.4003324654871371,0.4003324654871371,False,NEITHER
2019-09-13,5.6861,0.0052151469080365,-0.0051439069197795,0.0093479866407961,0.0082637237872177,0.0078188676017188,-0.0110640266517558,0.02816139536464,-0.0263527397260274,0.0052151469080365,0.5353007843211464,1.195567838844228,0.0005146091238525,False,0.597783919422114,0,VOLATILITY_ACCELERATION,-0.36511461168221776,0.36511461168221776,False,NEITHER
2019-09-16,5.729,0.0075447143033011,-0.0036521739130435,0.0096511028412679,0.0077727747070579,0.0078812929975683,-0.0041925077175516,0.0289183884251333,-0.0190068493150684,0.0075447143033011,0.793412882918766,1.2245583109580698,-0.0035958904109589,False,0.6122791554790349,0,VOLATILITY_ACCELERATION,-0.3653320964834753,0.3653320964834753,False,NEITHER
2019-09-17,5.7016,-0.004782684587188,-0.0115631988627498,0.0095075637398473,0.0073735134581038,0.0078984201435701,-0.0087190854957186,0.028570355607177,-0.0236986301369862,0.004782684587188,-0.6959599507896889,1.203729805078445,-0.0114212328767122,False,0.6018649025392225,0,VOLATILITY_ACCELERATION,-0.373318896567931,0.373318896567931,False,NEITHER
2019-09-18,5.6768,-0.0043496562368458,-0.0129879161957749,0.0095528152493564,0.0074190536348261,0.0079054595372585,-0.0126926595452347,0.0281472792393924,-0.027945205479452,0.0043496562368458,-0.5609107360297706,1.2083820307135718,-0.0127910958904109,False,0.6041910153567859,0,VOLATILITY_ACCELERATION,-0.3772635704924724,0.3772635704924724,False,NEITHER
2019-09-19,5.7187,0.0073809188275084,0.0109783262030194,0.0062480970778935,0.0073063702560046,0.0079666097510562,-0.0049719214758298,0.0270923525758732,-0.0207705479452053,0.0073809188275084,1.0379305843559632,0.7842855710442121,0.0106335616438357,False,0.3921427855221061,0,VOLATILITY_ACCELERATION,-0.36304699220211323,0.36304699220211323,False,NEITHER
2019-09-20,5.7439,0.0044065959046635,0.0101651395508346,0.006160454558265,0.0073786020348293,0.00797524773026,-0.0004481007922247,0.0261415908344166,-0.0164554794520547,0.0044065959046635,0.6593136549942004,0.772446796215591,0.0098972602739727,False,0.3862233981077955,0,VOLATILITY_ACCELERATION,-0.35207033584457925,0.35207033584457925,False,NEITHER
2019-09-23,5.7174,-0.004613590069465,-0.0020247861755978,0.0058354041419897,0.00692386906716,0.0073366076886878,-0.0041255267950223,0.0232568709228959,-0.0209931506849315,0.004613590069465,-0.609934668239721,0.7953817880963184,-0.001986301369863,False,0.3976908940481592,0,VOLATILITY_ACCELERATION,-0.35073091439971776,0.35073091439971776,False,NEITHER
2019-09-24,5.6973,-0.0035155840067162,-0.0007541742668724,0.0056205987308933,0.006940256618323,0.0073524106083655,-0.00650004577497,0.0196630861719169,-0.0244349315068492,0.0035155840067162,-0.3762245463875187,0.7644565884960558,-0.000736301369863,False,0.3822282942480279,0,VOLATILITY_ACCELERATION,-0.34831483609357217,0.34831483609357217,False,NEITHER
2019-09-25,5.6706,-0.0046864304144068,-0.0010921645997744,0.0056853282834287,0.0069812243763786,0.0073495550102456,-0.0099232902686804,0.0163424034752117,-0.0290068493150683,0.0046864304144068,-0.5158677973810674,0.7735608857275174,-0.0010616438356162,False,0.3867804428637587,0,VOLATILITY_ACCELERATION,-0.35153250490996474,0.35153250490996474,False,NEITHER
2019-09-26,5.6655,-0.0008993757274363,-0.0093028135765121,0.0038244259284068,0.0068480972016337,0.0073164926253757,-0.009304545955294,0.0126727753581676,-0.0298801369863014,0.0008993757274363,0.0458577427825145,0.5227130162261889,-0.0091095890410961,False,0.2613565081130944,0,VOLATILITY_ACCELERATION,-0.3568685718529324,0.3568685718529324,False,NEITHER
2019-09-27,5.6708,0.0009354867178537,-0.0127265446821845,0.002481335101343,0.0068694354564001,0.007278132874108,-0.0069903619858792,0.0088381451731149,-0.028972602739726,0.0009354867178537,0.354661467548508,0.3409301732001024,-0.0125171232876712,False,0.2503424657534239,0,DRAWDOWN_SHIFT,-0.36775085315689887,0.36775085315689887,False,NEITHER
2019-09-30,5.6489,-0.0038618889751004,-0.0119809703711476,0.0023444936265807,0.0068650318849547,0.0068529599983656,-0.0094558398688369,0.0053539428695337,-0.0327226027397259,0.0038618889751004,-0.3633301882369301,0.3421140101707658,-0.0117294520547944,False,0.234589041095888,0,DRAWDOWN_SHIFT,-0.3749644219578584,0.3749644219578584,False,NEITHER
2019-10-01,5.7231,0.0131353006780079,0.0045284608498761,0.0071906598452656,0.0069832728975033,0.0070663014659987,0.003609810758937,0.0034559971845236,-0.0200171232876712,0.0131353006780079,2.1107425914192803,1.0175987933525454,0.004417808219178,False,0.5276856478548201,0,LOCAL_RETURN_SHOCK,-0.37273505914196553,0.37273505914196553,False,NEITHER
2019-10-02,5.702,-0.0036868130908074,0.0055373329100976,0.0070072095117772,0.0065685374949217,0.0069577609037663,-0.0003970713141832,0.0022366549621497,-0.0236301369863013,0.0036868130908074,-0.523520237171889,1.0071069714373388,0.0053767123287669,False,0.5035534857186694,0,VOLATILITY_ACCELERATION,-0.3517274529622575,0.3517274529622575,False,NEITHER
2019-10-03,5.6947,-0.0012802525429673,0.0051540022945901,0.0070367201327028,0.0065071783107339,0.0069600086685665,-0.001703066835074,0.0003866921772432,-0.0248801369863013,0.0012802525429673,-0.2449068639724418,1.011021748361141,0.005,False,0.5055108741805705,0,VOLATILITY_ACCELERATION,-0.34850665832614747,0.34850665832614747,False,NEITHER
2019-10-04,5.6962,0.000263402813142,0.0044790858432672,0.0070458286909803,0.0064347122972004,0.0068778485217705,-0.0012711604379804,-0.0017415199355897,-0.0246232876712327,0.000263402813142,0.0333349435482059,1.024423359816386,0.0043493150684933,False,0.512211679908193,0,VOLATILITY_ACCELERATION,-0.3487750929785343,0.3487750929785343,False,NEITHER
2019-10-07,5.8328,0.0239808995470665,0.0325550107100496,0.0117559152043939,0.0083180670530855,0.0075433398847627,0.0219374552131459,-0.0026403620668563,-0.0012328767123287,0.0239808995470665,3.7500230429543286,1.5584496236395848,0.0314897260273972,False,0.9375057607385822,0,LOCAL_RETURN_SHOCK,-0.46028991715447937,0.46028991715447937,False,NEITHER
2019-10-08,5.8311,-0.0002914552187628,0.0188708916496305,0.0113839528253802,0.0083008019639942,0.0075429313056435,0.021077865701933,-0.0038793156077914,-0.0015239726027396,0.0002914552187628,-0.1249412251759187,1.5092213310842308,0.0184931506849316,False,0.7546106655421154,0,VOLATILITY_ACCELERATION,-0.38342371673260056,0.38342371673260056,False,NEITHER
2019-10-09,5.8712,0.0068769185916892,0.0296737986671342,0.0106011105574879,0.0083727015108156,0.0075574496988153,0.0270233866827365,-0.0040401365527825,0.0,0.0068769185916892,0.7593010343824569,1.4027365023877991,0.0236301369863013,False,0.7013682511938996,0,VOLATILITY_ACCELERATION,-0.3931297421534918,0.3931297421534918,False,NEITHER
2019-10-10,5.8365,-0.0059102057501021,0.0249003459356946,0.0115462495821011,0.00749205212528,0.0074361164320083,0.019349565381411,-0.0032423248295928,-0.0059102057501021,0.0059102057501021,-0.8329194870766731,1.5527257658851314,0.0189699312361992,False,0.7763628829425657,0,VOLATILITY_ACCELERATION,-0.3992264966689559,0.3992264966689559,False,NEITHER
2019-10-11,5.8853,0.0083611753619463,0.0331975703100311,0.0112835215523118,0.0076042888702564,0.0074635647756612,0.0260876235906177,-0.0024427297700841,0.0,0.0083611753619463,0.9033710477714724,1.511813977833694,0.0246232876712327,False,0.755906988916847,0,VOLATILITY_ACCELERATION,-0.39919401805944726,0.39919401805944726,False,NEITHER
2019-10-14,5.9271,0.00710244167672,0.016167192429022,0.0061353232108499,0.0075871756192322,0.0074984555293035,0.0315938787675733,-0.0013114623021944,0.0,0.00710244167672,0.7038222721108267,0.818211588622942,0.0012328767123287,False,0.409105794311471,0,VOLATILITY_ACCELERATION,-0.357286814967661,0.357286814967661,False,NEITHER
2019-10-15,5.9165,-0.001788395674107,0.0146456071753184,0.0063815668953132,0.0074807318176512,0.0074572060015575,0.027826806014954,0.0007945407919329,-0.001788395674107,0.001788395674107,-0.4634999933483572,0.8557584293608567,-0.0002644230713674,False,0.4278792146804283,0,VOLATILITY_ACCELERATION,-0.3528988622148047,0.3528988622148047,False,NEITHER
2019-10-16,5.887,-0.0049860559452379,0.0026911023300175,0.0067416439541952,0.0075099124015756,0.0074867366823897,0.0208381381105391,0.0029653308474411,-0.0067655345784617,0.0049860559452379,-0.917561374093882,0.900478304526576,-0.0067655345784617,False,0.450239152263288,0,VOLATILITY_ACCELERATION,-0.3596296783784608,0.3596296783784608,False,NEITHER
2019-10-17,5.8299,-0.0096993375233563,-0.001130814700591,0.0077827710848494,0.0078124560393705,0.0076004038519527,0.0099629442917059,0.0043698970381615,-0.0163992508984157,0.0096993375233563,-1.537367087811603,1.0239944135139407,-0.0104890451483136,False,0.5119972067569704,0,VOLATILITY_ACCELERATION,-0.373495988247154,0.373495988247154,False,NEITHER
2019-10-18,5.7919,-0.0065181220947186,-0.0158700491053981,0.0064142771649849,0.0079420036320129,0.0076159723051878,0.0029628783037998,0.0049273685172215,-0.0228104806735165,0.0065181220947186,-0.961319190085943,0.8422138248343765,-0.0228104806735165,False,0.45620961347033,0,DRAWDOWN_SHIFT,-0.37835194227122665,0.37835194227122665,False,NEITHER
2019-10-21,5.8582,0.0114470208394481,-0.0116245718816959,0.0082006030913644,0.0082109102029826,0.0076227516962732,0.0132086207999888,0.0070970905325387,-0.0116245718816959,0.0114470208394481,1.385181300779336,1.0758061416815812,-0.0116245718816959,False,0.5379030708407906,0,VOLATILITY_ACCELERATION,-0.3765172886641309,0.3765172886641309,False,NEITHER
2019-10-22,5.8084,-0.0085009047147588,-0.0182709372094989,0.0086321630854985,0.0084357570946087,0.0075937944319228,0.0036311736647898,0.0092090521093544,-0.0200266572185386,0.0085009047147588,-1.187425137632704,1.1367391049210662,-0.0182382615444316,False,0.5683695524605331,0,VOLATILITY_ACCELERATION,-0.3851541581127162,0.3851541581127162,False,NEITHER
2019-10-23,5.7351,-0.0126196542937814,-0.0258026159334124,0.0095531362953922,0.0088914074975202,0.0077676195497392,-0.0095862093976281,0.0110302430320028,-0.0323935820215619,0.0126196542937814,-1.6144756859097955,1.2298666578891533,-0.0256280474431002,False,0.6149333289445766,0,VOLATILITY_ACCELERATION,-0.41460182878193297,0.41460182878193297,False,NEITHER
2019-10-24,5.7647,0.005161200327806,-0.0111837252783066,0.01009139530427,0.0089406488485387,0.0077838144004125,-0.0053264821234148,0.0134400940072147,-0.0273995714599044,0.005161200327806,0.5126512417005246,1.2964588805888293,-0.0110003205614887,False,0.6482294402944146,0,VOLATILITY_ACCELERATION,-0.3758656076589232,0.3758656076589232,False,NEITHER
2019-10-25,5.7748,0.001752042604125,-0.0029523990400387,0.0098835613231502,0.0089426545957311,0.0077068356129639,-0.004476991847634,0.0157685895999102,-0.0256955340723119,0.001752042604125,0.0946245157323549,1.2824409160258674,-0.0028850533987953,False,0.6412204580129337,0,VOLATILITY_ACCELERATION,-0.36150400683193096,0.36150400683193096,False,NEITHER
2019-10-28,5.7312,-0.0075500450232042,-0.0216790140316137,0.0074758833093698,0.0090839465098382,0.0077766153401771,-0.0126936192534391,0.0178963934541216,-0.0330515766563749,0.0075500450232042,-0.9501553216729124,0.9613286735099784,-0.0214270047746789,False,0.4806643367549892,0,VOLATILITY_ACCELERATION,-0.3905835466725939,0.3905835466725939,False,NEITHER
2019-10-29,5.7373,0.0010643495254047,-0.0122408925005164,0.0073717338943119,0.0086071026662384,0.0076743490270836,-0.0117636521321242,0.0180762347841259,-0.0320224055608981,0.0010643495254047,0.0332335176864349,0.9605679736869228,-0.0119957483423595,False,0.4802839868434614,0,VOLATILITY_ACCELERATION,-0.36608222480586405,0.36608222480586405,False,NEITHER
2019-10-30,5.702,-0.0061527199205201,-0.0057714773935938,0.0054576575629029,0.0086824237566046,0.0076913387112742,-0.0178439935958329,0.0177639012212793,-0.0379781005888208,0.0061527199205201,-0.7333048804047372,0.7095848678335929,-0.0055845185672588,False,0.3547924339167964,0,VOLATILITY_ACCELERATION,-0.36867073350895546,0.36867073350895546,False,NEITHER
2019-10-31,5.713,0.0019291476674851,-0.0089683764983433,0.0046566315542695,0.0086864810534668,0.0076793063322574,-0.016104338061934,0.0178975407644781,-0.0361222182855022,0.0019291476674851,0.2180880122043274,0.6063870033038051,-0.0087226468255978,False,0.3031935016519025,0,VOLATILITY_ACCELERATION,-0.3638879825084377,0.3638879825084377,False,NEITHER
2019-11-01,5.7124,-0.0001050236303168,-0.0108055690240355,0.0043684906791593,0.0086867214355336,0.007676626827702,-0.0163448888643987,0.0182117840955911,-0.0362234482293196,0.0001050236303168,-0.0346640680245088,0.56906383196785,-0.0105279141570077,False,0.284531915983925,0,VOLATILITY_ACCELERATION,-0.3649138401117252,0.3649138401117252,False,NEITHER
2019-11-04,5.7387,0.0046040193263776,0.0013086264656614,0.0039862086829078,0.0067588105237278,0.007518674948739,-0.0110148614030054,0.0166488833290407,-0.0317862023586578,0.0046040193263776,0.509554213472301,0.5301743605203135,0.0012653742977171,False,0.2650871802601567,0,VOLATILITY_ACCELERATION,-0.3510136360926717,0.3510136360926717,False,NEITHER
2019-11-05,5.7533,0.0025441302037048,0.0027887682359297,0.0041130347373916,0.0067994636683915,0.0075224272953883,-0.0078336185971915,0.0154087130717088,-0.0293229403924347,0.0025441302037048,0.493475943050757,0.5467696231392143,0.0026994651684634,False,0.2733848115696071,0,VOLATILITY_ACCELERATION,-0.3470094379685421,0.3470094379685421,False,NEITHER
2019-11-06,5.7508,-0.0004345332244104,0.0085584005612064,0.0020623075805828,0.0065660579926586,0.0074423824977847,-0.0072340987500657,0.013292598983857,-0.0297447318250072,0.0004345332244104,0.0316006832801046,0.2771031428708033,0.0082333687638135,False,0.1646673752762699,0,DRAWDOWN_SHIFT,-0.35519049778221423,0.35519049778221423,False,NEITHER
2019-11-07,5.7522,0.0002434443903458,0.0068615438473655,0.0021528251391108,0.0064680436323058,0.0073600730663962,-0.0062693379447835,0.0109645790653036,-0.0295085286227666,0.0002434443903458,0.1916550089608712,0.292500511841374,0.0066136896627356,False,0.146250255920687,0,VOLATILITY_ACCELERATION,-0.3518428333891327,0.3518428333891327,False,NEITHER
2019-11-08,5.7668,0.0025381593129585,0.0095231426370703,0.0020204014972003,0.0061621795096298,0.0073625325456031,-0.0027262987964683,0.0081760282582503,-0.0270452666565437,0.0025381593129585,0.5017669180215274,0.2744166473541611,0.0091781815727759,False,0.183563631455518,0,DRAWDOWN_SHIFT,-0.35849466413589093,0.35849466413589093,False,NEITHER
2019-11-11,5.7733,0.001127141568981,0.0060292400717933,0.0013406430276892,0.0058874766766942,0.0071236293227974,-0.0002727331760427,0.0050995766307115,-0.0259486089318554,0.001127141568981,0.3449401910737989,0.188196629406138,0.0058375934268023,False,0.116751868536046,0,DRAWDOWN_SHIFT,-0.3553347886490713,0.3553347886490713,False,NEITHER
2019-11-12,5.7776,0.000744807995427,0.0042236629412684,0.0011130473972039,0.0059035803262322,0.0069571236491903,0.0016765113307544,0.0020169135836787,-0.0252231276678309,0.000744807995427,0.3468404074361942,0.159986720565681,0.0040998127246038,False,0.0867101018590485,0,LOCAL_RETURN_SHOCK,-0.3547632096182399,0.3547632096182399,False,NEITHER
2019-11-13,5.7403,-0.0064559678759344,-0.0018258329275926,0.0035127085869326,0.0059624371873736,0.0070029928150616,-0.0035230735713932,-0.0010811832497228,-0.0315162558418112,0.0064559678759344,-0.8952908156490758,0.5016010553913015,-0.0017715240168039,False,0.2508005276956507,0,VOLATILITY_ACCELERATION,-0.35930200804910634,0.35930200804910634,False,NEITHER
2019-11-14,5.7477,0.0012891312300751,-0.0007823093772817,0.0035879762027106,0.005639849354048,0.0069023531195451,-0.0015261049060319,-0.0027553578327175,-0.0302677532013969,0.0012891312300751,0.4248553699460881,0.519819276204615,-0.0007592245786302,False,0.2599096381023075,0,VOLATILITY_ACCELERATION,-0.346368513460972,0.346368513460972,False,NEITHER
2019-11-15,5.7453,-0.0004175583276788,-0.0037282374973988,0.0032628389626173,0.0054707492117906,0.0068997225852961,-0.0015388879861595,-0.0035732901109825,-0.0306726729766665,0.0004175583276788,0.0491255074743502,0.4728942246998002,-0.0036274063201227,False,0.2364471123499001,0,VOLATILITY_ACCELERATION,-0.3471831565037323,0.3471831565037323,False,NEITHER
2019-11-18,5.7369,-0.0014620646441438,-0.0063048862868722,0.0030929736840347,0.0047092599016795,0.0067386554200259,-0.0019467336106426,-0.0058355226632399,-0.0320898921901098,0.0014620646441438,-0.1960378737356601,0.4589897377513944,-0.0061412832582543,False,0.2294948688756972,0,VOLATILITY_ACCELERATION,-0.3531282225295467,0.3531282225295467,False,NEITHER
2019-11-19,5.699,-0.0066063553487075,-0.0136042647466075,0.0036061554395307,0.0045681184598006,0.006788047961028,-0.0075958360469611,-0.0077349269143146,-0.0384842503079078,0.0066063553487075,-1.1830543630895207,0.5312507307306317,-0.0132611226400769,False,0.2957635907723802,0,LOCAL_RETURN_SHOCK,-0.38284369715429334,0.38284369715429334,False,NEITHER
2019-11-20,5.6997,0.0001228285664152,-0.0070728010731146,0.0030669413730727,0.0036497385974261,0.0067828366092058,-0.0071679280942718,-0.0085932224756976,-0.0383661487067875,0.0001228285664152,0.2327316996201356,0.4521620598836461,-0.0068498928649763,False,0.226081029941823,0,VOLATILITY_ACCELERATION,-0.3602686781315149,0.3602686781315149,False,NEITHER
2019-11-21,5.6966,-0.0005438882748214,-0.0088905127268298,0.0027567986413819,0.0034156156856381,0.0067525124798662,-0.0071190224917189,-0.0100292119670712,-0.0388891700831772,0.0005438882748214,-0.065948561686205,0.4082626503248647,-0.0086214168817803,False,0.2041313251624323,0,VOLATILITY_ACCELERATION,-0.36703059547409433,0.36703059547409433,False,NEITHER
2019-11-22,5.7132,0.0029140188884597,-0.0055871756044072,0.0034773128546538,0.0034670178874703,0.0067639301111626,-0.003690905619018,-0.0114476181610371,-0.0360884749708965,0.0029140188884597,1.0254275962920891,0.5140965086134089,-0.0054158019942299,False,0.2570482543067044,0,VOLATILITY_ACCELERATION,-0.36076346617453675,0.36076346617453675,False,NEITHER
2019-11-25,5.7416,0.0049709444794512,0.0008192577873067,0.0043877542543034,0.0032568420560164,0.0067794643902042,0.0011709040373084,-0.0120588090892412,-0.0312969242968736,0.0049709444794512,1.586750786327813,0.6472125232552832,0.0007929678932361,False,0.3966876965819532,0,LOCAL_RETURN_SHOCK,-0.356693476864757,0.356693476864757,False,NEITHER
2019-11-26,5.7597,0.0031524313780131,0.0106509914020003,0.0022863292676046,0.0033223382810067,0.0065670545622699,0.0041309238747175,-0.0119867128175492,-0.0282431543250494,0.0031524313780131,0.9385566539644128,0.3481514042445128,0.0102410959828584,False,0.2346391634911032,0,LOCAL_RETURN_SHOCK,-0.3659172120649443,0.3659172120649443,False,NEITHER
2019-11-27,5.7779,0.0031598867996598,0.0137200203519483,0.0020085621831364,0.0030243433289852,0.0064174506320387,0.0066378619464093,-0.0113330330482922,-0.0251725126959222,0.0031598867996598,0.8908731926915036,0.3129844385726608,0.0131936360108653,False,0.2638727202173059,0,DRAWDOWN_SHIFT,-0.36999610468879923,0.36999610468879923,False,NEITHER
2019-11-28,5.7585,-0.0033576212810882,0.0108661306744373,0.0031975958553699,0.0031370459370734,0.0064129347261293,0.0028604642050127,-0.0110970273021142,-0.0284456142126842,0.0033576212810882,-1.3303239306844867,0.4986166227985132,0.010443555870493,False,0.3325809826711217,0,LOCAL_RETURN_SHOCK,-0.3708171001252494,0.3708171001252494,False,NEITHER
2019-11-29,5.747,-0.00199704784232,0.0059161240635721,0.0036354220419252,0.0031813368047406,0.0063977452260584,0.0005562514744146,-0.0109370587465473,-0.0303858548025173,0.00199704784232,-0.7645550836898954,0.5682348879911485,0.0057026201683791,False,0.2841174439955742,0,VOLATILITY_ACCELERATION,-0.35338693712670816,0.35338693712670816,False,NEITHER
2019-12-02,5.7415,-0.0009570210544631,-1.7416747944754007e-05,0.0030041811759317,0.0030251751851169,0.0063515170769822,-0.0004256656357257,-0.0101109585936687,-0.0313137959541766,0.0009570210544631,-0.3972595478158667,0.4729863967175348,-1.687165730299839e-05,False,0.2364931983587674,0,VOLATILITY_ACCELERATION,-0.34994135744787586,0.34994135744787586,False,NEITHER
2019-12-03,5.7431,0.0002786728206913,-0.0028820945535357,0.0024793788202878,0.0029679045590193,0.0063378660071201,-5.832746431355673e-05,-0.0095348546447711,-0.0310438494373302,0.0002786728206913,0.0826165290938162,0.3912008896215872,-0.0028006951122808,False,0.1956004448107936,0,VOLATILITY_ACCELERATION,-0.35199434007878266,0.35199434007878266,False,NEITHER
2019-12-04,5.7508,0.0013407393219688,-0.0046902853978089,0.0018472585017359,0.0029833926379671,0.0063291241716998,0.0012823336557303,-0.0085055254842081,-0.0297447318250072,0.0013407393219688,0.4802273172133798,0.2918663707050932,-0.004572219129085,False,0.1459331853525466,0,VOLATILITY_ACCELERATION,-0.3590760241628297,0.3590760241628297,False,NEITHER
2019-12-05,5.7485,-0.0003999443555678,-0.0017365633411478,0.0012587212895705,0.0029841461992098,0.0059467012515918,0.0009141165716275,-0.0078155097443375,-0.0301327799429738,0.0003999443555678,-0.1354761205711279,0.2116671472664896,-0.0016871657302896,False,0.1058335736332448,0,VOLATILITY_ACCELERATION,-0.3564293866406298,0.3564293866406298,False,NEITHER
2019-12-06,5.7766,0.0048882317126206,0.0051505133112927,0.0023205601071564,0.0031330593497921,0.0059422564958443,0.0057210110485503,-0.0067141484790919,-0.0253918442408598,0.0048882317126206,1.6474283485350951,0.3905183340334227,0.0049940105616574,False,0.4118570871337738,0,LOCAL_RETURN_SHOCK,-0.35967882698972575,0.35967882698972575,False,NEITHER
2019-12-09,5.8113,0.006006993733338,0.0121571018026647,0.0028574823061773,0.0033970100989031,0.0059136424220636,0.0114277956850761,-0.0050624472391177,-0.0195373791567545,0.006006993733338,1.8887051871131857,0.4832017396784306,0.011776416797422,False,0.4721762967782964,0,LOCAL_RETURN_SHOCK,-0.3724791132782814,0.3724791132782814,False,NEITHER
2019-12-10,5.8057,-0.0009636398052071,0.0109000365656177,0.0031314210059684,0.0034075885934132,0.0058789534827713,0.0102061146206442,-0.0036208830550996,-0.0204821919657168,0.0009636398052071,-0.3818654238607166,0.5326493933223416,0.0105616574716134,False,0.2663246966611708,0,VOLATILITY_ACCELERATION,-0.35547948655775913,0.35547948655775913,False,NEITHER
2019-12-11,5.8074,0.000292815681141,0.0098421089239759,0.0032345436400231,0.0030209896436293,0.0058469361979036,0.0099123539232053,-0.0017697824617074,-0.0201953737915675,0.000292815681141,0.0131110824790652,0.5532031700949354,0.0095493580334397,False,0.2766015850474677,0,VOLATILITY_ACCELERATION,-0.3501679767104281,0.3501679767104281,False,NEITHER
2019-12-12,5.7914,-0.0027551055549815,0.0074628163868835,0.0037889858951409,0.00310558558308,0.005787829246439,0.0067474013856381,-0.000677496771033,-0.022894838960031,0.0027551055549815,-1.1058241281687178,0.6546471455549762,0.0072379409829428,False,0.3273235727774881,0,VOLATILITY_ACCELERATION,-0.3559652232571335,0.3559652232571335,False,NEITHER
2019-12-13,5.8082,0.0029008529889145,0.0054703458781981,0.0034312384133988,0.0031488865515101,0.0057726439091402,0.0091161329666262,0.0002737152544551,-0.0200604005331443,0.0029008529889145,0.8106320295892813,0.5943963402914735,0.0053314437077155,False,0.2971981701457367,0,VOLATILITY_ACCELERATION,-0.3450524527375254,0.3450524527375254,False,NEITHER
2019-12-16,5.8498,0.0071622878000068,0.0066250236607987,0.0038570633144405,0.0034363500015541,0.0058062346404416,0.0153478987220931,0.0023112025037883,-0.0130417910951392,0.0071622878000068,2.100107857606502,0.6642968383632437,0.0064955880616152,False,0.5250269644016256,0,LOCAL_RETURN_SHOCK,-0.35970216182593634,0.35970216182593634,False,NEITHER
2019-12-17,5.886,0.0061882457519915,0.0138312348209519,0.004112669763788,0.0031265970488051,0.0058304695319631,0.0199758262609983,0.004894107567626,-0.0069342511514906,0.0061882457519915,1.515486407659245,0.7053753975116439,0.0135479408142261,False,0.3788716019148112,0,LOCAL_RETURN_SHOCK,-0.36520244994928164,0.36520244994928164,False,NEITHER
2019-12-18,5.9261,0.006812776078831,0.0204394393360194,0.0041689526510831,0.0033104227123526,0.005844075084796,0.0249141955830505,0.0071757666547636,-0.0001687165730289,0.006812776078831,1.6607646940317842,0.7133639781475577,0.0200266572185386,False,0.415191173507946,0,LOCAL_RETURN_SHOCK,-0.3777523792692879,0.3777523792692879,False,NEITHER
2019-12-19,5.9417,0.002632422672584,0.0259522740615394,0.002195926226602,0.0032600515767006,0.0058449515760047,0.0254387932968607,0.0099094631843965,0.0,0.002632422672584,0.2047144030045776,0.3756962222949705,0.022894838960031,False,0.45789677920062,0,DRAWDOWN_SHIFT,-0.37968057790453535,0.37968057790453535,False,NEITHER
2019-12-20,5.94,-0.0002861134018883,0.0226920560586756,0.003228064098843,0.0032970190835383,0.0058466357830195,0.023143012656658,0.0124294494682495,-0.0002861134018883,0.0002861134018883,-0.7360805055173285,0.5521233438584169,0.0197742871312559,False,0.395485742625118,0,DRAWDOWN_SHIFT,-0.37392402166246735,0.37392402166246735,False,NEITHER
2019-12-23,5.9486,0.0014478114478113,0.0168894663065404,0.0030578018547301,0.0032205489312806,0.0058151298988182,0.0228009332890875,0.01414239343945,0.0,0.0014478114478113,-0.1533897546721844,0.5258355200889893,0.0130417910951392,False,0.2629177600444946,0,VOLATILITY_ACCELERATION,-0.35913358746908125,0.35913358746908125,False,NEITHER
2019-12-24,5.9468,-0.0003025922065696,0.0103295956506965,0.0029316125817625,0.0032355383308817,0.0055894649513245,0.0208494089191282,0.0155753002307355,-0.0003025922065696,0.0003025922065696,-0.6458451635278208,0.5244889461321006,0.006631658944921,False,0.2622444730660503,0,VOLATILITY_ACCELERATION,-0.34720598097976096,0.34720598097976096,False,NEITHER
2019-12-25,5.935,-0.0019842604425909,0.0015018308837178,0.0017806001892076,0.0033090281787569,0.0055713440034874,0.0174518274703421,0.016272343984111,-0.0022862522274148,0.0019842604425909,-1.10921047471763,0.3195997569155714,-0.0021175356543859,False,0.2773026186794075,0,LOCAL_RETURN_SHOCK,-0.35036378546989166,0.35036378546989166,False,NEITHER
2019-12-26,5.9335,-0.000252737994945,-0.0013800764091084,0.0012135721348903,0.0031454622879912,0.0055667846192064,0.0156711372058988,0.0173935380502692,-0.0025384123995561,0.000252737994945,-0.4835749687713892,0.2180023510705371,-0.0025384123995561,False,0.1208937421928473,0,LOCAL_RETURN_SHOCK,-0.3472444757988221,0.3472444757988221,False,NEITHER
2019-12-27,5.9502,0.0028145276818065,0.0017171717171715,0.0018382654618418,0.0030461374665264,0.0055731320522298,0.0167614757754039,0.0188559674292563,0.0,0.0028145276818065,0.4170637553807582,0.32984423204297,0.0002861134018883,False,0.164922116021485,0,VOLATILITY_ACCELERATION,-0.3425248657805023,0.3425248657805023,False,NEITHER
2019-12-30,5.9479,-0.0003865416288527,-0.0001176747469993,0.0017436468555257,0.0030220975133909,0.0046648467880141,0.0145792785585496,0.020627808936193,-0.0003865416288527,0.0003865416288527,-0.6991771697866929,0.3737843780862947,-0.0003865416288527,False,0.1868921890431473,0,VOLATILITY_ACCELERATION,-0.34292839228060074,0.34292839228060074,False,NEITHER
2019-12-31,5.9489,0.0001681265656787,0.0003531310957154,0.0017374277282587,0.0030250716977141,0.0046641755677018,0.0129718426895886,0.0225100484292064,-0.0002184800510907,0.0001681265656787,-0.5306399089607621,0.3725047874033589,8.411215547889997e-05,False,0.1862523937016794,0,VOLATILITY_ACCELERATION,-0.3399126183633407,0.3399126183633407,False,NEITHER
2020-01-01,5.9466,-0.0003866260989426,0.0019545071609099,0.0013735747450754,0.0030622895234971,0.004585338616104,0.0108950091032569,0.024214603281834,-0.0006050216799434,0.0003866260989426,-0.7116759919686342,0.2995579738105531,0.0016812305474714,False,0.1779189979921585,0,LOCAL_RETURN_SHOCK,-0.34344475095784177,0.34344475095784177,False,NEITHER
2020-01-02,5.9566,0.0016816332021658,0.0038931490688463,0.0014184899077566,0.0030230032583235,0.0045174700189555,0.0108070454096147,0.0260592869890743,0.0,0.0016816332021658,0.0005736462517344,0.3140009566869408,0.0025384123995561,False,0.1570004783434704,0,VOLATILITY_ACCELERATION,-0.3401664312141253,0.3401664312141253,False,NEITHER
2020-01-03,5.9723,0.0026357317933047,0.0037141608685422,0.0013551626634317,0.0029421414430096,0.0044044257979182,0.0117912141901161,0.0276753474217148,0.0,0.0026357317933047,0.2817649573528511,0.3076820283979429,0.0,False,0.1538410141989714,0,VOLATILITY_ACCELERATION,-0.34392222890089313,0.34392222890089313,False,NEITHER
2020-01-06,5.969,-0.0005525509435224,0.0035474705358193,0.0013912909299855,0.0027953346441918,0.0043126029029566,0.0098831164766264,0.0287078549996169,-0.0005525509435224,0.0005525509435224,-0.7558716668723973,0.3226104886753357,-0.0001660093146697,False,0.1889679167180993,0,LOCAL_RETURN_SHOCK,-0.34329454109206387,0.34329454109206387,False,NEITHER
2020-01-07,5.9727,0.0006198693248449,0.0040007396325369,0.0013617185996864,0.0027485867841118,0.0043056794909843,0.0090835597958078,0.0299092838145516,0.0,0.0006198693248449,-0.2588183336099321,0.3162610228043482,0.0002184800510907,False,0.1581305114021741,0,VOLATILITY_ACCELERATION,-0.34028098323684686,0.34028098323684686,False,NEITHER
2020-01-08,5.9091,-0.0106484504495454,-0.0063061245081224,0.0053853287788682,0.0038524536021574,0.0044790963850831,-0.0025185600318702,0.0301926822481912,-0.0106484504495454,0.0106484504495454,-4.391703822182428,1.2023248253382444,-0.010043428769602,True,1.097925955545607,1,LOCAL_RETURN_SHOCK,-0.42410978791735865,0.42410978791735865,False,BASELINE_ONLY
2020-01-09,5.8739,-0.0059569139124401,-0.0138837591914851,0.0054280771225903,0.0040715596306837,0.0043653271788664,-0.0091504172047073,0.0305184538776914,-0.0165419324593567,0.0059569139124401,-1.7735136999232413,1.243452529484829,-0.0165419324593567,False,0.6217262647424145,0,VOLATILITY_ACCELERATION,-0.39399402952034335,0.39399402952034335,False,NEITHER
2020-01-10,5.8777,0.0006469296378897,-0.0158397937143144,0.0049869046786105,0.0040389467132875,0.0042773653403036,-0.0090902653912422,0.0305591123975588,-0.0159057042878429,0.0006469296378897,-0.016810578685038,1.1658823321967016,-0.0159057042878429,False,0.5829411660983508,0,VOLATILITY_ACCELERATION,-0.37882085825265394,0.37882085825265394,False,NEITHER
2020-01-13,5.8671,-0.0018034265103696,-0.0170715362707322,0.0048517998239137,0.0037605318099083,0.004024252238704,-0.01102151964986,0.0296995074960404,-0.0176804460294338,0.0018034265103696,-0.595725921893119,1.205640088176036,-0.0171278950859114,False,0.602820044088018,0,VOLATILITY_ACCELERATION,-0.38539669495143597,0.38539669495143597,False,NEITHER
2020-01-14,5.8819,0.0025225409486799,-0.0152025047298541,0.0053023820532509,0.0035334437255438,0.0038769648008648,-0.0084925188966131,0.0279956158021739,-0.0152025047298541,0.0025225409486799,0.6297375052321361,1.367663191594658,-0.0152025047298541,False,0.683831595797329,0,VOLATILITY_ACCELERATION,-0.38882868363884027,0.38882868363884027,False,NEITHER
2020-01-15,5.8758,-0.0010370798551488,-0.0056353759455753,0.0031725255086788,0.0031484856183152,0.0034966749532666,-0.009100697919732,0.0255480543648483,-0.0162238183735998,0.0010370798551488,-0.2853272109746382,0.9072978046515364,-0.0055753679240544,False,0.4536489023257682,0,VOLATILITY_ACCELERATION,-0.3599247796841961,0.3599247796841961,False,NEITHER
2020-01-16,5.8597,-0.002740052418394,-0.0024174739100086,0.0020889489339668,0.0031030848391517,0.0034633349364362,-0.0111320839095696,0.0226714184629723,-0.0189194166792237,0.002740052418394,-0.7364389395343932,0.6031611069405679,-0.0023774842198669,False,0.3015805534702839,0,VOLATILITY_ACCELERATION,-0.36336146960757243,0.36336146960757243,False,NEITHER
2020-01-17,5.8908,0.0053074389473863,0.0022287629514945,0.0033673398629278,0.003381026245971,0.0035189458960525,-0.0054708557276003,0.0202501360745759,-0.0137123913807826,0.0053074389473863,1.9327372667248213,0.9569172025933196,0.0021933129070602,False,0.4831843166812053,0,LOCAL_RETURN_SHOCK,-0.3632085903850726,0.3632085903850726,False,NEITHER
2020-01-20,5.9132,0.0038025395532015,0.007857374171226,0.0033627900773413,0.0034884303471223,0.0033905107322803,-0.0013907101910264,0.018130189357272,-0.0099619937381753,0.0038025395532015,1.24603312494518,0.9918240474288792,0.0077184522912585,False,0.4959120237144396,0,VOLATILITY_ACCELERATION,-0.3559473554050714,0.3559473554050714,False,NEITHER
2020-01-21,5.9376,0.0041263613610227,0.0094697291691459,0.0035476461759282,0.0036256402050919,0.0034216401380832,0.0028078145913468,0.0164161950923076,-0.0058767391631925,0.0041263613610227,1.266746261677827,1.0368262098759424,0.0093257655666616,False,0.5184131049379712,0,VOLATILITY_ACCELERATION,-0.3579188354747055,0.3579188354747055,False,NEITHER
2020-01-22,5.9222,-0.0025936405281594,0.0078967970318934,0.0039178937615665,0.0036450721912876,0.0033326739423489,0.0003150159577118,0.0149377700061714,-0.0084551375424849,0.0025936405281594,-0.6957373935444835,1.1756006826173735,0.0077686808311149,False,0.5878003413086867,0,VOLATILITY_ACCELERATION,-0.35283786301289627,0.35283786301289627,False,NEITHER
2020-01-23,5.9344,0.0020600452534531,0.0127480929057801,0.0030965257524846,0.0036765756938544,0.0033335767422649,0.0023680912373869,0.0134253117537808,-0.0064125102549934,0.0020600452534531,0.5930366275973213,0.928889895716262,0.0125069064242302,False,0.464444947858131,0,VOLATILITY_ACCELERATION,-0.35536657947445244,0.35536657947445244,False,NEITHER
2020-01-24,5.9391,0.0007919924507953,0.008199225911591,0.0027238669575247,0.0036229157039806,0.0033321929297321,0.0032560084124106,0.0115710401889235,-0.0056255964639108,0.0007919924507953,0.2116016150280133,0.8174397506280322,0.0080867949168718,False,0.4087198753140161,0,VOLATILITY_ACCELERATION,-0.3426562502744875,0.3426562502744875,False,NEITHER
2020-01-27,5.944,0.0008250408311023,0.0052086856524387,0.0024432129584332,0.0036277714897165,0.0032917411607259,0.0041168113547638,0.0097570461395699,-0.0048051969795904,0.0008250408311023,0.2517708307283198,0.7422251140470653,0.0051567967585848,False,0.3711125570235326,0,VOLATILITY_ACCELERATION,-0.33971161904729535,0.33971161904729535,False,NEITHER
2020-01-28,5.9403,-0.0006224764468372,0.0004547291835084,0.0017764910544057,0.0036298456586938,0.0032852799802919,0.0035646709014731,0.0079145608849051,-0.0054246823044854,0.0006224764468372,-0.1642749291615063,0.5407426657888249,0.0004520568587071,False,0.2703713328944124,0,VOLATILITY_ACCELERATION,-0.3410700197942908,0.3410700197942908,False,NEITHER
2020-01-29,5.9567,0.0027608033264312,0.005825537806896,0.0013035964451708,0.0036830540477121,0.0032951225771884,0.0062494668230934,0.0063229811764025,-0.0026788554590051,0.0027608033264312,0.7787818781319691,0.3956139459561799,0.0057762820834798,False,0.1978069729780899,0,VOLATILITY_ACCELERATION,-0.3473264165223175,0.3473264165223175,False,NEITHER
2020-01-30,5.9725,0.0026524753638761,0.0064201941224049,0.0014266228199093,0.0037114060004002,0.0033054664497676,0.0087830419728063,0.0046810449497403,-3.34856932374672e-05,0.0026524753638761,0.6953898999049268,0.4315950083261631,0.0063790245617559,False,0.2157975041630815,0,VOLATILITY_ACCELERATION,-0.34660417209810945,0.34660417209810945,False,NEITHER
2020-01-31,5.9822,0.001624110506488,0.0072569918001044,0.0014035828466074,0.0036823805795421,0.0032986315601393,0.0103369450573762,0.00309942907483,0.0,0.001624110506488,0.3999162635263724,0.4255045830423472,0.0056255964639108,False,0.2127522915211736,0,VOLATILITY_ACCELERATION,-0.34509761697034885,0.34509761697034885,False,NEITHER
2020-02-03,5.9844,0.0003677576811207,0.0067967698519515,0.0014677529172221,0.0036796872463537,0.0032980967530635,0.0105770830149456,0.0018915217360042,0.0,0.0003677576811207,0.0756249532245815,0.4450302787080912,0.0048051969795904,False,0.2225151393540456,0,VOLATILITY_ACCELERATION,-0.34356223470860475,0.34356223470860475,False,NEITHER
2020-02-04,5.9801,-0.0007185348572955,0.0066999983165834,0.0015003980714132,0.0036825799635731,0.0033024461238173,0.0097878552245094,0.0005406378005503,-0.0007185348572955,0.0007185348572955,-0.2320382286324499,0.454329310807617,0.0047061474471899,False,0.2271646554038085,0,VOLATILITY_ACCELERATION,-0.3440136740211334,0.3440136740211334,False,NEITHER
2020-02-05,5.9827,0.000434775338205,0.0043648328772643,0.0012952788812092,0.0026833655098222,0.0031708207693979,0.0095995234410795,0.0003030037035662,-0.000284071920326,0.000434775338205,0.0994960863488312,0.4084995574994791,0.002394783538679,False,0.2042497787497395,0,VOLATILITY_ACCELERATION,-0.34152690683388315,0.34152690683388315,False,NEITHER
2020-02-06,5.9874,0.0007855984756046,0.0024947676852238,0.0008443566316898,0.0021917661198025,0.0031698865658741,0.0094259621107006,0.0005642574532169,0.0,0.0007855984756046,0.0607685167962949,0.2663680905114557,3.34856932374672e-05,False,0.1331840452557278,0,VOLATILITY_ACCELERATION,-0.34367943726008293,0.34367943726008293,False,NEITHER
2020-02-07,6.0153,0.0046597855496541,0.0055330814750427,0.0020649770281351,0.0023402756732279,0.0032074721733594,0.0129547333695947,0.0011379690539852,0.0,0.0046597855496541,1.6881936276277705,0.6438020087239952,0.0,False,0.4220484069069426,0,LOCAL_RETURN_SHOCK,-0.3484948459095131,0.3484948459095131,False,NEITHER
2020-02-10,6.0108,-0.0007480923644705,0.004411469821536,0.0022192271888047,0.0022810836366057,0.0032003646594685,0.0109737442509569,0.0022031239859858,-0.0007480923644705,0.0007480923644705,-0.8154573988195456,0.6934294759939194,-0.0007480923644705,False,0.3467147379969597,0,VOLATILITY_ACCELERATION,-0.34305015743319345,0.34305015743319345,False,NEITHER
2020-02-11,6.0163,0.0009150196313303,0.0060534104780856,0.0020373541479652,0.002260745341168,0.0030497982449453,0.010756391463768,0.0033705421861409,0.0,0.0009150196313303,-0.1306615065412249,0.6680291561390617,0.0007185348572955,False,0.3340145780695308,0,VOLATILITY_ACCELERATION,-0.3364549689762406,0.3364549689762406,False,NEITHER
2020-02-12,6.042,0.004271728470987,0.0099119126815649,0.0023683583537574,0.0023038283181091,0.0030785922348322,0.0136588942192754,0.0051975078270387,0.0,0.004271728470987,1.38849565400257,0.7692991384052161,0.000284071920326,False,0.384649569202608,0,VOLATILITY_ACCELERATION,-0.34633092989561465,0.34633092989561465,False,NEITHER
2020-02-13,6.0405,-0.000248262164846,0.0088686241106323,0.0025374528868527,0.0021290034362213,0.0030763523793393,0.0118726050631321,0.0074185766492029,-0.000248262164846,0.000248262164846,-0.7146348354951348,0.8248251740906424,-0.000248262164846,False,0.4124125870453212,0,VOLATILITY_ACCELERATION,-0.3414478993392353,0.3414478993392353,False,NEITHER
2020-02-14,6.0505,0.0016554920950253,0.0058517447176367,0.0019755998817955,0.0019350938555583,0.0030672336392426,0.012193836667163,0.0091850611282235,0.0,0.0016554920950253,0.0623619360185007,0.6440982703500018,0.0,False,0.3220491351750009,0,VOLATILITY_ACCELERATION,-0.3356531657960088,0.3356531657960088,False,NEITHER
2020-02-17,6.0449,-0.0009255433435253,0.0056731217142478,0.0020197532863488,0.0019070397950208,0.0030308264866913,0.0101442215703198,0.0105987822208635,-0.0009255433435253,0.0009255433435253,-1.1708317471793903,0.6664034695545139,-0.0001774509790548,False,0.3332017347772569,0,VOLATILITY_ACCELERATION,-0.34218491412787966,0.34218491412787966,False,NEITHER
2020-02-18,6.0642,0.0031927740740127,0.0079617040373649,0.0022063547275007,0.0018393852677551,0.003031347464511,0.0122985881871788,0.0117463762302663,0.0,0.0031927740740127,1.0954423960992938,0.7278461982109388,0.0,False,0.3639230991054694,0,VOLATILITY_ACCELERATION,-0.3409144109762281,0.3409144109762281,False,NEITHER
2020-02-19,6.0823,0.0029847300550773,0.0066699768288647,0.0018636237718201,0.0016719986037468,0.0030291820681914,0.0139650881132542,0.0132078674602029,0.0,0.0029847300550773,1.048006430040668,0.6152234266106009,0.0,False,0.3076117133053004,0,VOLATILITY_ACCELERATION,-0.34065585898444567,0.34065585898444567,False,NEITHER
2020-02-20,6.1004,0.0029758479522548,0.0099163976492011,0.0017334538003106,0.001705085331641,0.0029897938202074,0.0155772678767336,0.0146021032433729,0.0,0.0029758479522548,0.9807944529799424,0.5797904151766397,0.000248262164846,False,0.2898952075883198,0,VOLATILITY_ACCELERATION,-0.34345537806492277,0.34345537806492277,False,NEITHER
2020-02-21,6.0964,-0.0006556947085436,0.0075861499049665,0.002108155276622,0.0017612433425032,0.0029722245722063,0.0135842299567976,0.0160258115738216,-0.0006556947085436,0.0006556947085436,-1.1949230938675586,0.7092853266659807,-0.0006556947085436,False,0.3546426633329903,0,VOLATILITY_ACCELERATION,-0.34413073900044316,0.34413073900044316,False,NEITHER
2020-02-24,6.1177,0.0034938652319402,0.0120432099786595,0.0017201597133755,0.0018226486630899,0.002978381461806,0.0156589821661592,0.0175264332399152,0.0,0.0034938652319402,1.2403160914450773,0.5775484891490184,0.0009255433435253,False,0.3100790228612693,0,LOCAL_RETURN_SHOCK,-0.3471974387122949,0.3471974387122949,False,NEITHER
2020-02-25,6.1441,0.0043153472710331,0.013175686817717,0.0019123045440288,0.001862170377218,0.0030058366048499,0.0183191709054506,0.0193218678199755,0.0,0.0043153472710331,1.57602468093785,0.636197104308101,0.0,False,0.3940061702344625,0,LOCAL_RETURN_SHOCK,-0.351118362822681,0.351118362822681,False,NEITHER
2020-02-26,6.159,0.0024250907374554,0.0126103612120413,0.0019021772049935,0.0018535001492852,0.0030103817541335,0.0190802465714212,0.020943611210356,0.0,0.0024250907374554,0.394910995918618,0.6318724202940891,0.0,False,0.3159362101470445,0,VOLATILITY_ACCELERATION,-0.34434462950045236,0.34434462950045236,False,NEITHER
2020-02-27,6.2078,0.0079233641824971,0.0176054029243983,0.0031087058060294,0.0023169089160731,0.0031273417280154,0.0251591541503932,0.0227936829659658,0.0,0.0079233641824971,3.372241774643152,0.994040970380993,0.0,False,0.843060443660788,0,LOCAL_RETURN_SHOCK,-0.38641068221219554,0.38641068221219554,False,NEITHER
2020-02-28,6.2427,0.0056219594703437,0.023997769175251,0.0021214605011355,0.0024567789349693,0.0031430582587622,0.0287098488499992,0.0249079757709642,0.0,0.0056219594703437,1.5906976118377298,0.6749669673545836,0.0006556947085436,False,0.3976744029594324,0,LOCAL_RETURN_SHOCK,-0.36852788354388216,0.36852788354388216,False,NEITHER
2020-03-02,6.1743,-0.0109567975395262,0.0092518430128969,0.0074420244795043,0.0038152727574809,0.0034594327657782,0.0158490417030685,0.0263781153085271,-0.0109567975395262,0.0109567975395262,-5.329396060855295,2.151226800278691,-0.0109567975395262,True,1.3323490152138238,2,LOCAL_RETURN_SHOCK,-0.45845078575587733,0.45845078575587733,False,BASELINE_ONLY
2020-03-03,6.107,-0.0109000210550183,-0.0060383131784963,0.0091131651166103,0.0047108677064805,0.0037788998926725,0.0037284394381289,0.0273853939499859,-0.0217373892706681,0.0109000210550183,-3.2684802701005804,2.4115920970230627,-0.0217373892706681,True,1.205796048511531,1,VOLATILITY_ACCELERATION,-0.4622329804993731,0.4622329804993731,False,BASELINE_ONLY
2020-03-04,6.0773,-0.0048632716554772,-0.0132651404448773,0.0089747495200926,0.0048933633958139,0.0038497625151872,-0.0019288739038716,0.0275455781187905,-0.0264949460970413,0.0048632716554772,-1.2575857342166137,2.3312475729833926,-0.0264949460970413,True,1.1656237864916963,1,VOLATILITY_ACCELERATION,-0.43778123816551184,0.43778123816551184,False,BASELINE_ONLY
2020-03-05,6.1105,0.0054629522978955,-0.0156738296981217,0.0082926442914913,0.0050033682802483,0.0038685570806724,0.0025101719385745,0.0276001476863316,-0.0211767344258093,0.0054629522978955,0.9537011462498808,2.1436013786437247,-0.0211767344258093,True,1.0718006893218623,1,VOLATILITY_ACCELERATION,-0.4216222792794647,0.4216222792794647,False,BASELINE_ONLY
2020-03-06,6.0919,-0.0030439407577121,-0.0241562144584875,0.0067733710287082,0.005005758159334,0.0038925407898926,-0.0011690383552794,0.027054562110478,-0.0241562144584875,0.0030439407577121,-0.8142423741221778,1.74008992951236,-0.0241562144584875,False,0.87004496475618,0,VOLATILITY_ACCELERATION,-0.41363038019962106,0.41363038019962106,False,NEITHER
2020-03-09,6.1442,0.0085851704722663,-0.0048750465639829,0.0079174904239124,0.0052957182964533,0.0039360342616383,0.0063055833074012,0.0269352482653004,-0.0157784292053119,0.0085851704722663,1.5862418489841494,2.011540016579249,-0.0048216316657856,True,1.0057700082896246,1,VOLATILITY_ACCELERATION,-0.39822898781924876,0.39822898781924876,False,BASELINE_ONLY
2020-03-10,6.1575,0.0021646430780248,0.0082691992795151,0.0056425885562681,0.0053006477496682,0.0038769649933333,0.007319116078498,0.0269619599228865,-0.0136479407948484,0.0021646430780248,0.1988686865871644,1.4554138523228628,0.0080894484758196,False,0.7277069261614314,0,VOLATILITY_ACCELERATION,-0.3589568196577624,0.3589568196577624,False,NEITHER
2020-03-11,6.2091,0.008380024360536,0.021687262435621,0.0048696632478379,0.0055027632191098,0.0039234424917558,0.0143740151916766,0.0269319202729263,-0.0053822865106444,0.008380024360536,1.3594664261134286,1.241171052735031,0.0211126595863969,False,0.6205855263675155,0,VOLATILITY_ACCELERATION,-0.3827893960603169,0.3827893960603169,False,NEITHER
2020-03-12,6.3159,0.0172005604677005,0.0336142705179609,0.0076181172793431,0.0065202715989177,0.0044545161042577,0.0295058505579159,0.0276834809556714,0.0,0.0172005604677005,2.8751326079361967,1.71020086156195,0.0211767344258093,False,0.855100430780975,0,VOLATILITY_ACCELERATION,-0.42961691580725375,0.42961691580725375,False,NEITHER
2020-03-13,6.3321,0.0025649551132853,0.0394294062607725,0.0060927048685675,0.0065190650336371,0.0044554650113491,0.029783061051738,0.0286661391425668,0.0,0.0025649551132853,0.048023686471016,1.3674677846303296,0.0241562144584875,False,0.6837338923151648,0,VOLATILITY_ACCELERATION,-0.39266460827883526,0.39266460827883526,False,NEITHER
2020-03-16,6.4315,0.0156977937808941,0.0467595455877087,0.0070785363389635,0.0071186770308967,0.0048389342120803,0.042670624540493,0.0307643718160921,0.0,0.0156977937808941,2.0555851071471265,1.4628296291551308,0.0157784292053119,False,0.7314148145775654,0,VOLATILITY_ACCELERATION,-0.4224970511210022,0.4224970511210022,False,NEITHER
2020-03-17,6.3974,-0.0053020290756432,0.038960617133577,0.0093555984916886,0.00736384033921,0.0049097544816198,0.0343486735150053,0.0324562538341799,-0.0053020290756432,0.0053020290756432,-1.1842785788004917,1.905512490840896,0.0083459117192052,False,0.952756245420448,0,VOLATILITY_ACCELERATION,-0.40661360118127704,0.40661360118127704,False,NEITHER
2020-03-18,6.4752,0.012161190483634,0.0428564526259844,0.0095737501091338,0.00766211122112,0.0050891439295709,0.043612803403926,0.0343534165870638,0.0,0.012161190483634,1.2843112511975467,1.88121032567083,0.0053822865106444,False,0.940605162835415,0,VOLATILITY_ACCELERATION,-0.4106909195197892,0.4106909195197892,False,NEITHER
2020-03-19,6.5439,0.0106097108969607,0.0360993682610553,0.008459048487157,0.0078403899131455,0.0052185435515092,0.0509292531045364,0.0366158189927132,0.0,0.0106097108969607,0.9719462660684296,1.6209596420270649,0.0,False,0.8104798210135324,0,VOLATILITY_ACCELERATION,-0.3979413881744079,0.3979413881744079,False,NEITHER
2020-03-20,6.5525,0.0013142010116291,0.0348067781620633,0.008644851738795,0.0077971052297042,0.0052164468502552,0.0484704572147249,0.0390518554972447,0.0,0.0013142010116291,-0.2844300686193174,1.6572299089699485,0.0,False,0.8286149544849742,0,VOLATILITY_ACCELERATION,-0.3906823755696475,0.3906823755696475,False,NEITHER
2020-03-23,6.5617,0.0014040442579168,0.0202441110160926,0.0072589006226688,0.0078131918476533,0.0052098810410129,0.0462261112475246,0.0412393041780529,0.0,0.0014040442579168,-0.2871186311800022,1.3932948882183174,0.0,False,0.6966474441091587,0,VOLATILITY_ACCELERATION,-0.3761847670685392,0.3761847670685392,False,NEITHER
2020-03-24,6.4203,-0.0215492936281755,0.0035795792040516,0.0134668718656177,0.0096114110300545,0.0060079676893955,0.0214315601240298,0.0417696322409453,-0.0215492936281755,0.0215492936281755,-3.2109209024024024,2.241502045589844,-0.0162472645525323,True,1.120751022794922,1,VOLATILITY_ACCELERATION,-0.4672858925070719,0.4672858925070719,False,BASELINE_ONLY
2020-03-25,6.417,-0.0005139946731461,-0.0089881393624907,0.0118915881066249,0.0096309616281224,0.0060085924452042,0.018815620886911,0.0421605361629535,-0.0220522120791868,0.0005139946731461,-0.2870556684646116,1.9790971371533532,-0.0220522120791868,False,0.9895485685766766,0,VOLATILITY_ACCELERATION,-0.4134198787700757,0.4134198787700757,False,NEITHER
2020-03-26,6.3979,-0.0029764687548698,-0.0223108543834715,0.0097152470315344,0.0095922923953222,0.0060334542149451,0.0142525477588362,0.0417054058740473,-0.0249630431138272,0.0029764687548698,-0.5268975233476577,1.6102296769683535,-0.0249630431138272,False,0.8051148384841768,0,VOLATILITY_ACCELERATION,-0.4070900693715471,0.4070900693715471,False,NEITHER
2020-03-27,6.455,0.0089248034511324,-0.0148798168637924,0.0113119063247717,0.0096939225452847,0.006112754744226,0.0215854436339639,0.0412187575956066,-0.0162610299160278,0.0089248034511324,0.7685059753965993,1.8505414985701372,-0.0162610299160278,False,0.9252707492850686,0,VOLATILITY_ACCELERATION,-0.4099586898438648,0.4099586898438648,False,NEITHER
2020-03-30,6.5773,0.0189465530596437,0.0023774326775074,0.0150873789227542,0.0099390773803629,0.0065167873741881,0.0376319658734514,0.0429074181017674,0.0,0.0189465530596437,1.7772311829960314,2.31515592828957,0.0,True,1.157577964144785,1,VOLATILITY_ACCELERATION,-0.4394413690485023,0.4394413690485023,False,BASELINE_ONLY
2020-03-31,6.6143,0.0056254086023139,0.0302166565425292,0.0086503921881588,0.0093749252727704,0.0065355245515984,0.0393101958242492,0.0459887431863734,0.0,0.0056254086023139,0.242681423378954,1.3235956991460105,0.0215492936281755,False,0.6617978495730052,0,VOLATILITY_ACCELERATION,-0.3882982847831276,0.3882982847831276,False,NEITHER
2020-04-01,6.703,0.013410338206613,0.0445691132928161,0.0082611382060359,0.0093520241905533,0.0065015834220811,0.0480954309418786,0.0503141297198492,0.0,0.013410338206613,0.9995479744664996,1.27063480843434,0.0220522120791868,False,0.63531740421717,0,VOLATILITY_ACCELERATION,-0.4179131667156844,0.4179131667156844,False,NEITHER
2020-04-02,6.6153,-0.0130836938684171,0.0339798996545741,0.0121705055575206,0.0101815685527831,0.0067133701075046,0.0303162452399679,0.0533944743404646,-0.0130836938684171,0.0130836938684171,-1.9286760420467648,1.8128757036522825,0.01187934924541,False,0.9064378518261412,0,VOLATILITY_ACCELERATION,-0.4283384652901838,0.4283384652901838,False,NEITHER
2020-04-03,6.731,0.0174897585899354,0.0427575522850502,0.0131165379945781,0.0104625386035804,0.0070015600942664,0.0431445904406049,0.05797233330546,0.0,0.0174897585899354,1.3223659690456686,1.87337362216162,0.0162610299160278,False,0.93668681108081,0,VOLATILITY_ACCELERATION,-0.4400792511897908,0.4400792511897908,False,NEITHER
2020-04-06,6.7815,0.0075025999108602,0.03104617396196,0.0117615345413352,0.010446088654783,0.0070125022402121,0.0458063650537361,0.0620354750479061,0.0,0.0075025999108602,0.2341607722632518,1.677223641211908,0.0,False,0.838611820605954,0,VOLATILITY_ACCELERATION,-0.39619549968087087,0.39619549968087087,False,NEITHER
2020-04-07,6.754,-0.0040551500405515,0.0211209047064693,0.012641349133889,0.0106259335828221,0.0070624439928654,0.0367967677239056,0.0656880034550677,-0.0040551500405515,0.0040551500405515,-0.8667076839279386,1.7899397356863296,-0.0040551500405515,False,0.8949698678431648,0,VOLATILITY_ACCELERATION,-0.4033055737580803,0.4033055737580803,False,NEITHER
2020-04-08,6.7737,0.0029167900503406,0.0105475160375949,0.0115662841897392,0.010596195627131,0.0070489140726038,0.0353342172937818,0.0688453002435014,-0.0011501880115019,0.0029167900503406,-0.1666465862476903,1.640860431919938,-0.0011501880115019,False,0.820430215959969,0,VOLATILITY_ACCELERATION,-0.3838245371263472,0.3838245371263472,False,NEITHER
2020-04-09,6.6746,-0.0146301135273189,0.0089640681450575,0.012084667744617,0.0109589092018999,0.0073562248217759,0.0173981702502565,0.0693696784862309,-0.0157634741576347,0.0146301135273189,-1.7972976424349143,1.642781187008309,-0.0026797802892175,False,0.8213905935041546,0,VOLATILITY_ACCELERATION,-0.4109340895463636,0.4109340895463636,False,NEITHER
2020-04-10,6.7001,0.0038204536601444,-0.0045906997474371,0.0087453508757932,0.0109609497422042,0.007348075798822,0.0184287247334644,0.0699133919285606,-0.0120032441200325,0.0038204536601444,0.0910294491371084,1.1901552345438793,-0.0120032441200325,False,0.5950776172719396,0,VOLATILITY_ACCELERATION,-0.37647910391151457,0.37647910391151457,False,NEITHER
2020-04-13,6.7721,0.0107461082670408,-0.0013861240138612,0.009601795647605,0.010709355806156,0.0074283917592508,0.0267151210829774,0.0693214251263922,-0.0013861240138612,0.0107461082670408,0.7171333992236013,1.2925806767861423,-0.0013861240138612,False,0.6462903383930712,0,VOLATILITY_ACCELERATION,-0.38093632983337866,0.38093632983337866,False,NEITHER
2020-04-14,6.8155,0.0064086472438387,0.0091057151317739,0.0097022787175272,0.010571637902146,0.0074437814804571,0.0300303999141577,0.069821041543552,0.0,0.0064086472438387,0.3520833996073883,1.303407245766088,0.0040551500405515,False,0.651703622883044,0,VOLATILITY_ACCELERATION,-0.37545379268097245,0.37545379268097245,False,NEITHER
2020-04-15,6.9118,0.0141295576259996,0.0203876758640035,0.011191378420217,0.0106679468660404,0.0075684135583913,0.0411493343877684,0.0699521322889469,0.0,0.0141295576259996,1.0316247176617213,1.4786954140222457,0.0011501880115019,False,0.7393477070111228,0,VOLATILITY_ACCELERATION,-0.4017948834416132,0.4017948834416132,False,NEITHER
2020-04-16,6.9397,0.0040365751323823,0.0397177358942859,0.0044909597095474,0.0105319975346709,0.0075702945161194,0.0422450387967705,0.0693199930943386,0.0,0.0040365751323823,0.0669821591971427,0.5932344772036037,0.0157634741576347,False,0.315269483152694,0,DRAWDOWN_SHIFT,-0.3944658824659243,0.3944658824659243,False,NEITHER
2020-04-17,6.9317,-0.0011527875844776,0.0345666482589812,0.0059229434874596,0.0105670867219042,0.0075824936785884,0.0380875718377358,0.0684517999609573,-0.0011527875844776,0.0011527875844776,-0.3936711720349569,0.781133982898651,0.0108504565355548,False,0.3905669914493255,0,VOLATILITY_ACCELERATION,-0.3810876321203242,0.3810876321203242,False,NEITHER
2020-04-20,6.9402,0.001226250414761,0.024822433218647,0.0058807850528306,0.0105684595858148,0.00758107201785,0.036423099323507,0.0676873232160566,0.0,0.001226250414761,-0.155554357370036,0.7757194548454371,0.0013861240138612,False,0.3878597274227185,0,VOLATILITY_ACCELERATION,-0.36844183503479494,0.36844183503479494,False,NEITHER
2020-04-21,6.9812,0.0059076107316793,0.0243122294769275,0.0058534882066601,0.008878932230796,0.0075806937696807,0.0381977724224442,0.0698033120200329,0.0,0.0059076107316793,0.2882627879720403,0.7721573228655364,0.0,False,0.3860786614327682,0,VOLATILITY_ACCELERATION,-0.36896487146741114,0.36896487146741114,False,NEITHER
2020-04-22,6.9787,-0.0003581046238469,0.0096790995109812,0.0029788123993755,0.0088746121686747,0.0075911156166295,0.0335094180909687,0.0720712424724019,-0.0003581046238469,0.0003581046238469,-0.5171868451495535,0.3924077236881962,-0.0003581046238469,False,0.1962038618440981,0,VOLATILITY_ACCELERATION,-0.36498068238867537,0.36498068238867537,False,NEITHER
2020-04-23,6.9462,-0.0046570278132029,0.0009366399123882,0.0038523373546099,0.008954153565243,0.0076498421399658,0.024536696635395,0.0748018982259814,-0.0050134647338566,0.0046570278132029,-1.002723777831508,0.5035839020107051,-0.0050134647338566,False,0.2517919510053525,0,VOLATILITY_ACCELERATION,-0.3746366954224759,0.3746366954224759,False,NEITHER
2020-04-24,6.9742,0.0040309809680112,0.0061312520738057,0.0040897653769051,0.0088836160413023,0.0076512200052615,0.0247428482009108,0.0771047746260649,-0.0010026929467713,0.0040309809680112,-0.0141552080281839,0.5345246083752263,0.0001500946377063,False,0.2672623041876131,0,VOLATILITY_ACCELERATION,-0.3579675157208408,0.3579675157208408,False,NEITHER
2020-04-27,6.9861,0.0017062888933498,0.0066136422581482,0.0040952878031125,0.0081546107976155,0.0076465830983071,0.0234177062206235,0.0769054199875054,0.0,0.0017062888933498,-0.2484066000464083,0.5355709537792335,0.0,False,0.2677854768896167,0,VOLATILITY_ACCELERATION,-0.35574706898722597,0.35574706898722597,False,NEITHER
2020-04-28,6.9868,0.000100198966519,0.000802154357417,0.0031957459509308,0.0081563968733678,0.0076412684920944,0.0207352367539483,0.0755398424763813,0.0,0.000100198966519,-0.3618597685025738,0.418221916195864,0.0,False,0.209110958097932,0,VOLATILITY_ACCELERATION,-0.35787107712961475,0.35787107712961475,False,NEITHER
2020-04-29,6.952,-0.0049808209766988,-0.0038259274650006,0.0039616340463455,0.007927737163697,0.0076993444086482,0.0138071433154642,0.0722252365368287,-0.0049808209766988,0.0049808209766988,-0.9508592037993152,0.5145417370725279,-0.0046227163528519,False,0.2572708685362639,0,VOLATILITY_ACCELERATION,-0.37026089953244445,0.37026089953244445,False,NEITHER
2020-04-30,6.9864,0.0049482163406213,0.0057873369612162,0.0039282439487445,0.0071239765837582,0.0077020684561374,0.0160743178140962,0.0709001425089361,-5.7250815824083645e-05,0.0049482163406213,0.3901504522333881,0.51002454355158,0.0049562139180325,False,0.25501227177579,0,VOLATILITY_ACCELERATION,-0.35736021256951156,0.35736021256951156,False,NEITHER
2020-05-01,7.012,0.0036642619947326,0.005419976484758,0.0038641627637326,0.0062343532571569,0.0076986368763698,0.0177178996868614,0.0677741780257741,0.0,0.0036642619947326,0.127381157502978,0.501928175829836,0.0010026929467713,False,0.250964087914918,0,VOLATILITY_ACCELERATION,-0.35232617959248824,0.35232617959248824,False,NEITHER
2020-05-04,7.043,0.0044209925841416,0.0081447445642059,0.0041527600675894,0.0061301141481358,0.0076895922576869,0.0202810372301898,0.064543439941892,0.0,0.0044209925841416,0.3778203937558894,0.540049449753086,0.0,False,0.270024724876543,0,VOLATILITY_ACCELERATION,-0.3534419692796443,0.3534419692796443,False,NEITHER
2020-05-05,7.0746,0.0044867244072128,0.0125665540733956,0.0042115593323298,0.0059884594821938,0.0076895708210532,0.0224843655830371,0.0621302842441122,0.0,0.0044867244072128,0.4201027794274604,0.5476975803121565,0.0,False,0.2738487901560782,0,VOLATILITY_ACCELERATION,-0.3554373590730307,0.3554373590730307,False,NEITHER
2020-05-06,7.1968,0.0172730613744946,0.0352128883774451,0.0057842899116237,0.0068586162396003,0.0079135793842705,0.0369752391326745,0.0607808147466,0.0,0.0172730613744946,2.493883657581616,0.7309321901946038,0.0049808209766988,False,0.623470914395404,0,LOCAL_RETURN_SHOCK,-0.40888096914763655,0.40888096914763655,False,NEITHER
2020-05-07,7.1195,-0.0107408848377055,0.0190512996679264,0.0099226280792543,0.0063683761500521,0.0080992122629116,0.0225596523053015,0.0612716181487273,-0.0107408848377055,0.0107408848377055,-2.0116650443294994,1.2251349584567126,-0.0106836340218814,False,0.6125674792283563,0,VOLATILITY_ACCELERATION,-0.40322729940125523,0.40322729940125523,False,NEITHER
2020-05-08,7.084,-0.0049863052180632,0.0102681118083285,0.0106818639021425,0.006626167403035,0.0081599359471722,0.014663491665622,0.0612210930161152,-0.0156736327256558,0.0049863052180632,-1.2934412419161996,1.3090622244215366,-0.0156736327256558,False,0.6545311122107683,0,VOLATILITY_ACCELERATION,-0.38931945651444794,0.38931945651444794,False,NEITHER
2020-05-11,7.0762,-0.0011010728402032,0.0047139003265652,0.0106661564045208,0.0064052773996131,0.0081612762068578,0.0113437085079957,0.0607863381590658,-0.0167574477545575,0.0011010728402032,-0.590318625658473,1.306922610407204,-0.0167574477545575,False,0.653461305203602,0,VOLATILITY_ACCELERATION,-0.3780137296758325,0.3780137296758325,False,NEITHER
2020-05-12,6.9971,-0.0111783160453351,-0.0109546829502729,0.0116373743517279,0.0069810376379617,0.0083540276024459,-0.0012575097310699,0.0588071717500693,-0.0277484437527789,0.0111783160453351,-2.0914682298258187,1.3930256045982776,-0.0277484437527789,False,0.6965128022991388,0,VOLATILITY_ACCELERATION,-0.42489082362158326,0.42489082362158326,False,NEITHER
2020-05-13,6.9748,-0.0031870346286317,-0.03084704313028,0.0045261971357679,0.0063571273045217,0.0083849208808225,-0.0048879592983938,0.0557999585757591,-0.03084704313028,0.0031870346286317,-0.6482996995661048,0.5398020088800066,-0.03084704313028,False,0.6169408626056,0,DRAWDOWN_SHIFT,-0.40899593986027205,0.40899593986027205,False,NEITHER
2020-05-14,6.922,-0.007570109537191,-0.0277407121286608,0.0039191263672796,0.0065417834611742,0.0084809057249305,-0.0122963539009799,0.0525290177917716,-0.0381836371720765,0.007570109537191,-1.2652019558357874,0.4621117713593871,-0.0274427523343709,False,0.5488550466874179,0,DRAWDOWN_SHIFT,-0.42034612450307973,0.42034612450307973,False,NEITHER
2020-05-15,6.9012,-0.0030049118751804,-0.0258046301524561,0.0040935615221706,0.0065704078642609,0.0084994497987718,-0.0150499882254715,0.0493120425316835,-0.041073810582481,0.0030049118751804,-0.44292478051064,0.4816266486757924,-0.0254001778568252,False,0.508003557136504,0,DRAWDOWN_SHIFT,-0.40124190912639496,0.40124190912639496,False,NEITHER
2020-05-18,6.8851,-0.002332927606793,-0.0270060201803227,0.003811953865947,0.0065779405370105,0.0085165738747067,-0.0169612765468356,0.0459350686199844,-0.0433109159626499,0.002332927606793,-0.324626349662102,0.4475924147465084,-0.0265534682080924,False,0.531069364161848,0,DRAWDOWN_SHIFT,-0.4060248462769221,0.4060248462769221,False,NEITHER
2020-05-19,6.7775,-0.015627950211326,-0.0313844306927155,0.0055879270755564,0.007225618017105,0.0088091143843547,-0.030914922122879,0.0400581766699954,-0.0582620053357046,0.015627950211326,-2.3183534631269134,0.6343347164932671,-0.0305135615829257,False,0.6102712316585139,0,DRAWDOWN_SHIFT,-0.4544933371431333,0.4544933371431333,False,NEITHER
2020-05-20,6.7912,0.0020213943194393,-0.0263233354361415,0.0066987624541389,0.0072641127419834,0.0088086857273248,-0.027652596847087,0.0343439324806034,-0.0563583815028901,0.0020213943194393,0.4810842955529972,0.7604724088815138,-0.02551133837261,False,0.5102267674522,0,DRAWDOWN_SHIFT,-0.40642433334094763,0.40642433334094763,False,NEITHER
2020-05-21,6.7916,5.889975262096669e-05,-0.018838485986709,0.0069184895318157,0.0072270749037362,0.0087724653932754,-0.0265179123656849,0.0290213124341336,-0.0563028012449977,5.889975262096669e-05,0.1919934187765081,0.7886596551431392,-0.0181191640729212,False,0.3943298275715696,0,VOLATILITY_ACCELERATION,-0.38760011761731883,0.38760011761731883,False,NEITHER
2020-05-22,6.8147,0.00340126038047,-0.0125340520489189,0.0076515807687842,0.0072048821778071,0.0087596135360999,-0.0220889902319394,0.02392442921888,-0.0530930413517117,0.00340126038047,0.6228282049411437,0.8735066606820834,-0.0120192307692306,False,0.4367533303410417,0,VOLATILITY_ACCELERATION,-0.3812107625228724,0.3812107625228724,False,NEITHER
2020-05-25,6.81,-0.0006896855327455,-0.0109076120898753,0.0076954928162799,0.0071750722260861,0.0086111736031193,-0.0215271217307907,0.0195685915170054,-0.0537461093819475,0.0006896855327455,0.0613148410381425,0.8936636480644513,-0.0104351934192975,False,0.4468318240322256,0,VOLATILITY_ACCELERATION,-0.37561721837579537,0.37561721837579537,False,NEITHER
2020-05-26,6.7275,-0.0121145374449338,-0.0073773515308004,0.0061678899374952,0.0075633331792923,0.0086425949010022,-0.0315768563063022,0.0149002099382455,-0.0652095375722543,0.0121145374449338,-1.5140317258350915,0.7136618120074062,-0.0069475322365496,False,0.3785079314587729,0,LOCAL_RETURN_SHOCK,-0.4050211365627601,0.4050211365627601,False,NEITHER
2020-05-27,6.7739,0.0068970642883685,-0.0025474143008599,0.0071620817575349,0.0077690879356018,0.008625697911857,-0.0236460167297134,0.0117589670600175,-0.0587622276567362,0.0068970642883685,1.1580941049117763,0.8303191035347768,-0.0024038461538461,False,0.4151595517673884,0,VOLATILITY_ACCELERATION,-0.37917594305209523,0.37917594305209523,False,NEITHER
2020-05-28,6.8138,0.0058902552443937,0.0032687437422698,0.0077262553038825,0.0078114992684797,0.0086289099422301,-0.0166718980564486,0.0077735560928609,-0.0532180969319697,0.0058902552443937,0.9213884976627552,0.8953918114349548,0.003084704313028,False,0.4476959057174774,0,VOLATILITY_ACCELERATION,-0.36817239769486554,0.36817239769486554,False,NEITHER
2020-05-29,6.8202,0.0009392703043822,0.0008070788149148,0.0075864082881952,0.0077452893945881,0.0086058810211047,-0.0143842213610781,0.004326607328817,-0.0523288128056913,0.0009392703043822,0.2765488802784384,0.8815376682051043,0.0007642285460204,False,0.4407688341025521,0,VOLATILITY_ACCELERATION,-0.3592198343058338,0.3592198343058338,False,NEITHER
2020-06-01,6.8142,-0.0008797395970793,0.0006167400881056,0.0075923569167302,0.0076269459574246,0.0085683069841908,-0.0136205822131222,0.0007670578009562,-0.0531625166740773,0.0008797395970793,0.0616505122950699,0.8860976772586109,0.0005835927078702,False,0.4430488386293054,0,VOLATILITY_ACCELERATION,-0.3586474952998176,0.3586474952998176,False,NEITHER
2020-06-02,6.7145,-0.0146312112940623,-0.0019323671497584,0.0086220114846052,0.0080094466527189,0.0088254543984049,-0.0255127142689204,-0.0041537614376579,-0.0670158959537571,0.0146312112940623,-1.7056544128528963,0.9769481655430152,-0.0018063583815027,False,0.4884740827715076,0,VOLATILITY_ACCELERATION,-0.4141264045159112,0.4141264045159112,False,NEITHER
2020-06-03,6.744,0.0043934768039317,-0.0044140007971774,0.0081555036498674,0.0067477546393348,0.0087875723975625,-0.0180047032099772,-0.0104514505016796,-0.0629168519341929,0.0043934768039317,0.8704285272714857,0.9280724278447566,-0.0041546242774566,False,0.4640362139223783,0,VOLATILITY_ACCELERATION,-0.375143483796489,0.375143483796489,False,NEITHER
2020-06-04,6.7558,0.0017497034400948,-0.0085121371334644,0.0074813884297024,0.0065914576136655,0.0085400856455447,-0.0136747906588324,-0.0162249387067447,-0.0612772343263672,0.0017497034400948,0.7368164648273362,0.8760320142228767,-0.0080591373943974,False,0.4380160071114383,0,VOLATILITY_ACCELERATION,-0.37116705629974656,0.37116705629974656,False,NEITHER
2020-06-05,6.77,0.0021018976287041,-0.0073604879622298,0.0076004897497259,0.006646592037967,0.0085390024323933,-0.0093308739764975,-0.0211784505756182,-0.0593041351711871,0.0021018976287041,0.7129715108617356,0.8900910627326809,-0.0069753223654957,False,0.4450455313663404,0,VOLATILITY_ACCELERATION,-0.368427453676674,0.368427453676674,False,NEITHER
2020-06-08,6.7876,0.0025997045790251,-0.0039036130433505,0.0078221715870762,0.0067310400888229,0.0083255667033761,-0.0046536795743279,-0.0253679166136665,-0.0568586038239216,0.0025997045790251,0.7286317971548165,0.939536234080526,-0.0036960871498442,False,0.469768117040263,0,VOLATILITY_ACCELERATION,-0.365309033743164,0.365309033743164,False,NEITHER
2020-06-09,6.7973,0.0014290765513582,0.0123315213344255,0.0011676124055848,0.0064148993609807,0.0082853847619175,-0.0017688926027393,-0.0280570261393594,-0.055510782570031,0.0014290765513582,0.5180850740647406,0.1409243431821719,0.011505113383726,False,0.23010226767452,0,DRAWDOWN_SHIFT,-0.3904210022588397,0.3904210022588397,False,NEITHER
2020-06-10,6.7768,-0.0030159033733982,0.0048635824436535,0.002271739518852,0.0064125429956765,0.0081711420237317,-0.0033304188797763,-0.0299062927125748,-0.0583592707870164,0.0030159033733982,-0.2475640009725228,0.2780198303069652,0.0045575811471764,False,0.1390099151534826,0,VOLATILITY_ACCELERATION,-0.37400877594101173,0.37400877594101173,False,NEITHER
2020-06-11,6.8414,0.0095325227245899,0.0126705941561324,0.0045053448836866,0.0066837456057999,0.0081503622625492,0.0067670627916027,-0.0303588309367274,-0.0493830591373943,0.0095325227245899,1.7078671271240913,0.5527784825453215,0.0118941751889729,False,0.4269667817810228,0,LOCAL_RETURN_SHOCK,-0.388079235694994,0.388079235694994,False,NEITHER
2020-06-12,6.8126,-0.0042096646885141,0.0062924667651402,0.0054419287371798,0.0067122692761946,0.0081753161666334,0.0031828961483495,-0.0307800446718473,-0.0533848377056469,0.0042096646885141,-0.545434829153818,0.6656536121979475,0.0059192974655402,False,0.3328268060989737,0,VOLATILITY_ACCELERATION,-0.36325988570258194,0.36325988570258194,False,NEITHER
2020-06-15,6.8363,0.0034788480169098,0.007174848252696,0.0055095300682816,0.0067600406106454,0.0081828071272595,0.0070346443899242,-0.0307471771064528,-0.0500917074255224,0.0034788480169098,0.6112988818901546,0.6733056251475885,0.0067668963983991,False,0.3366528125737942,0,VOLATILITY_ACCELERATION,-0.36001487698030216,0.36001487698030216,False,NEITHER
2020-06-16,6.8439,0.0011117124760469,0.0068556632780663,0.0055115579587794,0.0057235954421233,0.0076428488622807,0.0076613713611799,-0.0288609336103442,-0.0490356825255668,0.0011117124760469,0.213826878370988,0.7211392058241877,0.0064751000444642,False,0.3605696029120938,0,VOLATILITY_ACCELERATION,-0.35583486656740854,0.35583486656740854,False,NEITHER
2020-06-17,6.8448,0.0001315039670364,0.0100342344469366,0.0050439506872501,0.0057128022237718,0.0076410009127913,0.0073963745916763,-0.0271736679297314,-0.0489106269453089,0.0001315039670364,-0.0649440138986821,0.6601164879860637,0.0094486438417075,False,0.3300582439930318,0,VOLATILITY_ACCELERATION,-0.3605814979563594,0.3605814979563594,False,NEITHER
2020-06-18,6.8562,0.0016654978962131,0.0021632999093752,0.0028680173390921,0.0057189165591218,0.0076224538023652,0.0085947240089589,-0.0256328113745868,-0.0473265895953756,0.0016654978962131,0.2199927698570586,0.3762590647912057,0.0020564695420186,False,0.1881295323956028,0,VOLATILITY_ACCELERATION,-0.3589029116223491,0.3589029116223491,False,NEITHER
2020-06-19,6.8531,-0.00045214550334,0.0059448668643395,0.0015238163933467,0.0056804215401605,0.0075568639685097,0.0078540287468777,-0.0242422111663268,-0.0477573365940416,0.00045214550334,-0.1645762990506138,0.201646661855581,0.0056275011116053,False,0.1125500222321059,0,DRAWDOWN_SHIFT,-0.36627469433782756,0.36627469433782756,False,NEITHER
2020-06-22,6.8483,-0.0007004129518028,0.0017553354884953,0.0010130743218532,0.005680520055206,0.0071836276497117,0.0068645511871454,-0.0227326118113603,-0.0484242996887505,0.0007004129518028,-0.1754791029335602,0.1410254499888865,0.0016674077367719,False,0.0705127249944432,0,VOLATILITY_ACCELERATION,-0.36962952430364215,0.36962952430364215,False,NEITHER
2020-06-23,6.8511,0.0004088605931398,0.0010520317362907,0.0009262110336876,0.0048734038420617,0.0071544962831601,0.0063618296099028,-0.020019116550499,-0.0480352378835037,0.0004088605931398,0.0198951220390513,0.1294585945718736,0.0010004446420631,False,0.0647292972859368,0,VOLATILITY_ACCELERATION,-0.36670829379005887,0.36670829379005887,False,NEITHER
2020-06-24,6.8558,0.0006860212228694,0.0016070593735391,0.0009473214034113,0.0046660976146508,0.0069544785137957,0.0064468205203114,-0.0181710604926091,-0.047382169853268,0.0006860212228694,-0.0484250105426583,0.1362174606668328,0.0015284570920408,False,0.0681087303334164,0,VOLATILITY_ACCELERATION,-0.36648735035979785,0.36648735035979785,False,NEITHER
2020-06-25,6.8549,-0.0001312757081596,-0.0001896094046265,0.0005794175255679,0.0044988299763885,0.0067261316480192,0.0060112064385655,-0.0166516940683256,-0.047507225433526,0.0001312757081596,-0.1591778551422516,0.0861442439561132,-0.0001806358381504,False,0.0430721219780566,0,VOLATILITY_ACCELERATION,-0.371103944627044,0.371103944627044,False,NEITHER
2020-06-26,6.8546,-4.376431457786545e-05,0.0002188790474382,0.0005333594541668,0.004496967184823,0.0063509998175098,0.0057133131640956,-0.0150403158502457,-0.0475489106269453,4.376431457786545e-05,-0.0787207942584682,0.0839803919843172,0.0002084259670962,False,0.0419901959921586,0,VOLATILITY_ACCELERATION,-0.3713435761985406,0.3713435761985406,False,NEITHER
2020-06-29,6.8548,2.917748665143272e-05,0.0009491406626462,0.000345566396164,0.004489416113374,0.0062807050912517,0.0054431926356288,-0.0131153924376422,-0.047521120497999,2.917748665143272e-05,-0.0516032088428382,0.0550203187609197,0.0009031791907514,False,0.0275101593804598,0,VOLATILITY_ACCELERATION,-0.3753656342190688,0.3753656342190688,False,NEITHER
2020-06-30,6.8525,-0.0003355313065297,0.0002043467472376,0.0003856267157023,0.0028097177508164,0.0062563165629636,0.0040896229663611,-0.0095351574462032,-0.0478407069808803,0.0003355313065297,-0.1430503584313123,0.0616379800832248,0.0001945309026234,False,0.035762589607828,0,LOCAL_RETURN_SHOCK,-0.37529375459039277,0.37529375459039277,False,NEITHER
2020-07-01,6.8479,-0.0006712878511492,-0.0011523089938446,0.0002817239658994,0.0027165004801113,0.0062476394076547,0.0026523528925141,-0.0055135308293231,-0.0484798799466429,0.0006712878511492,-0.6024637626571706,0.0450928658837492,-0.0010977100933748,False,0.1506159406642926,0,LOCAL_RETURN_SHOCK,-0.38156526828242054,0.38156526828242054,False,NEITHER
2020-07-02,6.851,0.0004526935264825,-0.0005689360895125,0.0004201844637807,0.002707302756191,0.0059364752313726,0.0024076218680249,-0.0021782723176188,-0.0480491329479768,0.0004526935264825,-0.1161544126665914,0.0707801258160976,-0.0005419075144508,False,0.0353900629080488,0,VOLATILITY_ACCELERATION,-0.3737520999443984,0.3737520999443984,False,NEITHER
2020-07-03,6.8623,0.0016493942490147,0.0011233332360751,0.0008995300122458,0.0026968707633737,0.0059221962380704,0.0033834564478678,0.0007894623242092,-0.0464789906625165,0.0016493942490147,0.3494318093067021,0.151891287638062,0.0010699199644288,False,0.0873579523266755,0,LOCAL_RETURN_SHOCK,-0.3670624558144344,0.3670624558144344,False,NEITHER
2020-07-06,6.8609,-0.0002040132317153,0.0008898873781875,0.0009180680285838,0.0026645480680316,0.0057651011094369,0.0026414529087035,0.003444617400377,-0.04667352156514,0.0002040132317153,-0.3280708231645764,0.1592457809770263,0.000847598932859,False,0.0820177057911441,0,LOCAL_RETURN_SHOCK,-0.36542433880120556,0.36542433880120556,False,NEITHER
2020-07-07,6.8595,-0.0002040548616071,0.0010215249908791,0.0009014050008637,0.0026609076743646,0.0057079743648435,0.0019814678345615,0.0053734977446435,-0.0468680524677634,0.0002040548616071,-0.2794546510896264,0.1579202959311844,0.0009726545131168,False,0.0789601479655922,0,VOLATILITY_ACCELERATION,-0.3649353666815726,0.3649353666815726,False,NEITHER
2020-07-08,6.8605,0.0001457832203513,0.0018399801398969,0.0007669697526913,0.0025345203793347,0.005403770212221,0.001515301921718,0.007452814163509,-0.0467291018230323,0.0001457832203513,-0.1176762730527469,0.1419323403050605,0.0017507781236106,False,0.0709661701525302,0,VOLATILITY_ACCELERATION,-0.36766720739426034,0.36766720739426034,False,NEITHER
2020-07-09,6.8619,0.0002040667589826,0.0015910086118815,0.0007681615821019,0.0014213580499325,0.0053765099866085,0.0015698105937036,0.008201117959683,-0.046534570920409,0.0002040667589826,-0.16292095833186,0.1428736455461242,0.0015145620275677,False,0.0714368227730621,0,VOLATILITY_ACCELERATION,-0.3686136642701962,0.3686136642701962,False,NEITHER
2020-07-10,6.8658,0.0005683557032307,0.0005100330792882,0.0003229302974812,0.0009842532710346,0.0053757887831312,0.0017501227420388,0.0092504990071393,-0.045992663405958,0.0005683557032307,0.2939338567332072,0.0600712398698642,0.0004863272565584,False,0.0734834641833018,0,LOCAL_RETURN_SHOCK,-0.38103916289365836,0.38103916289365836,False,NEITHER
2020-07-13,6.8602,-0.0008156369250488,-0.0001020274308035,0.0005221987861534,0.000703085091562,0.005373423764232,0.0007585703865791,0.0097892847436378,-0.0467707870164517,0.0008156369250488,-1.224388508441078,0.0971817613993888,-9.726545131170244e-05,False,0.3060971271102695,0,LOCAL_RETURN_SHOCK,-0.3862639495137037,0.3862639495137037,False,NEITHER
2020-07-14,6.8642,0.0005830733797849,0.0006851811356514,0.0005694605619542,0.0006753984271686,0.0053148477461465,0.0011938421955026,0.0094451229522378,-0.0462149844375276,0.0005830733797849,0.5807634984448438,0.1071452258189492,0.0006530680302357,False,0.1451908746112109,0,LOCAL_RETURN_SHOCK,-0.37715435851003065,0.37715435851003065,False,NEITHER
2020-07-15,6.8558,-0.0012237405669998,-0.0006850812622986,0.0008327532287994,0.0007418865666877,0.0053162719172664,-0.0001115719022571,0.0091279106989505,-0.047382169853268,0.0012237405669998,-2.0314762061870657,0.1566423316487538,-0.0006530680302357,False,0.5078690515467664,0,LOCAL_RETURN_SHOCK,-0.39282241790500594,0.39282241790500594,False,NEITHER
2020-07-16,6.8572,0.0002042066571368,-0.000684941488509,0.0008327675459872,0.0006429369002612,0.0052854217853011,8.531906779052356e-05,0.0086557733964423,-0.0471876389506447,0.0002042066571368,0.1666745590221709,0.1575593358136807,-0.0006530680302356,False,0.0787796679068403,0,VOLATILITY_ACCELERATION,-0.3727542104283373,0.3727542104283373,False,NEITHER
2020-07-17,6.8587,0.0002187481770985,-0.0010341111014011,0.0007711627767152,0.0006351482066022,0.0052565190377985,0.0002632386816481,0.0084121420151932,-0.0469792129835482,0.0002187481770985,0.3285854306645538,0.1467059799783724,-0.0009865495775902,False,0.0821463576661384,0,LOCAL_RETURN_SHOCK,-0.37479652393391605,0.37479652393391605,False,NEITHER
2020-07-20,6.8578,-0.0001312202020791,-0.0003498440278708,0.0006928085271522,0.0006125263261418,0.00525019027101,6.270625618864933e-05,0.0081980589889747,-0.0471042685638061,0.0001312202020791,-0.2712018441458542,0.1319587465196612,-0.0003334815473543,False,0.0678004610364635,0,LOCAL_RETURN_SHOCK,-0.3743036656586533,0.3743036656586533,False,NEITHER
2020-07-21,6.8254,-0.0047245472308903,-0.0056525159523324,0.002093223508976,0.001228577205166,0.0052808884386349,-0.0044755862857592,0.0070940789889231,-0.0516062694530902,0.0047245472308903,-7.82666773103827,0.3963771500382414,-0.0053912850155626,True,1.956666932759568,1,LOCAL_RETURN_SHOCK,-0.45086862376090975,0.45086862376090975,False,BASELINE_ONLY
2020-07-22,6.8506,0.0036920913060041,-0.0007584818693661,0.0029979126491329,0.0014958374730643,0.0052713899895451,-0.0007621256376877,0.0064504905763971,-0.0481047132058691,0.0036920913060041,3.157529604609544,0.5687138790866824,-0.0007225433526011,False,0.789382401152386,0,LOCAL_RETURN_SHOCK,-0.3828082055484,0.3828082055484,False,NEITHER
2020-07-23,6.8439,-0.0009780165241001,-0.0019395671702735,0.0030097727275754,0.0015105602671215,0.0052280404640961,-0.0016593061547496,0.0060662406772,-0.0490356825255668,0.0009780165241001,-0.6291742614729857,0.5756980551786478,-0.0018480435749221,False,0.2878490275893239,0,VOLATILITY_ACCELERATION,-0.36082819351152307,0.36082819351152307,False,NEITHER
2020-07-24,6.8484,0.0006575198351816,-0.0015017423126831,0.0030380256070271,0.0015195390601897,0.0052034584015613,-0.0009577000028446,0.0057668663049508,-0.0484104046242774,0.0006575198351816,0.4877203370927306,0.5838473900580312,-0.0014311916407291,False,0.2919236950290156,0,VOLATILITY_ACCELERATION,-0.3571147821954659,0.3571147821954659,False,NEITHER
2020-07-27,6.8625,0.0020588750657086,0.0006853509871969,0.0032202885988073,0.0015908012139549,0.0051753786887432,0.001042981029415,0.0055238651214708,-0.0464512005335704,0.0020588750657086,1.3839867896883002,0.6222324572715126,0.0006530680302356,False,0.345996697422075,0,LOCAL_RETURN_SHOCK,-0.3588585582693193,0.3588585582693193,False,NEITHER
2020-07-28,6.9355,0.0106375227686703,0.0161309227298034,0.0044938894004263,0.0028455680230793,0.0053327312196944,0.0110795247467017,0.0051153256093039,-0.036307803468208,0.0106375227686703,6.650852863898182,0.8426994002303811,0.0152984659848822,True,1.6627132159745457,1,LOCAL_RETURN_SHOCK,-0.4396314760261265,0.4396314760261265,False,BASELINE_ONLY
2020-07-29,6.983,0.0068488212818109,0.0193267742971416,0.0047899130554298,0.0031486152492953,0.004902391198302,0.0170027183668532,0.0053398459834388,-0.0191726947117073,0.0068488212818109,2.193878539706071,0.9770564733978884,0.0289320184941618,False,0.578640369883236,0,DRAWDOWN_SHIFT,-0.3934521185105142,0.3934521185105142,False,NEITHER
2020-07-30,6.9955,0.0017900615781183,0.0221511126696767,0.004219070036794,0.0031509828262854,0.0047219107311061,0.0177522885059677,0.0056967947390793,-0.0124929418407678,0.0017900615781183,0.2566415375610761,0.8935090638203763,0.036542740684799,False,0.7308548136959799,0,DRAWDOWN_SHIFT,-0.38720643640975544,0.38720643640975544,False,NEITHER
2020-07-31,6.972,-0.0033593024086912,0.0180480112142982,0.0053423843974826,0.0032964263767078,0.0046990524293569,0.0135245636516541,0.0058201592008373,-0.0147254175970152,0.0033593024086912,-1.398981579287197,1.1369067440291882,0.0336849870272622,False,0.673699740545244,0,DRAWDOWN_SHIFT,-0.39530485926410236,0.39530485926410236,False,NEITHER
2020-08-03,6.9578,-0.0020367183017786,0.013887067395264,0.0059196216322577,0.0033507842146582,0.0047034592823228,0.0107484082216098,0.0059894853368307,-0.0056166125966471,0.0020367183017786,-0.8600671353859338,1.2585676364852678,0.0408345879369233,False,0.816691758738466,0,DRAWDOWN_SHIFT,-0.39381287153671957,0.39381287153671957,False,NEITHER
2020-08-04,6.9008,-0.0081922446750408,-0.0050032441785019,0.0056514910168979,0.00389669248436,0.0046007605076387,0.0021674805307967,0.0058341190794246,-0.0135372739618325,0.0081922446750408,-2.6558078767516293,1.228381918057821,0.0227705295063755,False,0.6639519691879073,0,LOCAL_RETURN_SHOCK,-0.40357656358491684,0.40357656358491684,False,NEITHER
2020-08-05,7.0476,0.0212728958961279,0.0092510382357153,0.0114053986028027,0.0060944704180998,0.0053552560784996,0.0220978850596718,0.0065852860971775,0.0,0.0212728958961279,5.380334998310224,2.1297578370889387,0.0191726947117073,True,1.345083749577556,2,LOCAL_RETURN_SHOCK,-0.47955060398363536,0.47955060398363536,False,BASELINE_ONLY
2020-08-06,7.2389,0.0271439922810601,0.0347937960117219,0.016041133302999,0.0083750801378067,0.006295624344839,0.0469794969106518,0.0091860557614822,0.0,0.0271439922810601,4.230105314127739,2.547981331851404,0.0124929418407678,True,1.273990665925702,2,VOLATILITY_ACCELERATION,-0.502880683046218,0.502880683046218,False,BASELINE_ONLY
2020-08-07,7.2941,0.0076254679578389,0.0461990820424556,0.014991396483155,0.0084285605380483,0.0063371558532548,0.0517057542396035,0.0119189267859241,0.0,0.0076254679578389,0.5868279493694161,2.36563481004737,0.0147254175970152,True,1.182817405023685,1,VOLATILITY_ACCELERATION,-0.4481255077501928,0.4481255077501928,False,BASELINE_ONLY
2020-08-10,7.3329,0.0053193677081477,0.0539107189054013,0.0139417540231302,0.008391506386602,0.0063471060130397,0.0537092998693802,0.0151903719912473,0.0,0.0053193677081477,0.2676346963955479,2.196552884808889,0.0056166125966471,True,1.0982764424044444,1,VOLATILITY_ACCELERATION,-0.4317670908665134,0.4317670908665134,False,BASELINE_ONLY
2020-08-11,7.2025,-0.0177828689877129,0.0437195687456526,0.0174082090009551,0.009626592313263,0.0064484831550133,0.032461803213712,0.0175072545786434,-0.0177828689877129,0.0177828689877129,-2.520788367704947,2.699581991994705,-0.0042455950258804,True,1.3497909959973524,1,VOLATILITY_ACCELERATION,-0.48857419311198474,0.48857419311198474,False,BASELINE_ONLY
2020-08-12,7.3282,0.0174522735161402,0.0398149724728984,0.0167921754229933,0.0101432115514102,0.0067873176284496,0.0469358176427014,0.0208705087751666,-0.000640946965048,0.0174522735161402,1.5582074577618743,2.474051804000968,-0.000640946965048,True,1.237025902000484,1,VOLATILITY_ACCELERATION,-0.45380567157611584,0.45380567157611584,False,BASELINE_ONLY
2020-08-13,7.3354,0.0009825059359733,0.0133307546726713,0.0129542148696305,0.0101318492040536,0.0067855213859295,0.0443969061339846,0.0243502077920372,0.0,0.0009825059359733,-0.2369407693789151,1.909096461841892,0.0,False,0.954548230920946,0,VOLATILITY_ACCELERATION,-0.3920441827420753,0.3920441827420753,False,NEITHER
2020-08-14,7.3664,0.0042260817406003,0.0099121207551307,0.0127194320636145,0.0101046983761321,0.0067906694895104,0.0450335936081351,0.0280104916292285,0.0,0.0042260817406003,0.0790892635275628,1.873074824693251,0.0,False,0.9365374123466256,0,VOLATILITY_ACCELERATION,-0.3896779899127847,0.3896779899127847,False,NEITHER
2020-08-17,7.3787,0.0016697437011294,0.0062458236168501,0.0125881972501721,0.0100774497056657,0.0067856591515049,0.0429250580034925,0.0317373861990821,0.0,0.0016697437011294,-0.1935123794039994,1.8551178255660443,0.0,False,0.9275589127830222,0,VOLATILITY_ACCELERATION,-0.38574342499852193,0.38574342499852193,False,NEITHER
2020-08-18,7.3696,-0.0012332795749928,0.0232002776813606,0.0074333483511003,0.0099530309978848,0.006561120562138,0.0376481140038706,0.0358994965785866,-0.0012332795749928,0.0012332795749928,-0.4910424603186578,1.1329388449277444,0.0165495894127201,False,0.5664694224638722,0,VOLATILITY_ACCELERATION,-0.3770627456806757,0.3770627456806757,False,NEITHER
2020-08-19,7.2905,-0.0107332826747721,-0.0051445102480827,0.0057697366843102,0.0104769994624511,0.0067102988493285,0.0233415354123474,0.0391470027312541,-0.0119533251114695,0.0107332826747721,-1.469202917472015,0.8598330437827785,-0.0113123781464215,False,0.4299165218913892,0,VOLATILITY_ACCELERATION,-0.3859455446193506,0.3859455446193506,False,NEITHER
2020-08-20,7.2938,0.0004526438515877,-0.0056711290454508,0.0057285346982296,0.0104520530755798,0.0066831997641558,0.0205822123622005,0.042511788367352,-0.0115060918589995,0.0004526438515877,-0.2592180102821022,0.8571544919177214,-0.0115060918589995,False,0.4285772459588607,0,VOLATILITY_ACCELERATION,-0.36403300892062423,0.36403300892062423,False,NEITHER
2020-08-21,7.3365,0.0058542872028297,-0.0040589704604691,0.0061401568420606,0.0104490689357846,0.0067105511083811,0.0230633751260265,0.0461191267934995,-0.0057191646224945,0.0058542872028297,0.2501215176741074,0.9150003841550198,-0.0057191646224945,False,0.4575001920775099,0,VOLATILITY_ACCELERATION,-0.36480984350620094,0.36480984350620094,False,NEITHER
2020-08-24,7.3768,0.0054930825325427,-0.0002574979332402,0.0067336897131915,0.0104523599012825,0.0067268622254793,0.0250075554150612,0.049811461121606,-0.0002574979332402,0.0054930825325427,0.1907576982843657,1.0010149587554118,-0.0002574979332402,False,0.5005074793777059,0,VOLATILITY_ACCELERATION,-0.35917107970603296,0.35917107970603296,False,NEITHER
2020-08-25,7.3893,0.0016945016809457,0.0026731437255753,0.0067305522183462,0.0103292375798793,0.006391498989918,0.0235175077550224,0.0524841460747866,0.0,0.0016945016809457,-0.1891487572381762,1.053047529063687,0.0012332795749928,False,0.5265237645318435,0,VOLATILITY_ACCELERATION,-0.3576548212069459,0.3576548212069459,False,NEITHER
2020-08-26,7.3662,-0.0031261418537615,0.0103833756258144,0.0037348020765653,0.010385688073769,0.0064098371955658,0.0176171744138255,0.0542391740475702,-0.0031261418537615,0.0031261418537615,-0.6148124018586912,0.5826672289194744,0.008827183257708,False,0.2913336144597372,0,VOLATILITY_ACCELERATION,-0.36399518539319287,0.36399518539319287,False,NEITHER
2020-08-27,7.3587,-0.0010181640465912,0.008897968137322,0.003946329205816,0.010417935821291,0.0064179057771926,0.0140371112199739,0.0557730581888649,-0.0041411229751127,0.0010181640465912,-0.3604785138272627,0.6148936028073401,0.0073649688838867,False,0.30744680140367,0,VOLATILITY_ACCELERATION,-0.3569907317236174,0.3569907317236174,False,NEITHER
2020-08-28,7.3329,-0.0035060540584613,-0.0004906971989367,0.0037451400292389,0.010422393783576,0.0064489493463823,0.0079753892847715,0.0575544431466072,-0.0076326580325606,0.0035060540584613,-0.5846931903815049,0.5807364623417038,-0.001913493410066,False,0.2903682311708519,0,VOLATILITY_ACCELERATION,-0.3591089565356503,0.3591089565356503,False,NEITHER
2020-08-31,7.3466,0.0018682922172672,-0.0040939160611648,0.0025554866695182,0.0103678295503463,0.0064472426333948,0.0071672205222694,0.0596341270313967,-0.0057786258508926,0.0018682922172672,-0.0680853447930215,0.3963689308482884,-0.0055211279176524,False,0.1981844654241442,0,VOLATILITY_ACCELERATION,-0.364182783071114,0.364182783071114,False,NEITHER
2020-09-01,7.3652,0.0025317834100129,-0.0032614726699418,0.0027789120791068,0.0100431016729002,0.0064490717835961,0.0065131177964179,0.0626884745947318,-0.0032614726699418,0.0025317834100129,-0.0232808232772255,0.4309010928014878,-0.0032614726699418,False,0.2154505464007439,0,VOLATILITY_ACCELERATION,-0.3614016403162385,0.3614016403162385,False,NEITHER
2020-09-02,7.3822,0.0023081518492369,0.0021720832993945,0.0026269327029424,0.00910969557913,0.0064244429417626,0.0065350743836809,0.0636730029310119,-0.0009608487948791,0.0023081518492369,-0.0996907733454785,0.4088965730967607,0.0021652930588824,False,0.2044482865483803,0,VOLATILITY_ACCELERATION,-0.35470718587655936,0.35470718587655936,False,NEITHER
2020-09-03,7.4335,0.0069491479504755,0.0101648388981749,0.0037148760139629,0.0071200685275977,0.0063778253993928,0.0121868191721135,0.0621803623909471,0.0,0.0069491479504755,0.5036423765394975,0.5824674997086897,0.0041411229751127,False,0.2912337498543448,0,VOLATILITY_ACCELERATION,-0.3560307016790131,0.3560307016790131,False,NEITHER
2020-09-04,7.4331,-5.381045268049167e-05,0.0136644438080431,0.0025744011344294,0.0069693838342219,0.0063382682027223,0.0111754263054435,0.0599027178305224,-5.381045268049167e-05,5.381045268049167e-05,-0.1973558892243405,0.4061679077139224,0.0075788475798801,False,0.2030839538569612,0,VOLATILITY_ACCELERATION,-0.3548645169213671,0.3548645169213671,False,NEITHER
2020-09-07,7.4542,0.0028386541281566,0.0146462309095365,0.0025302733688789,0.0069096737928143,0.0063353733442913,0.0132098412195706,0.0571745318739553,0.0,0.0028386541281566,0.2684944738690291,0.399388201984795,0.0057786258508926,False,0.1996941009923975,0,VOLATILITY_ACCELERATION,-0.35519726063322626,0.35519726063322626,False,NEITHER
2020-09-08,7.4817,0.0036891953529554,0.0158176288491826,0.0025394011650362,0.0053569305545847,0.0063416876112754,0.0150217576372189,0.0566123068300161,0.0,0.0036891953529554,0.4118599567635968,0.4004298730390304,0.0032614726699418,False,0.2002149365195152,0,VOLATILITY_ACCELERATION,-0.3575032038586391,0.3575032038586391,False,NEITHER
2020-09-09,7.4848,0.0004143443335071,0.0138982959009508,0.0028212541128143,0.0039178097619103,0.0063407538013522,0.014364792130975,0.0541654493465044,0.0,0.0004143443335071,-0.2805032231818888,0.4449398606538945,0.0009608487948791,False,0.2224699303269472,0,VOLATILITY_ACCELERATION,-0.3500529390013744,0.3500529390013744,False,NEITHER
2020-09-10,7.4481,-0.0049032706284736,0.0019640815228356,0.0033577010269765,0.0041391440427425,0.006394512450205,0.0086208297447063,0.0513791053701286,-0.0049032706284736,0.0049032706284736,-1.523390657656953,0.5250910140723639,-0.0049032706284736,False,0.3808476644142382,0,LOCAL_RETURN_SHOCK,-0.36839751703981694,0.36839751703981694,False,NEITHER
2020-09-11,7.4724,0.0032625770330687,0.0052871614804053,0.0035673902112109,0.0041022542553882,0.0063942490080187,0.0111857792019745,0.0483447203559108,-0.0016566908935441,0.0032625770330687,0.602004103810294,0.5579060506929303,-0.0016028804408636,False,0.2789530253464651,0,VOLATILITY_ACCELERATION,-0.3458413308084566,0.3458413308084566,False,NEITHER
2020-09-14,7.484,0.001552379422943,0.0039977462370206,0.0034515862302302,0.0041009118256934,0.0063879417381706,0.0120344746217209,0.0452296500143816,-0.0001068832834544,0.001552379422943,0.2022691119532567,0.5403283830228979,-0.0001068832834544,False,0.2701641915114489,0,VOLATILITY_ACCELERATION,-0.34105650973078455,0.34105650973078455,False,NEITHER
2020-09-15,7.4854,0.0001870657402458,0.0004945400109601,0.0030516542629629,0.004077597034373,0.0063886482758159,0.0114318799534374,0.0420404057044176,0.0,0.0001870657402458,-0.1291630169235406,0.4776682220110436,0.0,False,0.2388341110055218,0,VOLATILITY_ACCELERATION,-0.3405520158324886,0.3405520158324886,False,NEITHER
2020-09-16,7.5054,0.0026718679028507,0.0027522445489525,0.003268599044575,0.003058546643104,0.0063895207744465,0.0126640347350213,0.0403314893861914,0.0,0.0026718679028507,0.4620610465959398,0.5115562121101557,0.0,False,0.2557781060550778,0,VOLATILITY_ACCELERATION,-0.34144537491515164,0.34144537491515164,False,NEITHER
2020-09-17,7.5464,0.0054627334985477,0.0131979968045541,0.001972019511681,0.0031748292615993,0.0064056635152748,0.0164637932590445,0.0388241854113189,0.0,0.0054627334985477,1.3093495988180566,0.3078556197931044,0.0049032706284736,False,0.3273373997045141,0,LOCAL_RETURN_SHOCK,-0.36255001236355433,0.36255001236355433,False,NEITHER
2020-09-18,7.5555,0.0012058729990458,0.0111209250040147,0.0020202980604916,0.0030218176849697,0.0064021825919226,0.0161907272512078,0.0368157788682643,0.0,0.0012058729990458,-0.1583260453766332,0.3155639551799938,0.0016566908935441,False,0.1577819775899969,0,VOLATILITY_ACCELERATION,-0.3462766071273775,0.3462766071273775,False,NEITHER
2020-09-21,7.6321,0.0101383098405134,0.0197888829502939,0.0039970505992873,0.0034891937466319,0.0064913662204731,0.0247338673999395,0.0348848276844302,0.0,0.0101383098405134,2.8665526159986934,0.6157487443369031,0.0001068832834544,False,0.7166381539996733,0,LOCAL_RETURN_SHOCK,-0.3833796577479491,0.3833796577479491,False,NEITHER
2020-09-22,7.6622,0.0039438686600017,0.0236193122612018,0.0034296412969179,0.0035247938215013,0.0064908755251766,0.0268939480240646,0.0335223349490929,0.0,0.0039438686600017,0.640691519686822,0.5283788425174873,0.0,False,0.2641894212587437,0,VOLATILITY_ACCELERATION,-0.3564478679922855,0.3564478679922855,False,NEITHER
2020-09-23,7.7009,0.0050507687087257,0.0260479121699044,0.0032404183066115,0.0033925302790023,0.0064947339783357,0.0297709428590722,0.0330985988457832,0.0,0.0050507687087257,0.9163453828362548,0.498930105131399,0.0,False,0.2494650525656995,0,VOLATILITY_ACCELERATION,-0.36421892718167836,0.36421892718167836,False,NEITHER
2020-09-24,7.6254,-0.0098040488774039,0.0104685677939149,0.0074031566520673,0.004286322330839,0.0066682553973948,0.017860003203588,0.0323508802391125,-0.0098040488774039,0.0098040488774039,-3.5471266520308413,1.1102089243551794,-0.0098040488774039,False,0.8867816630077103,0,LOCAL_RETURN_SHOCK,-0.4066389702373492,0.4066389702373492,False,NEITHER
2020-09-25,7.6582,0.0043014136963306,0.0135927470054926,0.0074383153999932,0.0041312906954101,0.0066759700977935,0.0200236685129526,0.0320259578164863,-0.005544806451194,0.0043014136963306,0.5858220756608958,1.1141924381074844,-0.005544806451194,False,0.5570962190537422,0,VOLATILITY_ACCELERATION,-0.35802823254713445,0.35802823254713445,False,NEITHER
2020-09-28,7.8006,0.018594447781463,0.0220778029637975,0.0100483472843023,0.0055231895246517,0.00701055489937,0.0358585311991861,0.0323875289266171,0.0,0.018594447781463,3.973015735840564,1.4333169668502688,0.0,False,0.993253933960141,0,LOCAL_RETURN_SHOCK,-0.42383111305769966,0.42383111305769966,False,NEITHER
2020-09-29,7.8168,0.002076763325898,0.0201769726710343,0.0101048732481166,0.0055262300453304,0.0070036679346084,0.0349066514676996,0.0321972958125273,0.0,0.002076763325898,-0.1702475150239197,1.442797308847796,0.0,False,0.721398654423898,0,VOLATILITY_ACCELERATION,-0.37076633806253345,0.37076633806253345,False,NEITHER
2020-09-30,7.7213,-0.0122172756115033,0.0026490410211794,0.0123714162188963,0.0064913611045439,0.0072430121769808,0.0199733160724431,0.0321545293532958,-0.0122172756115033,0.0122172756115033,-2.7526174444415323,1.70804851857273,-0.0122172756115033,False,0.854024259286365,0,VOLATILITY_ACCELERATION,-0.4098637661990947,0.4098637661990947,False,NEITHER
2020-10-01,7.746,0.0031989431831427,0.0158155637737036,0.0109219476950454,0.0064025829282556,0.007240761565122,0.0211285012309303,0.0329146241830067,-0.0090574147988945,0.0031989431831427,0.1434048927362377,1.5083976453050592,0.0007466340785093,False,0.7541988226525296,0,VOLATILITY_ACCELERATION,-0.3660840973833401,0.3660840973833401,False,NEITHER
2020-10-02,7.758,0.0015491866769945,0.0130317829254915,0.0109213388429847,0.0063844659316424,0.0072384722711837,0.0205249428766491,0.0341479672695366,-0.0075222597482345,0.0015491866769945,-0.0829904635092306,1.5087905892051925,-0.0019774532970405,False,0.7543952946025962,0,VOLATILITY_ACCELERATION,-0.3650565609044447,0.3650565609044447,False,NEITHER
2020-10-05,7.7646,0.0008507347254447,-0.0046150296131067,0.006379781009863,0.0063888284698875,0.0072304290266955,0.0193121356247267,0.0354049842225412,-0.0066779244703715,0.0008507347254447,-0.2051784983945812,0.8823516538656533,-0.0066779244703715,False,0.4411758269328266,0,VOLATILITY_ACCELERATION,-0.35277638968645114,0.35277638968645114,False,NEITHER
2020-10-06,7.7978,0.0042758158823377,-0.0024306621635451,0.0067045477261328,0.0063980354445166,0.0072330860304268,0.0215509815878989,0.035588236291671,-0.0024306621635451,0.0042758158823377,0.3466241118478107,0.9269276900522622,-0.0024306621635451,False,0.4634638450261311,0,VOLATILITY_ACCELERATION,-0.34964842893822756,0.34964842893822756,False,NEITHER
2020-10-07,7.8818,0.0107722691015414,0.0207866550969395,0.0039503811263324,0.0066686974675557,0.0073036098452774,0.0298772596102647,0.0371794619860532,0.0,0.0107722691015414,1.3569234278465443,0.5408806343738038,0.0122172756115033,False,0.3392308569616361,0,LOCAL_RETURN_SHOCK,-0.37480208857228736,0.37480208857228736,False,NEITHER
2020-10-08,7.9435,0.0078281610799564,0.0254970307255357,0.0042116294211992,0.0065198972783773,0.0073318544900954,0.0345907710621959,0.0397423501308156,0.0,0.0078281610799564,0.7827075605491179,0.5744289424849729,0.0090574147988945,False,0.2872144712424864,0,VOLATILITY_ACCELERATION,-0.364609233670317,0.364609233670317,False,NEITHER
2020-10-09,7.8564,-0.0109649398879587,0.0126836813611754,0.0084259154944084,0.0072528606318255,0.0075298082608247,0.0206941172114487,0.0415948328357964,-0.0109649398879587,0.0109649398879587,-2.1794871943139342,1.1190079750431194,-0.0034426801397241,False,0.5595039875215597,0,VOLATILITY_ACCELERATION,-0.38253449959751784,0.38253449959751784,False,NEITHER
2020-10-12,7.8888,0.0041240262715747,0.0159956726682637,0.0083877233359916,0.0072573416615813,0.007526619168029,0.0222155129574834,0.0435902342189085,-0.0068861333165481,0.0041240262715747,0.2192665018462584,1.1144078302274592,-0.0002082088461766,False,0.5572039151137296,0,VOLATILITY_ACCELERATION,-0.355366267397096,0.355366267397096,False,NEITHER
2020-10-13,7.9191,0.0038408883480378,0.0155556695478211,0.0083761160978134,0.0072377152629663,0.0074709017119379,0.0232664516529181,0.04570387370546,-0.0030716938377289,0.0038408883480378,0.1623995628302207,1.1211653453329522,-0.0006410316741838,False,0.5605826726664761,0,VOLATILITY_ACCELERATION,-0.35597875735573103,0.35597875735573103,False,NEITHER
2020-10-14,7.9106,-0.0010733542953114,0.0036539876677914,0.0072732805739099,0.0072906863490138,0.007483415264899,0.0194991816272085,0.046921422538366,-0.0041417511172657,0.0010733542953114,-0.5413786696801441,0.9719199478378892,-0.0041417511172657,False,0.4859599739189446,0,VOLATILITY_ACCELERATION,-0.35295512491044084,0.35295512491044084,False,NEITHER
2020-10-15,7.9324,0.0027557960205295,-0.0013973689179832,0.0063322432559222,0.0072609381520677,0.0074701239058079,0.0197721955107603,0.0477400167291428,-0.0013973689179832,0.0027557960205295,0.0134509647605179,0.8476757997278979,-0.0013973689179832,False,0.4238378998639489,0,VOLATILITY_ACCELERATION,-0.34807232343015054,0.34807232343015054,False,NEITHER
2020-10-16,7.9333,0.0001134587262365,0.0097881981569167,0.0023164999381075,0.0072754572360941,0.0074727161163203,0.0174171432089043,0.0487376128428325,-0.001284068735444,0.0001134587262365,-0.3317647946836569,0.3099943717985351,0.0096808711525147,False,0.1936174230502939,0,DRAWDOWN_SHIFT,-0.3587926028848397,0.3587926028848397,False,NEITHER
2020-10-19,7.8766,-0.0071470888533144,-0.0015464962985498,0.0043051270353307,0.0073426729421227,0.0075753407669787,0.0085643330134326,0.0485815771860063,-0.0084219802354126,0.0071470888533144,-1.3215458780297338,0.5683080362664304,-0.0015358469188644,False,0.3303864695074334,0,LOCAL_RETURN_SHOCK,-0.3653783779364952,0.3653783779364952,False,NEITHER
2020-10-20,7.8627,-0.0017647208186272,-0.0071220214418304,0.0036341181829509,0.007357846383666,0.0075137109134019,0.0054937887960471,0.0480075802147814,-0.0101718386101844,0.0017647208186272,-0.4587174967906973,0.483664892732148,-0.0071001447724555,False,0.241832446366074,0,VOLATILITY_ACCELERATION,-0.35391781732854416,0.35391781732854416,False,NEITHER
2020-10-21,7.8122,-0.0064227301054345,-0.01243900589083,0.0042419688548651,0.0074974552698659,0.0075673309906063,-0.0016746951077306,0.0464064859964175,-0.0165292377415497,0.0064227301054345,-1.0520459331446783,0.5605634087012799,-0.0123874866242839,False,0.2802817043506399,0,VOLATILITY_ACCELERATION,-0.375025065100224,0.375025065100224,False,NEITHER
2020-10-22,7.9378,0.016077417372827,0.0006807523574201,0.009404734718954,0.007808108688894,0.0077854633576854,0.012355047395556,0.0466288910246142,-0.0007175678227481,0.016077417372827,2.045097903545667,1.2079865111265524,0.0006798010952351,False,0.6039932555632762,0,VOLATILITY_ACCELERATION,-0.38496936938592874,0.38496936938592874,False,NEITHER
2020-10-23,7.9671,0.003691199072791,0.004260522103034,0.0095344464108727,0.0077999886448663,0.0077542291359816,0.0140942954570622,0.0464186556364558,0.0,0.003691199072791,0.2116694973948716,1.2295801740795147,0.001284068735444,False,0.6147900870397573,0,VOLATILITY_ACCELERATION,-0.3547912671259297,0.3547912671259297,False,NEITHER
2020-10-26,8.0834,0.0145975323517966,0.0262549831145417,0.009905769882282,0.0073932527633422,0.0078942649900688,0.027049073058798,0.0451420311756152,0.0,0.0145975323517966,1.6140513820172322,1.254805848897108,0.0084219802354126,False,0.627402924448554,0,VOLATILITY_ACCELERATION,-0.3884166358200776,0.3884166358200776,False,NEITHER
2020-10-27,8.1848,0.0125442264393695,0.0409655716229793,0.0094333908014274,0.00777396903756,0.0078706514455125,0.0375070827275252,0.0444536679753926,0.0,0.0125442264393695,1.452151394614021,1.198552733116635,0.0101718386101844,False,0.5992763665583175,0,VOLATILITY_ACCELERATION,-0.39474597161079217,0.39474597161079217,False,NEITHER
2020-10-28,8.2566,0.0087723585182291,0.0568853843987611,0.0049848463864243,0.0070935396870934,0.0075337192305426,0.0430696055611177,0.0456499914135877,0.0,0.0087723585182291,0.8285190233056434,0.6616713782238042,0.0165292377415497,False,0.3308356891119021,0,VOLATILITY_ACCELERATION,-0.40944131769616143,0.40944131769616143,False,NEITHER
2020-10-29,8.2883,0.0038393527602158,0.0441558114338984,0.0049567521253858,0.0070941202096401,0.0068172263287279,0.0434998281460292,0.0470706491469172,0.0,0.0038393527602158,0.0646213019068169,0.7270922053002653,0.0007175678227481,False,0.3635461026501326,0,VOLATILITY_ACCELERATION,-0.37714430171185287,0.37714430171185287,False,NEITHER
2020-10-30,8.3456,0.0069133597963393,0.0475078761406282,0.0043120880394474,0.0071212968608458,0.0068083794114875,0.0468417005658432,0.048697903306643,0.0,0.0069133597963393,0.4934199341901239,0.6333501379449844,0.0,False,0.3166750689724922,0,VOLATILITY_ACCELERATION,-0.3887196321393452,0.3887196321393452,False,NEITHER
2020-11-02,8.44,0.0113113496932515,0.0441151000816488,0.0034791373098044,0.0072847395880704,0.0068972354788222,0.0542172436965553,0.0509944876855761,0.0,0.0113113496932515,1.0714567468566536,0.5044248990029425,0.0,False,0.2827837423312875,0,LARGE_ABSOLUTE_RETURN,-0.4050227777317144,0.4050227777317144,False,NEITHER
2020-11-03,8.4112,-0.0034123222748815,0.0276610302023263,0.0056715030375905,0.0074809666768212,0.0064184657546378,0.04661044893307,0.0528362915359619,-0.0034123222748815,0.0034123222748815,-1.045547484095894,0.8836228554296537,-0.0034123222748815,False,0.4418114277148268,0,VOLATILITY_ACCELERATION,-0.3842875763668827,0.3842875763668827,False,NEITHER
2020-11-04,8.4215,0.0012245577325471,0.0199719012668653,0.0055814838531259,0.0073167908217915,0.0061172372531661,0.0443852896877883,0.0536315462466736,-0.002191943127962,0.0012245577325471,-0.3469142886777391,0.9124190581683078,-0.002191943127962,False,0.4562095290841539,0,VOLATILITY_ACCELERATION,-0.3692808157874876,0.3692808157874876,False,NEITHER
2020-11-05,8.416,-0.0006530903045774,0.0154072608375663,0.0059577384701994,0.007288848322459,0.0061270196134255,0.0406542668556069,0.0533093945426588,-0.0028436018957345,0.0006530903045774,-0.5460750210442331,0.972371372395288,-0.0028436018957345,False,0.486185686197644,0,VOLATILITY_ACCELERATION,-0.36643268406969476,0.36643268406969476,False,NEITHER
2020-11-06,8.5193,0.012274239543726,0.0208133627300612,0.0071781752411536,0.0067947433350141,0.0062563786175954,0.0491277177811588,0.0549881351649286,0.0,0.012274239543726,1.2835876535824964,1.147337090655886,0.0,False,0.573668545327943,0,VOLATILITY_ACCELERATION,-0.38961240878019915,0.38961240878019915,False,NEITHER
2020-11-09,8.0525,-0.0547932341859072,-0.0459123222748814,0.0262441531187793,0.0148141714263684,0.0096830592716544,-0.0093559121860602,0.0532818562836618,-0.0547932341859072,0.0547932341859072,-8.664574080714766,2.710316273246911,-0.0547932341859072,True,2.166143520178692,4,LOCAL_RETURN_SHOCK,-0.6112971359639079,0.6112971359639079,True,BOTH
2020-11-10,8.156,0.0128531511952809,-0.030340498383108,0.0280659423945521,0.0150362295015005,0.0097857781566547,0.0019169831439385,0.0518610835452459,-0.042644348714096,0.0128531511952809,0.7910460248576602,2.86803378793808,-0.0392320264392145,True,1.43401689396904,1,VOLATILITY_ACCELERATION,-0.5355193550616051,0.5355193550616051,True,BOTH
2020-11-11,7.793,-0.0445071113290829,-0.0746304102594549,0.03232522639481,0.0182364201903747,0.0113601133341939,-0.0419834495357129,0.0483568105370328,-0.0852534832674045,0.0445071113290829,-3.06540840200246,2.8455021040601056,-0.0830615401394425,True,1.66123080278885,3,DRAWDOWN_SHIFT,-0.6295388857611927,0.6295388857611927,True,BOTH
2020-11-12,7.6888,-0.0133709739509817,-0.0864068441064639,0.0314047646721163,0.018436288436395,0.0115141734115203,-0.0533756610629825,0.0441898285038437,-0.0974845351143872,0.0133709739509817,-0.7010344620867578,2.7274875537912977,-0.0946409332186527,True,1.892818664373054,2,DRAWDOWN_SHIFT,-0.6063331155319986,0.6063331155319986,True,BOTH
2020-11-13,7.6804,-0.0010924981791696,-0.0984705316164473,0.0286869697905605,0.0184330740704641,0.0114988981648963,-0.0529354389625249,0.0400385252177299,-0.0984705316164473,0.0010924981791696,0.016296948969788,2.49475813936119,-0.0984705316164473,True,1.9694106323289455,2,DRAWDOWN_SHIFT,-0.5936171524512329,0.5936171524512329,True,BOTH
2020-11-16,7.7068,0.0034373209728659,-0.0429307668425954,0.0222123825077592,0.0184129282357163,0.011487826335001,-0.0486841455586827,0.0373233850402991,-0.0953716854671157,0.0034373209728659,0.2653150652165142,1.9335583477687788,-0.0405784512812085,False,0.9667791738843894,0,VOLATILITY_ACCELERATION,-0.5293108484875212,0.5293108484875212,True,ISOLATION_FOREST_ONLY
2020-11-17,7.6995,-0.0009472154460996,-0.0559710642471801,0.0195931299860725,0.0184118711135009,0.0114893863840395,-0.0486269683579966,0.0349500111256897,-0.0962285633796203,0.0009472154460996,-0.0012591512241661,1.7053243168225525,-0.0535842146655242,True,1.071684293310484,1,DRAWDOWN_SHIFT,-0.5330183089595504,0.5330183089595504,True,BOTH
2020-11-18,7.716,0.0021429962984609,-0.0098806621326831,0.0066699716324357,0.0183758209051719,0.0114793750307195,-0.0460211937593266,0.0335993293552134,-0.094291784536288,0.0021429962984609,0.1643587333493023,0.5810396136188994,-0.0090383012688834,False,0.2905198068094497,0,VOLATILITY_ACCELERATION,-0.44052169471951946,0.44052169471951946,False,NEITHER
2020-11-19,7.5499,-0.0215266977708658,-0.0180652377484131,0.0102127026114962,0.0185184787816422,0.0118354412642349,-0.0643134975495223,0.0290667236327346,-0.1137886915591656,0.0215266977708658,-1.146714951318724,0.862891579915791,-0.0163041564447783,False,0.538167444271645,0,LARGE_ABSOLUTE_RETURN,-0.4973967837059657,0.4973967837059657,False,NEITHER
2020-11-20,7.619,0.0091524391051536,-0.0079943752929534,0.0117525059280244,0.0186517994261143,0.0118756128471331,-0.0537084716627977,0.0248282603797938,-0.1056776965243623,0.0091524391051536,0.6203270902508475,0.9896336365378888,-0.007207164907915,False,0.4948168182689444,0,VOLATILITY_ACCELERATION,-0.4688631181211848,0.4688631181211848,False,NEITHER
2020-11-23,7.8873,0.0352145950912192,0.0234208750713653,0.0204766710515145,0.0201320047743764,0.0126835984313932,-0.0191907730091865,0.0217412848722637,-0.0741844987264211,0.0352145950912192,1.998552911240548,1.6144212671407705,0.0211871867406946,False,0.88036487728048,0,LARGE_ABSOLUTE_RETURN,-0.5211667472833678,0.5211667472833678,True,ISOLATION_FOREST_ONLY
2020-11-24,8.0054,0.0149734383122235,0.0397298525878304,0.020595637545532,0.0202253302675734,0.012805779457128,-0.0033930250956876,0.0182211484222791,-0.0603218574296009,0.0149734383122235,0.7949828298937784,1.608307999874852,0.0359067059500193,False,0.804153999937426,0,VOLATILITY_ACCELERATION,-0.49087032721494767,0.49087032721494767,False,NEITHER
2020-11-25,7.9522,-0.0066455142778624,0.0306117159149819,0.0215714405454218,0.0201304789814583,0.0128479706306703,-0.0081366422053934,0.0128555050580019,-0.0665665019426478,0.0066455142778624,-0.2835956190023651,1.6789764831752565,0.0277252825936402,False,0.8394882415876282,0,VOLATILITY_ACCELERATION,-0.4819124278363587,0.4819124278363587,False,NEITHER
2020-11-26,7.8717,-0.0101229848343855,0.0426230811004118,0.0182496698744431,0.0201710375166372,0.0129101480036969,-0.0156197536329479,0.0067753270576207,-0.0760156350873897,0.0101229848343855,-0.4193835616755244,1.4135910656653352,0.0377730564717758,False,0.7554611294355159,0,DRAWDOWN_SHIFT,-0.4873701831271287,0.4873701831271287,False,NEITHER
2020-11-27,7.8137,-0.0073681669779082,0.0255545347158419,0.0195541835749983,0.0200773482762966,0.0129550901227828,-0.0196122715027962,-0.0002709425413657,-0.0828237061730423,0.0073681669779082,-0.247357491311766,1.5093822883262191,0.02285399035132,False,0.7546911441631096,0,VOLATILITY_ACCELERATION,-0.48035879132150683,0.48035879132150683,False,NEITHER
2020-11-30,7.8256,0.0015229660724112,-0.0078227023189177,0.0101952945929816,0.0198254671149881,0.0129528945533782,-0.0143199202951399,-0.008325068636537,-0.081426877795124,0.0015229660724112,0.2298984949725763,0.7871055037904713,-0.0072423790687028,False,0.3935527518952356,0,VOLATILITY_ACCELERATION,-0.4205651146955371,0.4205651146955371,False,NEITHER
2020-12-01,7.8314,0.0007411572275608,-0.021735328653159,0.0051989104786678,0.0198490803361087,0.0129477038904774,-0.0099743372564884,-0.0157168258755866,-0.0807460706865587,0.0007411572275608,0.2180711537779598,0.40153146246196,-0.0204242132569578,False,0.408484265139156,0,DRAWDOWN_SHIFT,-0.43481448497208713,0.43481448497208713,False,NEITHER
2020-12-02,7.8616,0.0038562709094158,-0.0113930736148487,0.0060960119319769,0.019889855121683,0.012953385715805,-0.0026267697075917,-0.0224825279543429,-0.0772011785005809,0.0038562709094158,0.3642890286222144,0.4706114729941907,-0.0106346765579331,False,0.2353057364970953,0,VOLATILITY_ACCELERATION,-0.4191365637954546,0.4191365637954546,False,NEITHER
2020-12-03,7.7718,-0.0114226111732981,-0.0126910324326384,0.0065268248368668,0.0199617012872581,0.0130300286168567,-0.0099737646487081,-0.0293209533065748,-0.0877419506297465,0.0114226111732981,-0.411248121056189,0.5009064084804212,-0.0117263155423568,False,0.2855652793324525,0,LARGE_ABSOLUTE_RETURN,-0.4392779978213446,0.4392779978213446,False,NEITHER
2020-12-04,7.813,0.0053012172212356,-8.958623955357403e-05,0.0066392491078373,0.0197260177744998,0.0130392295441063,-0.0002277735265741,-0.0376319291066348,-0.082905872548214,0.0053012172212356,0.455003246486577,0.5091749543467639,-8.21663751716939e-05,False,0.2545874771733819,0,VOLATILITY_ACCELERATION,-0.4174700047537409,0.4174700047537409,False,NEITHER
2020-12-07,7.8097,-0.0004223729681299,-0.0020317930893476,0.0065844483709392,0.0157151977313692,0.0130398623448958,0.0009048219576965,-0.0400944817956463,-0.0832932283168803,0.0004223729681299,0.1879598741236953,0.5049476901507748,-0.0018663505217562,False,0.2524738450753874,0,VOLATILITY_ACCELERATION,-0.40196892626972175,0.40196892626972175,False,NEITHER
2020-12-08,7.8191,0.0012036313814871,-0.0015706004035038,0.0066075058068266,0.0153707749611897,0.0130397193774912,0.0042776620756133,-0.0435605397526778,-0.0821898512788609,0.0012036313814871,0.1664096851524028,0.50672147272067,-0.0014437805923021,False,0.253360736360335,0,VOLATILITY_ACCELERATION,-0.4032766637248509,0.4032766637248509,False,NEITHER
2020-12-09,7.8244,0.0006778273714365,-0.0047318611987382,0.0062513619301306,0.0116678693859258,0.0130374397672701,0.00475578067806,-0.0426761767603847,-0.0815677344382753,0.0006778273714365,0.1738255288995002,0.4794930631874795,-0.0043665559376943,False,0.2397465315937397,0,VOLATILITY_ACCELERATION,-0.3954066243607324,0.3954066243607324,False,NEITHER
2020-12-10,7.8903,0.0084223710444251,0.0152474330270979,0.0037088777664007,0.011340401117582,0.0130610394553067,0.0119090368120819,-0.0400001969876888,-0.0738323571185425,0.0084223710444251,0.6991104849893145,0.2839649768375658,0.013909593511204,False,0.27819187022408,0,DRAWDOWN_SHIFT,-0.4151141371337968,0.4151141371337968,False,NEITHER
2020-12-11,7.8421,-0.0061087664600838,0.0037245616280559,0.0051839487970495,0.0114522986647309,0.0130915551777447,0.0046857834674798,-0.0375063658413574,-0.0794900989517917,0.0061087664600838,-0.6581491123379205,0.3959765456942867,0.0034157735964222,False,0.1979882728471433,0,VOLATILITY_ACCELERATION,-0.39796230584655834,0.39796230584655834,False,NEITHER
2020-12-14,7.8508,0.0011093967177158,0.0052626861467148,0.0051421017566772,0.0114391591353987,0.0130330605806328,0.004873459644362,-0.0356089221349923,-0.0784688882889439,0.0011093967177158,0.0004629343774478,0.3945429183624291,0.0048243400279364,False,0.1972714591812145,0,VOLATILITY_ACCELERATION,-0.3864992030401468,0.3864992030401468,False,NEITHER
2020-12-15,7.8362,-0.0018596830896213,0.0021869524625597,0.0053008831147453,0.0114490977200851,0.0130290241086425,0.0021279969716965,-0.0337919990510364,-0.0801826441139529,0.0018596830896213,-0.2489153178239821,0.4068518924014487,0.002007207164908,False,0.2034259462007243,0,VOLATILITY_ACCELERATION,-0.38584023205395807,0.38584023205395807,False,NEITHER
2020-12-16,7.8026,-0.0042877925525126,-0.0027861561269874,0.0056974370736401,0.0115037670941745,0.0130290202776181,-0.0027211527769432,-0.0326820577555287,-0.0841266301221931,0.0042877925525126,-0.4567930277481452,0.4372882190863914,-0.0025588956839178,False,0.2186441095431957,0,VOLATILITY_ACCELERATION,-0.39268540730267115,0.39268540730267115,False,NEITHER
2020-12-17,7.7027,-0.0128034244995257,-0.0237760287948493,0.0052344046538226,0.0107612718541057,0.0130741334033741,-0.0164501700178637,-0.029410069731256,-0.0958529456645498,0.0128034244995257,-1.1669186630007713,0.4003634116561587,-0.0220205885460073,False,0.4404117709201459,0,DRAWDOWN_SHIFT,-0.44007935551044003,0.44007935551044003,False,NEITHER
2020-12-18,7.6433,-0.0077115816531865,-0.0253503525841293,0.0053823435035655,0.010754231645381,0.0131030422715788,-0.0241862846294625,-0.0271610136336029,-0.1028253495005457,0.0077115816531865,-0.814799723778832,0.4107705212277374,-0.023335250548754,False,0.4667050109750799,0,DRAWDOWN_SHIFT,-0.43725278307721777,0.43725278307721777,False,NEITHER
2020-12-21,7.6412,-0.0002747504350214,-0.026697916135935,0.0050048064007614,0.0069190941743146,0.0128749439971184,-0.0229194265284304,-0.0275050129793419,-0.1030718486260606,0.0002747504350214,-0.0454006473221108,0.3887245180935582,-0.0246029603371167,False,0.4920592067423339,0,DRAWDOWN_SHIFT,-0.4268455413079311,0.4268455413079311,False,NEITHER
2020-12-22,7.6593,0.0023687378945713,-0.0225747173374849,0.0060068652569079,0.0058206324326066,0.0128758978330345,-0.018432975976963,-0.0285733670872209,-0.1009472609251933,0.0023687378945713,0.5679510104574758,0.4665201087179055,-0.0207646168112403,False,0.415292336224806,0,DRAWDOWN_SHIFT,-0.41987824862113127,0.41987824862113127,False,NEITHER
2020-12-23,7.6405,-0.002454532398522,-0.0207751262399712,0.0060817263203517,0.0057265113786827,0.0127835422168927,-0.0188827038028648,-0.0286731354853514,-0.1031540150012324,0.002454532398522,-0.0452405726537619,0.4757465667313286,-0.0190273848790393,False,0.380547697580786,0,DRAWDOWN_SHIFT,-0.4175931440071297,0.4175931440071297,False,NEITHER
2020-12-24,7.5623,-0.0102349322688306,-0.0182273748166228,0.0052178488293426,0.0057349364541264,0.012842403105191,-0.0269914874782555,-0.0280775404062099,-0.1123331729132675,0.0102349322688306,-1.4412400784633013,0.4062984775204186,-0.0164802272487177,False,0.3603100196158253,0,LOCAL_RETURN_SHOCK,-0.4430097893366678,0.4430097893366678,False,NEITHER
2020-12-25,7.5863,0.0031736376499214,-0.007457511807727,0.0053740164287543,0.0056986816519059,0.0128481165261651,-0.022473459258238,-0.0262609457202688,-0.1095160400502388,0.0031736376499214,0.8999035338965187,0.4182727030697575,-0.006690690549693,False,0.2249758834741296,0,LOCAL_RETURN_SHOCK,-0.40951133340525037,0.40951133340525037,False,NEITHER
2020-12-28,7.4382,-0.0195220331386841,-0.0265665078783438,0.0095567100041904,0.0069290085406776,0.0130844714710955,-0.0391585952819536,-0.0249329600002018,-0.1269000974258447,0.0195220331386841,-3.169482441998729,0.7303856350103121,-0.0238282487997841,False,0.7923706104996823,0,LOCAL_RETURN_SHOCK,-0.49719376804627374,0.49719376804627374,False,NEITHER
2020-12-29,7.3954,-0.0057540802882417,-0.0344548457430835,0.0085582407308778,0.0069206986536423,0.0130848016945707,-0.041989548600046,-0.0241153938535835,-0.1319239843649124,0.0057540802882417,-0.4678401835166875,0.6540596434433459,-0.0309767234397191,False,0.6195344687943819,0,DRAWDOWN_SHIFT,-0.46822542114264243,0.46822542114264243,False,NEITHER
2020-12-30,7.3832,-0.0016496741217513,-0.0336758065571625,0.0086709588017515,0.0067477774586903,0.0129966162576962,-0.0405971188806099,-0.0236840619590334,-0.1333560269036187,0.0016496741217513,0.1715866380623516,0.6671704872887065,-0.0302020119023862,False,0.604040238047724,0,DRAWDOWN_SHIFT,-0.4630199291228057,0.4630199291228057,False,NEITHER
2020-12-31,7.4349,0.0070023837902264,-0.0168467265249989,0.010246158600665,0.006810963839225,0.0129875384971844,-0.0317596231169685,-0.0218239397102838,-0.1272874531945113,0.0070023837902264,1.4989905402897292,0.788922289076278,-0.0149542802812437,False,0.394461144538139,0,VOLATILITY_ACCELERATION,-0.44653615858024537,0.44653615858024537,False,NEITHER
2021-01-01,7.4299,-0.0006725040013988,-0.0206161106204605,0.0097671387778928,0.0065925833250074,0.0129217379019925,-0.0299910439421275,-0.0198546856085521,-0.1278743558743088,0.0006725040013988,0.2229812218366699,0.7558688198115155,-0.0183583158240699,False,0.3779344099057578,0,VOLATILITY_ACCELERATION,-0.42844576207871743,0.42844576207871743,False,NEITHER
2021-01-04,7.4222,-0.00103635311377,-0.0021510580516791,0.0046233083556799,0.0065838727056028,0.0129052563599006,-0.0285390062753223,-0.0208128274532721,-0.1287781860011971,0.00103635311377,0.2204832181646557,0.3582500205145487,-0.0018780885753523,False,0.1791250102572743,0,VOLATILITY_ACCELERATION,-0.41381807876279714,0.41381807876279714,False,NEITHER
2021-01-05,7.3866,-0.0047964215461723,-0.001189928874706,0.0043595031096974,0.0065418071522808,0.0128992793882442,-0.0304543342495098,-0.0214717957511083,-0.1329569330813564,0.0047964215461723,-0.3456651638582358,0.3379648566779976,-0.0010329487164439,False,0.1689824283389988,0,VOLATILITY_ACCELERATION,-0.42113441092908094,0.42113441092908094,False,NEITHER
2021-01-06,7.3059,-0.0109251888554949,-0.0104697150287138,0.0065417140966441,0.0067270985359397,0.0129617899087816,-0.0377724905320178,-0.0249981861643829,-0.1424295423332902,0.0109251888554949,-1.2388900974737276,0.5046921870113089,-0.0090735154296714,False,0.3097225243684319,0,LOCAL_RETURN_SHOCK,-0.44952588421913026,0.44952588421913026,False,NEITHER
2021-01-07,7.3481,0.005776153519758,-0.0116746694642833,0.0061255824849653,0.0065046640453884,0.0129834210698559,-0.0287466203869232,-0.0297347591004226,-0.1374760837157982,0.005776153519758,1.3641710519071166,0.4718003407582071,-0.0101886305212869,False,0.3410427629767791,0,LOCAL_RETURN_SHOCK,-0.43642920317065,0.43642920317065,False,NEITHER
2021-01-08,7.3732,0.0034158489949782,-0.0076313274741248,0.0066524931345459,0.0066531345557439,0.0129960356868831,-0.0223994781322013,-0.0337434061129776,-0.1345298322632141,0.0034158489949782,1.068297976501305,0.511886339405813,-0.0066554763889053,False,0.2670744941253262,0,LOCAL_RETURN_SHOCK,-0.42351252697393016,0.42351252697393016,False,NEITHER
2021-01-11,7.4836,0.0149731459881734,0.008272479857724,0.0099666170121418,0.0077430188214511,0.0131356072115244,-0.0053404007028381,-0.036983894863828,-0.1215710210932822,0.0149731459881734,2.7099986490405867,0.7587480998516524,0.0072071649079148,False,0.6774996622601467,0,LOCAL_RETURN_SHOCK,-0.4517826745662504,0.4517826745662504,False,NEITHER
2021-01-12,7.4544,-0.0039018654123684,0.0091787832020144,0.0098281658901777,0.0077494857502817,0.0131412558352122,-0.0067011428853156,-0.0402669715431559,-0.1249985327433005,0.0039018654123684,-0.1986580740126461,0.7478863522193195,0.0079584003380558,False,0.3739431761096597,0,VOLATILITY_ACCELERATION,-0.4135384577051483,0.4135384577051483,False,NEITHER
2021-01-13,7.4028,-0.0069220862846103,0.0132632529873115,0.0086134981338649,0.0078042772269765,0.0131450332850471,-0.0109423223375687,-0.0433531146271225,-0.131055368398812,0.0069220862846103,-0.5750478297293049,0.6552663616046551,0.0113741739344782,False,0.3276331808023275,0,VOLATILITY_ACCELERATION,-0.430090246427504,0.430090246427504,False,NEITHER
2021-01-14,7.3609,-0.0056600205327713,0.0017419468978376,0.0090872571145076,0.0074688634414436,0.0129700819027624,-0.0142897125050717,-0.0464685699984551,-0.1359736128555162,0.0056600205327713,-0.3924187256172457,0.7006322074629439,0.0015024708602819,False,0.3503161037314719,0,VOLATILITY_ACCELERATION,-0.423262628285142,0.423262628285142,False,NEITHER
2021-01-15,7.4586,0.0132728334850358,0.0115824879292572,0.0108151503836612,0.0081065270926052,0.0130894238300494,3.016742923200865e-05,-0.0477955046410931,-0.1245055344922704,0.0132728334850358,2.0770414959811894,0.8262510652938636,0.0100242977709437,False,0.5192603739952973,0,LOCAL_RETURN_SHOCK,-0.45186724488526614,0.45186724488526614,False,NEITHER
2021-01-18,7.4731,0.0019440645697583,-0.0014030680421188,0.0082885774569454,0.0081348606095092,0.0129346662745451,0.0031047104887669,-0.0473720148738433,-0.1228035167208573,0.0019440645697583,0.3867438654916449,0.640803348228395,-0.0012324956275751,False,0.3204016741141975,0,VOLATILITY_ACCELERATION,-0.4054873337009002,0.4054873337009002,False,NEITHER
2021-01-19,7.4647,-0.001124031526408,0.001381734277742,0.0080731898068134,0.0080943136354364,0.0128078098972747,0.0032875283593001,-0.0465063080415755,-0.1237895132229173,0.001124031526408,-0.0053949569642353,0.6303333568787001,0.0012090195203832,False,0.31516667843935,0,VOLATILITY_ACCELERATION,-0.4027683708932548,0.4027683708932548,False,NEITHER
2021-01-20,7.4186,-0.0061757337870242,0.0021343275517371,0.0079115035198815,0.0081657962646047,0.0127508157684296,-0.0014194096359675,-0.0460228184730756,-0.1292007559306516,0.0061757337870242,-0.6079516107359507,0.6204703811555334,0.0018546124681603,False,0.3102351905777667,0,VOLATILITY_ACCELERATION,-0.4143696896553201,0.4143696896553201,False,NEITHER
2021-01-21,7.3679,-0.0068341735637451,0.0009509706693473,0.0081520242675784,0.0080068986489534,0.0127466642007981,-0.0069446082412049,-0.0453745972764045,-0.1351519491037995,0.0068341735637451,-0.6604782369037447,0.6395417765118486,0.0008216637517167,False,0.3197708882559243,0,VOLATILITY_ACCELERATION,-0.41894394179651256,0.41894394179651256,False,NEITHER
2021-01-22,7.4103,0.0057546926532663,-0.0064757461185744,0.0053554324050563,0.0081025322474799,0.0127339895651707,-4.3855950071503e-05,-0.0451099190666836,-0.1301750143791156,0.0057546926532663,0.8774305595730215,0.4205620224241569,-0.0056694798868451,False,0.2193576398932553,0,LOCAL_RETURN_SHOCK,-0.41606731416632897,0.41606731416632897,False,NEITHER
2021-01-25,7.4046,-0.0007691996275454,-0.0091662094713036,0.0050763768152373,0.0068521613027258,0.0126165510278828,-0.000586453266963,-0.0429376567881011,-0.1308440834340848,0.0007691996275454,0.0459797652928403,0.4023585212803735,-0.0080405667132274,False,0.2011792606401867,0,VOLATILITY_ACCELERATION,-0.409999057256502,0.409999057256502,False,NEITHER
2021-01-26,7.3439,-0.0081976068930125,-0.0161828338714214,0.0057689629917492,0.0069769751203031,0.0126400931001541,-0.0084346312701094,-0.0405684794689837,-0.1379690819668282,0.0081976068930125,-1.166565709249617,0.4564019383432285,-0.0141795687439108,False,0.2916414273124043,0,LOCAL_RETURN_SHOCK,-0.435728009503617,0.435728009503617,False,NEITHER
2021-01-27,7.4139,0.0095317202031619,-0.0006335427169545,0.0077203558340484,0.007305597076258,0.0127232320315136,0.0008092706372448,-0.0373868512218639,-0.1297524444496612,0.0095317202031619,1.412934236746613,0.6067920332605896,-0.0005516885190095,False,0.3532335591866532,0,LOCAL_RETURN_SHOCK,-0.41962272945689977,0.41962272945689977,False,NEITHER
2021-01-28,7.3342,-0.0107500775570212,-0.0045738948682799,0.0087092042810751,0.0075152527628106,0.0127712484420418,-0.0092761320947143,-0.0359308613678616,-0.1391076731656356,0.0107500775570212,-1.5033487811304826,0.6819383649608745,-0.0039557240618361,False,0.3758371952826206,0,LOCAL_RETURN_SHOCK,-0.43714557124061354,0.43714557124061354,False,NEITHER
2021-01-29,7.3193,-0.0020315780862261,-0.0122802045801114,0.0078817484901284,0.0075215626836088,0.0126290183231703,-0.0105497381491184,-0.0342419075619938,-0.1025870524767043,0.0020315780862261,-0.1831924973539649,0.6240982702248405,0.0275879619024113,False,0.5517592380482259,0,DRAWDOWN_SHIFT,-0.41777121074333395,0.41777121074333395,False,NEITHER
2021-02-01,7.1865,-0.0181438115666799,-0.0294546633173973,0.0103900695239367,0.0084718247595262,0.0108095632379394,-0.0269519352303247,-0.0333353184354688,-0.1188695438940657,0.0181438115666799,-2.316143390793262,0.961192353033251,0.011974539540019,False,0.5790358476983155,0,LOCAL_RETURN_SHOCK,-0.4783755706296886,0.4783755706296886,False,NEITHER
2021-02-02,7.2023,0.002198566757114,-0.0192813082966815,0.0108499512904797,0.0084763588878774,0.0106504961242644,-0.0235943570930839,-0.0318010348330801,-0.1003197841457016,0.002198566757114,0.445799300099378,1.0187273122198404,0.0376492978211265,False,0.75298595642253,0,DRAWDOWN_SHIFT,-0.45170682311596233,0.45170682311596233,False,NEITHER
2021-02-03,7.1645,-0.0052483234522304,-0.0336395149651329,0.0079120920453245,0.0082259073011739,0.0090868565888041,-0.0277870128248794,-0.0294263104207398,-0.1050415969220776,0.0052483234522304,-0.4742491592582796,0.8707182696239506,0.0247108475275835,False,0.49421695055167,0,DRAWDOWN_SHIFT,-0.441720074535991,0.441720074535991,False,NEITHER
2021-02-04,7.1358,-0.0040058622374207,-0.0270513484769981,0.0076394562810688,0.0080950419563116,0.008956545481647,-0.0302847463293225,-0.0273514870297537,-0.1086266769930297,0.0040058622374207,-0.3721520337414861,0.8529467412098707,0.0304809961726058,False,0.609619923452116,0,DRAWDOWN_SHIFT,-0.4388942806711974,0.4388942806711974,False,NEITHER
2021-02-05,7.0564,-0.0111269934695478,-0.0359187353981937,0.0077057055691996,0.0082873785167909,0.0090476506774032,-0.0390061577201659,-0.0264281755576004,-0.1185449821370574,0.0111269934695478,-1.197438954372699,0.8516802697129818,-0.0159579296603531,False,0.4258401348564909,0,VOLATILITY_ACCELERATION,-0.4589169386068375,0.4589169386068375,False,NEITHER
2021-02-08,7.0732,0.0023808174139787,-0.0157656717456341,0.0056560688063962,0.0073415100591615,0.0090391579108141,-0.0340187058838792,-0.0267797569838564,-0.1164463986808903,0.0023808174139787,0.5480182209346419,0.6257296157675813,0.0024231452131754,False,0.3128648078837907,0,VOLATILITY_ACCELERATION,-0.41310441632097544,0.41310441632097544,False,NEITHER
2021-02-09,7.0686,-0.0006503421365152,-0.0185635144328895,0.0050971389129634,0.0073515974584876,0.0090394849673789,-0.0320970614151299,-0.0268745277952852,-0.117021010817698,0.0006503421365152,0.2915056019747521,0.5638749255469334,-0.0167012266719964,False,0.3340245334399279,0,DRAWDOWN_SHIFT,-0.4210425259151385,0.4210425259151385,False,NEITHER
2021-02-10,7.0578,-0.001527883880825,-0.0148928745899923,0.005091660413554,0.0072844043444598,0.0090276247870233,-0.0312877663330704,-0.0265802236562588,-0.1183701001823768,0.001527883880825,0.1496237256335626,0.5640088654186175,-0.0133285032602992,False,0.2820044327093087,0,VOLATILITY_ACCELERATION,-0.4131442226129486,0.4131442226129486,False,NEITHER
2021-02-11,7.0258,-0.0045339907619937,-0.0154152302474844,0.0051234836708066,0.0072618575153089,0.0086454046571277,-0.0334571467877287,-0.026596193427348,-0.1223674020036474,0.0045339907619937,-0.2986989048618126,0.5926250851176234,-0.0137407250106176,False,0.2963125425588117,0,VOLATILITY_ACCELERATION,-0.42220610935031766,0.42220610935031766,False,NEITHER
2021-02-12,7.0357,0.0014090922030232,-0.0029335071707952,0.0027046396637437,0.0063499686201435,0.0085460513696404,-0.0292714189232536,-0.0282259875643154,-0.1211307367526919,0.0014090922030232,0.5110177207958236,0.3164782829824606,-0.0025857546156344,False,0.1582391414912303,0,VOLATILITY_ACCELERATION,-0.4150581449472376,0.4150581449472376,False,NEITHER
2021-02-15,6.9642,-0.0101624571826541,-0.0154102810609059,0.0044927352268667,0.006440783418899,0.0071554204885756,-0.0357512243143217,-0.0305450894433131,-0.1300622080095935,0.0101624571826541,-1.144481946305293,0.6278785759746526,-0.0136158093287032,False,0.3139392879873263,0,VOLATILITY_ACCELERATION,-0.4438102803015306,0.4438102803015306,False,NEITHER
2021-02-16,6.993,0.0041354355130525,-0.0106951871657753,0.0055326928779896,0.0066469837005781,0.0068486898098122,-0.0285914715248669,-0.0324472060041072,-0.1206207087346897,0.0041354355130525,1.185538131209647,0.8078469067270129,-0.0035996979169917,False,0.4039234533635064,0,VOLATILITY_ACCELERATION,-0.4182292132404138,0.4182292132404138,False,NEITHER
2021-02-17,6.966,-0.0038610038610038,-0.0130068859984697,0.0055668682416786,0.006613194802207,0.0068276487414118,-0.0292905920198658,-0.0340483326143181,-0.1171438348351773,0.0038610038610038,-0.0938197558702174,0.8153419211380666,0.0012262653471994,False,0.4076709605690333,0,VOLATILITY_ACCELERATION,-0.41458866608599,0.41458866608599,False,NEITHER
2021-02-18,6.9644,-0.0002296870513924,-0.0087392183096586,0.0055261875846682,0.0065828813368642,0.0067516466590579,-0.0267774545068347,-0.0355020773173124,-0.1173466154645577,0.0002296870513924,0.4373017900944999,0.8184947856023176,0.0050207865390897,False,0.4092473928011588,0,VOLATILITY_ACCELERATION,-0.4093421220616397,0.4093421220616397,False,NEITHER
2021-02-19,6.9814,0.0024409855838263,-0.0077177821680857,0.0056901110043592,0.0063954966490387,0.0067386115897215,-0.0214693937620672,-0.0372505692839669,-0.1151920712773912,0.0024409855838263,0.7948510640087417,0.8444040628544917,0.0059386654753006,False,0.4222020314272458,0,VOLATILITY_ACCELERATION,-0.40998626118917847,0.40998626118917847,False,NEITHER
2021-02-22,7.021,0.0056722147420287,0.008155997817409,0.0037710725083927,0.0066678682507539,0.0067948997841607,-0.0132663049626899,-0.0396210256655975,-0.1101732507002268,0.0056722147420287,1.3492814116040843,0.5549857434517704,0.0198889573093667,False,0.397779146187334,0,DRAWDOWN_SHIFT,-0.4228726889012364,0.4228726889012364,False,NEITHER
2021-02-23,7.1052,0.0119925936476286,0.0160446160446159,0.0060336169675016,0.0072815272766969,0.0070173803983475,0.0002449510520226,-0.0408985778458272,-0.0995019200790844,0.0119925936476286,2.193749543865298,0.8598104456361574,0.0211187886556053,False,0.5484373859663245,0,LOCAL_RETURN_SHOCK,-0.43233538047310893,0.43233538047310893,False,NEITHER
2021-02-24,7.1692,0.0090074874739627,0.0291702555268447,0.0049063712350703,0.0072400757426584,0.0071160380665583,0.0109959844737685,-0.0427489283407387,-0.0913906949038693,0.0090074874739627,1.4602728698107483,0.6894807460527379,0.025753139931308,False,0.51506279862616,0,DRAWDOWN_SHIFT,-0.4279399776777257,0.4279399776777257,False,NEITHER
2021-02-25,7.3527,0.0255956034146067,0.0557549824823386,0.0089388486573891,0.0091465922734205,0.0078127360906091,0.036737801653941,-0.0419729105063303,-0.0681342914718071,0.0255956034146067,3.763405975093637,1.1441380527538343,0.0492123239927505,False,0.98424647985501,0,DRAWDOWN_SHIFT,-0.5240869991493532,0.5240869991493532,True,ISOLATION_FOREST_ONLY
2021-02-26,7.4249,0.0098195220803243,0.0635259403558026,0.0077090774889635,0.0093777238646081,0.0078948019712741,0.0461392363151167,-0.0405429519259624,-0.0589838155710175,0.0098195220803243,1.0554727529772507,0.9764750929806252,0.0562082557063737,True,1.124165114127474,1,DRAWDOWN_SHIFT,-0.4837536684897784,0.4837536684897784,False,BASELINE_ONLY
2021-03-01,7.296,-0.0173605031717598,0.039168209656744,0.0155952569646957,0.0092959052588118,0.008178159633359,0.0271853558508807,-0.0382706512916092,-0.0753203300254742,0.0173605031717598,-1.9320894488697944,1.906939661715834,0.0348529206747526,False,0.953469830857917,0,VOLATILITY_ACCELERATION,-0.5051964753175787,0.5051964753175787,False,NEITHER
2021-03-02,7.3601,0.0087856359649123,0.0358751337048921,0.0154455094855915,0.0094633481494263,0.0082724005094175,0.0350600741548587,-0.0359995607577739,-0.0671964310609228,0.0087856359649123,0.8593431367138501,1.8671133570005416,0.0323054890181616,False,0.9335566785002708,0,VOLATILITY_ACCELERATION,-0.4712012152004751,0.4712012152004751,False,NEITHER
2021-03-03,7.4455,0.0116031032187062,0.0385398649779613,0.0155658760855602,0.0096148530191702,0.0084281535983355,0.0450051895865803,-0.0331681428418282,-0.0563730149677451,0.0116031032187062,1.1070591519705564,1.8468904136529205,0.0350176799361241,False,0.9234452068264604,0,VOLATILITY_ACCELERATION,-0.47716090861346183,0.47716090861346183,False,NEITHER
2021-03-04,7.5113,0.0088375528842925,0.0215703075060862,0.0121827879242392,0.0096236772396139,0.0084360138327975,0.0514697030357158,-0.0292220521277326,-0.0432440006114025,0.0088375528842925,0.714349402476702,1.4441403446821064,0.0248902908604046,False,0.7220701723410532,0,VOLATILITY_ACCELERATION,-0.4283556182612163,0.4283556182612163,False,NEITHER
2021-03-05,7.532,0.0027558478558971,0.0144244366927501,0.0117913640020392,0.0090650572305733,0.008418805765634,0.0508692133828168,-0.0238893394427071,-0.0406073266418708,0.0027558478558971,0.015013878901694,1.400598176308112,0.0183764889291467,False,0.700299088154056,0,VOLATILITY_ACCELERATION,-0.40995657188268775,0.40995657188268775,False,NEITHER
2021-03-08,7.7454,0.0283324482209239,0.0615953947368421,0.0096523851401744,0.0106453564609036,0.0092108535503695,0.0755991173460388,-0.0165637959137125,-0.0115872489216711,0.0283324482209239,2.760815115321244,1.047936012378265,0.0637330811038031,True,1.274661622076062,1,DRAWDOWN_SHIFT,-0.5334604654779541,0.5334604654779541,True,BOTH
2021-03-09,7.6072,-0.0178428486585586,0.0335729134115025,0.0166918632800986,0.0117307309386176,0.0094871273339191,0.0524713818875088,-0.010278645571241,-0.0250429344064799,0.0178428486585586,-2.1085185337706687,1.7594222879691492,0.0421534966544428,False,0.8797111439845746,0,VOLATILITY_ACCELERATION,-0.4952151367746168,0.4952151367746168,False,NEITHER
2021-03-10,7.5045,-0.0135003680723524,0.007924249546706,0.0185359079337936,0.0123052970582593,0.009623855826603,0.0350641872204848,-0.0048697767081106,-0.0311023317065612,0.0135003680723524,-1.4699702494527007,1.9260375745192715,0.0252706832611839,False,0.9630187872596356,0,VOLATILITY_ACCELERATION,-0.4589070157294491,0.4589070157294491,False,NEITHER
2021-03-11,7.4759,-0.0038110467053101,-0.004712899231824,0.0181808083209598,0.0122825939604692,0.0094998676881127,0.0279287975162181,0.0005200165084606,-0.0347948459730936,0.0038110467053101,-0.5652752529704098,1.9137959514646363,0.0084491546383089,False,0.9568979757323182,0,VOLATILITY_ACCELERATION,-0.42826448680688206,0.42826448680688206,False,NEITHER
2021-03-12,7.5668,0.0121590711486241,0.0046202867764206,0.0191051343657952,0.0124352398169393,0.009588505704356,0.0366423790660381,0.0071027911016432,-0.0230588478322617,0.0121590711486241,0.7309604772828808,1.992503832700006,0.017548478809609,False,0.996251916350003,0,VOLATILITY_ACCELERATION,-0.4462254984318164,0.4462254984318164,False,NEITHER
2021-03-15,7.5327,-0.0045065285193212,-0.0274614609962041,0.0115329326751232,0.0121643125051581,0.0096051934455369,0.027967619026824,0.0145865438267833,-0.0274614609962041,0.0045065285193212,-0.6614273622937928,1.2006975955785704,-0.0158742120745329,False,0.6003487977892852,0,VOLATILITY_ACCELERATION,-0.40533619422358297,0.40533619422358297,False,NEITHER
2021-03-16,7.4852,-0.0063058398714936,-0.0160374382164265,0.0094037896095319,0.012380390051015,0.0096312288527592,0.0180662833888938,0.021329175247349,-0.0335941332920185,0.0063058398714936,-0.8473241420406917,0.976385231136716,-0.0085511988855385,False,0.488192615568358,0,VOLATILITY_ACCELERATION,-0.3865172228549997,0.3865172228549997,False,NEITHER
2021-03-17,7.4954,0.0013626890397051,-0.0012126057698714,0.0074842116598793,0.0122720127686835,0.0096296159596281,0.0157965208623578,0.0282385024375728,-0.0322772226095489,0.0013626890397051,-0.1709576974393017,0.7772076987552412,-0.0011748909029876,False,0.3886038493776206,0,VOLATILITY_ACCELERATION,-0.3616511131924037,0.3616511131924037,False,NEITHER
2021-03-18,7.3226,-0.023054139872455,-0.0205058922671517,0.0128304711410842,0.0136450906759481,0.009989838589749,-0.0100246729982762,0.0336402078250199,-0.054587238877269,0.023054139872455,-2.183385646574073,1.2843521970665366,-0.0197923929041754,False,0.6421760985332683,0,VOLATILITY_ACCELERATION,-0.4482628422854635,0.4482628422854635,False,NEITHER
2021-03-19,7.2131,-0.0149537049681808,-0.046743669715071,0.0095733049968572,0.0141988347664458,0.0101500600279746,-0.0263534248923678,0.0383708910481701,-0.0687246623802515,0.0149537049681808,-1.2863878595786933,0.9431771802799388,-0.0456658145479898,False,0.913316290959796,0,DRAWDOWN_SHIFT,-0.4760448779778102,0.4760448779778102,False,NEITHER
2021-03-22,7.7886,0.0797853904701169,0.0339718825918993,0.0415062682009733,0.0225167529809325,0.0142944220391006,0.0459108479376475,0.0465638239338785,0.0,0.0797853904701169,5.497349061485446,2.9036688638014256,0.0274614609962041,True,1.9946347617529223,3,LARGE_ABSOLUTE_RETURN,-0.6285079625270957,0.6285079625270957,True,BOTH
2021-03-23,7.94,0.0194386667693808,0.0607598995350826,0.0409795988759697,0.0226917630731489,0.0144656663178215,0.0602988199835614,0.0541982357893195,0.0,0.0194386667693808,0.6219177561802877,2.832887056539069,0.0335941332920185,True,1.4164435282695345,1,VOLATILITY_ACCELERATION,-0.5705632904480646,0.5705632904480646,True,BOTH
2021-03-24,7.921,-0.0023929471032745,0.0567814926488245,0.0412685347559318,0.0227502606086383,0.0144685402052081,0.0524784265839497,0.0613180374335886,-0.0023929471032745,0.0023929471032745,-0.3613799867353183,2.852294299951336,0.0298842755062744,True,1.426147149975668,1,VOLATILITY_ACCELERATION,-0.5584172323762053,0.5584172323762053,True,BOTH
2021-03-25,7.9417,0.002613306400707,0.0845464725643896,0.0372558823825841,0.0222426002003643,0.0144501648045504,0.0511157773249801,0.0653320925248335,0.0,0.002613306400707,-0.1153425822531381,2.578232351429799,0.054587238877269,True,1.2891161757148994,2,VOLATILITY_ACCELERATION,-0.570106511026244,0.570106511026244,True,BOTH
2021-03-26,8.0803,0.0174521827820239,0.12022570046166,0.0328927862981119,0.0224109537593359,0.0145990440122511,0.0648415678682807,0.0691567229264675,0.0,0.0174521827820239,0.6008253219540763,2.2530780967924486,0.0687246623802515,True,1.37449324760503,2,DRAWDOWN_SHIFT,-0.5817910545238552,0.5817910545238552,True,BOTH
2021-03-29,8.1995,0.0147519275274434,0.0527565929692115,0.0096780473060072,0.0219093339880317,0.0146944958659959,0.0741552956465236,0.0746926785589841,0.0,0.0147519275274434,0.4587948039708459,0.6586171716447167,0.0,False,0.3687981881860849,0,LARGE_ABSOLUTE_RETURN,-0.45888822415655856,0.45888822415655856,False,NEITHER
2021-03-30,8.3233,0.0150984816147325,0.0482745591939546,0.0088180437785663,0.021995736318744,0.0147682103004741,0.0835372838991874,0.0802730215116593,0.0,0.0150984816147325,0.4118318564166331,0.5970963034216282,0.0,False,0.3774620403683125,0,LARGE_ABSOLUTE_RETURN,-0.46164534137939844,0.46164534137939844,False,NEITHER
2021-03-31,8.2399,-0.0100200641572452,0.0402600681732103,0.0116088084657202,0.0222559535041724,0.0147551400229754,0.067162091455865,0.0837176106988994,-0.0100200641572452,0.0100200641572452,-0.7461094335514692,0.7867636937124277,-0.0076271170539707,False,0.3933818468562138,0,VOLATILITY_ACCELERATION,-0.4612574244977258,0.4612574244977258,False,NEITHER
2021-04-01,8.1056,-0.0162987414895811,0.0206378986866793,0.0160323812895585,0.0227505054529137,0.0149363182846024,0.0457442135147114,0.0850290189007814,-0.0261554912114184,0.0162987414895811,-0.9709197732109188,1.0733824081725691,-0.0261554912114184,False,0.5366912040862846,0,VOLATILITY_ACCELERATION,-0.47341044399199705,0.47341044399199705,False,NEITHER
2021-04-02,8.1525,0.0057861231741016,0.0089353118077299,0.0143853170631848,0.0227515011726232,0.0149439486388811,0.0476017918134787,0.0857577364176689,-0.020520706931145,0.0057861231741016,0.0761712330787158,0.962618208266398,-0.020520706931145,False,0.481309104133199,0,VOLATILITY_ACCELERATION,-0.4457817539157927,0.4457817539157927,False,NEITHER
2021-04-05,8.1021,-0.0061821527138914,-0.0118787730959205,0.0126365057119469,0.0221254332065893,0.0148768871521296,0.0387447523332045,0.0831668057675241,-0.0265759975009911,0.0061821527138914,-0.4565349565983448,0.8494052272311554,-0.0265759975009911,False,0.531519950019822,0,DRAWDOWN_SHIFT,-0.45037898393158887,0.45037898393158887,False,NEITHER
2021-04-06,8.1282,0.0032213870478023,-0.0234402220273208,0.0091888221068423,0.0216023277809516,0.0148620272619019,0.0386221727855229,0.0827351914930119,-0.0234402220273208,0.0032213870478023,0.0335547874299981,0.6182751481285066,-0.0234402220273208,False,0.4688044405464159,0,DRAWDOWN_SHIFT,-0.44071505863012184,0.44071505863012184,False,NEITHER
2021-04-07,8.1464,0.0022391181319356,-0.0113472250876831,0.0090484314440738,0.0212327060821198,0.0148205221771304,0.0366961736005415,0.0838264755474793,-0.021253589321543,0.0022391181319356,-0.0598577387702266,0.6105339161420686,-0.0112335251642978,False,0.3052669580710343,0,VOLATILITY_ACCELERATION,-0.42282121559097974,0.42282121559097974,False,NEITHER
2021-04-08,8.1325,-0.0017062751644897,0.0033186932491116,0.0046836174837017,0.0211954717768162,0.0147960036092062,0.0306214650602529,0.0849867588459984,-0.0229236000144172,0.0017062751644897,-0.2837807897154831,0.3165461166005335,0.0032318911970012,False,0.1582730583002667,0,VOLATILITY_ACCELERATION,-0.4144960171382878,0.4144960171382878,False,NEITHER
2021-04-09,8.1546,0.0027174915462648,0.000257589696412,0.0039965410643412,0.0211191402753672,0.0147194450969816,0.0295874125344368,0.0850659683382117,-0.0202684031574014,0.0027174915462648,-0.0805316335508162,0.2715143837290945,0.0002523037737436,False,0.1357571918645472,0,VOLATILITY_ACCELERATION,-0.413321564020393,0.413321564020393,False,NEITHER
2021-04-12,8.1432,-0.0013979839599734,0.0050727589143555,0.0023713348700667,0.0210649798234626,0.0147244125377758,0.0242007550197873,0.0850225716999466,-0.0216380522148665,0.0013979839599734,-0.2533390290715529,0.1610478424170056,0.0049379452861245,False,0.0987589057224899,0,DRAWDOWN_SHIFT,-0.4193061591680316,0.4193061591680316,False,NEITHER
2021-04-13,8.1047,-0.0047278711071815,-0.0028911690165104,0.0030807136315126,0.0210268437263348,0.0147427871448659,0.015402617968969,0.0856036896946157,-0.0262636214001658,0.0047278711071815,-0.4194457787954598,0.2089641260665859,-0.002823399372845,False,0.1181967776795374,0,LARGE_ABSOLUTE_RETURN,-0.42276702121617143,0.42276702121617143,False,NEITHER
2021-04-14,8.0651,-0.0048860537712684,-0.0099798684081312,0.0031013711134221,0.021117243853153,0.0147323782512819,0.0068481051453479,0.0855696830396108,-0.0310213497050448,0.0048860537712684,-0.4314816853992427,0.2105139482929202,-0.0097677603835018,False,0.195355207670036,0,DRAWDOWN_SHIFT,-0.4323559574401056,0.4323559574401056,False,NEITHER
2021-04-15,8.0123,-0.0065467260170363,-0.0147802028896404,0.0036869065866775,0.0203167768543761,0.0147296694078379,-0.0040312104943235,0.0876033393044242,-0.0373649874448835,0.0065467260170363,-0.4934797906085998,0.2503047749812794,-0.0144413874304663,False,0.288827748609326,0,DRAWDOWN_SHIFT,-0.4400359667195976,0.4400359667195976,False,NEITHER
2021-04-16,8.0605,0.0060157507831708,-0.0115394991783779,0.0050145261565848,0.0197832357251243,0.0147309852590801,-0.0032891889552497,0.091621801659887,-0.0315740151141975,0.0060157507831708,0.0647825706796585,0.3404067052130048,-0.0113056119567961,False,0.226112239135922,0,DRAWDOWN_SHIFT,-0.4279246525482968,0.4279246525482968,False,NEITHER
2021-04-19,8.0896,0.0036101978785436,-0.006582178995972,0.0056957929157107,0.0093725849123385,0.0147303665309864,-0.0015489715692746,0.0880166623806604,-0.0280778056780361,0.0036101978785436,-0.1080638521093021,0.3866701418277124,-0.0064397534631695,False,0.1933350709138562,0,VOLATILITY_ACCELERATION,-0.3923009767623553,0.3923009767623553,False,NEITHER
2021-04-20,8.1068,0.0021261867088606,0.0002591089121126,0.0054876270265179,0.0084226583098093,0.0146744116288622,-0.0004549663460531,0.0830658660564829,-0.0260113176264221,0.0021261867088606,0.0199406889348443,0.373958913332145,0.0002523037737436,False,0.1869794566660725,0,VOLATILITY_ACCELERATION,-0.37931027922522154,0.37931027922522154,False,NEITHER
2021-04-21,8.1807,0.0091158040163812,0.014333362264572,0.0058881561217892,0.008565285739167,0.0146707720470466,0.0070443991026005,0.0793816672634832,-0.0171326276837311,0.0091158040163812,0.9548217219535998,0.4013528465241579,0.0138887220213137,False,0.2777744404262739,0,DRAWDOWN_SHIFT,-0.3990788061854925,0.3990788061854925,False,NEITHER
2021-04-22,8.3095,0.0157443739533291,0.0370929695593025,0.005399869270415,0.0091278750798408,0.0146870301151428,0.0205892630251176,0.0776084161262766,-0.0016579962274578,0.0157443739533291,1.6456274689482573,0.3676624360460432,0.0357069912174257,False,0.714139824348514,0,DRAWDOWN_SHIFT,-0.4516816418783998,0.4516816418783998,False,NEITHER
2021-04-23,8.3682,0.00706420362236,0.0381738105576576,0.0053566244889779,0.0084941930646335,0.0146896963134585,0.0259849489839705,0.0748517612392292,0.0,0.00706420362236,0.5213202132523955,0.3646518195253793,0.0315740151141975,False,0.63148030228395,0,DRAWDOWN_SHIFT,-0.42184656689262967,0.42184656689262967,False,NEITHER
2021-04-26,8.2709,-0.0116273511627351,0.0224114912974682,0.0102474630821812,0.0084227075729296,0.0145592076229478,0.0136118031870762,0.0689584250351085,-0.0116273511627351,0.0116273511627351,-1.5791505963994352,0.7038475820641121,0.016450454515301,False,0.3947876490998588,0,LOCAL_RETURN_SHOCK,-0.41822370157122707,0.41822370157122707,False,NEITHER
2021-04-27,8.2069,-0.0077379728929136,0.0123476587556123,0.0116663158406789,0.0078642350603483,0.014618470634979,0.0064863790944578,0.061498906477817,-0.0192753519275352,0.0077379728929136,-0.9741841051194808,0.7980531022693852,0.0067359656988869,False,0.3990265511346926,0,VOLATILITY_ACCELERATION,-0.3913643005832934,0.3913643005832934,False,NEITHER
2021-04-28,8.188,-0.0023029402088484,0.0008923441759263,0.0111568731536826,0.0075651995672069,0.0145976884941733,0.0044881778194338,0.0557022633435733,-0.0215339021533901,0.0023029402088484,-0.2070655845958347,0.7642903983144929,-0.0044012744696589,False,0.3821451991572464,0,VOLATILITY_ACCELERATION,-0.37889361634216456,0.37889361634216456,False,NEITHER
2021-04-29,8.1953,0.0008915486077185,-0.0137433058547445,0.0073052427686873,0.0065602788888299,0.0145753347500002,0.0048308586422101,0.0522336694389844,-0.0206615520661552,0.0008915486077185,0.1560064844941943,0.5012058312202539,-0.0190035558386973,False,0.380071116773946,0,DRAWDOWN_SHIFT,-0.3874281923907085,0.3874281923907085,False,NEITHER
2021-04-30,8.2822,0.0106036386709456,-0.0102770010277001,0.0085572887948011,0.0068441497973541,0.0145030211241281,0.0146789204380826,0.0488720210329913,-0.0102770010277001,0.0106036386709456,1.5293245786275476,0.5900349121442482,-0.0102770010277001,False,0.3823311446568869,0,LOCAL_RETURN_SHOCK,-0.3951945814210475,0.3951945814210475,False,NEITHER
2021-05-03,8.2474,-0.0042017821351812,-0.0028412869216165,0.0069741842389677,0.0067513359396057,0.0145309162576542,0.0095169315698959,0.0474051253254053,-0.01443560144356,0.0042017821351812,-0.7325235393836718,0.4799548848335032,-0.0028082502808248,False,0.2399774424167516,0,VOLATILITY_ACCELERATION,-0.3724500200924376,0.3724500200924376,False,NEITHER
2021-05-04,8.3244,0.0093362756747581,0.0143172208751174,0.0067510270122085,0.0069955294175653,0.014549489490489,0.0177199961855671,0.0451721804842739,-0.00523410052341,0.0093362756747581,1.2479809215160782,0.4640043911246264,0.0140412514041252,False,0.3119952303790195,0,LOCAL_RETURN_SHOCK,-0.3843112511858367,0.3843112511858367,False,NEITHER
2021-05-05,8.3127,-0.0014055067031859,0.0152296042989739,0.0065892598629532,0.0070149317358447,0.0145488766901971,0.0152575028014325,0.0419614814890227,-0.0066322506632251,0.0014055067031859,-0.374809139581954,0.452905059494592,0.014901651490165,False,0.2980330298033,0,DRAWDOWN_SHIFT,-0.3733934945268866,0.3733934945268866,False,NEITHER
2021-05-06,8.2727,-0.0048119142998062,0.0094444376654911,0.0074876456512131,0.0071124834275038,0.0145513058985932,0.0095078760455582,0.0385147645316674,-0.011412251141225,0.0048119142998062,-0.833388682445688,0.5145686375775383,0.0092493009249301,False,0.2572843187887692,0,VOLATILITY_ACCELERATION,-0.3745888085472005,0.3745888085472005,False,NEITHER
2021-05-07,8.2343,-0.0046417735443085,-0.0057834874791722,0.0060196055979413,0.007202161501692,0.0145822419844922,0.0043335768657981,0.0351642496584707,-0.0160010516001052,0.0046417735443085,-0.7762045508844323,0.4128038476074515,-0.0057240505724051,False,0.2064019238037257,0,VOLATILITY_ACCELERATION,-0.3746874671640518,0.3746874671640518,False,NEITHER
2021-05-10,8.2744,0.0048698735775962,0.0032737590028371,0.0062313184988279,0.0072509261389446,0.014485846199054,0.0084176992272095,0.0320150777564729,-0.0112091011209101,0.0048698735775962,0.6052166937509881,0.4301659988102618,0.0032265003226499,False,0.2150829994051309,0,VOLATILITY_ACCELERATION,-0.36284094317355353,0.36284094317355353,False,NEITHER
2021-05-11,8.277,0.0003142221792515,-0.0056941040795734,0.0040015336104251,0.0071344387845439,0.0144890700370042,0.0076765792807231,0.0290894489435911,-0.0108984010898401,0.0003142221792515,-0.0703601020796888,0.2761760140716711,-0.0056643005664301,False,0.1380880070358355,0,VOLATILITY_ACCELERATION,-0.36755998087620945,0.36755998087620945,False,NEITHER
2021-05-12,8.4186,0.0171076476984415,0.0127395431087371,0.0090584692484974,0.007828300553782,0.0145755086831236,0.0227148483530581,0.0276364830289208,0.0,0.0171076476984415,2.2470085504538555,0.6214856335673443,0.0066322506632251,False,0.5617521376134639,0,LOCAL_RETURN_SHOCK,-0.4026934009778188,0.4026934009778188,False,NEITHER
2021-05-13,8.502,0.0099066353075334,0.027717673794529,0.0084306020030155,0.0077272533393512,0.014593065599914,0.029783414818489,0.0262749651013769,0.0,0.0099066353075334,0.9875000881808892,0.577712883238542,0.011412251141225,False,0.288856441619271,0,VOLATILITY_ACCELERATION,-0.3862463381523878,0.3862463381523878,False,NEITHER
2021-05-14,8.4554,-0.0054810632792285,0.0268510984540275,0.0086877284498177,0.0079163288168803,0.0146379581734103,0.0216956566394992,0.0233396396730596,-0.0054810632792285,0.0054810632792285,-1.0974040572268848,0.5935068502654194,0.0105199883208767,False,0.2967534251327097,0,VOLATILITY_ACCELERATION,-0.3897760414927535,0.3897760414927535,False,NEITHER
2021-05-17,8.3117,-0.0169950564136527,0.0045078797254181,0.0132766396035412,0.0090179979803211,0.014866433917584,0.0029860183867296,0.0228093777577556,-0.0223829687132439,0.0169950564136527,-2.453040044991565,0.8930614885280327,-0.0111738675923338,False,0.6132600112478912,0,LOCAL_RETURN_SHOCK,-0.4244841826058509,0.4244841826058509,False,NEITHER
2021-05-18,8.3548,0.0051854614579447,0.00939954089646,0.013394646923854,0.0090569371578129,0.0148219521185442,0.0066806396400682,0.023286509199814,-0.0173135732768762,0.0051854614579447,0.4204601727959002,0.9037032920309832,-0.0064151721870361,False,0.4518516460154916,0,VOLATILITY_ACCELERATION,-0.38640737838196126,0.38640737838196126,False,NEITHER
2021-05-19,8.4125,0.0069062096040599,-0.0007245860356829,0.0110855142055213,0.0089728334630633,0.0148095359804921,0.0122194287171915,0.0230775622501453,-0.0105269348388615,0.0069062096040599,0.5917556127809231,0.7485389292496216,-0.0105269348388615,False,0.3742694646248108,0,VOLATILITY_ACCELERATION,-0.3827356554160784,0.3827356554160784,False,NEITHER
2021-05-20,8.3805,-0.0038038632986626,-0.0142907551164432,0.0095873155225292,0.0083771375457132,0.0145252966722658,0.0079385458768088,0.0212027588273693,-0.0142907551164432,0.0038038632986626,-0.5839961040107732,0.660042664796992,-0.0142907551164432,False,0.330021332398496,0,VOLATILITY_ACCELERATION,-0.3829599791766308,0.3829599791766308,False,NEITHER
2021-05-21,8.4154,0.0041644293299922,-0.0047307046384558,0.0098881379730245,0.0082813432539615,0.0144938865552733,0.0118488298761971,0.0196897842883871,-0.0101858386262057,0.0041644293299922,0.4423473634838522,0.6822281887825944,-0.0047047753469771,False,0.3411140943912972,0,VOLATILITY_ACCELERATION,-0.3714185072666367,0.3714185072666367,False,NEITHER
2021-05-24,8.389,-0.0031371057822564,0.0093001431716734,0.0049720138698267,0.0078430160426522,0.0142834954518203,0.0079588982500997,0.0199673277507006,-0.0132909903552106,0.0031371057822564,-0.4167127946413182,0.348095036442432,0.0090919783580333,False,0.181839567160666,0,DRAWDOWN_SHIFT,-0.3675889040370515,0.3675889040370515,False,NEITHER
2021-05-25,8.4618,0.0086780307545597,0.0128070091444441,0.0057412931955596,0.007767887316952,0.0142826902761157,0.0151514515317308,0.0222583734874008,-0.004728299223712,0.0086780307545597,1.0123251736158412,0.4019756141572646,0.0125852740531642,False,0.2530812934039603,0,LOCAL_RETURN_SHOCK,-0.3782041519907865,0.3782041519907865,False,NEITHER
2021-05-26,8.4559,-0.0006972511758728,0.0051589895988113,0.0052922309773585,0.0077340943500605,0.0142369267402032,0.0128160596006661,0.0242270820464911,-0.0054222535873913,0.0006972511758728,-0.2904778923391615,0.3717256591911749,0.0051046812514701,False,0.1858628295955874,0,VOLATILITY_ACCELERATION,-0.35907684168372905,0.35907684168372905,False,NEITHER
2021-05-27,8.4982,0.0050024243427666,0.0140445080842432,0.0047101898747564,0.0077677250926629,0.0142153066199427,0.0160394880706644,0.0255207886315427,-0.0004469536579628,0.0050024243427666,0.4348268044089658,0.3313463438170556,0.0138438014584803,False,0.2768760291696059,0,DRAWDOWN_SHIFT,-0.3731103187778981,0.3731103187778981,False,NEITHER
2021-05-28,8.5647,0.0078251865100844,0.0177412838367754,0.0052306486849131,0.0076263955363286,0.0142339828161813,0.0222638117870608,0.0264365133475081,0.0,0.0078251865100844,0.7698791911995334,0.36747611349979,0.0101858386262057,False,0.2037167725241139,0,DRAWDOWN_SHIFT,-0.3778686074347381,0.3778686074347381,False,NEITHER
2021-05-31,8.4919,-0.0085000058379162,0.0122660627011563,0.0071414809946145,0.0078586648853863,0.0138794763164079,0.0120977617859467,0.0270201293813074,-0.0085000058379162,0.0085000058379162,-1.3382547206659945,0.5145353348938717,0.0047909845172944,False,0.3345636801664986,0,LOCAL_RETURN_SHOCK,-0.3800073295708468,0.3800073295708468,False,NEITHER
2021-06-01,8.519,0.0031912763927979,0.0067597910610035,0.0063220125134478,0.0076532413343009,0.0136429978416215,0.0141515751253702,0.0269779423091498,-0.0053358553130874,0.0031912763927979,0.2163387308771084,0.463388808445081,-0.0006075560893753,False,0.2316944042225405,0,VOLATILITY_ACCELERATION,-0.35587220353310733,0.35587220353310733,False,NEITHER
2021-06-02,8.5927,0.0086512501467308,0.0161780531936281,0.0069145071351133,0.0078030677931822,0.0135161845531433,0.0212232406815919,0.027644872996632,0.0,0.0086512501467308,0.9757117252079875,0.5115724121645908,0.0054222535873913,False,0.2557862060822954,0,VOLATILITY_ACCELERATION,-0.3700021136180817,0.3700021136180817,False,NEITHER
2021-06-03,8.7025,0.0127782885472551,0.0240403850227106,0.0081718194561878,0.0080203326487345,0.0135576986901218,0.031637882952221,0.0293882023750471,0.0,0.0127782885472551,1.4214355376283292,0.6027438463536459,0.0004469536579628,False,0.3553588844070823,0,LOCAL_RETURN_SHOCK,-0.38454528620805734,0.38454528620805734,False,NEITHER
2021-06-04,8.6668,-0.0041022694627981,0.0119210246710335,0.0087821222746213,0.0079956829970846,0.0135263411694737,0.0247787694330536,0.0315254605263961,-0.0041022694627981,0.0041022694627981,-0.8314505869910522,0.6492607398104691,-0.0041022694627981,False,0.3246303699052345,0,VOLATILITY_ACCELERATION,-0.37199296504603335,0.37199296504603335,False,NEITHER
2021-06-07,8.6126,-0.0062537499423085,0.0142135446719817,0.0081171755591428,0.008212913043435,0.0135432275202084,0.0163379217974664,0.0327616317686185,-0.0103303648376903,0.0062537499423085,-1.1064678246330637,0.5993531118805199,-0.0018303589997741,False,0.2996765559402599,0,VOLATILITY_ACCELERATION,-0.3753457345109639,0.3753457345109639,False,NEITHER
2021-06-08,8.6052,-0.0008592062791724,0.0101185585162577,0.0082755451144119,0.008230041743813,0.0135026024913366,0.0135020540459052,0.0336762663981802,-0.011180695202528,0.0008592062791724,-0.352644806756303,0.6128851915563366,-0.0058448398894406,False,0.3064425957781683,0,VOLATILITY_ACCELERATION,-0.36229218672914326,0.36229218672914326,False,NEITHER
2021-06-09,8.5899,-0.0017779947008784,-0.0003258579957405,0.0074684824886113,0.0074491955218133,0.0135128302557568,0.0106805112290973,0.0324972484152572,-0.0129388106865844,0.0017779947008784,-0.4564203012356699,0.5526956490428452,-0.0129388106865844,False,0.2763478245214226,0,VOLATILITY_ACCELERATION,-0.36586407819893696,0.36586407819893696,False,NEITHER
2021-06-10,8.4279,-0.0188593580833305,-0.0315541511060041,0.0072903281813972,0.0083665133348147,0.0133893932053762,-0.0079478118798128,0.0289864288305441,-0.0315541511060041,0.0188593580833305,-2.670548696986888,0.5444853302590246,-0.0315541511060041,False,0.667637174246722,0,LOCAL_RETURN_SHOCK,-0.4561376971526107,0.4561376971526107,False,NEITHER
2021-06-11,8.3942,-0.0039986236191695,-0.0314533622559654,0.0072985327725327,0.0083256353502222,0.0132219502660022,-0.0115586244577479,0.0261616631524252,-0.0354266015512785,0.0039986236191695,-0.4296180639213393,0.5520012271789834,-0.0313243320884804,False,0.626486641769608,0,DRAWDOWN_SHIFT,-0.41380997633566646,0.41380997633566646,False,NEITHER
2021-06-14,8.4692,0.0089347406542614,-0.0166500243828808,0.0100067954570136,0.0075794266865111,0.0085521742626159,-0.0036510755290882,0.0257368357858829,-0.0268083883941395,0.0089347406542614,1.1128084092111212,1.170087880547089,-0.0164780235564492,False,0.5850439402735444,0,VOLATILITY_ACCELERATION,-0.3856621536941787,0.3856621536941787,False,NEITHER
2021-06-15,8.5574,0.0104142067727766,-0.0055547808301957,0.0118059349640884,0.0078190055956251,0.008305955298726,0.0055267899790432,0.0254248673541497,-0.0166733697213445,0.0104142067727766,1.2465076430762478,1.421381953006566,-0.0054926745188164,False,0.710690976503283,0,VOLATILITY_ACCELERATION,-0.3824153888221945,0.3824153888221945,False,NEITHER
2021-06-16,8.6159,0.0068361885619463,0.0030268105565838,0.0122929772060453,0.0078163444389315,0.0083221730063848,0.0111923723099547,0.0252185521622392,-0.0099511634587763,0.0068361885619463,0.7172725162696217,1.4771355025441175,0.0029876472278081,False,0.7385677512720588,0,VOLATILITY_ACCELERATION,-0.36820534822805084,0.36820534822805084,False,NEITHER
2021-06-17,8.7193,0.012001067793266,0.0345756356862327,0.0063497098135363,0.0080758741889451,0.0084321927163697,0.0212972805191231,0.0268182252800679,0.0,0.012001067793266,1.3787440133841855,0.7530318657458333,0.0315541511060041,False,0.6310830221200819,0,DRAWDOWN_SHIFT,-0.3985645008231236,0.3985645008231236,False,NEITHER
2021-06-18,8.7373,0.0020643859025379,0.0408734602463605,0.0038498081334681,0.0080600876252177,0.0081716472312955,0.0214799200801536,0.0284620809188087,0.0,0.0020643859025379,0.0061677107933864,0.4711177593085802,0.0354266015512785,False,0.7085320310255699,0,DRAWDOWN_SHIFT,-0.3948940224062293,0.3948940224062293,False,NEITHER
2021-06-21,8.77,0.0037425749373376,0.0355169319416235,0.0042327515587758,0.0079797759243053,0.0079868217016431,0.0230244662658556,0.0300212910140387,0.0,0.0037425749373376,0.227416989467787,0.5299669526746805,0.0268083883941395,False,0.53616776788279,0,DRAWDOWN_SHIFT,-0.3821747742925445,0.3821747742925445,False,NEITHER
2021-06-22,8.6499,-0.0136944127708095,0.0108093579825649,0.0096512299255141,0.00857750198964,0.0079997095546456,0.0079089725327066,0.0295746928350471,-0.0136944127708095,0.0136944127708095,-1.9985487102435584,1.2064475415747349,0.0029789569505349,False,0.6032237707873674,0,VOLATILITY_ACCELERATION,-0.38421671116072925,0.38421671116072925,False,NEITHER
2021-06-23,8.64,-0.0011445219019873,0.0027971540988174,0.0093458273072415,0.008583111578863,0.0078797868159218,0.0056767191659403,0.0290253805890596,-0.0148232611174456,0.0011445219019873,-0.2657484474169376,1.1860507810131915,-0.0048720976586692,False,0.5930253905065958,0,VOLATILITY_ACCELERATION,-0.3540730877715532,0.3540730877715532,False,NEITHER
2021-06-24,8.7087,0.0079513888888889,-0.0012156939203835,0.0082174582496006,0.0086782545127619,0.0076038814039221,0.0124329279315673,0.0284204592395189,-0.0069897377423032,0.0079513888888889,0.7967759043888883,1.0806925848898716,-0.0069897377423032,False,0.5403462924449358,0,VOLATILITY_ACCELERATION,-0.36002155417602344,0.36002155417602344,False,NEITHER
2021-06-25,8.7643,0.0063844201775236,0.0030901994895449,0.0087284067640518,0.0086267155537853,0.007610353343492,0.0177159422578609,0.0278778062512456,-0.0006499429874571,0.0063844201775236,0.5904873548606101,1.1469121563870492,-0.0006499429874571,False,0.5734560781935246,0,VOLATILITY_ACCELERATION,-0.35220312881704324,0.35220312881704324,False,NEITHER
2021-06-28,8.6845,-0.0091051196330569,-0.0097491448118586,0.0094508175043615,0.0086634645093539,0.0076677778342708,0.0073230863094184,0.0275279054204242,-0.0097491448118586,0.0091051196330569,-1.193165797310639,1.2325366890680485,-0.0097491448118586,False,0.6162683445340242,0,VOLATILITY_ACCELERATION,-0.3777387441428442,0.3777387441428442,False,NEITHER
2021-06-29,8.7318,0.0054464851171627,0.009468317552804,0.0070655581345335,0.0087058980468627,0.0076831515316422,0.0115610452032868,0.0276043511257275,-0.0043557582668186,0.0054464851171627,0.4950396568764771,0.9196171786323346,0.0093386545039909,False,0.4598085893161673,0,VOLATILITY_ACCELERATION,-0.35354420593966374,0.35354420593966374,False,NEITHER
2021-06-30,8.7026,-0.0033440985821937,0.0072453703703703,0.0073651375517579,0.0085829846130301,0.0077044247840471,0.0075369030390739,0.026547620816187,-0.0076852907639679,0.0033440985821937,-0.5300528001433908,0.9559620293793076,0.0071379703534776,False,0.4779810146896538,0,VOLATILITY_ACCELERATION,-0.35243912022785734,0.35243912022785734,False,NEITHER
2021-07-01,8.6551,-0.0054581389469815,-0.0061547647754545,0.0068358951004823,0.0081886512932917,0.0077429686832813,0.0023126461327158,0.0236515061438911,-0.0131014823261117,0.0054581389469815,-0.7140707856495065,0.882851962870835,-0.0061117445838084,False,0.4414259814354175,0,VOLATILITY_ACCELERATION,-0.3566447119094774,0.3566447119094774,False,NEITHER
2021-07-02,8.6796,0.0028307009739922,-0.0096642059263146,0.0059792664430568,0.0081633011964505,0.0077433912209351,0.0050754014986504,0.0211097237396595,-0.0103078677309006,0.0028307009739922,0.375129263638069,0.7721767210845816,-0.0096579247434435,False,0.3860883605422908,0,VOLATILITY_ACCELERATION,-0.3543709383724138,0.3543709383724138,False,NEITHER
2021-07-05,8.6658,-0.001589935020047,-0.0021532615579479,0.0044800838176321,0.0080377290830465,0.0077444676964017,0.0031683998133922,0.0193860151165603,-0.0118814139110602,0.001589935020047,-0.2076956056422922,0.5784882826373818,-0.0021322690992015,False,0.2892441413186909,0,VOLATILITY_ACCELERATION,-0.34330991332051497,0.34330991332051497,False,NEITHER
2021-07-06,8.6893,0.0027118096425025,-0.0048672667720287,0.0036798473075979,0.0080493722596367,0.0077095983708159,0.0053993949761848,0.0179110682923153,-0.0092018244013682,0.0027118096425025,0.2952416168647094,0.4773072643482548,-0.0048460661345496,False,0.2386536321741274,0,VOLATILITY_ACCELERATION,-0.34787651786136686,0.34787651786136686,False,NEITHER
2021-07-07,8.6814,-0.0009091641444074,-0.0024360535931791,0.0034404342509475,0.0080386702909681,0.0076734798303544,0.0039538764526363,0.0174235583074728,-0.0101026225769669,0.0009091641444074,-0.1772128815246076,0.4483538534027271,-0.0024173318129989,False,0.2241769267013635,0,VOLATILITY_ACCELERATION,-0.34413565521979217,0.34413565521979217,False,NEITHER
2021-07-08,8.6943,0.0014859354481995,0.0045291215583875,0.0020509912139289,0.0066126028917541,0.0076047867984627,0.0038992994655062,0.019435178013565,-0.0086316989737741,0.0014859354481995,0.1150943599749809,0.269697398268089,0.0044697833523376,False,0.1348486991340445,0,VOLATILITY_ACCELERATION,-0.34527384509132986,0.34527384509132986,False,NEITHER
2021-07-09,8.6581,-0.0041636474471781,-0.0024770726761603,0.0026943042732582,0.0066200264113011,0.0076134030361587,-0.0018014174994021,0.021356254327419,-0.0127594070695553,0.0041636474471781,-0.8682877308306169,0.3538896155191064,-0.0024515393386546,False,0.2170719327076542,0,LOCAL_RETURN_SHOCK,-0.35644795286032865,0.35644795286032865,False,NEITHER
2021-07-12,8.6353,-0.0026333722179229,-0.0035195827275035,0.0028371321783035,0.0064457337044619,0.0076228597036171,-0.005382381770162,0.0213870557696347,-0.0153591790193841,0.0026333722179229,-0.6349091798084577,0.3721873796204409,-0.0034777651083239,False,0.1860936898102204,0,VOLATILITY_ACCELERATION,-0.3551150137445449,0.3551150137445449,False,NEITHER
2021-07-13,8.621,-0.0016559934223479,-0.0078602419067127,0.0021000279872034,0.0060712245800114,0.0076300090554273,-0.0073930279175746,0.0205449472496184,-0.0169897377423031,0.0016559934223479,-0.4107105911143636,0.2752326991944563,-0.0077879133409348,False,0.1557582668186959,0,DRAWDOWN_SHIFT,-0.3638928959482144,0.3638928959482144,False,NEITHER
2021-07-14,8.5851,-0.0041642500869968,-0.0110926809040016,0.0023334853262252,0.0059534384636077,0.0075846708574702,-0.011351191374154,0.0191460982203581,-0.0210832383124286,0.0041642500869968,-0.749779174666844,0.3076580869592953,-0.0109806157354617,False,0.2196123147092339,0,DRAWDOWN_SHIFT,-0.3772302156950455,0.3772302156950455,False,NEITHER
2021-07-15,8.5629,-0.0025858755285319,-0.0151133501259445,0.0010969923961794,0.0052350815731125,0.007339051205119,-0.0130188972838395,0.0162079537568193,-0.0236145952109462,0.0025858755285319,-0.4071061250941728,0.1494733263905075,-0.0149828962371721,False,0.299657924743442,0,DRAWDOWN_SHIFT,-0.3897228343325887,0.3897228343325887,False,NEITHER
2021-07-16,8.5178,-0.0052669072393699,-0.0162044790427461,0.0014374699979981,0.0052737404536116,0.0073255367205747,-0.0169737012940176,0.0130126952839575,-0.0287571265678449,0.0052669072393699,-0.8357779621096924,0.1962272599031253,-0.0159977194982896,False,0.319954389965792,0,DRAWDOWN_SHIFT,-0.3984708821008651,0.3984708821008651,False,NEITHER
2021-07-19,8.5854,0.007936321585386,-0.0057786064178431,0.0052657763264651,0.0055587093496513,0.0072192854128644,-0.0081155130553528,0.0096849037983719,-0.021049030786773,0.007936321585386,1.7434357557168554,0.7294040926934062,-0.0056898517673889,False,0.4358589389292138,0,LOCAL_RETURN_SHOCK,-0.36486369173076544,0.36486369173076544,False,NEITHER
2021-07-20,8.5646,-0.0024227176369184,-0.0065421644820786,0.0052953726604211,0.004716715629505,0.0071468880820754,-0.0100307696575574,0.0080814260037695,-0.0234207525655643,0.0024227176369184,-0.2472334484615243,0.7409340400477302,-0.0064310148232612,False,0.3704670200238651,0,VOLATILITY_ACCELERATION,-0.35210053319594004,0.35210053319594004,False,NEITHER
2021-07-21,8.5578,-0.000793965859468,-0.0031799280148163,0.0050484870962077,0.0047147860930625,0.007138661717987,-0.010346618065586,0.0065229309423682,-0.0241961231470922,0.000793965859468,-0.0655396434798896,0.7072035761951332,-0.0031128848346635,False,0.3536017880975666,0,VOLATILITY_ACCELERATION,-0.346620176349887,0.346620176349887,False,NEITHER
2021-07-22,8.5648,0.0008179672345696,0.0002218874446739,0.0049467127876829,0.0042955801384376,0.0071386453300436,-0.0087123086315801,0.0044549048420932,-0.0233979475484605,0.0008179672345696,0.2726048235887131,0.692948389922698,0.0002166476624856,False,0.346474194961349,0,VOLATILITY_ACCELERATION,-0.3438459026564181,0.3438459026564181,False,NEITHER
2021-07-23,8.5504,-0.0016813002054922,0.0038272793444316,0.0041835022943097,0.0039477467405862,0.0070268382850058,-0.0091524535945805,0.0020489483245829,-0.0250399087799315,0.0016813002054922,-0.199582570586095,0.5953605483189581,0.0037172177879133,False,0.297680274159479,0,VOLATILITY_ACCELERATION,-0.3490624219682668,0.3490624219682668,False,NEITHER
2021-07-26,8.5497,-8.186751497007982e-05,-0.0041582220979803,0.0012784981370415,0.003489003321424,0.0069996389495286,-0.0084591262072869,0.0001478884144214,-0.0251197263397947,8.186751497007982e-05,0.2901391246072671,0.1826520119480737,-0.0040706955530217,False,0.0913260059740368,0,VOLATILITY_ACCELERATION,-0.3631003813744097,0.3631003813744097,False,NEITHER
2021-07-27,8.5594,0.0011345427324935,-0.0006071503631226,0.0011561788489498,0.0032059983348916,0.0069060790579818,-0.0063408257700817,-0.0020835252064845,-0.0240136830102621,0.0011345427324935,0.54761868907143,0.1674146558767713,-0.0005929304446978,False,0.1369046722678575,0,LOCAL_RETURN_SHOCK,-0.35943916264605297,0.35943916264605297,False,NEITHER
2021-07-28,8.5488,-0.0012384045610673,-0.0010516721587324,0.001235239833861,0.0031589093605332,0.0069053363494662,-0.006684614696392,-0.0036086830680173,-0.0252223489167616,0.0012384045610673,-0.0769516149145173,0.1788819213645526,-0.0010262257696693,False,0.0894409606822763,0,VOLATILITY_ACCELERATION,-0.35995826422304095,0.35995826422304095,False,NEITHER
2021-07-29,8.4521,-0.0113115291034999,-0.0131585092471511,0.0049716726251681,0.0038090247138099,0.007039600745631,-0.0167609333448113,-0.0045106443099293,-0.0362485746864309,0.0113115291034999,-3.300226376552933,0.7062435505669379,-0.0128506271379703,False,0.8250565941382333,0,LOCAL_RETURN_SHOCK,-0.42200821328825155,0.42200821328825155,False,NEITHER
2021-07-30,8.4457,-0.0007572082677677,-0.0122450411676645,0.0050328222570928,0.0036929568456321,0.0070104166950052,-0.0161669570160586,-0.0059386713634103,-0.0369783352337513,0.0007572082677677,0.1107565275847302,0.7179062923147775,-0.0119384264538197,False,0.3589531461573887,0,VOLATILITY_ACCELERATION,-0.3702938157773691,0.3702938157773691,False,NEITHER
2021-08-02,8.3466,-0.0117337816877227,-0.0237552194813852,0.0062193952952781,0.004362333672738,0.0071589905746519,-0.0259000236330056,-0.0080923269621908,-0.0482782212086657,0.0117337816877227,-2.809484118221419,0.868753105682153,-0.0231584948688709,False,0.7023710295553548,0,LOCAL_RETURN_SHOCK,-0.4349037159002711,0.4349037159002711,False,NEITHER
2021-08-03,8.4026,0.0067093187645268,-0.0183190410542796,0.0078349337032977,0.0046642382926347,0.0072086076737266,-0.017721140166398,-0.0102335688132149,-0.0418928164196122,0.0067093187645268,1.9656885102899664,1.0868858534018833,-0.01787913340935,False,0.5434429267009416,0,VOLATILITY_ACCELERATION,-0.4011040963285723,0.4011040963285723,False,NEITHER
2021-08-04,8.4732,0.008402161235808,-0.0088433464345872,0.0095748384770707,0.0051799383804161,0.0069469603983054,-0.0082609805027752,-0.0119610834014668,-0.033842645381984,0.008402161235808,2.1585424161605165,1.3782773944423703,-0.0086202964652223,False,0.6891386972211851,0,VOLATILITY_ACCELERATION,-0.39668840439493486,0.39668840439493486,False,NEITHER
2021-08-05,8.5199,0.0055114950667987,0.0080216750866648,0.008231297137642,0.0053647238235806,0.0068648263791227,-0.0017762030964049,-0.0144875660034661,-0.0285176738882554,0.0055114950667987,1.2957149801409276,1.1990539429627831,0.0077309007981754,False,0.5995269714813916,0,VOLATILITY_ACCELERATION,-0.3664928289339592,0.3664928289339592,False,NEITHER
2021-08-06,8.615,0.0111621028415827,0.0200457037308925,0.0090533298584097,0.005951368525727,0.0069726083536537,0.0096209907411368,-0.01623523918501,-0.0176738882554161,0.0111621028415827,2.266855470940011,1.2984136494150982,0.0193044469783351,False,0.6492068247075491,0,VOLATILITY_ACCELERATION,-0.3985789515467021,0.3985789515467021,False,NEITHER
2021-08-09,8.6303,0.0017759721416135,0.0339898880981477,0.0034808637715947,0.0059394136493213,0.0065925830994118,0.0114436831209043,-0.0172050776143368,-0.0159293044469782,0.0017759721416135,0.337508142282892,0.527996950376745,0.0323489167616874,False,0.6469783352337479,0,DRAWDOWN_SHIFT,-0.3905442122115666,0.3905442122115666,False,NEITHER
2021-08-10,8.592,-0.0044378526818302,0.0225406421821818,0.0060814811889995,0.0060120645619577,0.0065973937893376,0.0071261914348557,-0.0177318683140647,-0.0202964652223488,0.0044378526818302,-0.7451336053630768,0.9218005447587662,0.0215963511972634,False,0.4609002723793831,0,VOLATILITY_ACCELERATION,-0.3771679467666116,0.3771679467666116,False,NEITHER
2021-08-11,8.625,0.0038407821229049,0.017915309446254,0.0056750989174359,0.005997289882642,0.0065586048515057,0.0107579805934465,-0.0173279270170331,-0.0165336374002279,0.0038407821229049,0.6640100119197236,0.8652905680288135,0.017309007981756,False,0.4326452840144068,0,VOLATILITY_ACCELERATION,-0.3640871499266846,0.3640871499266846,False,NEITHER
2021-08-12,8.5436,-0.0094376811594203,0.0027817227901736,0.0078989988148173,0.0063529091217088,0.0066598955746233,0.0013320073814186,-0.0165534212786068,-0.0258152793614595,0.0094376811594203,-1.6151701886894827,1.186054454804884,0.0027023945267958,False,0.593027227402442,0,VOLATILITY_ACCELERATION,-0.3771012876952304,0.3771012876952304,False,NEITHER
2021-08-13,8.5124,-0.0036518563603165,-0.0119094602437609,0.0052828366349747,0.0062936784579643,0.006660327488812,-0.0022931411462658,-0.0153389402616888,-0.0293728620296465,0.0036518563603165,-0.5600943886581516,0.7931797113353353,-0.0116989737742304,False,0.3965898556676676,0,VOLATILITY_ACCELERATION,-0.3634567919964465,0.3634567919964465,False,NEITHER
2021-08-16,8.4553,-0.0067078614726752,-0.0202773947603213,0.0049664009142696,0.0061708478170152,0.0067065606811386,-0.0082294679700567,-0.0150404735868905,-0.0358836944127708,0.0067078614726752,-1.063763656143482,0.7405287375147457,-0.0199543899657925,False,0.39908779931585,0,DRAWDOWN_SHIFT,-0.3888957872768616,0.3888957872768616,False,NEITHER
2021-08-17,8.4291,-0.0030986481851619,-0.0189594972067039,0.0049783001293152,0.0061823597018907,0.0066246755747821,-0.0105162944750274,-0.0153380154379995,-0.0388711516533636,0.0030986481851619,-0.3814004228284035,0.7514783287299237,-0.0185746864310148,False,0.3757391643649618,0,VOLATILITY_ACCELERATION,-0.37700986196502495,0.37700986196502495,False,NEITHER
2021-08-18,8.4512,0.002621869475982,-0.0201507246376811,0.0045185354349948,0.0062289279982788,0.006632971887698,-0.0073008819672151,-0.015486390502436,-0.0363511972633978,0.002621869475982,0.5500731736616103,0.6812233658603635,-0.0198175598631699,False,0.3963511972633979,0,DRAWDOWN_SHIFT,-0.38058961468876645,0.38058961468876645,False,NEITHER
2021-08-19,8.5025,0.006070143884892,-0.0048106184746476,0.0051747053971714,0.0064005642269001,0.0066480015877673,-0.0009094925642519,-0.0150270686307699,-0.0305017103762827,0.006070143884892,1.0721319729365124,0.7783851024784879,-0.0046864310148231,False,0.3891925512392439,0,VOLATILITY_ACCELERATION,-0.35669673283317843,0.35669673283317843,False,NEITHER
2021-08-20,8.4813,-0.0024933842987356,-0.0036534937267985,0.0050480559928304,0.0064120500417449,0.0065760111589845,-0.0029958439057763,-0.0142066985113649,-0.0329190421892816,0.0024933842987356,-0.3355804388373017,0.7676471147609709,-0.003546180159635,False,0.3838235573804854,0,VOLATILITY_ACCELERATION,-0.3509624658384851,0.3509624658384851,False,NEITHER
2021-08-23,8.4198,-0.0072512468607405,-0.0041985500218796,0.0052123270079394,0.0065920256347145,0.0065510382849242,-0.0094690887016797,-0.0141893897924532,-0.0399315849486886,0.0072512468607405,-1.0706657722128263,0.7956489919978708,-0.0040478905359178,False,0.3978244959989354,0,VOLATILITY_ACCELERATION,-0.3677146901423222,0.3677146901423222,False,NEITHER
2021-08-24,8.3956,-0.0028741775339081,-0.0039743270337283,0.0051888183820765,0.0065928272141068,0.0065458564938726,-0.0113635025494284,-0.0141536704117241,-0.042690992018244,0.0028741775339081,-0.3230606695575339,0.7926874637312341,-0.0038198403648804,False,0.396343731865617,0,VOLATILITY_ACCELERATION,-0.35849521297621334,0.35849521297621334,False,NEITHER
2021-08-25,8.3731,-0.0026799752251177,-0.009241291177584,0.0048490668537759,0.0066040745798976,0.0064482445582975,-0.0129919730671324,-0.0142935490505242,-0.0452565564424172,0.0026799752251177,-0.2631626518996948,0.7519979755631626,-0.0089053591790194,False,0.3759989877815813,0,VOLATILITY_ACCELERATION,-0.36608906194248125,0.36608906194248125,False,NEITHER
2021-08-26,8.388,0.0017795081869318,-0.0134666274625109,0.0031958252504777,0.0061641508684023,0.0062192131760659,-0.0108618874047624,-0.0135025092541105,-0.0435575826681869,0.0017795081869318,0.4234622153698489,0.5138632749841339,-0.0130558722919041,False,0.261117445838082,0,DRAWDOWN_SHIFT,-0.37277320306716755,0.37277320306716755,False,NEITHER
2021-08-27,8.3468,-0.0049117787315211,-0.0158584179312132,0.0033359443333294,0.0062475904797989,0.006227824521622,-0.0151460178061431,-0.0127346020174768,-0.0482554161915621,0.0049117787315211,-0.7380193684458485,0.5356516263018556,-0.0153363740022805,False,0.30672748004561,0,DRAWDOWN_SHIFT,-0.3824622249055704,0.3824622249055704,False,NEITHER
2021-08-30,8.3709,0.0028873340681458,-0.0058077389011614,0.0033296469117362,0.0057043694502513,0.0061991077631054,-0.0124439914208658,-0.0107538928812137,-0.0455074116305586,0.0028873340681458,0.5534259332667563,0.5371171205561099,-0.00557582668187,False,0.2685585602780549,0,VOLATILITY_ACCELERATION,-0.36427785579126204,0.36427785579126204,False,NEITHER
2021-08-31,8.3069,-0.0076455339330299,-0.0105650578874647,0.0044418045280451,0.0057400246227521,0.0062681263071366,-0.0194408490963036,-0.0096555021574221,-0.0528050171037627,0.0076455339330299,-1.368485205086752,0.7086335390191271,-0.0101140250855187,False,0.3543167695095635,0,VOLATILITY_ACCELERATION,-0.38780956007274425,0.38780956007274425,False,NEITHER
2021-09-01,8.2837,-0.002792858948585,-0.0106770491215919,0.0044456850627634,0.0053531956942464,0.0062728130203949,-0.021084550916319,-0.0095578303748459,-0.0554503990877993,0.002792858948585,-0.3895327502311405,0.7087227131287146,-0.010193842645382,False,0.3543613565643573,0,VOLATILITY_ACCELERATION,-0.3754722357288549,0.3754722357288549,False,NEITHER
2021-09-02,8.2742,-0.0011468305225924,-0.0135670004768716,0.0039682214473835,0.0051213119532994,0.0057969766416671,-0.0207856129735077,-0.0099852842276446,-0.0565336374002279,0.0011468305225924,-0.0056318027968366,0.684532937197124,-0.0129760547320409,False,0.342266468598562,0,VOLATILITY_ACCELERATION,-0.3811810061777061,0.3811810061777061,False,NEITHER
2021-09-03,8.3145,0.0048705615044355,-0.0038697464896726,0.004916778676094,0.0044558602540078,0.0058138658027131,-0.0142635103813838,-0.011496084862072,-0.0519384264538197,0.0048705615044355,1.2340900577131784,0.8456986870593978,-0.0036830102622575,False,0.4228493435296989,0,VOLATILITY_ACCELERATION,-0.3722326560598914,0.3722326560598914,False,NEITHER
2021-09-06,8.2763,-0.0045943833062721,-0.0113010548447598,0.0046588973243228,0.0044169975397224,0.0057174088794091,-0.0167290198179658,-0.0135415061314445,-0.0562941847206384,0.0045943833062721,-0.6351652472247034,0.8148616659377879,-0.0107867730900797,False,0.4074308329688939,0,VOLATILITY_ACCELERATION,-0.3799577577464767,0.3799577577464767,False,NEITHER
2021-09-07,8.3478,0.0086391261795728,0.004923617715393,0.0055594325496086,0.0049817971376022,0.005665024193559,-0.0067936560815714,-0.0148050597776049,-0.0481413911060433,0.0086391261795728,2.4273999661492,0.9813607779344606,0.0046636259977194,False,0.6068499915373,0,LOCAL_RETURN_SHOCK,-0.38477203301350577,0.38477203301350577,False,NEITHER
2021-09-08,8.4597,0.0134047293897794,0.021246544418557,0.0072595852431565,0.0058904036497525,0.0058670478642633,0.0075107468646666,-0.0160039609993907,-0.0353819840364879,0.0134047293897794,2.977554793144212,1.2373489037604868,0.0200684150513114,False,0.744388698286053,0,LOCAL_RETURN_SHOCK,-0.4165880747346962,0.4165880747346962,False,NEITHER
2021-09-09,8.4375,-0.0026242065321464,0.0197360469894369,0.0075573364408285,0.0055615698818581,0.0056475368351645,0.0055021075324173,-0.0165144302753029,-0.0379133409350056,0.0026242065321464,-0.2841162404549034,1.3381650552100155,0.0186202964652223,False,0.6690825276050077,0,VOLATILITY_ACCELERATION,-0.3833725550353405,0.3833725550353405,False,NEITHER
2021-09-10,8.456,0.0021925925925925,0.0170184617234949,0.0075697102147519,0.0055468510611598,0.0056485598941166,0.0080455289437575,-0.0168138289362415,-0.0358038768529076,0.0021925925925925,0.5039163605203617,1.3401132955386243,0.0161345496009121,False,0.6700566477693122,0,VOLATILITY_ACCELERATION,-0.378788769727325,0.378788769727325,False,NEITHER
2021-09-13,8.4255,-0.0036069063386944,0.0180273793845073,0.0073175567457203,0.0054002329975765,0.0056340158237245,0.0045880419982302,-0.0162384199796841,-0.0386568237052589,0.0036069063386944,-0.5929770403099526,1.2988172157604725,0.0176373610153795,False,0.6494086078802362,0,VOLATILITY_ACCELERATION,-0.3805134169753311,0.3805134169753311,False,NEITHER
2021-09-14,8.4336,0.0009613672779065,0.0102781571192411,0.0067820152937176,0.0053602208703512,0.0053705198073589,0.0055268446313421,-0.0154296114952013,-0.0377326198327305,0.0009613672779065,0.2081522288241263,1.2628228806501398,0.0104087712733128,False,0.6314114403250699,0,VOLATILITY_ACCELERATION,-0.3672412166690397,0.3672412166690397,False,NEITHER
2021-09-15,8.4278,-0.000687725289319,-0.0037708192961926,0.0024117435055357,0.0053273140282093,0.0053697814613345,0.0049755099972275,-0.0149506275727959,-0.0383943954451583,0.000687725289319,-0.1358195535916484,0.4491325248339497,-0.0030124114086703,False,0.2245662624169748,0,VOLATILITY_ACCELERATION,-0.3562253458329817,0.3562253458329817,False,NEITHER
2021-09-16,8.5237,0.0113790075701845,0.0102162962962961,0.0056509189069018,0.0057664197405891,0.0054772928121846,0.0162826757885736,-0.0144655144860778,-0.0274522779913969,0.0113790075701845,2.159472809578605,1.0316992537501295,0.0104610629436086,False,0.5398682023946513,0,LOCAL_RETURN_SHOCK,-0.3853911048926041,0.3853911048926041,False,NEITHER
2021-09-17,8.6468,0.0144420850100308,0.0225638599810786,0.0079265710662085,0.006549591845698,0.0057376292407663,0.0299437430691296,-0.0130924902886341,-0.0097345335440572,0.0144420850100308,2.480191295634888,1.3815063214418943,0.0260693433088504,False,0.6907531607209472,0,VOLATILITY_ACCELERATION,-0.4196933039571442,0.4196933039571442,False,NEITHER
2021-09-20,8.6661,0.002232039598464,0.0285561687733666,0.006781474759599,0.0062585942458114,0.005625265826781,0.030730667332721,-0.0108896284714994,-0.007524221809936,0.002232039598464,0.1900889704141032,1.2055385413634094,0.0311326018953229,False,0.622652037906458,0,DRAWDOWN_SHIFT,-0.3922075164186179,0.3922075164186179,False,NEITHER
2021-09-21,8.6273,-0.0044772158179573,0.0229676531967368,0.008043354445415,0.0063269300371878,0.0056076822430847,0.024703924668411,-0.008571495860859,-0.00865258658332,0.0044772158179573,-0.9488415985385906,1.434345616735672,0.0290800332494104,False,0.717172808367836,0,VOLATILITY_ACCELERATION,-0.3996642569660051,0.3996642569660051,False,NEITHER
2021-09-22,8.6503,0.0026659557451345,0.0264007214219605,0.0076233726899572,0.0062588925034875,0.0056039763515931,0.0257471389762093,-0.0059110147389317,-0.0050607869523711,0.0026659557451345,0.2030856830946064,1.3603506174307864,0.0333336084927872,False,0.6801753087153932,0,VOLATILITY_ACCELERATION,-0.3960281342369335,0.3960281342369335,False,NEITHER
2021-09-23,8.7616,0.0128666057824584,0.0279104144913593,0.0079447064335007,0.006743367081764,0.0058020263155165,0.0366487810361046,-0.0033325039415763,0.0,0.0128666057824584,1.792371795977386,1.3692985866427352,0.0274522779913969,False,0.6846492933213676,0,VOLATILITY_ACCELERATION,-0.40915776743871396,0.40915776743871396,False,NEITHER
2021-09-24,8.8718,0.0125776113951789,0.0260211870287272,0.0074511915852751,0.006904293452803,0.0060091051477567,0.0464372913742467,0.000346305942126,0.0,0.0125776113951789,1.538536016867024,1.2399835586263217,0.0097345335440572,False,0.6199917793131609,0,VOLATILITY_ACCELERATION,-0.3917711747721673,0.3917711747721673,False,NEITHER
2021-09-27,8.8202,-0.0058161816091436,0.017781931895547,0.0089615721972044,0.0071854537294962,0.0060571983604826,0.0376016182453753,0.0028532227200763,-0.0058161816091436,0.0058161816091436,-1.288089714204904,1.4794912868744812,0.0017080402007924,False,0.7397456434372406,0,VOLATILITY_ACCELERATION,-0.38775481320144517,0.38775481320144517,False,NEITHER
2021-09-28,8.869,0.0055327543593115,0.0280157175477844,0.0077528536224746,0.0067855268347899,0.0060870129843259,0.039904228912597,0.0067372200866542,-0.0003156067539845,0.0055327543593115,0.402307562018672,1.2736712805506167,0.0083369798293355,False,0.6368356402753084,0,VOLATILITY_ACCELERATION,-0.37381340644192745,0.37381340644192745,False,NEITHER
2021-09-29,8.9093,0.0045439170143195,0.0299411581101234,0.0076216542005307,0.0066354066200118,0.006108423325292,0.0408121542766022,0.011560932721351,0.0,0.0045439170143195,0.1831855716684401,1.2477285536143423,0.0050607869523711,False,0.6238642768071712,0,VOLATILITY_ACCELERATION,-0.37001576057520824,0.37001576057520824,False,NEITHER
2021-09-30,8.8805,-0.0032325771946168,0.013570580715851,0.0073605422422304,0.0067307643737652,0.006125214710165,0.0337865013477465,0.0166192594293261,-0.0032325771946168,0.0032325771946168,-1.0399245728164028,1.2016790578810783,-0.0032325771946168,False,0.6008395289405392,0,VOLATILITY_ACCELERATION,-0.3643116039143132,0.3643116039143132,False,NEITHER
2021-10-01,8.8493,-0.003513315691684,-0.0025361257016615,0.0051634295259317,0.0069039208016755,0.0061176239767303,0.0269577422782043,0.021600367998805,-0.0067345358221184,0.003513315691684,-1.051407115932975,0.8440253185831486,-0.0067345358221184,False,0.4220126592915743,0,VOLATILITY_ACCELERATION,-0.36164236267236904,0.36164236267236904,False,NEITHER
2021-10-04,8.8495,2.2600657679339164e-05,0.0033219201378653,0.0042368318220631,0.0067058914359481,0.0061050280322525,0.0235765554182356,0.0271536192351058,-0.006712087369378,2.2600657679339164e-05,-0.4521580473979417,0.6939905598598678,-0.0008959057602343,False,0.3469952799299339,0,VOLATILITY_ACCELERATION,-0.34491434332995696,0.34491434332995696,False,NEITHER
2021-10-05,8.8668,0.0019549127069324,-0.0002480550231142,0.0034370133146245,0.0065953884225185,0.0061019459008208,0.0225084946691014,0.0317332746374139,-0.0047702962073339,0.0019549127069324,-0.2117839979345501,0.5632651240257919,-0.0044546894533494,False,0.2816325620128959,0,VOLATILITY_ACCELERATION,-0.3486879211399622,0.3486879211399622,False,NEITHER
2021-10-06,8.8701,0.0003721748545135,-0.0043998967371172,0.0023920873717968,0.0061460498516871,0.0060713660441782,0.020474256324827,0.0351926694443667,-0.0043998967371172,0.0003721748545135,-0.4046354067177049,0.3939949188355328,-0.0043998967371172,False,0.1969974594177664,0,VOLATILITY_ACCELERATION,-0.353772659332671,0.353772659332671,False,NEITHER
2021-10-07,8.8715,0.0001578336208158,-0.0010134564495243,0.0020079020737227,0.0060574529738662,0.0060575677679069,0.0180936407448615,0.0384331208521175,-0.0042427575679346,0.0001578336208158,-0.3630691643558481,0.3314700141467009,-0.0010101803733178,False,0.1657350070733504,0,VOLATILITY_ACCELERATION,-0.34695662734636407,0.34695662734636407,False,NEITHER
2021-10-08,8.9521,0.0090852730654342,0.0116167380470773,0.0038616456331962,0.0062309358902928,0.0061048225241242,0.0244271419809032,0.0417392361694746,0.0,0.0090852730654342,1.08245103701461,0.6325565760407086,0.0067345358221184,False,0.3162782880203543,0,VOLATILITY_ACCELERATION,-0.359696078604998,0.359696078604998,False,NEITHER
2021-10-11,9.0012,0.005484746595771,0.0171422114243742,0.0038221571044507,0.0060626796609149,0.0060646445965272,0.0266640433194469,0.0453563959547012,0.0,0.005484746595771,0.4191562561239541,0.6302359591919671,0.006712087369378,False,0.3151179795959835,0,VOLATILITY_ACCELERATION,-0.35725435062097777,0.35725435062097777,False,NEITHER
2021-10-12,9.0376,0.0040439052570766,0.0192628682275455,0.0037364150612561,0.0060384931147185,0.0060637427670481,0.0272772481209415,0.0489290583499111,0.0,0.0040439052570766,0.1181510181255041,0.6161895721501771,0.0047702962073339,False,0.3080947860750885,0,VOLATILITY_ACCELERATION,-0.35505295040059315,0.35505295040059315,False,NEITHER
2021-10-13,9.0824,0.0049570682482076,0.0239343412137404,0.0032001482211922,0.005964825723201,0.006081708137171,0.0285430200711069,0.0529783003371662,0.0,0.0049570682482076,0.2443238468024875,0.5261923375824473,0.0043998967371172,False,0.2630961687912236,0,VOLATILITY_ACCELERATION,-0.3636855634373321,0.3636855634373321,False,NEITHER
2021-10-14,9.1834,0.0111204087025456,0.0351575269120219,0.0030213881008073,0.0059477055135111,0.0062200509689843,0.0361105407216695,0.0567780296847491,0.0,0.0111204087025456,1.233304875199625,0.485749733542887,0.0042427575679346,False,0.3083262187999062,0,LOCAL_RETURN_SHOCK,-0.3902528456717429,0.3902528456717429,False,NEITHER
2021-10-15,9.2566,0.0079709040224753,0.0340143653444444,0.0028602235284986,0.005494225142876,0.0062693662061164,0.0407889514416175,0.0593681547416979,0.0,0.0079709040224753,0.7094961070055632,0.4562221179085317,0.0,False,0.2281110589542658,0,VOLATILITY_ACCELERATION,-0.38708860801513395,0.38708860801513395,False,NEITHER
2021-10-18,9.3302,0.0079510835511957,0.0365506821312713,0.0028071036937411,0.0055769371372864,0.006323960829735,0.0451622515202414,0.061765816555608,0.0,0.0079510835511957,0.8233394824409915,0.4438837888657083,0.0,False,0.2219418944328541,0,VOLATILITY_ACCELERATION,-0.39525831174636805,0.39525831174636805,False,NEITHER
2021-10-19,9.2911,-0.0041906925896549,0.0280494821634063,0.0058712733069505,0.0055551147740814,0.0063660725120586,0.0369270860943782,0.0642469513534957,-0.0041906925896549,0.0041906925896549,-1.4172861659299911,0.9222755939127536,-0.0041906925896549,False,0.4611377969563768,0,VOLATILITY_ACCELERATION,-0.38935843873063236,0.38935843873063236,False,NEITHER
2021-10-20,9.2051,-0.0092561698830063,0.0135096450277458,0.0088978846880677,0.0062688645983962,0.0065047750188897,0.0241584162822174,0.0657872425197165,-0.0134080727101241,0.0092561698830063,-2.3372909176031498,1.367900451933921,-0.0134080727101241,False,0.6839502259669605,0,VOLATILITY_ACCELERATION,-0.4056353961378816,0.4056353961378816,False,NEITHER
2021-10-21,9.5061,0.0326992645381365,0.0351394908203932,0.0162156405199996,0.0089044123403261,0.0074731343362018,0.0532853047969072,0.0678360358974665,0.0,0.0326992645381365,4.716583191541568,2.169858026162708,0.0,True,1.179145797885392,2,LOCAL_RETURN_SHOCK,-0.5061657387910992,0.5061657387910992,False,BASELINE_ONLY
2021-10-22,9.6026,0.010151376484573,0.0373787351727417,0.0162763134360037,0.0087990744174832,0.0075376362690052,0.0596872782570214,0.068839716445902,0.0,0.010151376484573,0.6769790271502406,2.1593391953565053,0.0,True,1.0796695976782529,1,VOLATILITY_ACCELERATION,-0.4417270894570122,0.4417270894570122,False,BASELINE_ONLY
2021-10-25,9.5845,-0.0018849061712453,0.0272555786585497,0.016790072476205,0.0086100828583575,0.0073342237250529,0.0532481240271229,0.0705106072361074,-0.0018849061712453,0.0018849061712453,-0.6690329263601271,2.289277380352056,-0.0018849061712453,True,1.144638690176028,1,VOLATILITY_ACCELERATION,-0.43931316812053695,0.43931316812053695,False,BASELINE_ONLY
2021-10-26,9.5312,-0.0055610621315665,0.0258419347547653,0.0169977827227039,0.0088729417582282,0.0073810719590608,0.0435938467467895,0.0708650938540242,-0.0074354862224814,0.0055610621315665,-1.1335071217731862,2.3028880922692934,-0.0032447936328265,True,1.151444046134647,1,VOLATILITY_ACCELERATION,-0.4430583121278732,0.4430583121278732,False,BASELINE_ONLY
2021-10-27,9.4835,-0.0050046164176599,0.0302441038120171,0.0161785670720879,0.009076515958073,0.0073908792503331,0.0351171417297868,0.070305901319517,-0.0124028908837191,0.0050046164176599,-0.9746997034591056,2.188990852659208,0.001005181826405,True,1.094495426329604,1,VOLATILITY_ACCELERATION,-0.43275422798300356,0.43275422798300356,False,BASELINE_ONLY
2021-10-28,9.527,0.0045869141139873,0.0021985882748971,0.0067558858556293,0.0089539560790648,0.0073841949898368,0.0362091299954645,0.0702917779602838,-0.0078728677649804,0.0045869141139873,0.1565031680936664,0.9149116274594224,-0.0078728677649804,False,0.4574558137297112,0,VOLATILITY_ACCELERATION,-0.37191974714199894,0.37191974714199894,False,NEITHER
2021-10-29,9.5896,0.0065707987824079,-0.0013538000124966,0.0055543978748994,0.0088177292768682,0.0073099007200833,0.038835545690359,0.0712660605395956,-0.0013538000124966,0.0065707987824079,0.3365454977746862,0.759845870360344,-0.0013538000124966,False,0.379922935180172,0,VOLATILITY_ACCELERATION,-0.36835224427423613,0.36835224427423613,False,NEITHER
2021-11-01,9.5363,-0.0055581046133311,-0.0050289529970264,0.0060445622538379,0.0090378226547426,0.0073716045873975,0.0292328107284649,0.0716867933235902,-0.0069043800637327,0.0055581046133311,-1.0909492922398494,0.8199791757918877,-0.0050194738924874,False,0.4099895878959438,0,VOLATILITY_ACCELERATION,-0.37843943342862413,0.37843943342862413,False,NEITHER
2021-11-02,9.6024,0.0069314094564976,0.007470203122377,0.0062623674395271,0.009053348476599,0.007357484884798,0.0322691614103076,0.0727211713158391,-2.0827692500113848e-05,0.0069314094564976,0.3484084541053474,0.8511560047464554,0.0074146585299812,False,0.4255780023732277,0,VOLATILITY_ACCELERATION,-0.365941202170249,0.365941202170249,False,NEITHER
2021-11-03,9.6391,0.0038219611763725,0.0164074445088837,0.0051057698984347,0.0090127344805667,0.0073574003214201,0.0319489758502462,0.0746122788014682,0.0,0.0038219611763725,-0.0231316952536936,0.6939638561694034,0.0124028908837191,False,0.3469819280847017,0,VOLATILITY_ACCELERATION,-0.3664607834742567,0.3664607834742567,False,NEITHER
2021-11-04,9.6919,0.0054776898258137,0.0173087015849691,0.0051782096064733,0.0089654172968343,0.0072191715769161,0.0330649205713893,0.0766436362405302,0.0,0.0054776898258137,0.1413355777992428,0.7172858480093554,0.0078728677649804,False,0.3586429240046777,0,VOLATILITY_ACCELERATION,-0.36587232662938984,0.36587232662938984,False,NEITHER
2021-11-05,9.6745,-0.001795313612398,0.0088533411195461,0.0052680660979973,0.0090006622555222,0.007197919640033,0.0272552603762123,0.0777209039392858,-0.001795313612398,0.001795313612398,-0.6988159062391586,0.7318873176490682,-0.0004415135999013,False,0.3659436588245341,0,VOLATILITY_ACCELERATION,-0.3623795399899193,0.3623795399899193,False,NEITHER
2021-11-08,9.6775,0.000310093544886,0.0148065811687971,0.0036224390029442,0.009027825438992,0.0071078257094043,0.0238974653049264,0.0780394471580878,-0.0014857767826742,0.000310093544886,-0.4017192979000523,0.5096409438052741,0.0054186032810585,False,0.254820471902637,0,VOLATILITY_ACCELERATION,-0.3626692308906394,0.3626692308906394,False,NEITHER
2021-11-09,9.7322,0.005652286230948,0.013517453969841,0.0033018792916972,0.0090385159666469,0.0070853906290336,0.0259151033694695,0.0782864693596283,0.0,0.005652286230948,0.2198963227742672,0.4660123152797228,2.0827692500113848e-05,False,0.2330061576398614,0,VOLATILITY_ACCELERATION,-0.3631446637298884,0.3631446637298884,False,NEITHER
2021-11-10,9.8378,0.010850578492016,0.0206139577346433,0.0049748377096504,0.009175064636246,0.0071684524430583,0.0329342417627644,0.0785670564773444,0.0,0.010850578492016,0.785865606175591,0.693990474118005,0.0,False,0.3469952370590025,0,VOLATILITY_ACCELERATION,-0.376979358461507,0.376979358461507,False,NEITHER
2021-11-11,9.9049,0.006820630628799,0.0219771149103888,0.005102490835802,0.0090500032066382,0.0071753319235138,0.0360551891931186,0.0786232955071113,0.0,0.006820630628799,0.3028246190956667,0.7111156515395433,0.0,False,0.3555578257697716,0,VOLATILITY_ACCELERATION,-0.3695345304504167,0.3695345304504167,False,NEITHER
2021-11-12,9.9909,0.0086825712526124,0.0327045325339809,0.0039629772781081,0.0090685332687996,0.0071866384505707,0.041052754425378,0.0790536810350548,0.0,0.0086825712526124,0.5365042277099554,0.5514368512295752,0.001795313612398,False,0.2757184256147876,0,VOLATILITY_ACCELERATION,-0.38550451742529573,0.38550451742529573,False,NEITHER
2021-11-15,10.0604,0.0069563302605371,0.0395660036166365,0.0020228875265968,0.0090476341398596,0.0070845547574348,0.0443217005780909,0.079129856665735,0.0,0.0069563302605371,0.3411291038884168,0.2855348848103553,0.0014857767826742,False,0.1739082565134275,0,LARGE_ABSOLUTE_RETURN,-0.4038862102878387,0.4038862102878387,False,NEITHER
2021-11-16,10.3168,0.0254860641723988,0.0600686381290971,0.0078449834713626,0.0100445272438398,0.0076126669212151,0.0652662468642597,0.0808562284987264,0.0,0.0254860641723988,2.395434195165042,1.0305171042621184,0.0,False,0.63715160430997,0,LARGE_ABSOLUTE_RETURN,-0.45963242538270116,0.45963242538270116,False,NEITHER
2021-11-17,10.6327,0.0306199596774192,0.0808005854967575,0.0114336199037334,0.010922981710269,0.0083362813500948,0.0898520360861594,0.0854620595429556,0.0,0.0306199596774192,2.521081306878886,1.3715491864491087,0.0,False,0.76549899193548,0,LARGE_ABSOLUTE_RETURN,-0.4978085570987785,0.4978085570987785,False,NEITHER
2021-11-18,11.036,0.0379301588495866,0.1141960039980212,0.0136370002460719,0.0116047455633839,0.0094087608545649,0.1223899298150335,0.089460720494527,0.0,0.0379301588495866,2.805045671386696,1.4493938635347037,0.0,False,0.948253971239665,0,LARGE_ABSOLUTE_RETURN,-0.5556439212688165,0.5556439212688165,True,ISOLATION_FOREST_ONLY
2021-11-19,11.2495,0.0193457774555998,0.1259746369195968,0.0117495442042393,0.0118916986052098,0.0095125733569821,0.134601487553877,0.0941547585284485,0.0,0.0193457774555998,1.016268421487739,1.2351593794139095,0.0,False,0.6175796897069548,0,VOLATILITY_ACCELERATION,-0.530466136176185,0.530466136176185,True,ISOLATION_FOREST_ONLY
2021-11-22,11.4062,0.0139295079781325,0.133772017017216,0.0093870477551888,0.0117235750223187,0.0095770064305854,0.1399337598765544,0.0995692831110515,0.0,0.0139295079781325,0.4976199890279665,0.9801651302237886,0.0,False,0.4900825651118943,0,VOLATILITY_ACCELERATION,-0.5272880212756427,0.5272880212756427,True,ISOLATION_FOREST_ONLY
2021-11-23,12.8129,0.1233276639020883,0.2419451767990075,0.0447646653869267,0.0278061345246925,0.0179031715222825,0.2598591656624982,0.1135490807840311,0.0,0.1233276639020883,9.768776327008478,2.500376278650521,0.0,True,3.0831915975522075,3,LARGE_ABSOLUTE_RETURN,-0.7200056922381141,0.7200056922381141,True,BOTH
2021-11-24,11.8876,-0.0722162820282683,0.1180227035466063,0.0697130011718241,0.0337983839792354,0.0206114350173367,0.1552227289556873,0.1231798676346755,-0.0722162820282683,0.0722162820282683,-3.145471371018301,3.3822487911776675,-0.0722162820282683,True,1.8054070507067077,3,LARGE_ABSOLUTE_RETURN,-0.719214632177326,0.719214632177326,True,BOTH
2021-11-25,11.9998,0.0094384064066759,0.0873323667995651,0.0695011672481276,0.0337606251924887,0.0205924275064742,0.1522813149669435,0.1326787099103881,-0.0634594822405544,0.0094384064066759,-0.0724332965781266,3.375083740189283,-0.0634594822405544,True,1.6875418700946414,2,VOLATILITY_ACCELERATION,-0.6739041660124523,0.6739041660124523,True,BOTH
2021-11-26,12.369,0.0307671794529909,0.0995155340237343,0.0697123984365273,0.0339837624162026,0.0208295002551576,0.1720926530287352,0.1431914164122281,-0.0346447720656526,0.0307671794529909,0.5520653114326183,3.3468108971681056,-0.0346447720656526,True,1.6734054485840528,1,VOLATILITY_ACCELERATION,-0.67878402560057,0.67878402560057,True,BOTH
2021-11-29,12.817,0.0362195812110923,0.12368711753257,0.0698558349751316,0.0340450040494712,0.0211139740496846,0.1959553809827512,0.1566584227740817,0.0,0.0362195812110923,0.6732819193296412,3.308511927254884,0.0,True,1.654255963627442,1,VOLATILITY_ACCELERATION,-0.6853233308810397,0.6853233308810397,True,BOTH
2021-11-30,13.6848,0.067706951704767,0.0680486072629926,0.0527081732139889,0.0359080843353357,0.0224983077562523,0.2530634575808699,0.1740282566805253,0.0,0.067706951704767,1.5355891546409988,2.3427616772350914,0.0,True,1.6926737926191748,2,LARGE_ABSOLUTE_RETURN,-0.6762012618533652,0.6762012618533652,True,BOTH
2021-12-01,13.3044,-0.0277972641178533,0.1191830142333185,0.0353472786436311,0.0372575037693056,0.0229703075207368,0.198126138068539,0.1888155834562275,-0.0277972641178533,0.0277972641178533,-1.2883966049235973,1.5388247898605971,0.044419017910415,False,0.8883803582083,0,DRAWDOWN_SHIFT,-0.6616215433079004,0.6616215433079004,True,ISOLATION_FOREST_ONLY
2021-12-02,13.6765,0.0279681909744144,0.1397273287888132,0.0344960944162163,0.0372344641897727,0.0230737041812433,0.2099274830872017,0.2048537071392746,-0.0006065123348532,0.0279681909744144,0.2974585328808982,1.4950392943088135,0.0628529699057011,True,1.257059398114022,1,DRAWDOWN_SHIFT,-0.6567388031604878,0.6567388031604878,True,BOTH
2021-12-03,13.7212,0.0032683800679997,0.1093216913250869,0.0359033235453861,0.0371097110655133,0.023069266884476,0.1925354850400729,0.2217170330910087,0.0,0.0032683800679997,-0.3959174349518825,1.5563270270000005,0.0346447720656526,False,0.7781635135000002,0,VOLATILITY_ACCELERATION,-0.6382280642549678,0.6382280642549678,True,ISOLATION_FOREST_ONLY
2021-12-06,13.7985,0.0056336180508993,0.0765779823671686,0.0353642792093123,0.0369930692602396,0.0230188523889431,0.1781551414772342,0.2391465810659117,0.0,0.0056336180508993,-0.340334642666615,1.536318084488835,0.0,False,0.7681590422444174,0,VOLATILITY_ACCELERATION,-0.6172232950471793,0.6172232950471793,True,ISOLATION_FOREST_ONLY
2021-12-07,13.4845,-0.022756096677175,-0.0146366771892901,0.022791016091042,0.0380440071812556,0.0233518795475065,0.1331922077856595,0.2543873519453195,-0.022756096677175,0.022756096677175,-1.1160363828662312,0.9759820850684208,-0.022756096677175,False,0.568902416929375,0,LARGE_ABSOLUTE_RETURN,-0.605955277139884,0.605955277139884,True,ISOLATION_FOREST_ONLY
2021-12-08,13.6624,0.0131929252104268,0.0269083912089234,0.018489174104398,0.0380273282559755,0.0233319647775013,0.1299831276673173,0.2694912816183734,-0.0098633909482915,0.0131929252104268,-0.1029378991716556,0.7924396543846519,0.0179338731695617,False,0.3962198271923259,0,VOLATILITY_ACCELERATION,-0.589669897407848,0.589669897407848,True,ISOLATION_FOREST_ONLY
2021-12-09,13.7773,0.0084099426162314,0.007370306730523,0.0140804085698404,0.0380060939543824,0.0233285673151565,0.1215262910255428,0.2849536176264005,-0.0015363988839366,0.0084099426162314,-0.2318403766386189,0.6035693653888639,-0.0009298865490833,False,0.3017846826944319,0,VOLATILITY_ACCELERATION,-0.5678519507779738,0.5678519507779738,True,ISOLATION_FOREST_ONLY
2021-12-10,13.8803,0.0074760657022783,0.0115951957554734,0.0143322904167258,0.0380214557860058,0.023314784473521,0.1123024563883485,0.3003015550822556,0.0,0.0074760657022783,-0.2586325401012971,0.6147296979306512,0.0,False,0.3073648489653256,0,VOLATILITY_ACCELERATION,-0.5691508539477044,0.5691508539477044,True,ISOLATION_FOREST_ONLY
2021-12-13,13.8319,-0.0034869563337969,0.0024205529586547,0.0143967212030492,0.0382412717610864,0.0233511692177579,0.0919232853613567,0.3149485697202345,-0.0034869563337969,0.0034869563337969,-0.5452792100858931,0.6165310639820512,-0.0034869563337969,False,0.3082655319910256,0,VOLATILITY_ACCELERATION,-0.5731189821791571,0.5731189821791571,True,ISOLATION_FOREST_ONLY
2021-12-14,14.3961,0.040789768578431,0.0676035448107086,0.0165478761444435,0.0385774713120785,0.0236675960680021,0.1184538159318739,0.329045821172848,0.0,0.040789768578431,0.6293352379856071,0.6991785771946541,0.022756096677175,True,1.0197442144607751,1,LARGE_ABSOLUTE_RETURN,-0.6297618971622079,0.6297618971622079,True,BOTH
2021-12-15,14.8062,0.0284868818638381,0.0837188195339033,0.0178878530243636,0.0385421885698673,0.0237879190697345,0.1319633902021428,0.3407111144366674,0.0,0.0284868818638381,0.2851018367888071,0.7519721658681113,0.0098633909482915,False,0.7121720465959525,0,LARGE_ABSOLUTE_RETURN,-0.6237354736509227,0.6237354736509227,True,ISOLATION_FOREST_ONLY
2021-12-16,15.6828,0.0592049276654373,0.13830721549215,0.0251936744722346,0.0394226873395486,0.0246435600745504,0.1780555713094025,0.3539103125422702,0.0,0.0592049276654373,1.085127990233465,1.0223228460506528,0.0015363988839366,True,1.4801231916359323,1,LARGE_ABSOLUTE_RETURN,-0.6789494283672786,0.6789494283672786,True,BOTH
2021-12-17,16.5047,0.0524077333129286,0.1890737231904209,0.0247231742312623,0.0401489254987634,0.0252422557152623,0.2157974778281433,0.3691673218230882,0.0,0.0524077333129286,0.8614906065687554,0.9794360104003644,0.0,True,1.310193332823215,1,LARGE_ABSOLUTE_RETURN,-0.6895652390310223,0.6895652390310223,True,BOTH
2021-12-20,13.437,-0.1858682678267402,-0.0285499461389975,0.1040061976679864,0.0611362180833093,0.0357535353884926,-0.0175293902167512,0.3668516553035075,-0.1858682678267402,0.1858682678267402,-5.130070644360355,2.908976595960945,-0.1823813114929433,True,4.646706695668505,4,LARGE_ABSOLUTE_RETURN,-0.7698670532407156,0.7698670532407156,True,BOTH
2021-12-21,12.557,-0.0654908089603333,-0.1277498767027181,0.104191672740266,0.0571835571573418,0.0369812584410259,-0.081012445156781,0.3435407009072178,-0.2391864135670445,0.0654908089603333,-1.2365743059891017,2.817418258127173,-0.2391864135670445,True,4.78372827134089,3,DRAWDOWN_SHIFT,-0.7774619329504749,0.7774619329504749,True,BOTH
2021-12-22,12.19,-0.0292267261288524,-0.1766962488687172,0.1002891693990697,0.0550685782915429,0.0372677171402987,-0.1088575466022179,0.3293156377213124,-0.2614225038928305,0.0292267261288524,-0.5227808737100655,2.691046758284639,-0.2614225038928305,True,5.22845007785661,2,DRAWDOWN_SHIFT,-0.7727534642014849,0.7727534642014849,True,BOTH
2021-12-23,11.2898,-0.0738474159146841,-0.2801157956487362,0.0860906399256618,0.0576309575705417,0.0386521276578614,-0.1725186296548484,0.3101244004436359,-0.3159645434330826,0.0738474159146841,-1.3921666389767815,2.227319558905368,-0.3159645434330826,True,6.319290868661652,3,DRAWDOWN_SHIFT,-0.7890225764755151,0.7890225764755151,True,BOTH
2021-12-24,10.9914,-0.026430937660543,-0.334044241943204,0.0648667764081717,0.0573720601210138,0.0388482079759928,-0.1903019516467778,0.2863444430546238,-0.334044241943204,0.026430937660543,-0.4352498941641687,1.669749514527355,-0.334044241943204,True,6.680884838864079,1,DRAWDOWN_SHIFT,-0.7708372601879158,0.7708372601879158,True,BOTH
2021-12-27,11.567,0.0523682151500264,-0.1391679690407085,0.0499228960221556,0.0580802163768853,0.0393330322486776,-0.143958159262118,0.2608236201421017,-0.2991693275248868,0.0523682151500264,0.9861104928732746,1.2692358856679309,-0.1133010596981465,True,2.2660211939629296,2,DRAWDOWN_SHIFT,-0.7432115680608586,0.7432115680608586,True,BOTH
2021-12-28,11.828,0.022564191233682,-0.0580552679780203,0.049148179448648,0.0560117504405663,0.0393935310448569,-0.1185862206440699,0.2287572423044435,-0.2833556502087284,0.022564191233682,0.4470323371613675,1.2476205647237768,-0.0441692366416838,False,0.8833847328336759,0,DRAWDOWN_SHIFT,-0.7091502759461954,0.7091502759461954,True,ISOLATION_FOREST_ONLY
2021-12-29,12.668,0.0710179235711869,0.0392124692370796,0.0592240820317196,0.0582686948499108,0.0402799981127291,-0.0537462847889045,0.2056124001966801,-0.2324610565475289,0.0710179235711869,1.3689021433496351,1.470309950511241,0.0289614473453015,True,1.7754480892796725,1,LARGE_ABSOLUTE_RETURN,-0.714124574510289,0.714124574510289,True,BOTH
2021-12-30,13.1706,0.0396747710767289,0.1665928537263725,0.037078443021907,0.0586296820580699,0.0404922086007653,-0.0143415379238579,0.1821252046919692,-0.2020091246735778,0.0396747710767289,0.6931799906619666,0.9156932729326652,0.1139554187595048,True,2.279108375190096,1,DRAWDOWN_SHIFT,-0.7088601810682069,0.7088601810682069,True,BOTH
2021-12-31,13.2844,0.008640456774938,0.2086176465236457,0.0244746895571936,0.0586583722588547,0.0404919448120843,-0.0041974019509918,0.1594390011042157,-0.1951141190085248,0.008640456774938,0.1496008461439752,0.6044335403195908,0.1389301229346791,True,2.778602458693582,1,DRAWDOWN_SHIFT,-0.6863303961958854,0.6863303961958854,True,BOTH
2022-01-03,13.0819,-0.0152434434374153,0.1309674072793289,0.0325021294610513,0.0587411283003159,0.0405972178974238,-0.0167359849795916,0.1359815675521294,-0.2073833514089926,0.0152434434374153,-0.2622209483547135,0.800599921481659,0.0917859761158941,True,1.835719522317882,1,DRAWDOWN_SHIFT,-0.6850162049578581,0.6850162049578581,True,BOTH
2022-01-04,13.4246,0.0261965005083359,0.1349847818735206,0.0324654062180408,0.0588025995116226,0.0406696500949014,0.0092492841070639,0.1178193833894838,-0.1866195689712627,0.0261965005083359,0.4613861497338729,0.7982710975453134,0.0967360812374656,True,1.934721624749312,1,DRAWDOWN_SHIFT,-0.6833124608419247,0.6833124608419247,True,BOTH
2022-01-05,13.643,0.0162686411513193,0.0769655825702559,0.0205600790657207,0.0588386852178662,0.0406840371981799,0.0257431995549073,0.1000595494094682,-0.1733869746193508,0.0162686411513193,0.2504456252534083,0.5053598531917699,0.0590740819281781,True,1.1814816385635618,1,DRAWDOWN_SHIFT,-0.6422222425292564,0.6422222425292564,True,BOTH
2022-01-06,13.8301,0.0137139925236384,0.0500736488846369,0.0154471687959327,0.0588824787114338,0.0406891594410858,0.0396038859706358,0.0829359465078529,-0.1620508097693384,0.0137139925236384,0.2042605019467563,0.3796384346130028,0.0399583149042394,False,0.799166298084788,0,DRAWDOWN_SHIFT,-0.6206415541846202,0.6206415541846202,True,ISOLATION_FOREST_ONLY
2022-01-07,13.8328,0.0001952263541118,0.0412815031164373,0.0160705408091468,0.0588690911186635,0.0407006562546013,0.0399925117652124,0.0658692399724651,-0.1618872200039988,0.0001952263541118,-0.0299842895041977,0.3948472159421259,0.0332268990045259,False,0.6645379800905179,0,DRAWDOWN_SHIFT,-0.6079461194344818,0.6079461194344818,True,ISOLATION_FOREST_ONLY
2022-01-10,13.8227,-0.0007301486322365,0.0566278598674505,0.0114052014600474,0.0588597880655657,0.0407147004809894,0.0392691049633449,0.0499657982082446,-0.1624991669039728,0.0007301486322365,-0.0395263841029587,0.2801249014559923,0.0448841845050198,False,0.897683690100396,0,DRAWDOWN_SHIFT,-0.6219351116550833,0.6219351116550833,True,ISOLATION_FOREST_ONLY
2022-01-11,13.8005,-0.001606053810037,0.0280008342892896,0.0086726774356013,0.0581382199043356,0.040703569737055,0.0399284133188904,0.0310140365134254,-0.1638442383078759,0.001606053810037,-0.0567556897504568,0.2130692096940583,0.0227753306633868,False,0.455506613267736,0,DRAWDOWN_SHIFT,-0.5954997149377584,0.5954997149377584,True,ISOLATION_FOREST_ONLY
2022-01-12,13.2242,-0.0417593565450526,-0.0306970607637616,0.020933376837889,0.0584233615317363,0.041143814796079,0.00247696911464,0.0085182802431631,-0.1987615648875774,0.0417593565450526,-0.7116512950327466,0.5087855110577629,-0.0253745902682266,True,1.043983913626315,1,LARGE_ABSOLUTE_RETURN,-0.6499473200895642,0.6499473200895642,True,BOTH
2022-01-13,13.5696,0.0261187822325736,-0.0188357278689236,0.0243205087150462,0.0569934523173049,0.0410826703990126,0.0369662227143561,-0.0170201642147628,-0.177834192684508,0.0261187822325736,0.513772409277518,0.5919894806942912,-0.0157833829151696,False,0.65296955581434,0,LARGE_ABSOLUTE_RETURN,-0.6353353907871085,0.6353353907871085,True,ISOLATION_FOREST_ONLY
2022-01-14,13.5384,-0.0022992571630704,-0.0212827482505351,0.0242497950684635,0.0553545716079808,0.0410969759336432,0.0464423325900191,-0.0469720346764562,-0.1797245633062097,0.0022992571630704,0.0570693466706043,0.5900627605208271,-0.0178373433022109,False,0.356746866044218,0,DRAWDOWN_SHIFT,-0.6234517989524104,0.6234517989524104,True,ISOLATION_FOREST_ONLY
2022-01-17,13.4402,-0.0072534420611001,-0.027671873078342,0.0242016129069885,0.0363385459289924,0.0411216161964664,0.038839176330278,-0.0540358835380786,-0.1856743836604117,0.0072534420611001,0.0186749474161234,0.5885374930635182,-0.0231752167564388,False,0.463504335128776,0,DRAWDOWN_SHIFT,-0.6043419849919391,0.6043419849919391,True,ISOLATION_FOREST_ONLY
2022-01-18,13.528,0.0065326408833201,-0.01974566138908,0.0247838919679245,0.0328400163313724,0.0410910323319519,0.0417163987167978,-0.0495969320730829,-0.1803546868467769,0.0065326408833201,0.1620616681159141,0.6031460044057554,-0.016510448538901,False,0.33020897077802,0,DRAWDOWN_SHIFT,-0.5997458268772333,0.5997458268772333,True,ISOLATION_FOREST_ONLY
2022-01-19,13.4321,-0.007089000591366,0.0157211778406256,0.0139799576967553,0.032015192115536,0.0411019922471907,0.0294086653768499,-0.0461073011542453,-0.1861651529564305,0.007089000591366,-0.3451194567732982,0.3401284690211293,0.0125964119311469,False,0.2519282386229379,0,DRAWDOWN_SHIFT,-0.5759636427941947,0.5759636427941947,True,ISOLATION_FOREST_ONLY
2022-01-20,13.3634,-0.005114613500495,-0.0151957316354203,0.0057147957601785,0.0262330884181985,0.0411294597058267,0.0160701244559304,-0.0360261280588584,-0.1903276036522929,0.005114613500495,-0.3269144144112084,0.1389465312953989,-0.0124934109677848,False,0.249868219355696,0,DRAWDOWN_SHIFT,-0.5647511518938775,0.5647511518938775,True,ISOLATION_FOREST_ONLY
2022-01-21,13.4644,0.0075579568073993,-0.0054659339360633,0.0074676628724305,0.024898407818886,0.0411296764161269,0.0142143217360748,-0.0220259173505988,-0.1842081346525534,0.0075579568073993,-0.0468986943479548,0.1815638615017753,-0.0044835713463436,False,0.1889489201849825,0,LARGE_ABSOLUTE_RETURN,-0.5422554033835227,0.5422554033835227,True,ISOLATION_FOREST_ONLY
2022-01-24,13.5109,0.003453551587891,0.0052603383878215,0.006753407732597,0.022889382645565,0.0411011932818761,0.010320132746175,-0.0103092096839961,-0.1813907553605942,0.003453551587891,-0.2825139498718393,0.1643117192798139,0.0042836282998174,False,0.0863387896972749,0,LARGE_ABSOLUTE_RETURN,-0.5253948680789338,0.5253948680789338,True,ISOLATION_FOREST_ONLY
2022-01-25,13.4821,-0.0021316122538097,-0.0033929627439385,0.006078595251257,0.0227303014205396,0.041116942005683,0.0019698125575273,0.0027009504931312,-0.1831357128575496,0.0021316122538097,-0.4444671295666642,0.1478367542609769,-0.0027810260107726,False,0.111116782391666,0,LOCAL_RETURN_SHOCK,-0.5313613659890062,0.5313613659890062,True,ISOLATION_FOREST_ONLY
2022-01-26,13.5904,0.0080328732170804,0.0117852011226837,0.0058403879906263,0.0170089633085894,0.0411158194360391,0.0065684248260315,0.0085292059102759,-0.1765739456033734,0.0080328732170804,0.0539235015216208,0.1420472234467263,0.0095912073530571,False,0.20082183042701,0,LARGE_ABSOLUTE_RETURN,-0.5144788135563526,0.5144788135563526,False,NEITHER
2022-01-27,13.6469,0.004157346362138,0.0212146609395813,0.0040808738669879,0.0147554691865963,0.04111678862596,0.0089734006726538,0.0122206352455258,-0.1731506782916381,0.004157346362138,0.029362348365352,0.0992507927628217,0.0171769253606547,False,0.343538507213094,0,DRAWDOWN_SHIFT,-0.521902034528412,0.521902034528412,True,ISOLATION_FOREST_ONLY
2022-01-28,13.5203,-0.0092768321010632,0.0041516888981314,0.0067222277828355,0.0148670365598958,0.04115396808601,-0.0012576339860349,0.0147619317119169,-0.1808212206220045,0.0092768321010632,-0.7562541035027162,0.163343368707152,0.0033869140305488,False,0.2319208025265799,0,LARGE_ABSOLUTE_RETURN,-0.5235814874792775,0.5235814874792775,True,ISOLATION_FOREST_ONLY
2022-01-31,13.3266,-0.0143266051788792,-0.0136408381380959,0.0092327284399089,0.0148156841057283,0.0412343572516973,-0.0164551468829984,0.0184143562754588,-0.1925572715650694,0.0143266051788792,-1.0299828546055925,0.2239086299697046,-0.0111665162044752,False,0.35816512947198,0,LARGE_ABSOLUTE_RETURN,-0.5471965153273012,0.5471965153273012,True,ISOLATION_FOREST_ONLY
2022-02-01,13.3612,0.0025963111371243,-0.0089674457243308,0.0095435197114295,0.0135955359225254,0.0412369558779284,-0.0136708008554307,0.0184053461358317,-0.1904608990166437,0.0025963111371243,0.1055828159149655,0.2314312370602884,-0.0073251861590941,False,0.1465037231818819,0,DRAWDOWN_SHIFT,-0.5175431068541793,0.5175431068541793,False,NEITHER
2022-02-02,13.4673,0.0079409035116606,-0.0090578643748528,0.0095199779855903,0.0131876943626919,0.0412330661057224,-0.0051933115200216,0.0178191209419127,-0.1840324271268184,0.0079409035116606,0.5949661371777453,0.2308821265239137,-0.0074584815234449,False,0.198522587791515,0,LARGE_ABSOLUTE_RETURN,-0.5193206413518873,0.5193206413518873,True,ISOLATION_FOREST_ONLY
2022-02-03,13.5672,0.0074179679668531,-0.0058401541742081,0.0101212116677272,0.012900947529048,0.0412333104618117,0.0031602001115016,0.0166290317246025,-0.1779796058092543,0.0074179679668531,0.6052866110124391,0.24546201976921,-0.0048289275176161,False,0.1854491991713275,0,LARGE_ABSOLUTE_RETURN,-0.5144565745770733,0.5144565745770733,False,NEITHER
2022-02-04,13.5595,-0.0005675452562061,0.0028993439494684,0.0090626261208709,0.0128987314556653,0.0412408934548537,0.0036048951967668,0.0157831840260012,-0.1784461395844819,0.0005675452562061,0.0241550344996069,0.2197485398998868,0.0023750810375225,False,0.1098742699499434,0,VOLATILITY_ACCELERATION,-0.4985307752811349,0.4985307752811349,False,NEITHER
2022-02-07,13.59,0.0022493454773406,0.0197649813155644,0.0036429545895963,0.0129181980545845,0.0412434717638301,0.0067293076013619,0.0149435299150664,-0.1765981811241646,0.0022493454773406,0.2455010523777909,0.0883280294747426,0.0159590904409048,False,0.319181808818096,0,DRAWDOWN_SHIFT,-0.5198057273789863,0.5198057273789863,True,ISOLATION_FOREST_ONLY
2022-02-08,13.5614,-0.0021044885945546,0.0149836841002306,0.0045628066781275,0.0129203798489061,0.0411751097342926,0.0055011397839657,0.0163202562049638,-0.1783310208607245,0.0021044885945546,-0.1034321214943358,0.1108146816747248,0.0121298781559192,False,0.2425975631183839,0,DRAWDOWN_SHIFT,-0.5143668379403703,0.5143668379403703,False,NEITHER
2022-02-09,13.5412,-0.0014895217307948,0.0054873656931975,0.0039048938767348,0.0086236160466228,0.0410507288805295,0.0028249162874622,0.0236159200698935,-0.1795549146606724,0.0014895217307948,-0.05388912987283,0.0951236185866337,0.004477512466146,False,0.08955024932292,0,DRAWDOWN_SHIFT,-0.5044228307239113,0.5044228307239113,False,NEITHER
2022-02-10,13.5115,-0.0021933063539419,-0.0041054897104781,0.0018349897554203,0.0063436847375928,0.0408297807335162,0.0008407313992808,0.0316589694299915,-0.1813544020794076,0.0021933063539419,-0.395836778108967,0.0449424347242208,-0.0033747962701533,False,0.0989591945272417,0,LOCAL_RETURN_SHOCK,-0.5256999695005621,0.5256999695005621,True,ISOLATION_FOREST_ONLY
2022-02-11,13.501,-0.0007771157902527,-0.0043143183745714,0.0018301372128334,0.0063262220172381,0.0407861589761392,0.0002015071549856,0.0433412817728242,-0.1819905845001727,0.0007771157902527,-0.0917052821180643,0.0448715264877987,-0.0035444449156907,False,0.070888898313814,0,DRAWDOWN_SHIFT,-0.5222515105743691,0.5222515105743691,True,ISOLATION_FOREST_ONLY
2022-02-14,13.5948,0.0069476335086289,0.000353200883002,0.0038827275112917,0.0062801336677234,0.0407670070479653,0.0065741103405076,0.0439258570488902,-0.176307354874672,0.0069476335086289,1.1170794847944294,0.0952419074258601,0.0002908262494925,False,0.2792698711986073,0,LOCAL_RETURN_SHOCK,-0.5166321508340019,0.5166321508340019,False,NEITHER
2022-02-15,13.6078,0.0009562479771676,0.003421475658855,0.0036893446915013,0.00612430321801,0.0376248158647649,0.0072390821613619,0.0403303183518581,-0.175519700448963,0.0009562479771676,0.0581919973522497,0.0980561527466854,0.0028113204117614,False,0.056226408235228,0,DRAWDOWN_SHIFT,-0.4874645423355602,0.4874645423355602,False,NEITHER
2022-02-16,13.6015,-0.0004629697673392,0.0044530765367913,0.0035642604028222,0.0058770991600199,0.0363530893273557,0.0061419672492522,0.0360278854860363,-0.175901409901422,0.0004629697673392,-0.1265359584346338,0.0980455985659544,0.0036535047592503,False,0.073070095185006,0,DRAWDOWN_SHIFT,-0.4868948341299356,0.4868948341299356,False,NEITHER
2022-02-17,13.5839,-0.0012939749292357,0.0053583984013618,0.003387832903431,0.0057406004601635,0.0363469627116216,0.0040212143912243,0.0286989589831847,-0.1769677728162281,0.0012939749292357,-0.3296271217799985,0.0932081431483069,0.0043866292631794,False,0.0877325852635879,0,DRAWDOWN_SHIFT,-0.49006428808354613,0.49006428808354613,False,NEITHER
2022-02-18,13.6522,0.0050280111013774,0.0111991704318199,0.0035839132680307,0.0056110560118344,0.0361622105631801,0.0083695961668928,0.0198249507841208,-0.1728295576411567,0.0050280111013774,0.730533826664788,0.0991065870204238,0.0091610268590159,False,0.1832205371803179,0,DRAWDOWN_SHIFT,-0.49233220540167216,0.49233220540167216,False,NEITHER
2022-02-21,13.6754,0.0016993598101404,0.00592873745844,0.0024467707453293,0.0055794984683075,0.0358874470304547,0.0094699164618874,0.0130278496271185,-0.1714238974352759,0.0016993598101404,0.176713405371435,0.0681790137719445,0.0048834574393961,False,0.097669148787922,0,DRAWDOWN_SHIFT,-0.48751160839371666,0.48751160839371666,False,NEITHER
2022-02-22,13.8129,0.0100545505067495,0.015072237981158,0.0046368478602964,0.0059182902653544,0.03484842558528,0.0183763220077191,0.0080304884325073,-0.1630929371633533,0.0100545505067495,1.690913467342391,0.1330575996596818,0.0124267632856097,False,0.4227283668355977,0,LOCAL_RETURN_SHOCK,-0.506164717526794,0.506164717526794,False,NEITHER
2022-02-23,13.8286,0.0011366186680565,0.0166966878653089,0.0043861641862301,0.0056978325033395,0.0346456879198528,0.0186393784123821,0.0054693051956733,-0.1621416929723048,0.0011366186680565,-0.0156786624992633,0.1266005800311075,0.0137597169291172,False,0.275194338582344,0,DRAWDOWN_SHIFT,-0.48371483672989685,0.48371483672989685,False,NEITHER
2022-02-24,14.0966,0.019380125247675,0.037743210712682,0.007548274219404,0.007021124673755,0.0345511526484607,0.0366637262930076,0.0053613425869447,-0.145903894042303,0.019380125247675,3.2460639059827834,0.2184666397733126,0.0310638787739251,False,0.8115159764956958,0,LOCAL_RETURN_SHOCK,-0.5482078135411448,0.5482078135411448,True,ISOLATION_FOREST_ONLY
2022-02-25,13.8788,-0.0154505341713605,0.0165980574559412,0.0128743804188256,0.0076354501092086,0.0346159897595032,0.0193030683822013,0.0058094933821857,-0.1591001351130283,0.0154505341713605,-2.4349759798157886,0.3719200435484058,0.0137294225281283,False,0.6087439949539472,0,LOCAL_RETURN_SHOCK,-0.5260760384556387,0.5260760384556387,True,ISOLATION_FOREST_ONLY
2022-02-28,13.8723,-0.000468340202323,0.014398116325665,0.0129805123991035,0.0067121594910628,0.0346105723760523,0.0167881491623516,0.0069149846932299,-0.1594939623258829,0.000468340202323,-0.2364485175741048,0.3750447192281905,0.0119299351093929,False,0.238598702187858,0,DRAWDOWN_SHIFT,-0.48793718643463924,0.48793718643463924,False,NEITHER
2022-03-01,13.9088,0.0026311426367653,0.0069427853673014,0.0123722541751326,0.0067123186897175,0.0344736352522758,0.0174216486651863,0.0091718162551055,-0.1572824710536998,0.0026311426367653,0.0895656206810167,0.3588903254499636,0.0058104661096534,False,0.1794451627249818,0,VOLATILITY_ACCELERATION,-0.4770863072592058,0.4770863072592058,False,NEITHER
2022-03-02,14.0869,0.0128048429771081,0.0186786804159495,0.0133603275522046,0.0070188025536087,0.0344713722036681,0.0281196778627921,0.0121151414892068,-0.1464916054214859,0.0128048429771081,1.604980036599087,0.3875774794594027,0.0156500875508188,False,0.4012450091497717,0,LOCAL_RETURN_SHOCK,-0.5074756806104044,0.5074756806104044,False,NEITHER
2022-03-03,14.1434,0.0040108185619263,0.0033199494913667,0.0102886183689531,0.0069281654173604,0.0344603139096651,0.0300773646846328,0.0152290738410258,-0.1430683381097505,0.0040108185619263,0.2473236844283421,0.2985642671719089,0.0028355559325524,False,0.1492821335859544,0,VOLATILITY_ACCELERATION,-0.4712985877938487,0.4712985877938487,False,NEITHER
2022-03-04,14.2244,0.0057270529009996,0.0249012882958179,0.0049477152668942,0.0069433476076657,0.0344555357102914,0.0334743567667634,0.018716515201363,-0.1381606451495635,0.0057270529009996,0.5228668339927327,0.1435971075445036,0.0209394899634648,False,0.418789799269296,0,DRAWDOWN_SHIFT,-0.4875384007034852,0.4875384007034852,False,NEITHER
2022-03-07,14.3929,0.0118458423553893,0.037528023471234,0.0046369458593385,0.0072555536062916,0.0344782970007769,0.0426755212236615,0.0225684412956066,-0.1279514320163347,0.0118458423553893,1.3576401465591477,0.1344888310241661,0.0315425303095482,False,0.6308506061909639,0,DRAWDOWN_SHIFT,-0.5232976654893897,0.5232976654893897,True,ISOLATION_FOREST_ONLY
2022-03-08,14.5004,0.0074689603901925,0.0425342229379961,0.0038258595624414,0.0072238030824018,0.0340975083919611,0.0469024635101382,0.0269559185909904,-0.1214381358037406,0.0074689603901925,0.6298431384506075,0.1122034935357151,0.0358443352499592,False,0.7168867049991839,0,DRAWDOWN_SHIFT,-0.5195160143833608,0.5195160143833608,True,ISOLATION_FOREST_ONLY
2022-03-09,14.6594,0.0109652147526964,0.0406405951628818,0.0033520440807449,0.0073183475274155,0.0339304052440235,0.0541268851109271,0.0298910135521182,-0.1118045162892994,0.0109652147526964,1.0503390639667214,0.0987917490709996,0.0346870891321865,False,0.69374178264373,0,DRAWDOWN_SHIFT,-0.5321761430012716,0.5321761430012716,True,ISOLATION_FOREST_ONLY
2022-03-10,14.8751,0.0147141083536843,0.0517343778723644,0.0035749758652529,0.0075384307618442,0.0331004147515459,0.0644189152588701,0.0351629426339707,-0.0987355117027271,0.0147141083536843,1.46393694813323,0.1080039598321328,0.0443328264070234,False,0.8866565281404679,0,DRAWDOWN_SHIFT,-0.5486864536964188,0.5486864536964188,True,ISOLATION_FOREST_ONLY
2022-03-11,14.7786,-0.0064873513455371,0.0389612215629482,0.0083423866569826,0.0078637226262912,0.0323762116203677,0.0527016857288069,0.0400388049440372,-0.0064873513455371,0.0064873513455371,-1.5033939354198664,0.2576702535430195,0.1316732938040264,True,2.633465876080528,1,DRAWDOWN_SHIFT,-0.5467270658765842,0.5467270658765842,True,BOTH
2022-03-14,14.7808,0.000148863897798,0.0269507882358663,0.0085276190057873,0.0079019508094087,0.0214705893042455,0.0484297989045989,0.0438341893719909,-0.0063394531801467,0.000148863897798,-0.5609943634190216,0.3971767558378608,0.1216119788361879,True,2.432239576723758,1,DRAWDOWN_SHIFT,-0.49660645758618416,0.49660645758618416,False,BASELINE_ONLY
2022-03-15,14.7037,-0.0052162264559427,0.014020302888196,0.0095676134507396,0.0081527080670549,0.0195961812843975,0.0389229574579783,0.047581791265729,-0.011522611612695,0.0052162264559427,-1.1942185125732414,0.4882386681305782,0.1099155241910456,True,2.198310483820912,1,DRAWDOWN_SHIFT,-0.4856168768951886,0.4856168768951886,False,BASELINE_ONLY
2022-03-16,14.6193,-0.0057400518236905,-0.0027354461983436,0.008908396705731,0.0083838618218275,0.0191751798479677,0.0292585322718275,0.0506899079555598,-0.0171965230485844,0.0057400518236905,-1.1838836259983967,0.4645795646435705,0.094607993240715,True,1.8921598648143,1,DRAWDOWN_SHIFT,-0.47648103216880394,0.47648103216880394,False,BASELINE_ONLY
2022-03-17,14.7144,0.0065050994233648,-0.0108032887173867,0.0055067694712128,0.0083230593400047,0.0162909351020795,0.0318476295463365,0.0540116242328334,-0.0108032887173867,0.0065050994233648,0.3407913706667555,0.3380266041640466,0.0879322229853404,True,1.7586444597068078,1,DRAWDOWN_SHIFT,-0.461539532346682,0.461539532346682,False,BASELINE_ONLY
2022-03-18,14.7905,0.0051718044908388,0.0008052183562718,0.0056809341579605,0.0083240216836097,0.0157748896498901,0.0330610260694159,0.0574844235695926,-0.0056873567236522,0.0051718044908388,0.1362358557429978,0.3601251282287149,0.0007999946218849,False,0.1800625641143574,0,VOLATILITY_ACCELERATION,-0.3825370493270127,0.3825370493270127,False,NEITHER
2022-03-21,14.8331,0.0028802271728474,0.0035383741069496,0.0058078303598829,0.0083106847009301,0.0145029789202466,0.0318645959021346,0.0611152489350126,-0.0028235104301819,0.0028802271728474,-0.1399405143517094,0.4004577536670753,0.0035159427499647,False,0.2002288768335376,0,VOLATILITY_ACCELERATION,-0.373181231155272,0.373181231155272,False,NEITHER
2022-03-22,14.8285,-0.0003101172377992,0.00848765956868,0.0048972001139806,0.0082429844360289,0.0143129425185679,0.0279134815513153,0.0635651170591984,-0.0031327520487256,0.0003101172377992,-0.5311542686930482,0.3421518746147103,0.0083898595639693,False,0.1710759373073551,0,VOLATILITY_ACCELERATION,-0.3752572666659902,0.3752572666659902,False,NEITHER
2022-03-23,14.8296,7.418147486260018e-05,0.0143850936775358,0.0030183578837104,0.0082629987415183,0.0112814763825303,0.0244354831745923,0.066318811157698,-0.0030588029660305,7.418147486260018e-05,-0.4260257412864406,0.2675499005063217,0.0141377200825538,False,0.2827544016510759,0,DRAWDOWN_SHIFT,-0.37869690804252765,0.37869690804252765,False,NEITHER
2022-03-24,14.8366,0.0004720289151427,0.0083047898657098,0.0023253577442525,0.0073899646611901,0.0101852346670528,0.0223060558297374,0.0672765827734795,-0.0025882178943333,0.0004720289151427,-0.3704168850290308,0.228306742089563,0.0082150708230534,False,0.1643014164610679,0,DRAWDOWN_SHIFT,-0.3695944478426971,0.3695944478426971,False,NEITHER
2022-03-25,14.8317,-0.0003302643462789,0.0027855718197491,0.0013394820278164,0.0061101089613577,0.0101524675902736,0.018624334845184,0.0693707462633952,-0.0029176274445213,0.0003302643462789,-0.3948114549112221,0.1319365972760817,0.0027697292791309,False,0.0987028637278055,0,LOCAL_RETURN_SHOCK,-0.37278454210356915,0.37278454210356915,False,NEITHER
2022-03-28,14.829,-0.0001820425170411,-0.0002764088423862,0.0003359472066809,0.0061010373871821,0.009904865130678,0.0151040277977911,0.0707382512457621,-0.0030991388293187,0.0001820425170411,-0.5769838776917361,0.0339173933464658,-0.0002756283991368,False,0.144245969422934,0,LOCAL_RETURN_SHOCK,-0.38569447591248873,0.38569447591248873,False,NEITHER
2022-03-29,14.5738,-0.0172095218827972,-0.0171763833159118,0.0077061306512393,0.0076434729146807,0.0097010864019175,-0.0046309813712364,0.0710259618518087,-0.0202553260146149,0.0172095218827972,-3.371103520013369,0.7943574906946627,-0.0171225739658893,False,0.8427758800033422,0,LOCAL_RETURN_SHOCK,-0.4403571294981437,0.4403571294981437,False,NEITHER
2022-03-30,14.6667,0.006374452785135,-0.0109847871823919,0.0088531305534265,0.0073091775110507,0.0095268723551518,-0.0002654970708413,0.0707201304371785,-0.0140099898488076,0.006374452785135,0.5244709213984521,0.9292798542261392,-0.0109511868827771,False,0.4646399271130696,0,VOLATILITY_ACCELERATION,-0.37669415544555773,0.37669415544555773,False,NEITHER
2022-03-31,14.6724,0.0003886354803739,-0.0110672256446895,0.0088469732778103,0.0073027550798895,0.0093856991792202,-0.0016768676968736,0.0703998601645614,-0.0136267991475688,0.0003886354803739,-0.2264986054056898,0.9426014097487132,-0.0110385812532354,False,0.4713007048743566,0,VOLATILITY_ACCELERATION,-0.3724474137851101,0.3724474137851101,False,NEITHER
2022-04-01,14.6857,0.0009064638368638,-0.0098437805511167,0.0089289366783526,0.0072478562650818,0.009385076801288,-0.0023376184009493,0.0694901868469675,-0.0127326875113443,0.0009064638368638,-0.1309890571275434,0.951397294599358,-0.0098150600668229,False,0.475698647299679,0,VOLATILITY_ACCELERATION,-0.37079822544988555,0.37079822544988555,False,NEITHER
2022-04-04,14.6795,-0.0004221793990071,-0.0100815968709959,0.0089177261417755,0.0068449899653045,0.0093841757096056,-0.0037286792032815,0.0674179565576618,-0.0131494914319902,0.0004221793990071,-0.2820412974882747,0.95029402877094,-0.0100503526026715,False,0.47514701438547,0,VOLATILITY_ACCELERATION,-0.372538558371,0.372538558371,False,NEITHER
2022-04-05,14.722,0.0028951939779964,0.0101689332912486,0.0027199455128757,0.0066924977996901,0.0093806027466883,-0.0015950607370915,0.0645996809562503,-0.0102923677824015,0.0028951939779964,0.275614674276166,0.2899542370916348,0.0099629582322134,False,0.199259164644268,0,DRAWDOWN_SHIFT,-0.3700716903826916,0.3700716903826916,False,NEITHER
2022-04-06,14.7139,-0.0005501969841053,0.0032181745041488,0.0013932710351871,0.0062508942243144,0.007509848626301,-0.0023287516582481,0.0605155437946167,-0.0108369019367936,0.0005501969841053,-0.1987483599684362,0.1855258480587191,0.0031730879120139,False,0.0927629240293595,0,VOLATILITY_ACCELERATION,-0.3635949718283187,0.3635949718283187,False,NEITHER
2022-04-07,14.7429,0.0019709254514439,0.004804939887135,0.0014967403695101,0.0052658942330851,0.0067982800007145,8.581137709628983e-05,0.0548685478310864,-0.0088873352111917,0.0019709254514439,0.2826427703313441,0.2201645665304742,0.0047394639363771,False,0.1100822832652371,0,VOLATILITY_ACCELERATION,-0.35756675048072684,0.35756675048072684,False,NEITHER
2022-04-08,14.7443,9.496096426087064e-05,0.0039902762551324,0.0015471516667369,0.0050696230505972,0.0067831735792557,0.0002971522233499,0.0499464517280225,-0.0087932181968524,9.496096426087064e-05,0.1002611703099317,0.2280866984545993,0.0039394693144919,False,0.1140433492272996,0,VOLATILITY_ACCELERATION,-0.3541611515843563,0.3541611515843563,False,NEITHER
2022-04-11,14.6631,-0.0055072129568715,-0.0011172042644504,0.0032660157864172,0.0052105811114259,0.0067488757988356,-0.0048143634788434,0.0451126699571962,-0.0142520050285376,0.0055072129568715,-1.0658237829828487,0.4839347891067567,-0.0011025135965473,False,0.2664559457457122,0,LOCAL_RETURN_SHOCK,-0.3614662882829115,0.3614662882829115,False,NEITHER
2022-04-12,14.6013,-0.0042146612926324,-0.0081986143187066,0.003115315070423,0.0051663472998189,0.0067549808793541,-0.0086642498785552,0.0407045799320702,-0.0184065989472339,0.0042146612926324,-0.7346530510230402,0.4611878443571377,-0.0081142311648323,False,0.2305939221785688,0,VOLATILITY_ACCELERATION,-0.36871635529329805,0.36871635529329805,False,NEITHER
2022-04-13,14.6003,-6.848705252271436e-05,-0.0077205907339318,0.0031645504067047,0.0050073533311907,0.0066675183595159,-0.008668203652032,0.0369089928553929,-0.0184738253860478,6.848705252271436e-05,0.0518986926878341,0.4746219261906111,-0.0076369234492542,False,0.2373109630953055,0,VOLATILITY_ACCELERATION,-0.35781664390324885,0.35781664390324885,False,NEITHER
2022-04-14,14.6048,0.0003082128449414,-0.0093672208317224,0.0027648512517735,0.0047661054221348,0.0066140783103113,-0.0079935554357841,0.0324145903524097,-0.0181713064113855,0.0003082128449414,0.0721435668394783,0.4180251763065939,-0.0092839712001938,False,0.2090125881532969,0,VOLATILITY_ACCELERATION,-0.36142146832328526,0.36142146832328526,False,NEITHER
2022-04-15,14.6352,0.0020815074496056,-0.0073994696255502,0.0032237875936751,0.0046252411541966,0.0065667232642123,-0.0054041123446454,0.0277680769091075,-0.0161276226714442,0.0020815074496056,0.5128689038162324,0.4909278895981928,-0.0073344044745918,False,0.2454639447990964,0,VOLATILITY_ACCELERATION,-0.35601427822534215,0.35601427822534215,False,NEITHER
2022-04-18,14.64,0.0003279763857002,-0.0015753831045276,0.0023352285452961,0.0045613327796492,0.006562648218977,-0.0044246659229318,0.0229578411754536,-0.0158049357651376,0.0003279763857002,0.1827733999798516,0.3558363129298008,-0.0015529307366,False,0.1779181564649004,0,VOLATILITY_ACCELERATION,-0.3476462657826812,0.3476462657826812,False,NEITHER
2022-04-19,14.6554,0.0010519125683059,0.0037051495414792,0.0008524650074712,0.0045767375588834,0.0065467924914849,-0.0027904774023044,0.018756986168902,-0.0147696486074042,0.0010519125683059,0.3720227958401129,0.130211093230763,0.0036369503398296,False,0.0930056989600282,0,LOCAL_RETURN_SHOCK,-0.35667295924336284,0.35667295924336284,False,NEITHER
2022-04-20,14.6728,0.0011872756799542,0.0049656513907248,0.0007309649243972,0.0045918146825837,0.0064888607539354,-0.0010736239130154,0.0146930669130538,-0.0135999085720431,0.0011872756799542,0.3854670214509101,0.1126491925341255,0.0048739168140047,False,0.097478336280094,0,DRAWDOWN_SHIFT,-0.3582388421406728,0.3582388421406728,False,NEITHER
2022-04-21,14.7041,0.0021331988441197,0.0067991345311131,0.0007596328087467,0.0046256265818994,0.0064790010233061,0.0015089962535617,0.0116496559089775,-0.0114957210371694,0.0021331988441197,0.5780829654916633,0.1172453602050945,0.0066755853742161,False,0.1445207413729158,0,LOCAL_RETURN_SHOCK,-0.35991920563051755,0.35991920563051755,False,NEITHER
2022-04-22,14.7517,0.0032371923477125,0.0079602601945993,0.0011239111628889,0.0046982217924812,0.0063336868537262,0.0050248859768857,0.0080646158241599,-0.0082957425496299,0.0032371923477125,0.794570160553432,0.1774497522288597,0.0078318801218143,False,0.198642540138358,0,LOCAL_RETURN_SHOCK,-0.3571235277812655,0.3571235277812655,False,NEITHER
2022-04-25,14.7686,0.001145630673075,0.0087841530054644,0.0009391251261349,0.0047087464965184,0.0059848577762002,0.0063833375639057,0.0045569812617505,-0.0071596157336757,0.001145630673075,0.2991451678063233,0.1569168660731571,0.0086453200314619,False,0.172906400629238,0,DRAWDOWN_SHIFT,-0.3549173467739606,0.3549173467739606,False,NEITHER
2022-04-26,14.8077,0.002647508904026,0.0103920739113227,0.0009128950312556,0.0025139849259216,0.0059849868284403,0.0082442386335317,0.0030744580256056,-0.0045310619760539,0.002647508904026,0.6033335878346439,0.1525308338052771,0.0102385866313503,False,0.204771732627006,0,DRAWDOWN_SHIFT,-0.36650208841068216,0.36650208841068216,False,NEITHER
2022-04-27,14.8168,0.0006145451353012,0.0098140777493047,0.0010732237285566,0.0021444738497706,0.0059306607570134,0.008348574685461,0.0016038885948388,-0.0039193013828477,0.0006145451353012,-0.0735367934037077,0.1809619151268164,0.0096806071891954,False,0.1936121437839079,0,DRAWDOWN_SHIFT,-0.35700441581725373,0.35700441581725373,False,NEITHER
2022-04-28,14.7915,-0.0017075211921603,0.0059439204031528,0.0019393325357271,0.0022012618951537,0.0058961060534741,0.0062190137740745,0.0002065040965719,-0.0056201302848384,0.0017075211921603,-1.0347252941900795,0.3289175123612995,0.0058755907523309,False,0.2586813235475199,0,LOCAL_RETURN_SHOCK,-0.3530264661492967,0.3530264661492967,False,NEITHER
2022-04-29,14.8562,0.0043741337930567,0.0070839293098421,0.0022770033665515,0.0023726030909693,0.0059018429506534,0.0100346021937498,-0.0007815838332729,-0.0012705796935819,0.0043741337930567,1.8023850285557736,0.3858122599313509,0.007025162856048,False,0.4505962571389434,0,LOCAL_RETURN_SHOCK,-0.35629901306986683,0.35629901306986683,False,NEITHER
2022-05-02,14.8784,0.0014943256014323,0.0074346925233264,0.0022720305026895,0.0023686955923645,0.0059011106742721,0.0108604448128382,-0.0010784257834028,0.0,0.0014943256014323,0.3853698909026344,0.385017436225216,0.0071596157336757,False,0.192508718112608,0,VOLATILITY_ACCELERATION,-0.34456695842177687,0.34456695842177687,False,NEITHER
2022-05-03,14.7987,-0.0053567587912678,-0.0006077918920561,0.0036498848716388,0.002662263823146,0.0059497770343324,0.005183603064313,-0.0015689511119306,-0.0053567587912678,0.0053567587912678,-2.546794053167654,0.6134490167577076,-0.0008256968152138,False,0.6366985132919135,0,LOCAL_RETURN_SHOCK,-0.3738249355318784,0.3738249355318784,False,NEITHER
2022-05-04,14.7399,-0.0039733219809847,-0.0051900545326926,0.0039818283926824,0.0028225231298392,0.0059793106678173,0.0011012868042206,-0.0016652828862011,-0.0093087966448004,0.0039733219809847,-1.5913319194062778,0.6659343549606755,-0.0053894952619527,False,0.3978329798515694,0,LOCAL_RETURN_SHOCK,-0.3665290216937409,0.3665290216937409,False,NEITHER
2022-05-05,14.8667,0.0086025006953913,0.0050840009464896,0.0058001184888236,0.0033877844056505,0.0060305756051783,0.0092889450860922,-0.0007977405491318,-0.0007863748790192,0.0086025006953913,3.015186460863517,0.9617852206086576,0.0048337554058192,False,0.7537966152158793,0,LOCAL_RETURN_SHOCK,-0.3754454665259363,0.3754454665259363,False,NEITHER
2022-05-06,14.953,0.0058049197199108,0.0065157981179575,0.0060369262805504,0.0035930083622901,0.0060462217419005,0.014429140228394,2.645875961326816e-05,0.0,0.0058049197199108,1.588434547343888,0.9984625999927058,0.0012705796935819,False,0.4992312999963529,0,VOLATILITY_ACCELERATION,-0.3561787060972372,0.3561787060972372,False,NEITHER
2022-05-09,15.0973,0.0096502374105531,0.0147126035057534,0.0071050869169083,0.0038051012794762,0.0060956773934114,0.0227123388262584,0.0018993439339596,0.0,0.0096502374105531,2.4884700062453478,1.165594315176183,0.0,False,0.6221175015613369,0,LOCAL_RETURN_SHOCK,-0.3755504426832819,0.3755504426832819,False,NEITHER
2022-05-10,15.2561,0.0105184370715292,0.0309081203078649,0.0059149399237565,0.0040645493371724,0.0061982606454592,0.0311826619695081,0.0044704582788344,0.0,0.0105184370715292,2.378759465135308,0.954290285951389,0.0053567587912678,False,0.594689866283827,0,LOCAL_RETURN_SHOCK,-0.38563322363990027,0.38563322363990027,False,NEITHER
2022-05-11,15.3022,0.0030217421228229,0.0381481556862663,0.003077180828851,0.0040322367138442,0.0061918162888527,0.0318509520153769,0.0069181315952338,0.0,0.0030217421228229,0.2012697471665996,0.4969754729950459,0.0093087966448004,False,0.2484877364975229,0,VOLATILITY_ACCELERATION,-0.3725254798598592,0.3725254798598592,False,NEITHER
2022-05-12,15.3562,0.0035289043405524,0.032925935143643,0.0034453061762421,0.0040103110200115,0.0061798293478486,0.0328755652037928,0.0098448054115865,0.0,0.0035289043405524,0.2903404882906565,0.5575083035976589,0.0007863748790192,False,0.2787541517988294,0,VOLATILITY_ACCELERATION,-0.3624865439811033,0.3624865439811033,False,NEITHER
2022-05-13,15.4792,0.0080097940896837,0.0351902628235136,0.0034743059358552,0.0041912622709357,0.00621594671259,0.0382018327087367,0.0132455799362816,0.0,0.0080097940896837,1.3691149447894286,0.5589343178921108,0.0,False,0.3422787361973571,0,LOCAL_RETURN_SHOCK,-0.37678315657401884,0.37678315657401884,False,NEITHER
2022-05-16,15.56,0.0052199080055816,0.0306478641876362,0.0031631696343458,0.0041811763339628,0.0062285654946905,0.040411216515525,0.0170390270291223,0.0,0.0052199080055816,0.5736401540218866,0.5078488196105866,0.0,False,0.2539244098052933,0,VOLATILITY_ACCELERATION,-0.3693447688496008,0.3693447688496008,False,NEITHER
2022-05-17,15.9107,0.022538560411311,0.0429074271930571,0.008105507793784,0.0060019767148558,0.0066878885872425,0.0594144911671623,0.0219087518652516,0.0,0.022538560411311,4.6585770614746655,1.211968125373034,0.0,True,1.1646442653686664,1,LOCAL_RETURN_SHOCK,-0.4558437523121732,0.4558437523121732,False,BASELINE_ONLY
2022-05-18,15.95,0.0024700358877987,0.042333782070552,0.0082013008820529,0.005975619965831,0.0066858979886028,0.0575345190538547,0.0268017921417806,0.0,0.0024700358877987,-0.2773294258475438,1.226656598116416,0.0,False,0.613328299058208,0,VOLATILITY_ACCELERATION,-0.38733803738262895,0.38733803738262895,False,NEITHER
2022-05-19,15.8538,-0.0060313479623824,0.0324038499107852,0.0104212721232193,0.0063887533527095,0.0063906003474566,0.0471649602849719,0.0311804737042671,-0.0060313479623824,0.0060313479623824,-1.71196405985495,1.6307187989571077,-0.0060313479623824,False,0.8153593994785538,0,VOLATILITY_ACCELERATION,-0.41344789292113954,0.41344789292113954,False,NEITHER
2022-05-20,15.9051,0.0032358172803996,0.0275143418264509,0.0104602734864663,0.0063887596276639,0.0059681140870132,0.0465668316400069,0.0353905127727349,-0.0028150470219435,0.0032358172803996,-0.0868172557502641,1.752693285342547,-0.0028150470219435,False,0.8763466426712735,0,VOLATILITY_ACCELERATION,-0.3924054415091612,0.3924054415091612,False,NEITHER
2022-05-23,15.9263,0.0013329057975115,0.0235411311053983,0.0106281411628519,0.0063848152939783,0.0059585197519887,0.0439853978521547,0.039548072647731,-0.0014858934169278,0.0013329057975115,-0.3846594497981642,1.7836881650521808,-0.0014858934169278,False,0.8918440825260904,0,VOLATILITY_ACCELERATION,-0.38903139476300985,0.38903139476300985,False,NEITHER
2022-05-24,16.064,0.0086460759875175,0.0096350254859935,0.0052640776645333,0.0064681866829737,0.0060141594921292,0.0486936863273885,0.0429972995828855,0.0,0.0086460759875175,0.7590367845229085,0.8752806890842285,0.0,False,0.4376403445421142,0,VOLATILITY_ACCELERATION,-0.3737790195065284,0.3737790195065284,False,NEITHER
2022-05-25,16.3832,0.0198705179282867,0.0271598746081505,0.0096414855472474,0.0073015654949344,0.0062840364950956,0.0640911770102474,0.0477946117921277,0.0,0.0198705179282867,2.438213989497551,1.5342822332066557,0.0,False,0.7671411166033278,0,VOLATILITY_ACCELERATION,-0.43015435247798206,0.43015435247798206,False,NEITHER
2022-05-26,16.3659,-0.0010559597636602,0.0323014040797791,0.0083333422191493,0.0072711595393929,0.0062979563357602,0.0575603653471423,0.0527252232640906,-0.0010559597636602,0.0010559597636602,-0.8379645541400763,1.3231819617154297,0.0049753881987222,False,0.6615909808577148,0,VOLATILITY_ACCELERATION,-0.3934977695191565,0.3934977695191565,False,NEITHER
2022-05-27,16.1993,-0.0101797029188739,0.0184972115862209,0.0112562778852805,0.0080352307492814,0.0064897577896628,0.0422717358434723,0.05668076612296,-0.0112249133258458,0.0101797029188739,-2.1007343076948897,1.7344681034491063,-0.0084098663039023,False,0.8672340517245531,0,VOLATILITY_ACCELERATION,-0.4180281017481069,0.4180281017481069,False,NEITHER
2022-05-30,16.38,0.0111548029853141,0.0284874704105786,0.0115871151369793,0.0081430699224911,0.0064729221851806,0.0488314941430638,0.0610678361659264,-0.0001953220372088,0.0111548029853141,0.8447079680027012,1.7900902877385678,0.001290571379719,False,0.8950451438692839,0,VOLATILITY_ACCELERATION,-0.40429281246272447,0.40429281246272447,False,NEITHER
2022-05-31,16.4148,0.0021245421245421,0.0218376494023904,0.0115377181313326,0.0078147223871505,0.0064355476146462,0.0456495448359157,0.0662800218850407,0.0,0.0021245421245421,-0.334746148228298,1.7928106234619003,0.0,False,0.8964053117309502,0,VOLATILITY_ACCELERATION,-0.39246537401393666,0.39246537401393666,False,NEITHER
2022-06-01,16.4018,-0.0007919682237979,0.0011353093412767,0.007648505857309,0.007648253823942,0.0063389753348844,0.0393200044609816,0.071829504638275,-0.0007919682237979,0.0007919682237979,-0.7698848900033398,1.206583943499203,-0.0007919682237979,False,0.6032919717496015,0,VOLATILITY_ACCELERATION,-0.37121386514590377,0.37121386514590377,False,NEITHER
2022-06-02,16.4566,0.0033410967088978,0.0055420111329045,0.0077132690743317,0.0076221479638678,0.0061151937066423,0.0375659449175718,0.0767759400538024,0.0,0.0033410967088978,-0.267046503374158,1.2613286584779115,0.0010559597636602,False,0.6306643292389558,0,VOLATILITY_ACCELERATION,-0.36789380899818824,0.36789380899818824,False,NEITHER
2022-06-03,16.4174,-0.0023820230181204,0.0134635447210682,0.0052499065896839,0.0078011915900392,0.0060445506246231,0.0303379660907388,0.0809809970075257,-0.0023820230181204,0.0023820230181204,-0.984301145013204,0.8685354653657569,0.0088428903077254,False,0.4342677326828784,0,VOLATILITY_ACCELERATION,-0.3726721963522009,0.3726721963522009,False,NEITHER
2022-06-06,16.5859,0.0102635009197558,0.0125702075702076,0.0048936426638368,0.0078228022445766,0.0061388210876353,0.0360731927094639,0.0844332279728656,0.0,0.0102635009197558,0.7117351294860816,0.7971632653855126,0.0001953220372088,False,0.3985816326927563,0,VOLATILITY_ACCELERATION,-0.3743273178678573,0.3743273178678573,False,NEITHER
2022-06-07,16.7654,0.0108224455712382,0.0213587737895071,0.006115359971235,0.0078349035825086,0.0061710076086642,0.0423722121949352,0.0871342286052632,0.0,0.0108224455712382,0.7772999230193007,0.9909824066087572,0.0,False,0.4954912033043786,0,VOLATILITY_ACCELERATION,-0.3853869272170826,0.3853869272170826,False,NEITHER
2022-06-08,17.1627,0.023697615326804,0.046391249740882,0.0097775376715254,0.0088872780109685,0.006677799135298,0.0609377622371138,0.0908343338488475,0.0,0.023697615326804,2.417468538524154,1.4641856506049389,0.0007919682237979,False,0.7320928253024694,0,VOLATILITY_ACCELERATION,-0.45436049779871507,0.45436049779871507,False,NEITHER
2022-06-09,17.2662,0.006030519673478,0.0491960672313842,0.0094465614782712,0.0088713584307569,0.0066734937515973,0.0610717585558135,0.0945012334012112,0.0,0.006030519673478,0.0269760436507233,1.4155346254741252,0.0,False,0.7077673127370626,0,VOLATILITY_ACCELERATION,-0.4165758389574532,0.4165758389574532,False,NEITHER
2022-06-10,17.125,-0.0081778271999629,0.0431006127645059,0.0114424182397708,0.0093933470583465,0.0068105044053141,0.0470992903876894,0.0969226254852153,-0.0081778271999629,0.0081778271999629,-1.588672597385339,1.6801131838109538,-0.0057958041818425,False,0.8400565919054769,0,VOLATILITY_ACCELERATION,-0.4348323014965763,0.4348323014965763,False,NEITHER
2022-06-13,17.271,0.0085255474452554,0.0413061696983583,0.0114028185426349,0.0094244788542653,0.0068551420160768,0.0505311505204755,0.0992690041372392,0.0,0.0085255474452554,0.363988645148097,1.663396398775227,0.0,False,0.8316981993876135,0,VOLATILITY_ACCELERATION,-0.41337013613858087,0.41337013613858087,False,NEITHER
2022-06-14,17.2711,5.790052689524927e-06,0.0301633125365337,0.011795390131506,0.0085587655478892,0.0068530194186759,0.0462086438467981,0.0992040425105484,0.0,5.790052689524927e-06,-0.5587542586498317,1.721196075902122,0.0,False,0.860598037951061,0,VOLATILITY_ACCELERATION,-0.40652614998391773,0.40652614998391773,False,NEITHER
2022-06-15,17.2215,-0.0028718495058219,0.0034260343652221,0.0067399824790222,0.0086960427946178,0.0068816809222245,0.0392020202934493,0.0987651046760267,-0.0028718495058219,0.0028718495058219,-0.8198575713628371,0.979409326761332,-0.0028718495058219,False,0.489704663380666,0,VOLATILITY_ACCELERATION,-0.3827074234973321,0.3827074234973321,False,NEITHER
2022-06-16,17.3002,0.0045698690590252,0.0019691651897926,0.0064778723037182,0.0083774940727705,0.0068813610707548,0.0394150023701993,0.0993699691573202,0.0,0.0045698690590252,0.079558497458161,0.9413649766539074,0.0,False,0.4706824883269537,0,VOLATILITY_ACCELERATION,-0.37589504852707184,0.37589504852707184,False,NEITHER
2022-06-17,17.3156,0.0008901631195015,0.0111299270072993,0.0044124783336848,0.0084111210646902,0.0068743926671877,0.0359507008653163,0.0998387553664588,0.0,0.0008901631195015,-0.419925417011837,0.6418717328653756,0.0081778271999629,False,0.3209358664326878,0,VOLATILITY_ACCELERATION,-0.375218855947606,0.375218855947606,False,NEITHER
2022-06-20,17.3282,0.0007276675367875,0.003311910138382,0.0026573712547634,0.0084234030398365,0.0068691379364364,0.0323751444015685,0.1002603031473012,0.0,0.0007276675367875,-0.4236219570836308,0.3868565865692897,0.0,False,0.1934282932846448,0,VOLATILITY_ACCELERATION,-0.3725431872310826,0.3725431872310826,False,NEITHER
2022-06-21,17.3358,0.0004385914290001,0.0037461423997311,0.0026375324292961,0.008398392393293,0.0063648866353833,0.0289297843472191,0.0998997591412254,0.0,0.0004385914290001,-0.4537298931759082,0.4143879664146234,0.0,False,0.2071939832073117,0,VOLATILITY_ACCELERATION,-0.37098458322041256,0.37098458322041256,False,NEITHER
2022-06-22,17.3456,0.0005653041682531,0.0072061086432657,0.0017588146758775,0.0075241051772126,0.0063555694454306,0.0265794691208238,0.0974300852308247,0.0,0.0005653041682531,-0.3911299496897834,0.2767359700777115,0.0028718495058219,False,0.1383679850388557,0,VOLATILITY_ACCELERATION,-0.3719266736918645,0.3719266736918645,False,NEITHER
2022-06-23,17.3501,0.0002594317867354,0.0028843597183847,0.0002454140323003,0.0074935312245261,0.0063564288980515,0.0238638569879929,0.0950275425529132,0.0,0.0002594317867354,-0.3489417579822327,0.0386087906018313,0.0,False,0.0872354394955581,0,LOCAL_RETURN_SHOCK,-0.3902993871164598,0.3902993871164598,False,NEITHER
2022-06-24,16.8875,-0.0266626705321584,-0.0247233708332371,0.0121477201621545,0.0096186940255384,0.0074065995608199,-0.0054546139838825,0.0925101175501696,-0.0266626705321584,0.0266626705321584,-3.9518546726367503,1.6401210923315754,-0.0266626705321584,False,0.9879636681591876,0,LOCAL_RETURN_SHOCK,-0.49778742823247724,0.49778742823247724,False,NEITHER
2022-06-27,16.5309,-0.0211162102146558,-0.0460117034660264,0.0134594969157672,0.0106734062094332,0.0079965837318344,-0.0268880390565743,0.0877410295452887,-0.047215866190973,0.0211162102146558,-2.416413041553752,1.683155878451562,-0.047215866190973,False,0.94431732381946,0,DRAWDOWN_SHIFT,-0.5095488021752339,0.5095488021752339,False,NEITHER
2022-06-28,16.6728,0.0085839246502004,-0.0382445575052781,0.0153003938760374,0.0108214389481145,0.0080408221095679,-0.0192796533526975,0.0829637311574555,-0.0390372389784497,0.0085839246502004,0.7561735851198859,1.9028394942143072,-0.0390372389784497,False,0.9514197471071536,0,VOLATILITY_ACCELERATION,-0.47898495319944984,0.47898495319944984,False,NEITHER
2022-06-29,16.6478,-0.0014994482030611,-0.0402292223964579,0.0150482087428825,0.0108281947081803,0.00804707212344,-0.0214581729767442,0.0780408813480273,-0.0404781528636722,0.0014994482030611,-0.2158117928598777,1.8700228495590543,-0.0404781528636722,False,0.9350114247795271,0,VOLATILITY_ACCELERATION,-0.47482509649320187,0.47482509649320187,False,NEITHER
2022-06-30,16.6919,0.0026489986664903,-0.0379363807701397,0.0154130712142834,0.0108207516943918,0.0080473752558711,-0.0195440370803945,0.0733794533999756,-0.0379363807701397,0.0026489986664903,0.170704976924897,1.915291722358608,-0.0379363807701397,False,0.957645861179304,0,VOLATILITY_ACCELERATION,-0.4694178636461449,0.4694178636461449,False,NEITHER
2022-07-01,16.7427,0.0030433923040515,-0.0085743893412286,0.0114476738263483,0.0108056752761432,0.0080439047044232,-0.0174987874756578,0.0694678264929793,-0.0350084437553674,0.0030433923040515,0.2104683049570496,1.4231488620263526,-0.008345773223209,False,0.7115744310131763,0,VOLATILITY_ACCELERATION,-0.40156374071461104,0.40156374071461104,False,NEITHER
2022-07-04,16.8367,0.0056143871657499,0.0184986903314399,0.0037445037115024,0.0106455708545041,0.0079923816771143,-0.012709169736185,0.0652787516573305,-0.0295906075469306,0.0056143871657499,0.423587535817866,0.4685091206573078,0.0176252586440424,False,0.352505172880848,0,DRAWDOWN_SHIFT,-0.3954361622235641,0.3954361622235641,False,NEITHER
2022-07-05,16.9942,0.0093545647306181,0.0192769060985558,0.004003790662911,0.010577714571312,0.0079958056816802,-0.0041415480629071,0.0609917749997044,-0.0205128500700285,0.0093545647306181,0.8031304974143901,0.5007363638268986,0.0185243889084212,False,0.3704877781684239,0,DRAWDOWN_SHIFT,-0.39554081752746434,0.39554081752746434,False,NEITHER
2022-07-06,17.232,0.0139930093796707,0.035091723831377,0.0047678124116625,0.0096507073699521,0.0081224088947597,0.0095885130012642,0.0551047588492612,-0.0068068771937914,0.0139930093796707,1.2537321949193665,0.5869948771895157,0.0336712756698808,False,0.6734255133976159,0,DRAWDOWN_SHIFT,-0.42186698029316266,0.42186698029316266,False,NEITHER
2022-07-07,17.2726,0.0023560817084493,0.0347893289559606,0.0048349055513358,0.0095694270955044,0.0081160678465503,0.0119482138609592,0.0489321959893476,-0.0044668330441899,0.0023560817084493,0.2186289410687436,0.5957201988387587,0.0334695477259498,False,0.669390954518996,0,DRAWDOWN_SHIFT,-0.39344467981567516,0.39344467981567516,False,NEITHER
2022-07-08,17.289,0.000949480680384,0.0326291458366931,0.0053161911631472,0.0093713569461462,0.0081191584492931,0.0124226584981079,0.044155794922623,-0.0035215935354839,0.000949480680384,0.0926957062518216,0.6547712052115522,0.0314868502198835,False,0.6297370043976699,0,DRAWDOWN_SHIFT,-0.388671190200538,0.388671190200538,False,NEITHER
2022-07-11,17.3744,0.0049395569437213,0.0319361870200218,0.005351270745901,0.0092435366302402,0.0081170566291238,0.0171156472620643,0.0390368032612631,0.0,0.0049395569437213,0.4717305826432029,0.6592624630338012,0.0295906075469306,False,0.591812150938612,0,DRAWDOWN_SHIFT,-0.38609329667438125,0.38609329667438125,False,NEITHER
2022-07-12,17.2915,-0.0047713877889309,0.0174942039048615,0.0068630332691744,0.0093140673917903,0.0081740274740321,0.0122021535966938,0.034817387037713,-0.0047713877889309,0.0047713877889309,-0.5529149436690829,0.8396146564196694,0.0157414622810976,False,0.4198073282098347,0,VOLATILITY_ACCELERATION,-0.3685333356030811,0.3685333356030811,False,NEITHER
2022-07-13,17.4303,0.0080270653211114,0.0115076601671308,0.0047853450966606,0.0094488604750736,0.0081989045664819,0.019703992572611,0.0314774753573074,0.0,0.0080270653211114,0.8510162245441051,0.583656640696083,0.0068068771937914,False,0.2918283203480415,0,VOLATILITY_ACCELERATION,-0.35705774163765647,0.35705774163765647,False,NEITHER
2022-07-14,17.4493,0.0010900558223325,0.0102300753795028,0.0048150485398195,0.0094047312847319,0.0082016796791481,0.0203705116880965,0.0274435432947395,0.0,0.0010900558223325,0.0470392411823455,0.5870807844472699,0.0044668330441899,False,0.2935403922236349,0,VOLATILITY_ACCELERATION,-0.34746402912511226,0.34746402912511226,False,NEITHER
2022-07-15,17.405,-0.0025387837907537,0.0067094684481461,0.0052471353308949,0.0094279253667213,0.0082313797475242,0.0175140445291739,0.0233758378480732,-0.0025387837907537,0.0025387837907537,-0.3200922634922482,0.637455140187538,0.0009828097447301,False,0.318727570093769,0,VOLATILITY_ACCELERATION,-0.3495151199680515,0.3495151199680515,False,NEITHER
2022-07-18,17.4615,0.0032461936225223,0.005013122755318,0.0050066077776381,0.0094507282031469,0.0082287176545294,0.0204194931299994,0.0194992013602792,0.0,0.0032461936225223,0.3124805214009679,0.6084311052867725,0.0,False,0.3042155526433862,0,VOLATILITY_ACCELERATION,-0.34602745526055256,0.34602745526055256,False,NEITHER
2022-07-19,17.5517,0.0051656501446037,0.0150478558829483,0.0040108612214755,0.009509981326062,0.0082341971961538,0.0250439835600038,0.0162920708103688,0.0,0.0051656501446037,0.5015034979567925,0.4870980286152215,0.0047713877889309,False,0.2435490143076107,0,VOLATILITY_ACCELERATION,-0.3520829769747009,0.3520829769747009,False,NEITHER
2022-07-20,17.6228,0.004050889657412,0.0110439866209992,0.0030415211269358,0.009539998656429,0.0082301878914135,0.028363921132001,0.0142180333205101,0.0,0.004050889657412,0.3563056238458864,0.3695567060029089,0.0,False,0.1847783530014544,0,VOLATILITY_ACCELERATION,-0.3533243709514954,0.3533243709514954,False,NEITHER
2022-07-21,17.7149,0.0052261842612977,0.0152212409666863,0.0032204244723838,0.0095887014775606,0.0082126559955054,0.0326392198181577,0.0123491432344824,0.0,0.0052261842612977,0.4601127648602863,0.3921294736010208,0.0,False,0.1960647368005104,0,VOLATILITY_ACCELERATION,-0.3566630077322856,0.3566630077322856,False,NEITHER
2022-07-22,17.7289,0.0007902951752478,0.0186095949439815,0.0018215877876096,0.0070314650850235,0.0082158470008823,0.030927115675978,0.0127752336261461,0.0,0.0007902951752478,-0.0307394647643093,0.2217163717160239,0.0025387837907537,False,0.1108581858580119,0,VOLATILITY_ACCELERATION,-0.35865649247340525,0.35865649247340525,False,NEITHER
2022-07-25,17.8005,0.0040386036358712,0.0194141396787217,0.001807100337199,0.0043196037528681,0.0082145945147254,0.0312838108921946,0.0160622428097094,0.0,0.0040386036358712,0.2248334600160774,0.2199865536831562,0.0,False,0.1099932768415781,0,VOLATILITY_ACCELERATION,-0.3625122273813957,0.3625122273813957,False,NEITHER
2022-07-26,17.8623,0.0034718125895341,0.0176962915273164,0.0016519208555021,0.0041648342241237,0.0081406267819759,0.031310623556582,0.0187896696374501,0.0,0.0034718125895341,-0.0563994127131554,0.2029230549126273,0.0,False,0.1014615274563136,0,VOLATILITY_ACCELERATION,-0.36303521835795427,0.36303521835795427,False,NEITHER
2022-07-27,17.89,0.0015507521427811,0.015162176271648,0.0018192793851686,0.0040272492206429,0.0080895067593855,0.029219122419545,0.0217038693953077,0.0,0.0015507521427811,-0.4583802993831138,0.2248937344737192,0.0,False,0.1145950748457784,0,LOCAL_RETURN_SHOCK,-0.35535079370046097,0.35535079370046097,False,NEITHER
2022-07-28,17.9301,0.0022414756847399,0.0121479658366685,0.0013388033898679,0.0040334060845307,0.0080600053722233,0.0278651365912214,0.0246343092331524,0.0,0.0022414756847399,-0.3403972187371459,0.1661045282279508,0.0,False,0.0850993046842864,0,LOCAL_RETURN_SHOCK,-0.35854622046096396,0.35854622046096396,False,NEITHER
2022-07-29,17.8963,-0.0018850982426199,0.0094422101766042,0.0023242422961373,0.0042151462911613,0.0080783463453051,0.0225463812086825,0.0270411266544392,-0.0018850982426199,0.0018850982426199,-1.3579248152439325,0.2877126328568571,-0.0018850982426199,False,0.3394812038109831,0,LOCAL_RETURN_SHOCK,-0.36408489912284575,0.36408489912284575,False,NEITHER
2022-08-01,17.8957,-3.352648312771045e-05,0.0053481643774051,0.0020810186049915,0.004244235576623,0.0080405128672123,0.0194279008695701,0.0293908529278705,-0.0019185615250332,3.352648312771045e-05,-0.8016485530763389,0.2588166500519516,-0.0019185615250332,False,0.2004121382690847,0,LOCAL_RETURN_SHOCK,-0.3515764936141391,0.3515764936141391,False,NEITHER
2022-08-02,17.9369,0.0023022290270846,0.0041763938574539,0.0017886103937471,0.0039786761777561,0.007977763647097,0.0190386940869917,0.0314628732996871,0.0,0.0023022290270846,-0.1792819269622201,0.2241994715396151,0.0,False,0.1120997357698075,0,VOLATILITY_ACCELERATION,-0.3477390459754195,0.3477390459754195,False,NEITHER
2022-08-03,17.924,-0.0007191878195229,0.001900503074343,0.0018486439136205,0.0030297951593721,0.0079900773061263,0.0163080472557159,0.0332806236576022,-0.0007191878195229,0.0007191878195229,-0.8620241107491968,0.2313674627657324,-0.0007191878195229,False,0.2155060276872992,0,LOCAL_RETURN_SHOCK,-0.35172582597731716,0.35172582597731716,False,NEITHER
2022-08-04,17.9173,-0.0003738004909618,-0.0007138833581518,0.0015338913500349,0.0030729044254351,0.0079988524123634,0.0140746702345742,0.0351498008631021,-0.0010927194777247,0.0003738004909618,-0.7752067324759582,0.1917639269933329,-0.0010927194777247,False,0.1938016831189895,0,LOCAL_RETURN_SHOCK,-0.3536136398877601,0.3536136398877601,False,NEITHER
2022-08-05,17.9111,-0.0003460342797184,0.000826986583819,0.0012186474472354,0.0031061044121981,0.0079758740578341,0.0119422759393155,0.0364742113011409,-0.0014383756390458,0.0003460342797184,-0.7108770667493504,0.1527917114035187,0.0004467226035741,False,0.1777192666873376,0,LOCAL_RETURN_SHOCK,-0.3559867050030616,0.3559867050030616,False,NEITHER
2022-08-08,17.9482,0.0020713412353232,0.0029336656291734,0.0014701272604554,0.0030171798636326,0.0079678037656719,0.0123973293720842,0.0378400576512276,0.0,0.0020713412353232,0.095841587785286,0.1845084672879652,0.0019185615250332,False,0.0922542336439826,0,VOLATILITY_ACCELERATION,-0.3518758274104721,0.3518758274104721,False,NEITHER
2022-08-09,17.9694,0.0011811769425347,0.0018119072972475,0.0012046345797545,0.0026198967658331,0.0075178661339533,0.0116589565208578,0.0397622204465832,0.0,0.0011811769425347,-0.148834192515088,0.1602362370239543,0.0,False,0.0801181185119771,0,VOLATILITY_ACCELERATION,-0.35126304829880994,0.35126304829880994,False,NEITHER
2022-08-10,17.8566,-0.0062773381415072,-0.0037603213568399,0.0032613488903923,0.0028126371776061,0.0075941670271834,0.0041034940851485,0.0403741424366821,-0.0062773381415072,0.0062773381415072,-3.131880216158453,0.4294544587600283,-0.0055581503219843,False,0.7829700540396133,0,LOCAL_RETURN_SHOCK,-0.4002173127009127,0.4002173127009127,False,NEITHER
2022-08-11,17.9495,0.0052025581577679,0.001797145775312,0.0042310143844954,0.0029501684066004,0.0075332446432905,0.0079099268416695,0.0413830931565477,-0.0011074382004964,0.0052025581577679,1.4185667653406837,0.5616456898507552,-1.4718722771699848e-05,False,0.3546416913351709,0,LOCAL_RETURN_SHOCK,-0.3544652472510586,0.3544652472510586,False,NEITHER
2022-08-12,17.9542,0.0002618457338643,0.0024063290361842,0.0042141270819264,0.0028158690064189,0.0075354236669175,0.006621684847496,0.0427162977337878,-0.0008458824446002,0.0002618457338643,-0.3919857303649825,0.5592422228928589,0.0005924931944456,False,0.2796211114464294,0,VOLATILITY_ACCELERATION,-0.34379349732071063,0.34379349732071063,False,NEITHER
2022-08-15,17.9724,0.0010136903899922,0.001348324623082,0.0041406807436539,0.0027895638520828,0.0075360510240399,0.0062009983405779,0.0438029742731451,0.0,0.0010136903899922,-0.1934076963177549,0.5494496693885411,0.0,False,0.2747248346942705,0,VOLATILITY_ACCELERATION,-0.34276910271035943,0.34276910271035943,False,NEITHER
2022-08-16,17.9548,-0.0009792793394316,-0.0008124923481029,0.0041353804321107,0.0026952018330544,0.0074954775372414,0.0040826438285417,0.0443219961601073,-0.0009792793394316,0.0009792793394316,-0.8696539796533922,0.5517167400694614,-0.0009792793394316,False,0.2758583700347307,0,VOLATILITY_ACCELERATION,-0.3484274919205845,0.3484274919205845,False,NEITHER
2022-08-17,17.9614,0.0003675897253103,0.0058689784169438,0.00236505350184,0.0026102928541792,0.0071155051970592,0.0035016460669685,0.0444652963356204,-0.0006120495871446,0.0003675897253103,-0.2863754977648224,0.3323802648359337,0.0056652885543626,False,0.1661901324179668,0,VOLATILITY_ACCELERATION,-0.3486684247838225,0.3486684247838225,False,NEITHER
2022-08-18,18.0848,0.0068702885075773,0.0075378144238,0.0030837666785692,0.0027727104958947,0.0071396716370132,0.0093530134697235,0.0444328831723741,0.0,0.0068702885075773,2.266038464949599,0.4319199586970442,0.0011074382004964,False,0.5665096162373997,0,LOCAL_RETURN_SHOCK,-0.36754833621151,0.36754833621151,False,NEITHER
2022-08-19,18.0917,0.0003815358754311,0.0076583751991177,0.0030721289168341,0.0027761327334534,0.0069702278645602,0.0087168587639165,0.0429326666296447,0.0,0.0003815358754311,-0.2365677314948371,0.4407501413912444,0.0008458824446002,False,0.2203750706956222,0,VOLATILITY_ACCELERATION,-0.3423930598979603,0.3423930598979603,False,NEITHER
2022-08-22,18.0851,-0.000364808171703,0.0062707262246555,0.0031897368329631,0.002697381080604,0.0068679659950885,0.0075494760604559,0.0399214392377984,-0.000364808171703,0.000364808171703,-0.497757148855744,0.4644368995484517,-0.000364808171703,False,0.2322184497742258,0,VOLATILITY_ACCELERATION,-0.3420623881823947,0.3420623881823947,False,NEITHER
2022-08-23,18.1129,0.0015371770131211,0.0088054447835677,0.0029376208354928,0.0026302590509506,0.0068677331047972,0.0083943320721608,0.0370739030023092,0.0,0.0015371770131211,0.2744572749756913,0.4277424283481305,0.0009792793394316,False,0.2138712141740652,0,VOLATILITY_ACCELERATION,-0.3419821246689646,0.3419821246689646,False,NEITHER
2022-08-24,18.1457,0.0018108640802965,0.0102608928034562,0.0028359469796041,0.0026353246120772,0.0068601648224065,0.0095018582852037,0.0341037422959582,0.0,0.0018108640802965,0.4222909931811144,0.4133934173624226,0.0006120495871446,False,0.2066967086812113,0,VOLATILITY_ACCELERATION,-0.3430296871001403,0.3430296871001403,False,NEITHER
2022-08-25,18.1663,0.0011352551844237,0.004506546934442,0.0008887572334684,0.0026130739546325,0.0068571783104198,0.0099843134224342,0.0311106614186407,0.0,0.0011352551844237,0.1601776920636596,0.1296097597634135,0.0,False,0.0648048798817067,0,VOLATILITY_ACCELERATION,-0.34909488874840133,0.34909488874840133,False,NEITHER
2022-08-26,18.1894,0.0012715852980518,0.0054002664205132,0.0008471101068601,0.0025458632240032,0.0068367602022906,0.0104453161064961,0.0285497980196209,0.0,0.0012715852980518,0.2348809729463897,0.1239051951209701,0.0,False,0.061952597560485,0,VOLATILITY_ACCELERATION,-0.34849425021266855,0.34849425021266855,False,NEITHER
2022-08-29,18.1993,0.000544273038143,0.0063145904639732,0.0004765078070429,0.0025389887575345,0.0067457478021816,0.0101434514377058,0.0263121167326036,0.0,0.000544273038143,-0.1065984541268927,0.0706382481255518,0.000364808171703,False,0.0353191240627759,0,VOLATILITY_ACCELERATION,-0.35544681152964164,0.35544681152964164,False,NEITHER
2022-08-30,18.2148,0.0008516811086141,0.0056258246884817,0.0004753743921074,0.002515769496526,0.0066358929423669,0.0102246505840537,0.0243532119043607,0.0,0.0008516811086141,0.0028093902696856,0.0716368386645253,0.0,False,0.0358184193322626,0,VOLATILITY_ACCELERATION,-0.35486506389263045,0.35486506389263045,False,NEITHER
2022-08-31,18.2064,-0.0004611634495026,0.0033451451308021,0.0006904164130582,0.0025083706024056,0.0059586807740679,0.0089686285039289,0.0231441987686253,-0.0004611634495026,0.0004611634495026,-0.4901816933489162,0.1158673268859917,-0.0004611634495026,False,0.122545423337229,0,LOCAL_RETURN_SHOCK,-0.3507119332527102,0.3507119332527102,False,NEITHER
2022-09-01,18.2107,0.0002361806837156,0.0024440860274244,0.0006545531753613,0.0024972238688005,0.0059226477151792,0.0083871216028805,0.0221078386427464,-0.0002250916836858,0.0002361806837156,-0.2187640202127019,0.1105169861249286,-0.0002250916836858,False,0.0552584930624643,0,VOLATILITY_ACCELERATION,-0.34877103335800635,0.34877103335800635,False,NEITHER
2022-09-02,18.2191,0.0004612672769306,0.0016328191144294,0.0004924362361833,0.0024839513693726,0.005801863347471,0.0079926925218682,0.0211816850261796,0.0,0.0004612672769306,-0.1418189642943947,0.0848755316510428,0.0,False,0.0424377658255214,0,VOLATILITY_ACCELERATION,-0.3535873652796063,0.3535873652796063,False,NEITHER
2022-09-05,18.2251,0.0003293247196622,0.0014176369420801,0.0004778319902913,0.002469584769865,0.0057187496591499,0.0075528734310457,0.0203100502780422,0.0,0.0003293247196622,-0.2119451066058153,0.0835553256867569,0.0,False,0.0529862766514538,0,LOCAL_RETURN_SHOCK,-0.35335044952580597,0.35335044952580597,False,NEITHER
2022-09-06,18.2302,0.000279833855507,0.0008454663240879,0.000362293906416,0.0024698853059227,0.0057181223736502,0.00710879528349,0.0190971782386411,0.0,0.000279833855507,-0.1979488139555616,0.0633588934866966,0.0,False,0.0494872034888904,0,LOCAL_RETURN_SHOCK,-0.35604771423107934,0.35604771423107934,False,NEITHER
2022-09-07,18.2348,0.0002523285537185,0.0015598910273311,9.072561674088193e-05,0.0018493702134783,0.005697218877874,0.0063116603745054,0.0189390520774026,0.0,0.0002523285537185,-0.1908143355744021,0.0159245447095649,0.0004611634495026,False,0.0477035838936005,0,LOCAL_RETURN_SHOCK,-0.3597007493228549,0.3597007493228549,False,NEITHER
2022-09-08,18.2354,3.290411740186627e-05,0.00135634544526,0.000155498900377,0.0015801192611568,0.0056787007050023,0.0055515040895299,0.018310780135591,0.0,3.290411740186627e-05,-0.550023617369232,0.0273828307662037,0.0002250916836858,False,0.137505904342308,0,LOCAL_RETURN_SHOCK,-0.3618791437969485,0.3618791437969485,False,NEITHER
2022-09-09,18.24,0.0002522565998004,0.0011471477734903,0.0001142226697913,0.0015802899166425,0.005679304802661,0.0050132197256986,0.017544198996473,0.0,0.0002522565998004,-0.3413426590728652,0.0201120865599222,0.0,False,0.0853356647682163,0,LOCAL_RETURN_SHOCK,-0.36029321665657926,0.36029321665657926,False,NEITHER
2022-09-12,18.2352,-0.0002631578947368,0.0005541807726705,0.0002315842263326,0.0015965341505428,0.0056812048992224,0.0040218245026537,0.0168246028920078,-0.0002631578947368,0.0002631578947368,-0.6671542588395527,0.0407632237246534,-0.0002631578947368,False,0.1667885647098881,0,LOCAL_RETURN_SHOCK,-0.36254831397139536,0.36254831397139536,False,NEITHER
2022-09-13,18.255,0.0010858120558041,0.0013603800287433,0.0005016541734783,0.0015463438265285,0.0056809927375822,0.0042820208761926,0.016517916685657,0.0,0.0010858120558041,0.2245584390195955,0.0883039631717257,0.0,False,0.0561396097548988,0,LOCAL_RETURN_SHOCK,-0.3530397812924986,0.3530397812924986,False,NEITHER
2022-09-14,18.2448,-0.0005587510271157,0.0005484019566983,0.0006254727130222,0.0015745563743771,0.0056838922808037,0.0029390366347494,0.0163480918333569,-0.0005587510271157,0.0005587510271157,-0.8984434199942688,0.1100430272288267,-0.0005587510271157,False,0.2246108549985672,0,LOCAL_RETURN_SHOCK,-0.35576879242306286,0.35576879242306286,False,NEITHER
2022-09-15,18.2711,0.0014415066210646,0.001957730568016,0.0008566688140327,0.0006891526439775,0.0056838284183412,0.0038707408801335,0.0158188602919424,0.0,0.0014415066210646,0.4174332913721415,0.1507203861517541,0.0,False,0.1043583228430353,0,LOCAL_RETURN_SHOCK,-0.3484531710148801,0.3484531710148801,False,NEITHER
2022-09-16,18.2628,-0.0004542693105507,0.0012499999999999,0.000939637439536,0.0007220858797793,0.0043915633842987,0.0029432915934548,0.0152684417820441,-0.0004542693105507,0.0004542693105507,-1.4032661645149322,0.2139642212373654,-0.0004542693105507,False,0.350816541128733,0,LOCAL_RETURN_SHOCK,-0.3535755648560565,0.3535755648560565,False,NEITHER
2022-09-19,18.2802,0.0009527564228926,0.0024677546722822,0.000930855176361,0.0007016317164001,0.0032591666021149,0.0033613334679916,0.0150070280156815,0.0,0.0009527564228926,0.6671663561769205,0.2856114123644248,0.0002631578947368,False,0.1667915890442301,0,LOCAL_RETURN_SHOCK,-0.34216000296037996,0.34216000296037996,False,NEITHER
2022-09-20,18.3132,0.0018052318902417,0.003188167625308,0.0010877025746285,0.0007239505011769,0.0031308606019121,0.0046203914372584,0.0148565425462028,0.0,0.0018052318902417,1.8077128117640024,0.3474132875683481,0.0,False,0.4519282029410006,0,LOCAL_RETURN_SHOCK,-0.35116338752220627,0.35116338752220627,False,NEITHER
2022-09-21,18.3347,0.0011740165563638,0.0049274313777076,0.00086449914307,0.0006781432155731,0.0031053554832512,0.0052786904570982,0.0146604390955056,0.0,0.0011740165563638,0.8615652094033704,0.2783897520695116,0.0005587510271157,False,0.2153913023508426,0,LOCAL_RETURN_SHOCK,-0.3444354746807921,0.3444354746807921,False,NEITHER
2022-09-22,18.3371,0.0001308993329587,0.0036122619875103,0.0008893773016521,0.0006671614544716,0.0031081539398108,0.0049397255927219,0.0144690122682211,0.0,0.0001308993329587,-0.5714785212946973,0.286143260235765,0.0,False,0.1430716301178825,0,VOLATILITY_ACCELERATION,-0.3422861947557433,0.3422861947557433,False,NEITHER
2022-09-23,18.418,0.004411820844081,0.0084981492432705,0.0016326379517723,0.0010971370639244,0.0031241084801964,0.0087414583811993,0.0142780799461372,0.0,0.004411820844081,5.9110054922837705,0.5225932332764779,0.0004542693105507,True,1.4777513730709426,1,LOCAL_RETURN_SHOCK,-0.40027633679819846,0.40027633679819846,False,BASELINE_ONLY
2022-09-26,18.4774,0.0032251058746877,0.0107876281441121,0.0016896642193192,0.0012410500977126,0.0030870206346587,0.0112246405761726,0.014195281560565,0.0,0.0032251058746877,2.3696841173477625,0.5473446469223258,0.0,False,0.5924210293369406,0,LOCAL_RETURN_SHOCK,-0.3550676687297952,0.3550676687297952,False,NEITHER
2022-09-27,18.4431,-0.0018563217768732,0.0070932442172859,0.0024832403237784,0.0013713241422054,0.0029428914431374,0.0087173203038879,0.0140467969592541,-0.0018563217768732,0.0018563217768732,-2.1075708573480543,0.8438096925284582,-0.0018563217768732,False,0.5268927143370136,0,LOCAL_RETURN_SHOCK,-0.357908273816084,0.357908273816084,False,NEITHER
2022-09-28,18.5488,0.0057311406433842,0.0116773113277008,0.0031250709261423,0.0017579838905566,0.0025025338087305,0.0135493817631819,0.0142020602879593,0.0,0.0057311406433842,3.72432847121372,1.248762720103911,0.0,False,0.93108211780343,0,LOCAL_RETURN_SHOCK,-0.38031488648555933,0.38031488648555933,False,NEITHER
2022-09-29,18.5075,-0.0022265591305097,0.0092926362401906,0.0036698774754218,0.0018906428435276,0.0025373072844343,0.0104732694809228,0.0141999370405223,-0.0022265591305097,0.0022265591305097,-1.79754402155226,1.4463669804345396,-0.0022265591305097,False,0.7231834902172698,0,VOLATILITY_ACCELERATION,-0.36715192843644745,0.36715192843644745,False,NEITHER
2022-09-30,18.502,-0.0002971768202081,0.0045607557823867,0.0034478540561985,0.0019055608789139,0.0025441117794039,0.0093934364876469,0.0141184040507593,-0.0025230742689554,0.0002971768202081,-0.5857976482627983,1.3552289974485132,-0.0025230742689554,False,0.6776144987242566,0,VOLATILITY_ACCELERATION,-0.3483737773516332,0.3483737773516332,False,NEITHER
2022-10-03,18.5568,0.002961841963031,0.0042971413727039,0.0034055112262902,0.0019633849827464,0.0025065039460071,0.0114679142862048,0.0142590753894189,0.0,0.002961841963031,1.1489566567400251,1.358669804496112,0.0,False,0.679334902248056,0,VOLATILITY_ACCELERATION,-0.3511732215203626,0.3511732215203626,False,NEITHER
2022-10-04,18.5681,0.0006089411967582,0.0067776024637939,0.0030759715449273,0.0019592527016287,0.0023862101711068,0.0111526795292784,0.0144617689564192,0.0,0.0006089411967582,-0.1503117189864819,1.289061450735736,0.0018563217768732,False,0.644530725367868,0,VOLATILITY_ACCELERATION,-0.34588446138890505,0.34588446138890505,False,NEITHER
2022-10-05,18.594,0.0013948653874118,0.0024368153195895,0.0019327609036313,0.0019553975826469,0.0022113658072011,0.0115737441285308,0.0143942500260756,0.0,0.0013948653874118,0.2421071316668919,0.8740122947263858,0.0,False,0.4370061473631929,0,VOLATILITY_ACCELERATION,-0.3354696780415392,0.3354696780415392,False,NEITHER
2022-10-06,18.584,-0.00053780789502,0.0041334594083479,0.0014189821439972,0.001973985933793,0.0022212061281128,0.0100719127285691,0.0145557762800376,-0.00053780789502,0.00053780789502,-0.7750091775517454,0.6388340667882128,0.0016887512354897,False,0.3194170333941064,0,VOLATILITY_ACCELERATION,-0.3372551828767935,0.3372551828767935,False,NEITHER
2022-10-07,18.616,0.0017219113215669,0.0061614960544806,0.0013018537463587,0.0019740343270563,0.0021719928657783,0.0107783416741369,0.0147928138248827,0.0,0.0017219113215669,0.3914940484952747,0.5993821466315917,0.0025230742689554,False,0.2996910733157958,0,VOLATILITY_ACCELERATION,-0.33747295369851504,0.33747295369851504,False,NEITHER
2022-10-10,18.5806,-0.0019015900300816,0.0012825487152958,0.0014879344395314,0.0020622276942387,0.0021883534590801,0.0079111417778152,0.0150095074070228,-0.0019015900300816,0.0019015900300816,-1.4813219318241584,0.6799333230916319,-0.0019015900300816,False,0.3703304829560396,0,LOCAL_RETURN_SHOCK,-0.3478426348250122,0.3478426348250122,False,NEITHER
2022-10-11,18.5902,0.0005166679224566,0.0011902133228494,0.001483046379711,0.0020640454913264,0.0021210032134506,0.0075159119682282,0.0150933877752663,-0.001385904598195,0.0005166679224566,-0.205603282664753,0.6992192988233498,-0.001385904598195,False,0.3496096494116749,0,VOLATILITY_ACCELERATION,-0.33434512527369037,0.33434512527369037,False,NEITHER
2022-10-12,18.5589,-0.0016836828006152,-0.0018877057115198,0.0015216541100119,0.0021207875263009,0.0021085635567398,0.0049642000896183,0.0151660117303098,-0.0030672539750751,0.0016836828006152,-1.2576730071357014,0.7216543723086241,-0.0030672539750751,False,0.360827186154312,0,VOLATILITY_ACCELERATION,-0.35061847120469636,0.35061847120469636,False,NEITHER
2022-10-13,18.553,-0.0003179067724918,-0.0016681015927678,0.0015190163430547,0.0021316832212812,0.0020343872108333,0.0038785108422991,0.015420877825792,-0.0033841856467554,0.0003179067724918,-0.5535074440912773,0.7466702184155493,-0.0028463777517354,False,0.3733351092077746,0,VOLATILITY_ACCELERATION,-0.3420642275048116,0.3420642275048116,False,NEITHER
2022-10-14,18.5606,0.0004096372554303,-0.0029759346798452,0.0011417409169673,0.0021142943151932,0.0020349250536244,0.0034812537271151,0.0157615337956817,-0.0029759346798452,0.0004096372554303,-0.1681098682797812,0.5610727112203706,-0.0029759346798452,False,0.2805363556101853,0,VOLATILITY_ACCELERATION,-0.3430996986124216,0.3430996986124216,False,NEITHER
2022-10-17,18.5815,0.0011260411840132,4.843761773010158e-05,0.0010768071333784,0.002115259814311,0.0019897831031688,0.003793633879892,0.0160445491949048,-0.0018532445208423,0.0011260411840132,0.1489156984802749,0.5411680959917423,4.834550923930002e-05,False,0.2705840479958711,0,VOLATILITY_ACCELERATION,-0.3378441036890786,0.3378441036890786,False,NEITHER
2022-10-18,18.5829,7.534375588624798e-05,-0.0003926800142011,0.0010424480831724,0.0021082027411904,0.0019581698385103,0.0031385021992187,0.0162260906057527,-0.0017780403953588,7.534375588624798e-05,-0.3519709713226464,0.5323583596637635,-0.0003921357971638,False,0.2661791798318818,0,VOLATILITY_ACCELERATION,-0.33816751004999174,0.33816751004999174,False,NEITHER
2022-10-19,18.5791,-0.0002044890732877,0.0010884265770061,0.00058036780191,0.0021155592057025,0.0019577671866435,0.002272214783638,0.0163695604198279,-0.0019821658788138,0.0002044890732877,-0.4448568705348444,0.2964437272569745,0.0010850880962612,False,0.1482218636284872,0,VOLATILITY_ACCELERATION,-0.34559266601428823,0.34559266601428823,False,NEITHER
2022-10-20,18.5913,0.0006566518292059,0.0020643561688136,0.0005155359075647,0.0021118438528232,0.0019463422326691,0.0022431641714768,0.0165904302441528,-0.001326815642458,0.0006566518292059,-0.0036785970830065,0.2648742337865855,0.0020573700042974,False,0.1324371168932927,0,VOLATILITY_ACCELERATION,-0.34544859254645344,0.34544859254645344,False,NEITHER
2022-10-21,18.5868,-0.0002420487001985,0.0014115922976627,0.0005930376307348,0.0019287078005354,0.0019221130911367,0.0015448754804499,0.0164162841257404,-0.0015685431886548,0.0002420487001985,-0.4416853276782483,0.3085342030442596,0.0014073914911904,False,0.1542671015221298,0,VOLATILITY_ACCELERATION,-0.34556508788421286,0.34556508788421286,False,NEITHER
2022-10-24,18.603,0.0008715862870425,0.0011570648225387,0.0005072435576772,0.0018197125400848,0.0019203445280697,0.0020787086688991,0.0159864932165081,-0.0006983240223462,0.0008715862870425,0.2144223299144819,0.2641419548746668,0.0011549204984961,False,0.1320709774373334,0,VOLATILITY_ACCELERATION,-0.34478002698490534,0.34478002698490534,False,NEITHER
2022-10-25,18.5947,-0.0004461645971081,0.0006349923854727,0.0005936201112294,0.0017563347832143,0.0019129833849736,0.0012228091873838,0.0157667629363069,-0.0011441770519983,0.0004461645971081,-0.4322204013696449,0.3103111693976329,0.0006338633433604,False,0.1551555846988164,0,VOLATILITY_ACCELERATION,-0.34448386967848316,0.34448386967848316,False,NEITHER
2022-10-26,18.6016,0.0003710734779265,0.0012110382096011,0.0005685174602895,0.0012326524236828,0.0019053815255772,0.0014519804701358,0.0149607927725703,-0.0007735281478297,0.0003710734779265,-0.0226532371772409,0.2983746051160427,0.0012086377309841,False,0.1491873025580213,0,VOLATILITY_ACCELERATION,-0.3447320047203395,0.3447320047203395,False,NEITHER
2022-10-27,18.5956,-0.0003225528986754,0.0002312909801895,0.0005586354020576,0.0011071637626552,0.0019049397250537,0.0008915963611673,0.0143789404430905,-0.0010958315427588,0.0003225528986754,-0.3775676563754554,0.2932562089553002,0.0002309840996992,False,0.1466281044776501,0,VOLATILITY_ACCELERATION,-0.34744577385453024,0.34744577385453024,False,NEITHER
2022-10-28,18.589,-0.000354922669879,0.0001183635698451,0.0005752387266428,0.0011087072433659,0.0019050165682898,0.0003021516263048,0.0138334691775479,-0.001450365277181,0.000354922669879,-0.535584517423535,0.3019599599384124,0.0001181779114737,False,0.1509799799692062,0,VOLATILITY_ACCELERATION,-0.3494324221168576,0.3494324221168576,False,NEITHER
2022-10-31,18.6139,0.0013395018559363,0.0005859270010213,0.0007569900084354,0.0009461448686108,0.001897903477082,0.0014881977204641,0.0130725883354261,-0.000112806188225,0.0013395018559363,0.9960537873045516,0.3988559047266521,0.0005855178341212,False,0.2490134468261379,0,LOCAL_RETURN_SHOCK,-0.3437339249214552,0.3437339249214552,False,NEITHER
2022-11-01,18.5776,-0.0019501555289327,-0.0009196168800786,0.0012038354906727,0.0010488573376557,0.0019247639923421,-0.0004904040332032,0.0121663862159848,-0.0020627417275461,0.0019501555289327,-2.223981126519346,0.6254457665782929,-0.0009185646755478,False,0.5559952816298365,0,LOCAL_RETURN_SHOCK,-0.36719007999585257,0.36719007999585257,False,NEITHER
2022-11-02,18.6281,0.0027183274481095,0.0014246086358162,0.001789384881478,0.0011740377991021,0.0017232081392204,0.0021346623327858,0.01127017407947,0.0,0.0027183274481095,2.5668214216764107,1.0384032205694775,0.0007735281478297,False,0.6417053554191027,0,LOCAL_RETURN_SHOCK,-0.36023770525651144,0.36023770525651144,False,NEITHER
2022-11-03,18.6173,-0.0005797692733021,0.0011669427176321,0.0018147727929737,0.001175259904146,0.0016264863527515,0.0014639524241013,0.0104026427968511,-0.0005797692733021,0.0005797692733021,-0.5724179769847585,1.1157626929384798,0.0005160622694567,False,0.5578813464692399,0,VOLATILITY_ACCELERATION,-0.3434542930901234,0.3434542930901234,False,NEITHER
2022-11-04,18.5622,-0.0029596128332249,-0.0014417128409273,0.0023276682918656,0.0012934301856563,0.0016901103462079,-0.0013554884909907,0.0092251984390923,-0.0035376662139455,0.0029596128332249,-2.594988412446794,1.3772285916645552,-0.0020873009367644,False,0.6886142958322776,0,VOLATILITY_ACCELERATION,-0.3856961681273266,0.3856961681273266,False,NEITHER
2022-11-07,18.4998,-0.0033616704916443,-0.0061298277093999,0.0024528674365349,0.0014316762872383,0.0017628791541533,-0.0044962279416176,0.008060587715815,-0.0068874442374691,0.0033616704916443,-2.4877780952047868,1.3913985146151422,-0.0067746380492441,False,0.6956992573075711,0,VOLATILITY_ACCELERATION,-0.3961960644750243,0.3961960644750243,False,NEITHER
2022-11-08,18.5269,0.001464880701413,-0.0027290931013693,0.0026671198380625,0.0014723694760813,0.0017567291518172,-0.0028681084531428,0.0069734092367459,-0.0054326528202016,0.001464880701413,1.1746984619153953,1.5182305338893998,-0.0033699110926554,False,0.7591152669446999,0,VOLATILITY_ACCELERATION,-0.3722133795962483,0.3722133795962483,False,NEITHER
2022-11-09,18.588,0.0032979073671255,-0.0021526618388347,0.0028506096917595,0.0016169966299064,0.0017926604264471,0.0003420041659389,0.0061958415517222,-0.0021526618388347,0.0032979073671255,2.354982234874824,1.5901559769516225,-0.0021526618388347,False,0.7950779884758112,0,VOLATILITY_ACCELERATION,-0.3783823092546705,0.3783823092546705,False,NEITHER
2022-11-10,18.4871,-0.0054282332687755,-0.0069934952973845,0.0036326659085312,0.0020332907363374,0.0017633208767842,-0.0049116310113652,0.0052501661136759,-0.0075692099570003,0.0054282332687755,-3.4062014002212413,2.060127544770047,-0.0069894406836982,True,1.0300637723850234,1,VOLATILITY_ACCELERATION,-0.43906326736583434,0.43906326736583434,False,BASELINE_ONLY
2022-11-11,18.5474,0.0032617338576628,-0.0007973192832746,0.0040096869975701,0.0021718182248115,0.0018024575498658,-0.0016304502874147,0.0044052268005176,-0.00433216484773,0.0032617338576628,1.6906914514846825,2.224566674465447,-0.0007944986337845,True,1.1122833372327234,1,VOLATILITY_ACCELERATION,-0.40857122718153577,0.40857122718153577,False,BASELINE_ONLY
2022-11-14,18.6007,0.0028737181491744,0.0054541130174379,0.0037215841303809,0.0022545060997559,0.001826993392039,0.0011868461917308,0.0036396736583512,-0.0014708961193036,0.0028737181491744,1.3385313257334297,2.036999228676716,0.0054165481181655,True,1.018499614338358,1,VOLATILITY_ACCELERATION,-0.3877386784648113,0.3877386784648113,False,BASELINE_ONLY
2022-11-15,18.603,0.0001236512604365,0.0041075409269764,0.0037364756893602,0.0022545559843456,0.0018221096118608,0.0012564818883882,0.002963331238839,-0.0013474267370262,0.0001236512604365,0.0308697282838563,2.0506316771713773,0.0040852260831754,True,1.0253158385856886,1,VOLATILITY_ACCELERATION,-0.3799523798499643,0.3799523798499643,False,BASELINE_ONLY
2022-11-16,18.5863,-0.0008977046712895,-9.145685388423086e-05,0.0035065349747191,0.0022640875263295,0.0018212919592512,0.0003382666806244,0.0023215755748777,-0.0022439218170398,0.0008977046712895,-0.4232209458823673,1.9253008595946173,-9.12599782050996e-05,False,0.9626504297973086,0,VOLATILITY_ACCELERATION,-0.3786559843834358,0.3786559843834358,False,NEITHER
2022-11-17,18.5928,0.0003497199550206,0.0057175003110276,0.0018246407931689,0.0022605954567165,0.0018187500735339,0.0006840655777231,0.0016388414038188,-0.001894986606256,0.0003497199550206,0.1448310130050392,1.0032388835171586,0.0056742233507443,False,0.5016194417585793,0,VOLATILITY_ACCELERATION,-0.3492875796864784,0.3492875796864784,False,NEITHER
2022-11-18,18.6178,0.0013446065143496,0.0037956802570711,0.0014257293028929,0.0022791796765265,0.0018193753512905,0.0019460069186572,0.0012668302248126,-0.0005529281032419,0.0013446065143496,0.5919428171160005,0.7836367035980876,0.0037792367444881,False,0.3918183517990438,0,VOLATILITY_ACCELERATION,-0.3435885809097314,0.3435885809097314,False,NEITHER
2022-11-21,18.6223,0.000241704175574,0.0011612466197508,0.0007968401229865,0.0022720908920225,0.001819358938691,0.0021361375329238,0.0009801011720813,-0.0003113575726994,0.000241704175574,0.0684053763340345,0.4379785132228025,0.0011595385466042,False,0.2189892566114012,0,VOLATILITY_ACCELERATION,-0.34346329401501025,0.34346329401501025,False,NEITHER
2022-11-22,18.6108,-0.0006175391868887,0.0004192872117401,0.0008860738758798,0.0022743996164228,0.001822850357015,0.0014738952646473,0.0006149044878873,-0.0009287044840857,0.0006175391868887,-0.295692886117494,0.4860924938077671,0.0004187222529404,False,0.2430462469038835,0,VOLATILITY_ACCELERATION,-0.3448878111253684,0.3448878111253684,False,NEITHER
2022-11-23,18.6169,0.0003277666731145,0.0016463739420971,0.0006956011979415,0.0022740941689731,0.001819668109069,0.0017609067930108,0.0005138729546696,-0.0006012422093503,0.0003277666731145,0.1240034838522278,0.3822681699342369,0.0016426796076894,False,0.1911340849671184,0,VOLATILITY_ACCELERATION,-0.3456544683262135,0.3456544683262135,False,NEITHER
2022-11-24,18.6289,0.0006445756275212,0.001941611806721,0.0007101173153243,0.0022761807872818,0.001819910285689,0.0023168175342089,0.00036627305993,0.0,0.0006445756275212,0.2642844693749947,0.3901935831169044,0.001894986606256,False,0.1950967915584522,0,VOLATILITY_ACCELERATION,-0.34458485993345,0.34458485993345,False,NEITHER
2022-11-25,18.6289,0.0,0.0005962036330824,0.0004721017099577,0.002273896029665,0.0018205358081025,0.0022092406135518,0.0002394612176415,0.0,0.0,-0.0403853171895067,0.2593202000513025,0.0005529281032419,False,0.1296601000256512,0,VOLATILITY_ACCELERATION,-0.349959105294619,0.349959105294619,False,NEITHER
2022-11-28,18.627,-0.0001019920660909,0.0002523855807283,0.0004748376236449,0.0022556348192885,0.001821560145842,0.0020717121186282,0.0001210572983023,-0.0001019920660909,0.0001019920660909,-0.0930836238326333,0.2606763354637464,0.0002093655066085,False,0.1303381677318732,0,VOLATILITY_ACCELERATION,-0.3498700674325714,0.3498700674325714,False,NEITHER
2022-11-29,18.6364,0.0005046437966391,0.001375545382251,0.0003200994991651,0.0022080660412901,0.0018216127097227,0.0024188564300862,0.0002536758109221,0.0,0.0005046437966391,0.2070583731805713,0.1757231366780637,0.0009287044840857,False,0.0878615683390318,0,VOLATILITY_ACCELERATION,-0.3543645243762282,0.3543645243762282,False,NEITHER
2022-11-30,18.6335,-0.0001556094524691,0.0008916629514044,0.0003693789674566,0.0021247796297578,0.0018228163843035,0.0022483151083549,0.000176453942831,-0.0001556094524691,0.0001556094524691,-0.1430868159317666,0.2026418956058155,0.0004456327568812,False,0.1013209478029077,0,VOLATILITY_ACCELERATION,-0.3524068162286791,0.3524068162286791,False,NEITHER
2022-12-01,18.633,-2.683339147246944e-05,0.000220088142617,0.0002647185698388,0.0021202033333046,0.0018230155895238,0.0021791062356644,0.0001291010772681,-0.0001824386684122,2.683339147246944e-05,-0.0204596432406137,0.1452091640686126,-0.0001824386684122,False,0.0726045820343063,0,VOLATILITY_ACCELERATION,-0.3583181536084734,0.3583181536084734,False,NEITHER
2022-12-02,18.6307,-0.0001234369130037,9.662406261234936e-05,0.0002753932570593,0.0020001646177668,0.001824040996801,0.0018708414914894,0.0004581061520454,-0.00030585306175,0.0001234369130037,-0.0791068225286805,0.1509797518489355,-0.00030585306175,False,0.0754898759244677,0,VOLATILITY_ACCELERATION,-0.3570227708669711,0.3570227708669711,False,NEITHER
2022-12-05,18.6391,0.0004508687274229,0.0006495946743974,0.0003216031827074,0.0018175925108688,0.0018222684982893,0.0019472796543544,0.0010504023627595,0.0,0.0004508687274229,0.1323762520599866,0.1764850695763621,0.0001019920660909,False,0.088242534788181,0,VOLATILITY_ACCELERATION,-0.35356800654320764,0.35356800654320764,False,NEITHER
2022-12-06,18.6346,-0.0002414279659426,-9.658517739474792e-05,0.000273806948513,0.0018038212605619,0.0018214483114355,0.0014155004283045,0.0015107488136556,-0.0002414279659426,0.0002414279659426,-0.3400923777024691,0.1503237543409674,-0.0002414279659426,False,0.0850230944256172,0,LOCAL_RETURN_SHOCK,-0.35865375667214666,0.35865375667214666,False,NEITHER
2022-12-07,18.6361,8.04954224935539e-05,0.0001395336356559,0.0002646247229336,0.0016592562890126,0.0018179403690043,0.0013666894761685,0.0015617562384815,-0.000160951977295,8.04954224935539e-05,-0.1169242992767999,0.1455629279405556,-5.342524825900001e-06,False,0.0727814639702778,0,VOLATILITY_ACCELERATION,-0.3574767765401303,0.3574767765401303,False,NEITHER
2022-12-08,18.6428,0.0003595172809762,0.0005259485858424,0.0002988311602595,0.0010205034471005,0.0018123414827173,0.0013078424895733,0.0021584263403371,0.0,0.0003595172809762,0.1380027427459788,0.1648867849183991,0.0001824386684122,False,0.0824433924591995,0,VOLATILITY_ACCELERATION,-0.35729635588082764,0.35729635588082764,False,NEITHER
2022-12-09,18.6433,2.682000557840957e-05,0.0006763030911345,0.0002768358772683,0.0007726415844852,0.0018098424357936,0.0010768799959404,0.0024521347917851,0.0,2.682000557840957e-05,-0.3852048566807114,0.1529613140863889,0.00030585306175,False,0.0963012141701778,0,LOCAL_RETURN_SHOCK,-0.3587086019121692,0.3587086019121692,False,NEITHER
2022-12-12,18.6364,-0.0003701061507351,-0.0001448567795655,0.000286151108302,0.0004795881474281,0.0018103750306082,0.000610468815352,0.0024964138944434,-0.0003701061507351,0.0003701061507351,-0.8131627398875202,0.1580617846932339,-0.0003701061507351,False,0.20329068497188,0,LOCAL_RETURN_SHOCK,-0.36323703672232105,0.36323703672232105,False,NEITHER
2022-12-13,18.6424,0.0003219505913159,0.0004185761969668,0.0002924141480799,0.0004822327204999,0.0017998927153516,0.0008267568583237,0.0025482173915503,-4.827471531332339e-05,0.0003219505913159,0.4711638735543458,0.1624619876428459,0.0001931532506292,False,0.1177909683885864,0,LOCAL_RETURN_SHOCK,-0.3605440427153794,0.3605440427153794,False,NEITHER
2022-12-14,18.6223,-0.0010781873578509,-0.0007404982802196,0.0005965670637075,0.0005032333201088,0.0018048041290818,-0.0003489220991155,0.00262567064666,-0.0011264100239765,0.0010781873578509,-2.455429206925234,0.3305439377573927,-0.0009654580466815,False,0.6138573017313085,0,LOCAL_RETURN_SHOCK,-0.3766740548178383,0.3766740548178383,False,NEITHER
2022-12-15,18.6423,0.0010739811945892,-2.6820005578742645e-05,0.0007995534953724,0.0005465782225491,0.0018077557564203,0.0005917469416343,0.0027548305740174,-5.363857257034699e-05,0.0010739811945892,1.9416527905892649,0.4422906648383009,-5.363857257034699e-05,False,0.4854131976473162,0,LOCAL_RETURN_SHOCK,-0.35897252161079257,0.35897252161079257,False,NEITHER
2022-12-16,18.6564,0.0007563444424776,0.0007026653006712,0.000870271927722,0.0004909485121794,0.0017257738316344,0.001244820738032,0.0027750510719182,0.0,0.0007563444424776,1.1402843005933878,0.5042792466599206,0.0,False,0.2850710751483469,0,LOCAL_RETURN_SHOCK,-0.34861899576089755,0.34861899576089755,False,NEITHER
2022-12-19,18.65,-0.0003430458180572,0.0007297546736493,0.0008663758318765,0.0004996309834038,0.0016812215891488,0.0008269567508596,0.0027975087454097,-0.0003430458180572,0.0003430458180572,-0.9099173938511436,0.5153251882252743,2.706033267790001e-05,False,0.2576625941126371,0,VOLATILITY_ACCELERATION,-0.34853873588503614,0.34853873588503614,False,NEITHER
2022-12-20,18.6575,0.000402144772118,0.0008099815474402,0.0008711716509844,0.0004768073763334,0.0016605509939367,0.0011039911358767,0.0028797190612486,0.0,0.000402144772118,0.65589507060379,0.5246280627125438,4.827471531332339e-05,False,0.2623140313562719,0,VOLATILITY_ACCELERATION,-0.34547339205688604,0.34547339205688604,False,NEITHER
2022-12-21,18.6662,0.0004663004153826,0.0023573887221235,0.0005273616854549,0.0004808903446675,0.0014937193421964,0.0014383517915554,0.0029710761978942,0.0,0.0004663004153826,0.7149154173554106,0.3530527258751668,0.0011264100239765,False,0.1787288543388526,0,LOCAL_RETURN_SHOCK,-0.35173531920123446,0.35173531920123446,False,NEITHER
2022-12-22,18.655,-0.0006000150003749,0.0006812464127281,0.0005779188979105,0.0004915276107482,0.0014651507803539,0.0007674070092342,0.0029514404514405,-0.0006000150003749,0.0006000150003749,-1.5229358762069003,0.3944432925674084,-0.0005463764278045,False,0.3807339690517251,0,LOCAL_RETURN_SHOCK,-0.3598170687896073,0.3598170687896073,False,NEITHER
2022-12-23,18.6755,0.001098901098901,0.0010237773632639,0.0006809196740929,0.0005420954289156,0.0014692771485977,0.0017419383388694,0.0029691462184808,0.0,0.001098901098901,2.0930268203651963,0.4634385519047783,0.0,False,0.5232567050912991,0,LOCAL_RETURN_SHOCK,-0.360471564348914,0.360471564348914,False,NEITHER
2022-12-26,18.6626,-0.0006907445583785,0.0006756032171584,0.0007635987568552,0.0005703249894843,0.0014261139373002,0.0009544213522212,0.0030295629176979,-0.0006907445583785,0.0006907445583785,-1.504919976178061,0.5354402175612851,-0.0003476987403213,False,0.3762299940445152,0,LOCAL_RETURN_SHOCK,-0.3574785923811368,0.3574785923811368,False,NEITHER
2022-12-27,18.6813,0.001002004008016,0.0012756264236901,0.0008573673251087,0.0005992098485466,0.0014294102490922,0.0018367516577688,0.0029917010149298,0.0,0.001002004008016,1.589227138462877,0.5998049374930695,0.0,False,0.3973067846157193,0,LOCAL_RETURN_SHOCK,-0.34859656962380525,0.34859656962380525,False,NEITHER
2022-12-28,18.7117,0.0016272957449428,0.0024375609390234,0.0010616742830174,0.0006827679682837,0.001433282280799,0.0032566688256261,0.0031874438593566,0.0,0.0016272957449428,2.514644378831604,0.7407293714853972,0.0,False,0.628661094707901,0,LOCAL_RETURN_SHOCK,-0.360315753883737,0.360315753883737,False,NEITHER
2022-12-29,18.7069,-0.0002565239930096,0.0027820959528277,0.0009818226431876,0.0006888595379109,0.0014315992046574,0.0028006414484751,0.0033438241310934,-0.0002565239930096,0.0002565239930096,-0.6827580409200164,0.6858222888036339,0.0003434910073652,False,0.3429111444018169,0,VOLATILITY_ACCELERATION,-0.3442027288959212,0.3442027288959212,False,NEITHER
2022-12-30,18.7058,-5.880183247897186e-05,0.0016224465208427,0.0009580604125087,0.0006874215030658,0.0014160077116954,0.0025398734404487,0.0033609541022727,-0.0003153107414077,5.880183247897186e-05,-0.3730203556456207,0.6765926517176978,-0.0003153107414077,False,0.3382963258588489,0,VOLATILITY_ACCELERATION,-0.342496169984319,0.342496169984319,False,NEITHER
2023-01-02,18.7127,0.0003688695484824,0.0026845134118504,0.0007774800011218,0.0006860984840904,0.0013922607159486,0.002711914903422,0.0031831101375459,0.0,0.0003688695484824,0.2436365408496785,0.5584298919129334,0.0006907445583785,False,0.2792149459564667,0,VOLATILITY_ACCELERATION,-0.34204294272489266,0.34204294272489266,False,NEITHER
2023-01-03,18.7198,0.000379421462429,0.0020608844138254,0.0007328785754992,0.0006792146754145,0.0013917089798393,0.0028634414333812,0.0031217319620429,0.0,0.000379421462429,0.2654617000760449,0.5266033244851415,0.0,False,0.2633016622425707,0,VOLATILITY_ACCELERATION,-0.34247141822356786,0.34247141822356786,False,NEITHER
2023-01-04,18.7381,0.0009775745467366,0.0014108819615534,0.000476186710141,0.0006982908383188,0.0013756712914144,0.0035696209989046,0.0032661379913077,0.0,0.0009775745467366,1.1031026124936605,0.3461486134899329,0.0,False,0.2757756531234151,0,LOCAL_RETURN_SHOCK,-0.3515532715268481,0.3515532715268481,False,NEITHER
2023-01-05,18.7635,0.0013555269744531,0.0030256215620974,0.0005588777842363,0.0007390962078328,0.0013827407703439,0.0046052774235934,0.0031707795224626,0.0,0.0013555269744531,1.5499873333625784,0.4041811713538338,0.0002565239930096,False,0.3874968333406446,0,LOCAL_RETURN_SHOCK,-0.3498554304963891,0.3498554304963891,False,NEITHER
2023-01-06,18.7134,-0.0026700775441682,0.0004062910968789,0.0015944128112607,0.0009969968187752,0.0014307392015015,0.0017349187596589,0.0031006948574214,-0.0026700775441682,0.0026700775441682,-4.049625768835461,1.114397934709157,-0.0023547668027605,True,1.0124064422088652,1,LOCAL_RETURN_SHOCK,-0.40261117550472714,0.40261117550472714,False,BASELINE_ONLY
2023-01-09,18.7673,0.0028802889907766,0.0029178044857234,0.0020404637629331,0.0011537996814572,0.0014686998801961,0.0042683532097731,0.0033559677487766,0.0,0.0028802889907766,2.700257726841217,1.3892993323187706,0.0,False,0.6946496661593853,0,VOLATILITY_ACCELERATION,-0.37298052231922313,0.37298052231922313,False,NEITHER
2023-01-10,18.7747,0.0003943028565642,0.0029327236402099,0.0020401005815605,0.0011538183534942,0.0014689400913747,0.0043088345819413,0.0036049820153538,0.0,0.0003943028565642,0.0378249993915003,1.3888249041193246,0.0,False,0.6944124520596623,0,VOLATILITY_ACCELERATION,-0.3521502239059988,0.3521502239059988,False,NEITHER
2023-01-11,18.769,-0.0003036000575242,0.0016490465949055,0.0020592304615568,0.0011155712799169,0.0014694265290245,0.0036101411198095,0.0039017542729535,-0.0003036000575242,0.0003036000575242,-0.5701747186711201,1.4013837513358698,-0.0003036000575242,False,0.7006918756679349,0,VOLATILITY_ACCELERATION,-0.3531548112290087,0.3531548112290087,False,NEITHER
2023-01-12,18.7824,0.0007139432042198,0.0010072747621712,0.0019985466137931,0.0011068751514674,0.0014697663248304,0.0039506127966499,0.0041443755191206,0.0,0.0007139432042198,0.2876874363864249,1.3597716725641522,0.0,False,0.6798858362820761,0,VOLATILITY_ACCELERATION,-0.351534184224844,0.351534184224844,False,NEITHER
2023-01-13,18.7813,-5.856546554205977e-05,0.0036284160013679,0.0012675513825058,0.0011070976717907,0.0014690819758064,0.0035568230060434,0.0043755220854382,-5.856546554205977e-05,5.856546554205977e-05,-0.3917071659276432,0.8628186877114349,0.0026115120786261,False,0.4314093438557174,0,VOLATILITY_ACCELERATION,-0.34388774983114495,0.34388774983114495,False,NEITHER
2023-01-16,18.7874,0.0003247911486425,0.0010710118131005,0.0003990390352856,0.0010956057219939,0.0014663783887176,0.0035143888571518,0.0046695419647015,0.0,0.0003247911486425,-0.0085528307693012,0.272125556647472,0.0,False,0.136062778323736,0,VOLATILITY_ACCELERATION,-0.3477873883708844,0.3477873883708844,False,NEITHER
2023-01-17,18.7695,-0.0009527662156552,-0.0002769684735307,0.000633110093164,0.0011345578987878,0.0014714096858452,0.0022584790415867,0.0048441467677744,-0.0009527662156552,0.0009527662156552,-1.2051945377395743,0.4302745178684426,-0.0009527662156552,False,0.3012986344348936,0,LOCAL_RETURN_SHOCK,-0.35395236341591035,0.35395236341591035,False,NEITHER
2023-01-18,18.7984,0.0015397320120407,0.0015664127017955,0.0009227662231105,0.0011677481475261,0.0014819881856961,0.0034475092232948,0.0050658846668265,0.0,0.0015397320120407,1.092783142000462,0.6226542370694206,0.0003036000575242,False,0.3113271185347103,0,VOLATILITY_ACCELERATION,-0.3406926038229763,0.3406926038229763,False,NEITHER
2023-01-19,18.7901,-0.0004415269384629,0.0004099582587955,0.0009418744386991,0.0011614572372024,0.0014827466338364,0.0026429292172007,0.0053579010868425,-0.0004415269384629,0.0004415269384629,-0.6808872157924446,0.6352227799446297,-0.0004415269384629,False,0.3176113899723148,0,VOLATILITY_ACCELERATION,-0.34245919081088566,0.34245919081088566,False,NEITHER
2023-01-20,18.8066,0.0008781219897713,0.0013470846001073,0.0009983061987596,0.0011551116848567,0.0014838288426258,0.0031724864479218,0.005583857769863,0.0,0.0008781219897713,0.4448030660740799,0.6727906683583439,5.856546554205977e-05,False,0.3363953341791719,0,VOLATILITY_ACCELERATION,-0.3389126680200375,0.3389126680200375,False,NEITHER
2023-01-23,18.8103,0.0001967394425361,0.0012189020300839,0.0009981811265344,0.0011297767111307,0.0014762047039629,0.002974751139859,0.0058839446162084,0.0,0.0001967394425361,-0.1330813752226838,0.6761806976056665,0.0,False,0.3380903488028332,0,VOLATILITY_ACCELERATION,-0.33816198546595966,0.33816198546595966,False,NEITHER
2023-01-24,18.7967,-0.0007230081391578,0.0014491595407444,0.0009324339466359,0.0011467036799399,0.0014545904505346,0.001941335630385,0.0060722741666914,-0.0007230081391578,0.0007230081391578,-0.9894394372640392,0.641028508260319,0.0002297580764974,False,0.3205142541301595,0,VOLATILITY_ACCELERATION,-0.3461420100381912,0.3461420100381912,False,NEITHER
2023-01-25,18.7886,-0.0004309267052197,-0.0005213209634863,0.0006440078268378,0.0011140190534986,0.001418418506003,0.0013043507224557,0.0060675160956862,-0.0011536232808622,0.0004309267052197,-0.6449038273231958,0.4540323071873668,-0.0011536232808622,False,0.2270161535936834,0,VOLATILITY_ACCELERATION,-0.34787588829458505,0.34787588829458505,False,NEITHER
2023-01-26,18.8031,0.0007717445685151,0.0006918536889106,0.0007102595026746,0.001115292480954,0.0014174611479911,0.0018202950780106,0.006126084883371,-0.0003827690148483,0.0007717445685151,0.5081320669202962,0.5010786388616132,5.87579236146e-05,False,0.2505393194308066,0,VOLATILITY_ACCELERATION,-0.34226330845881603,0.34226330845881603,False,NEITHER
2023-01-27,18.8052,0.0001116837117283,-7.444195122985331e-05,0.0005818332268898,0.0011134009395486,0.0013568140306262,0.0016669414274759,0.0061899700992746,-0.0002711280521843,0.0001116837117283,-0.1303743036939495,0.4288231207494744,-0.0002711280521843,False,0.2144115603747372,0,VOLATILITY_ACCELERATION,-0.34390558867723753,0.34390558867723753,False,NEITHER
2023-01-30,18.7917,-0.0007178865420203,-0.0009888199550247,0.0006396245824317,0.0011344168431516,0.0012793182545933,0.0007373046601968,0.0062032173245332,-0.0009888199550247,0.0007178865420203,-0.8833296044965941,0.4999729974423283,-0.0009888199550247,False,0.2499864987211641,0,VOLATILITY_ACCELERATION,-0.350248558262805,0.350248558262805,False,NEITHER
2023-01-31,18.8105,0.0010004416843607,0.0007341714237072,0.0007419473922105,0.0011476831718859,0.0012733062162073,0.0014966146480825,0.0062165340304878,0.0,0.0010004416843607,0.695657882806434,0.5826936072145176,0.0007230081391578,False,0.2913468036072588,0,VOLATILITY_ACCELERATION,-0.34204436536446836,0.34204436536446836,False,NEITHER
2023-02-01,18.8056,-0.0002604928098669,0.0009048039768795,0.0007120711754378,0.0011392969684222,0.0012104464755052,0.0010558526629071,0.0061224489795919,-0.0002604928098669,0.0002604928098669,-0.4381169806384072,0.5882715096019469,0.0008931304709952,False,0.2941357548009734,0,VOLATILITY_ACCELERATION,-0.34281287998162396,0.34281287998162396,False,NEITHER
2023-02-02,18.8004,-0.0002765133789933,-0.0001435933436507,0.00064594070023,0.0011087379925674,0.0009620584923478,0.0006807678038878,0.0058961364444947,-0.0005369341591133,0.0002765133789933,-0.4010689925079318,0.6714152053828363,-0.000154165144265,False,0.3357076026914181,0,VOLATILITY_ACCELERATION,-0.34447699352784233,0.34447699352784233,False,NEITHER
2023-02-03,18.8189,0.0009840216165613,0.0007285218981982,0.0007941040080322,0.0009120784711441,0.0008842204833126,0.0013843004945754,0.0059897789142864,0.0,0.0009840216165613,0.7983854904109382,0.8980837053867017,0.0002711280521843,False,0.4490418526933508,0,VOLATILITY_ACCELERATION,-0.3454064053294145,0.3454064053294145,False,NEITHER
2023-02-06,18.8264,0.0003985355148281,0.0018465599174104,0.0006306328288482,0.0006789319776706,0.0008143667915667,0.0016258916866709,0.0057955744296933,0.0,0.0003985355148281,0.1282885956264727,0.774384264411092,0.0009888199550247,False,0.387192132205546,0,VOLATILITY_ACCELERATION,-0.34456491838785397,0.34456491838785397,False,NEITHER
2023-02-07,18.8275,5.842858964011377e-05,0.0009037505648441,0.0005271203260062,0.0006769156710614,0.0008145157972682,0.0015437418344461,0.0055808902785097,0.0,5.842858964011377e-05,-0.1458319662090531,0.6471578915646644,0.0,False,0.3235789457823322,0,VOLATILITY_ACCELERATION,-0.3441192210462221,0.3441192210462221,False,NEITHER
2023-02-08,18.8293,9.560483335535608e-05,0.0012602629004128,0.0004739683623017,0.0006689657578223,0.0008018165386186,0.0014788717599318,0.0053477036716602,0.0,9.560483335535608e-05,-0.0665371331911711,0.591118216541493,0.0002604928098669,False,0.2955591082707465,0,VOLATILITY_ACCELERATION,-0.3451794930136881,0.3451794930136881,False,NEITHER
2023-02-09,18.8276,-9.028482205919452e-05,0.0014467777281335,0.0004270464194618,0.0006580358367656,0.0008025922911315,0.0012680977815333,0.0050920731710577,-9.028482205919452e-05,9.028482205919452e-05,-0.3750415102549874,0.5320838789265557,0.0004466493370541,False,0.2660419394632778,0,VOLATILITY_ACCELERATION,-0.34740092400337874,0.34740092400337874,False,NEITHER
2023-02-10,18.8332,0.0002974356795344,0.0007598743816057,0.0001953005631704,0.0006577550624873,0.0007887567011718,0.0014277092577772,0.0048953404897267,0.0,0.0002974356795344,0.2690460988477318,0.247605583420408,0.0,False,0.123802791710204,0,VOLATILITY_ACCELERATION,-0.353982926011764,0.353982926011764,False,NEITHER
2023-02-13,18.8403,0.0003769938194251,0.000738324905452,0.0001886242794849,0.0006586374831147,0.00078909437759,0.0016643632474782,0.004667869020845,0.0,0.0003769938194251,0.3630531652883733,0.2390389348115542,0.0,False,0.1195194674057771,0,VOLATILITY_ACCELERATION,-0.3548792914779189,0.3548792914779189,False,NEITHER
2023-02-14,18.8367,-0.0001910797598763,0.000488646926039,0.0002432261325587,0.0006124801268051,0.0007835591468531,0.001294096353168,0.0045468611039394,-0.0001910797598763,0.0001910797598763,-0.503894272535095,0.3104119625627949,-0.0001910797598763,False,0.1552059812813974,0,VOLATILITY_ACCELERATION,-0.3567103751422081,0.3567103751422081,False,NEITHER
2023-02-15,18.8497,0.000690142116188,0.0010834178647107,0.0003594731534623,0.0005380716434655,0.0007859425804194,0.0018485329727682,0.0043293370837707,0.0,0.000690142116188,0.8347273249847506,0.4573783917782842,0.0,False,0.2286891958891421,0,VOLATILITY_ACCELERATION,-0.35086385349010196,0.35086385349010196,False,NEITHER
2023-02-16,18.8468,-0.0001538486023648,0.0010197794726891,0.0003738766034122,0.0005255073999733,0.0007851747593138,0.001543489114403,0.0041186047169321,-0.0001538486023648,0.0001538486023648,-0.5394399229691509,0.4761699213802387,-6.356378030560546e-05,False,0.2380849606901193,0,VOLATILITY_ACCELERATION,-0.3512786563771903,0.3512786563771903,False,NEITHER
2023-02-17,18.8618,0.0007958910796526,0.00151859482191,0.0004612806234016,0.0005198080839592,0.0007885550374853,0.0021936169121834,0.003914733592484,0.0,0.0007958910796526,1.2275725124674963,0.5849694713416868,0.0,False,0.3068931281168741,0,LOCAL_RETURN_SHOCK,-0.34989919512346584,0.34989919512346584,False,NEITHER
2023-02-20,18.8651,0.0001749567909745,0.0013163272347045,0.0004620946485987,0.0005197204912491,0.0007875231789849,0.0022230480328722,0.0036655183206597,0.0,0.0001749567909745,0.0543964147703518,0.5867695846036302,0.0,False,0.2933847923018151,0,VOLATILITY_ACCELERATION,-0.3464207817926594,0.3464207817926594,False,NEITHER
2023-02-21,18.8662,5.830872881662508e-05,0.001566091725196,0.0004114884927874,0.0004787433009402,0.0007868199260703,0.0020964872816466,0.003542058007663,0.0,5.830872881662508e-05,-0.16794264400363,0.5229767055373669,0.0001910797598763,False,0.2614883527686834,0,VOLATILITY_ACCELERATION,-0.34885449093304177,0.34885449093304177,False,NEITHER
2023-02-22,18.8725,0.0003339305212495,0.0012095683220423,0.0003571343668198,0.000457038265152,0.0007855587548161,0.0022078044493298,0.003559984811442,0.0,0.0003339305212495,0.3118011579411075,0.4546246409072297,0.0,False,0.2273123204536148,0,VOLATILITY_ACCELERATION,-0.3506449837520848,0.3506449837520848,False,NEITHER
2023-02-23,18.8721,-2.119486024632078e-05,0.0013424029543476,0.000323757719838,0.0004410341251702,0.0007855299459849,0.0020029865604778,0.003486612319772,-2.119486024632078e-05,2.119486024632078e-05,-0.5340811608983069,0.4121519765004904,0.0001326537421184,False,0.2060759882502452,0,VOLATILITY_ACCELERATION,-0.35304663116144186,0.35304663116144186,False,NEITHER
2023-02-24,18.8764,0.0002278495768885,0.0007740512570382,0.0001397453329567,0.0004408068377757,0.0007842892890449,0.0020418904726022,0.0034105850647478,0.0,0.0002278495768885,0.1011166229520873,0.178180851005731,0.0,False,0.0890904255028655,0,VOLATILITY_ACCELERATION,-0.36069336606852176,0.36069336606852176,False,NEITHER
2023-02-27,18.884,0.0004026191434807,0.0010018499769415,0.000179423120987,0.0003874462317574,0.0007840718967922,0.0021998084123433,0.003445281689522,0.0,0.0004026191434807,0.4844687885390982,0.2288350363290114,0.0,False,0.1211171971347745,0,LOCAL_RETURN_SHOCK,-0.3594905537097597,0.3594905537097597,False,NEITHER
2023-02-28,18.8832,-4.236390595224737e-05,0.0009010823589274,0.000203389040754,0.0003486721266597,0.0007825150318819,0.0019640579777817,0.0033965326031457,-4.236390595224737e-05,4.236390595224737e-05,-0.7419124396266482,0.2599171037837599,-4.236390595224737e-05,False,0.185478109906662,0,LOCAL_RETURN_SHOCK,-0.3610979305421779,0.3610979305421779,False,NEITHER
2023-03-01,18.8828,-2.1182850364342976e-05,0.0005457676513445,0.0001982086184984,0.0003361745519478,0.0007829349001357,0.0017376616342295,0.0034217398120333,-6.354585892820452e-05,2.1182850364342976e-05,-0.6141295146684542,0.2531610462939461,-6.354585892820452e-05,False,0.1535323786671135,0,LOCAL_RETURN_SHOCK,-0.3612152529220827,0.3612152529220827,False,NEITHER
2023-03-02,18.8908,0.00042366598174,0.0009908807180969,0.0002233276664829,0.0003194421883262,0.0007831730965202,0.0019218157512517,0.0035637848560834,0.0,0.00042366598174,0.6507140083424001,0.2851574798409074,2.119486024632078e-05,False,0.1626785020856,0,LOCAL_RETURN_SHOCK,-0.35957607520517654,0.35957607520517654,False,NEITHER
2023-03-03,18.8944,0.0001905689542001,0.0009535716556123,0.0002227083340922,0.0002671580639717,0.0007827716722523,0.0019121513346349,0.003482967091003,0.0,0.0001905689542001,-0.1544958905756298,0.2845125111022381,0.0,False,0.142256255551119,0,VOLATILITY_ACCELERATION,-0.35701586285777387,0.35701586285777387,False,NEITHER
2023-03-06,18.8961,8.997374883557008e-05,0.0006407540775259,0.0001897752211304,0.0002639953802969,0.000779104987196,0.0018171624431888,0.0035106172429641,0.0,8.997374883557008e-05,-0.4127709116417602,0.24358106320613,0.0,False,0.121790531603065,0,VOLATILITY_ACCELERATION,-0.35907744803279007,0.35907744803279007,False,NEITHER
2023-03-07,18.9194,0.0012330586734827,0.0019170479579733,0.0005026209065938,0.0003507899099628,0.0007897149596875,0.0028081639229913,0.0036141219928418,0.0,0.0012330586734827,3.9706677220241295,0.6364586366613763,4.236390595224737e-05,False,0.9926669305060324,0,LOCAL_RETURN_SHOCK,-0.38406269231822515,0.38406269231822515,False,NEITHER
2023-03-08,18.9381,0.0009884034377412,0.0029285910987777,0.0005023369866273,0.00038601050284,0.0007759214262443,0.0035099878867264,0.0037425215388458,0.0,0.0009884034377412,2.1233541052100757,0.6474070307076923,6.354585892820452e-05,False,0.5308385263025189,0,LOCAL_RETURN_SHOCK,-0.3603119406979357,0.3603119406979357,False,NEITHER
2023-03-09,18.9556,0.0009240631319933,0.0034302411755988,0.0005118816287008,0.0004000473663231,0.000773561064152,0.0040967758681149,0.0039622405205768,0.0,0.0009240631319933,1.647289269961261,0.6617210358977148,0.0,False,0.4118223174903152,0,LOCAL_RETURN_SHOCK,-0.35334751083511534,0.35334751083511534,False,NEITHER
2023-03-10,18.9658,0.0005380995589694,0.0037788974510966,0.000447466458485,0.0004023471022821,0.0007717852507853,0.0042843776161787,0.004176248979733,0.0,0.0005380995589694,0.4979160106182494,0.5797810440529901,0.0,False,0.289890522026495,0,VOLATILITY_ACCELERATION,-0.348425911370152,0.348425911370152,False,NEITHER
2023-03-13,18.9668,5.272648662324464e-05,0.0037415127989373,0.0004613932018804,0.000407739432351,0.0007681005991548,0.0040010661040066,0.0043713127681728,0.0,5.272648662324464e-05,-0.7411915630179106,0.6006937143234966,0.0,False,0.3003468571617483,0,VOLATILITY_ACCELERATION,-0.3495551660799377,0.3495551660799377,False,NEITHER
2023-03-14,18.9746,0.0004112449121622,0.0029176400942947,0.0003851564043812,0.0003886560549907,0.0007681258114752,0.0040474946965596,0.0045584404504379,0.0,0.0004112449121622,0.1876578728695543,0.5014235931500596,0.0,False,0.2507117965750298,0,VOLATILITY_ACCELERATION,-0.3497721041720678,0.3497721041720678,False,NEITHER
2023-03-15,18.9918,0.0009064749718046,0.0028355537250306,0.0003647973145541,0.0004010001704143,0.0007720156767113,0.0045799532033885,0.004799116871079,0.0,0.0009064749718046,1.3935955291100164,0.4725257861447782,0.0,False,0.3483988822775041,0,LOCAL_RETURN_SHOCK,-0.3541995247647391,0.3541995247647391,False,NEITHER
2023-03-16,18.9957,0.000205351783401,0.0021154698347716,0.0003284840623252,0.0003837072791889,0.0007632562783865,0.0043907097150797,0.0050433752591634,0.0,0.000205351783401,-0.4247142598619519,0.4303719099692243,0.0,False,0.2151859549846121,0,VOLATILITY_ACCELERATION,-0.3502363143881139,0.3502363143881139,False,NEITHER
2023-03-17,19.0086,0.0006791010597135,0.0022566936274768,0.000346422013636,0.0003781109695163,0.0007577312491706,0.0046828752642706,0.0052859871262824,0.0,0.0006791010597135,0.7440014352657901,0.4571832216438053,0.0,False,0.2285916108219026,0,VOLATILITY_ACCELERATION,-0.350724217254207,0.350724217254207,False,NEITHER
2023-03-20,19.0005,-0.0004261229127869,0.0017767889153679,0.000511096127152,0.0004177302673845,0.0007526497125978,0.0038955405491798,0.0054993145446946,-0.0004261229127869,0.0004261229127869,-2.152557769208938,0.679062409242052,-0.0004261229127869,False,0.5381394423022345,0,LOCAL_RETURN_SHOCK,-0.3650034637467701,0.3650034637467701,False,NEITHER
2023-03-21,19.0196,0.0010052367042974,0.002371591496,0.0005902767579652,0.0004353010702607,0.0007527009758014,0.0044976244346279,0.0057211209806482,0.0,0.0010052367042974,1.550062199848247,0.7842114955899092,0.0,False,0.3921057477949546,0,VOLATILITY_ACCELERATION,-0.3487314185311116,0.3487314185311116,False,NEITHER
2023-03-22,19.038,0.0009674230793497,0.0024326288187532,0.0006019539827257,0.0004525577216597,0.0007376406507723,0.0050301659503402,0.0059365113503451,0.0,0.0009674230793497,1.2918596160296985,0.8160531582627152,0.0,False,0.4080265791313576,0,VOLATILITY_ACCELERATION,-0.34763298183604285,0.34763298183604285,False,NEITHER
2023-03-23,19.0283,-0.000509507301187,0.0017161778718342,0.0007516222546533,0.0004901733371133,0.0007415213241178,0.0041041079336854,0.0061669155467063,-0.000509507301187,0.000509507301187,-2.0909092689384896,1.0136219016324546,-0.000509507301187,False,0.5227273172346224,0,LOCAL_RETURN_SHOCK,-0.36625905764650846,0.36625905764650846,False,NEITHER
2023-03-24,19.0612,0.0017290036419437,0.0027671685447638,0.0009806697100938,0.000569026811854,0.000763109419484,0.005350013568206,0.0064672693689622,0.0,0.0017290036419437,2.686130253373703,1.2850971106566995,0.0,False,0.6715325633434257,0,LOCAL_RETURN_SHOCK,-0.37130733124538645,0.37130733124538645,False,NEITHER
2023-03-27,19.0895,0.0014846914150212,0.0046840872608617,0.0008696533140231,0.0006104749914933,0.0007779212827845,0.006297298266108,0.0067660693483633,0.0,0.0014846914150212,1.752640612479391,1.117919426127864,0.0004261229127869,False,0.558959713063932,0,VOLATILITY_ACCELERATION,-0.3553135947903217,0.3553135947903217,False,NEITHER
2023-03-28,19.1156,0.0013672437727545,0.0050474247618246,0.0008917134739316,0.0006208030971289,0.0007892983751848,0.0070562848560138,0.0071884575047946,0.0,0.0013672437727545,1.3526323857796472,1.1297546048068594,0.0,False,0.5648773024034297,0,VOLATILITY_ACCELERATION,-0.35117997778988747,0.35117997778988747,False,NEITHER
2023-03-29,19.1247,0.0004760509740735,0.0045540497951466,0.0009237722288795,0.0006038367119291,0.0007851746099407,0.006894108089738,0.0076238544788618,0.0,0.0004760509740735,-0.2189501615559489,1.176518212871488,0.0,False,0.588259106435744,0,VOLATILITY_ACCELERATION,-0.34734078020332704,0.34734078020332704,False,NEITHER
2023-03-30,19.1607,0.0018823824687443,0.0069580572095246,0.0005482081053302,0.0006620265497829,0.0007995306875893,0.0080732352128791,0.0080980388569029,0.0,0.0018823824687443,2.062718017018506,0.6856623689868944,0.000509507301187,False,0.5156795042546265,0,LOCAL_RETURN_SHOCK,-0.3569544377743779,0.3569544377743779,False,NEITHER
2023-03-31,19.1707,0.0005219016006723,0.0057446540616541,0.0006213391385647,0.0006524261350186,0.0006945030788081,0.0078668045138377,0.0086288082620209,0.0,0.0005219016006723,-0.283782919953353,0.8946528208788315,0.0,False,0.4473264104394157,0,VOLATILITY_ACCELERATION,-0.3454480036411546,0.3454480036411546,False,NEITHER
2023-04-03,19.1802,0.0004955478933996,0.0047513030723695,0.0006437861875979,0.0006377433815698,0.0006138673113476,0.0076137611917246,0.0091955576939135,0.0,0.0004955478933996,-0.3537445154210473,1.0487383440969031,0.0,False,0.5243691720484516,0,VOLATILITY_ACCELERATION,-0.3481203343351962,0.3481203343351962,False,NEITHER
2023-04-04,19.2195,0.0020489880188945,0.0054353512314548,0.0008062946434416,0.0006941056587178,0.0006513249684089,0.0088830738663878,0.0097450920736419,0.0,0.0020489880188945,2.042152516073297,1.2379298853094336,0.0,False,0.6189649426547168,0,VOLATILITY_ACCELERATION,-0.36205362155268356,0.36205362155268356,False,NEITHER
2023-04-05,19.2396,0.0010458128463279,0.0060079373794097,0.0007359117842142,0.0006950985889832,0.000650246876758,0.0091396171588771,0.0102528314644132,0.0,0.0010458128463279,0.3722741749797686,1.1317421282871944,0.0,False,0.5658710641435972,0,VOLATILITY_ACCELERATION,-0.3485286196350774,0.3485286196350774,False,NEITHER
2023-04-06,19.2476,0.0004158090604793,0.0045353249098414,0.0006859770695004,0.0006992288672566,0.0006490464350477,0.0087867106569985,0.0106837176731329,0.0,0.0004158090604793,-0.5387388936814614,1.0568998340619278,0.0,False,0.5284499170309639,0,VOLATILITY_ACCELERATION,-0.34655881980073466,0.34655881980073466,False,NEITHER
2023-04-07,19.2376,-0.0005195452939585,0.0034897004282576,0.0009419627424845,0.0007550487157344,0.0006573390712562,0.0075449602326234,0.011048515506312,-0.0005195452939585,0.0005195452939585,-1.8369068495807008,1.4329936918010568,-0.0005195452939585,False,0.7164968459005284,0,VOLATILITY_ACCELERATION,-0.3687286778039978,0.3687286778039978,False,NEITHER
2023-04-10,19.2663,0.0014918700877448,0.0044890042856697,0.0009926273869419,0.000757485395746,0.000672164858592,0.008257313558903,0.0115027011232471,0.0,0.0014918700877448,1.0328861070878876,1.476761800700472,0.0,False,0.738380900350236,0,VOLATILITY_ACCELERATION,-0.35689684011437617,0.35689684011437617,False,NEITHER
2023-04-11,19.2875,0.0011003669620011,0.0035380733109602,0.0007865682096037,0.0007553098828096,0.0006530942840278,0.0085410287301508,0.0119615136116786,0.0,0.0011003669620011,0.4177229351679107,1.2043716027534832,0.0,False,0.6021858013767416,0,VOLATILITY_ACCELERATION,-0.34745992700861994,0.34745992700861994,False,NEITHER
2023-04-12,19.312,0.0012702527543746,0.0037630719973389,0.0008165789423025,0.0007618938114654,0.0006463937182123,0.0089774542232383,0.0124280522596542,0.0,0.0012702527543746,0.5982295783795237,1.2632841552991467,0.0,False,0.6316420776495734,0,VOLATILITY_ACCELERATION,-0.3492786151124729,0.3492786151124729,False,NEITHER
2023-04-13,19.3199,0.0004090720795359,0.0037563124753217,0.0008172771027342,0.0007543346672189,0.0006357595125013,0.0085360595269043,0.0128866061146342,0.0,0.0004090720795359,-0.5611291820364195,1.285512975682812,0.0,False,0.642756487841406,0,VOLATILITY_ACCELERATION,-0.34996691025449767,0.34996691025449767,False,NEITHER
2023-04-14,19.3477,0.0014389308433273,0.0057231671310349,0.0004375906680064,0.0007645107119419,0.0006459951204565,0.0090941403777693,0.0133897991543341,0.0,0.0014389308433273,0.7849989182380198,0.677390051641832,0.0005195452939585,False,0.338695025820916,0,VOLATILITY_ACCELERATION,-0.34720022994289584,0.34720022994289584,False,NEITHER
2023-04-17,19.388,0.0020829349224973,0.0063167292111094,0.0006039254506494,0.0007436554152097,0.0006774485082055,0.0101752175695877,0.0140509976081497,0.0,0.0020829349224973,1.567230476994714,0.8914706333166842,0.0,False,0.4457353166583421,0,VOLATILITY_ACCELERATION,-0.3522876830577055,0.3522876830577055,False,NEITHER
2023-04-18,19.3882,1.0315659170645476e-05,0.0052209980557356,0.0008303867781012,0.0007765558656609,0.0006613508266453,0.0092165274939437,0.0146135824455331,0.0,1.0315659170645476e-05,-1.3445846650088182,1.2555919561079774,0.0,False,0.6277959780539887,0,VOLATILITY_ACCELERATION,-0.35746669009197946,0.35746669009197946,False,NEITHER
2023-04-19,19.3938,0.000288835477249,0.0042357083678541,0.0008776789869408,0.000790927890783,0.0006503056477422,0.0085740600231003,0.0151095025185143,0.0,0.000288835477249,-0.8648982342517324,1.3496407266152752,0.0,False,0.6748203633076376,0,VOLATILITY_ACCELERATION,-0.353627454253932,0.353627454253932,False,NEITHER
2023-04-20,19.3861,-0.0003970341036826,0.0034265187708009,0.0010374941743797,0.0007805110980658,0.0006603308228008,0.0072365201108544,0.0156351868879625,-0.0003970341036826,0.0003970341036826,-1.673454702075256,1.5711733248785174,-0.0003970341036826,False,0.7855866624392587,0,VOLATILITY_ACCELERATION,-0.3703368198579013,0.3703368198579013,False,NEITHER
2023-04-21,19.401,0.000768591929269,0.0027548494136253,0.0009557731087689,0.0007581296686162,0.0006590719455601,0.0071216441607346,0.0160363274544805,0.0,0.000768591929269,-0.2095801394298588,1.4501802348098038,0.0,False,0.7250901174049019,0,VOLATILITY_ACCELERATION,-0.35211293462350635,0.35211293462350635,False,NEITHER
2023-04-24,19.4009,-5.154373485916075e-06,0.0006653600165049,0.000431084668152,0.0007691308982315,0.0006425959547264,0.0063031072575985,0.0163067658265347,-5.154373485916075e-06,5.154373485916075e-06,-1.173025379025164,0.6708487113578925,-5.154373485916075e-06,False,0.3354243556789462,0,VOLATILITY_ACCELERATION,-0.35167838098113674,0.35167838098113674,False,NEITHER
2023-04-25,19.4265,0.0013195264137231,0.0019754283533282,0.0006695208096414,0.0007673822404597,0.000647836766101,0.006819150631578,0.0165035618591842,0.0,0.0013195264137231,0.662914122843021,1.0334714617555674,0.0,False,0.5167357308777837,0,VOLATILITY_ACCELERATION,-0.34621987312970515,0.34621987312970515,False,NEITHER
2023-04-26,19.4147,-0.0006074177026227,0.0010776639957099,0.0008102260063586,0.0008278564801225,0.0006565681674606,0.005452000771644,0.0166196731504644,-0.0006074177026227,0.0006074177026227,-1.843527826223875,1.2340318134707935,-0.0006074177026227,False,0.6170159067353967,0,VOLATILITY_ACCELERATION,-0.36610738129961634,0.36610738129961634,False,NEITHER
2023-04-27,19.4342,0.0010043935780619,0.0024811591810627,0.0007873456159795,0.0007870967950852,0.000650644044206,0.0057495950442734,0.0166173433821303,0.0,0.0010043935780619,0.3035480266352758,1.2101019336007617,0.0003970341036826,False,0.6050509668003808,0,VOLATILITY_ACCELERATION,-0.3487858269392129,0.3487858269392129,False,NEITHER
2023-04-28,19.4482,0.0007203795371046,0.0024328642853461,0.0007834580789261,0.0007858612632234,0.0006485705533791,0.0057519337952289,0.0166084286027097,0.0,0.0007203795371046,0.0142035954478009,1.207976641622451,0.0,False,0.6039883208112256,0,VOLATILITY_ACCELERATION,-0.3477656643734735,0.3477656643734735,False,NEITHER
2023-05-01,19.4379,-0.0005296119949405,0.0019071280198341,0.0008931422874298,0.0008332178553754,0.000663115299407,0.0045499037202336,0.0165266896660776,-0.0005296119949405,0.0005296119949405,-1.589002897644413,1.346888374055771,-0.0005244576214545,False,0.6734441870278856,0,VOLATILITY_ACCELERATION,-0.36417402631470513,0.36417402631470513,False,NEITHER
2023-05-02,19.4624,0.0012604242227811,0.0018479911461146,0.0008778842127163,0.0007814737497343,0.000666679039031,0.0051851551530948,0.0163635433084299,0.0,0.0012604242227811,0.7111686144309969,1.3168018811455076,0.0,False,0.6584009405727538,0,VOLATILITY_ACCELERATION,-0.3508895640388445,0.3508895640388445,False,NEITHER
2023-05-03,19.4734,0.0005651923709306,0.0030234822067816,0.0006876289043578,0.0007753291767179,0.0006639676810185,0.0051464111518222,0.0161730574051877,0.0,0.0005651923709306,-0.0809307725801881,1.0356361070210598,0.0006074177026227,False,0.5178180535105299,0,VOLATILITY_ACCELERATION,-0.34496703764857994,0.34496703764857994,False,NEITHER
2023-05-04,19.4899,0.0008473096634382,0.0028660814440522,0.000668081658687,0.0007758083906953,0.0006593982093813,0.0053693913228283,0.0160304403313424,0.0,0.0008473096634382,0.3132902117626207,1.0131687486895775,0.0,False,0.5065843743447888,0,VOLATILITY_ACCELERATION,-0.34477431089797017,0.34477431089797017,False,NEITHER
2023-05-05,19.5138,0.0012262761738131,0.0033730628027273,0.0007313445633929,0.0007374001778237,0.0006636231241379,0.0058856822968695,0.0160305527419224,0.0,0.0012262761738131,0.7737664729919643,1.1020480402080255,0.0,False,0.5510240201040127,0,VOLATILITY_ACCELERATION,-0.3469400273823831,0.3469400273823831,False,NEITHER
2023-05-08,19.5018,-0.0006149494204101,0.0032873921565601,0.0007665992727522,0.0007700802150693,0.0006811951094296,0.0046573159734268,0.015850525276297,-0.0006149494204101,0.0006149494204101,-1.8012229795517345,1.1253740112639876,-8.533742546959998e-05,False,0.5626870056319938,0,VOLATILITY_ACCELERATION,-0.3619642986679581,0.3619642986679581,False,NEITHER
2023-05-09,19.5096,0.000399963080331,0.0024251890825386,0.0006899835482967,0.0007623950303693,0.0006741584000652,0.004484489638306,0.0156001623077823,-0.0002152322971435,0.000399963080331,-0.2700610471554905,1.0234739316901924,-0.0002152322971435,False,0.5117369658450962,0,VOLATILITY_ACCELERATION,-0.34529549427450723,0.34529549427450723,False,NEITHER
2023-05-10,19.5385,0.001481322015828,0.0033430217630201,0.0008250939260889,0.0007739296435255,0.0006839092068736,0.0053862273638873,0.0153423402195485,0.0,0.001481322015828,1.1915220117092626,1.206437810452512,0.0,False,0.603218905226256,0,VOLATILITY_ACCELERATION,-0.3499311314377915,0.3499311314377915,False,NEITHER
2023-05-11,19.537,-7.677150241836017e-05,0.0024166363090627,0.0008767608527024,0.0007872026401527,0.0006825429674593,0.0047478281977384,0.0150498163014096,-7.677150241836017e-05,7.677150241836017e-05,-0.8530963073145985,1.2845504158749994,-7.677150241836017e-05,False,0.6422752079374997,0,VOLATILITY_ACCELERATION,-0.3507231124448769,0.3507231124448769,False,NEITHER
2023-05-12,19.564,0.0013819931412193,0.0025725384087158,0.0009118203868383,0.0007839498152954,0.0006895541468276,0.005577087604299,0.0147162713216035,0.0,0.0013819931412193,1.045245861421148,1.3223332656808318,0.0,False,0.6611666328404159,0,VOLATILITY_ACCELERATION,-0.3514934332574465,0.3514934332574465,False,NEITHER
2023-05-15,19.6553,0.0046667348190554,0.0078710683116431,0.0018516085963559,0.0011677259489023,0.0008634630083715,0.0095763182846864,0.0143882755483724,0.0,0.0046667348190554,5.243204073089228,2.144398287366187,0.0006149494204101,True,1.310801018272307,2,LOCAL_RETURN_SHOCK,-0.4359446952079494,0.4359446952079494,False,BASELINE_ONLY
2023-05-16,19.7211,0.0033476975675772,0.0108408168286382,0.0018549521561952,0.0012974165337794,0.0009252464148347,0.0120907823533442,0.0142815574713421,0.0,0.0033476975675772,2.2798000000397702,2.0048196096243145,0.0002152322971435,True,1.0024098048121572,1,VOLATILITY_ACCELERATION,-0.3929132133043262,0.3929132133043262,False,BASELINE_ONLY
2023-05-17,19.755,0.0017189710513105,0.0110806868490416,0.0018361579820072,0.0013041153965811,0.000932212592865,0.0128917456885446,0.0142823859673937,0.0,0.0017189710513105,0.6679319895395317,1.9696772989990128,0.0,False,0.9848386494995064,0,VOLATILITY_ACCELERATION,-0.37834578126963947,0.37834578126963947,False,NEITHER
2023-05-18,19.7917,0.0018577575297393,0.0130368019655013,0.0013821158531032,0.0012811729406204,0.000936990838424,0.0137193775099113,0.0143932867871159,0.0,0.0018577575297393,0.7160913128107362,1.475058022368598,7.677150241836017e-05,False,0.737529011184299,0,VOLATILITY_ACCELERATION,-0.36061922918249595,0.36061922918249595,False,NEITHER
2023-05-19,19.8124,0.0010458929753383,0.0126967900224903,0.001461718426543,0.0012796190591529,0.0009345659657871,0.0137115897303654,0.014566433119928,0.0,0.0010458929753383,0.0072289774701081,1.5640612648588454,0.0,False,0.7820306324294227,0,VOLATILITY_ACCELERATION,-0.3628115237275945,0.3628115237275945,False,NEITHER
2023-05-22,19.8246,0.00061577597868,0.0086134528600427,0.001041881695293,0.0012600413378193,0.0009334058004479,0.0132375189107414,0.0148459130947156,0.0,0.00061577597868,-0.3397264799464221,1.116215149716283,0.0,False,0.5581075748581416,0,VOLATILITY_ACCELERATION,-0.3495553586543346,0.3495553586543346,False,NEITHER
2023-05-23,19.8489,0.0012257498259737,0.0064803687421086,0.0005061173532739,0.0012592834028167,0.0009280997398842,0.0133856000392103,0.0151228885315699,0.0,0.0012257498259737,0.1144461270581473,0.545326468184388,0.0,False,0.272663234092194,0,VOLATILITY_ACCELERATION,-0.34547203284392336,0.34547203284392336,False,NEITHER
2023-05-24,19.8912,0.0021311004640056,0.0068944570994686,0.0006147663338268,0.0012145995362913,0.0009361222445645,0.0143114329560958,0.0155944571109707,0.0,0.0021311004640056,0.8371795547429007,0.6567158695313342,0.0,False,0.3283579347656671,0,VOLATILITY_ACCELERATION,-0.348469100118721,0.348469100118721,False,NEITHER
2023-05-25,19.9279,0.001845037001287,0.0068816726203408,0.0006122917329615,0.00122149815707,0.000942651612325,0.0149053512487504,0.0161532052310446,0.0,0.001845037001287,0.5197243441595557,0.6495419144845199,0.0,False,0.3247709572422599,0,VOLATILITY_ACCELERATION,-0.34666174420660206,0.34666174420660206,False,NEITHER
2023-05-26,19.9662,0.0019219285524314,0.0077628152066382,0.0006206743229816,0.0012233245040784,0.0009473166439129,0.015516402159998,0.0167634803271967,0.0,0.0019219285524314,0.5453273290206612,0.6551920384486216,0.0,False,0.3275960192243108,0,VOLATILITY_ACCELERATION,-0.34777693262858966,0.34777693262858966,False,NEITHER
2023-05-29,20.0926,0.0063306988811091,0.0135185577514804,0.0020624607722079,0.0015865085082204,0.0011708254156857,0.0202466605717059,0.0177781648032595,0.0,0.0063306988811091,4.099328664297495,1.761544244408129,0.0,True,1.0248321660743738,1,LOCAL_RETURN_SHOCK,-0.4155087064860556,0.4155087064860556,False,BASELINE_ONLY
2023-05-30,20.4955,0.0200521585061166,0.0325761125301653,0.0078325405518723,0.0044028680316284,0.00272149674956,0.0379822866148877,0.0198076077348394,0.0,0.0200521585061166,11.593542165832822,2.878026789169832,0.0,True,2.8983855414582056,2,LOCAL_RETURN_SHOCK,-0.5348763977579889,0.5348763977579889,True,BOTH
2023-05-31,20.7815,0.0139542826474103,0.0447584861647361,0.0079836138156309,0.0050480636197561,0.0031709208897627,0.0489919072430995,0.0225682297568947,0.0,0.0139542826474103,2.5791803506410678,2.517758749959973,0.0,True,1.2588793749799865,1,VOLATILITY_ACCELERATION,-0.46054190381986515,0.46054190381986515,False,BASELINE_ONLY
2023-06-01,20.8023,0.0010008902148543,0.043878180841935,0.0081746497899841,0.0050443029983563,0.0031706776181753,0.0465752473581297,0.0253141344106848,0.0,0.0010008902148543,-0.4490942277084207,2.578202761177766,0.0,True,1.289101380588883,1,VOLATILITY_ACCELERATION,-0.4406002257556836,0.4406002257556836,False,BASELINE_ONLY
2023-06-02,20.9567,0.0074222561928249,0.0496088389378048,0.0073733875306452,0.0051017544318505,0.0032566296201923,0.0505301350615003,0.0283031317108271,0.0,0.0074222561928249,0.8220423553091967,2.2641160925785018,0.0,True,1.1320580462892509,1,VOLATILITY_ACCELERATION,-0.4329851523722954,0.4329851523722954,False,BASELINE_ONLY
2023-06-05,21.2569,0.0143247744158192,0.0579467067477579,0.0073124957188468,0.0055301127628027,0.0036356495067025,0.0609117535570808,0.0322001587212044,0.0,0.0143247744158192,2.1050307464152054,2.0113313193050795,0.0,True,1.0056656596525395,1,VOLATILITY_ACCELERATION,-0.45330952738605435,0.45330952738605435,False,BASELINE_ONLY
2023-06-06,21.5686,0.0146634739778612,0.0523578346466298,0.0059863122961308,0.0059034117439142,0.0039849984384184,0.0709656372497784,0.0369105418972841,0.0,0.0146634739778612,1.8681469534267128,1.502211955321794,0.0,False,0.751105977660897,0,VOLATILITY_ACCELERATION,-0.4370258475161045,0.4370258475161045,False,NEITHER
2023-06-07,23.2553,0.0782016449839118,0.1190385679570771,0.0312990837880649,0.0173310790079032,0.0105928806603587,0.1441589728236845,0.045868993880515,0.0,0.0782016449839118,12.39216608032186,2.9547282549112603,0.0,True,3.098041520080465,3,LOCAL_RETURN_SHOCK,-0.6810269510149298,0.6810269510149298,True,BOTH
2023-06-08,23.1098,-0.0062566382717057,0.1109252342289075,0.032717602116625,0.0175528735411802,0.0106589065189159,0.1270942687662697,0.0544722258221788,-0.0062566382717057,0.0062566382717057,-0.8734736380814875,3.069508308245549,-0.0062566382717057,True,1.5347541541227745,1,VOLATILITY_ACCELERATION,-0.594306561092838,0.594306561092838,True,BOTH
2023-06-09,23.3834,0.0118391331815941,0.1157959029809083,0.0322935837059597,0.0174830168056922,0.0107091853658091,0.1299142370962431,0.0637017973585356,0.0,0.0118391331815941,0.1860962623122429,3.0155032902000625,0.0,True,1.5077516451000312,1,VOLATILITY_ACCELERATION,-0.5889801506614433,0.5889801506614433,True,BOTH
2023-06-12,23.6125,0.0097975486883856,0.1108157821695543,0.0326435838298077,0.0174522275057857,0.0107267808683202,0.1301791701936154,0.0731344824504363,0.0,0.0097975486883856,0.0401579813958251,3.043185484119957,0.0,True,1.5215927420599784,1,VOLATILITY_ACCELERATION,-0.5878625708341736,0.5878625708341736,True,BOTH
2023-06-13,23.6313,0.0007961884595022,0.0956343944437747,0.0339484794082496,0.0175076666531576,0.0107276991400333,0.1205927101938215,0.0822513966150735,0.0,0.0007961884595022,-0.4902421914845876,3.1645629659356964,0.0,True,1.5822814829678482,1,VOLATILITY_ACCELERATION,-0.5792263563774126,0.5792263563774126,True,BOTH
2023-06-14,23.5614,-0.0029579413743636,0.0131625908932586,0.0079016018751698,0.0176438956727643,0.0107564474186105,0.1072848765199294,0.0910074645327663,-0.0029579413743636,0.0029579413743636,-0.6958307396713443,0.7345921536787949,-0.0029579413743636,False,0.3672960768393974,0,VOLATILITY_ACCELERATION,-0.4485599443564871,0.4485599443564871,False,NEITHER
2023-06-15,23.6458,0.0035821300941372,0.0231936234844092,0.0061653554163805,0.0176113891337921,0.0107428256232805,0.1012778023067135,0.0997444407082723,0.0,0.0035821300941372,-0.3065340924538671,0.5739044486601103,0.0062566382717057,False,0.2869522243300551,0,VOLATILITY_ACCELERATION,-0.44562393872376266,0.44562393872376266,False,NEITHER
2023-06-16,23.6143,-0.0013321604682439,0.0098745263734101,0.0050108863875692,0.0176763710418952,0.0107595133073625,0.0901590322110801,0.1083132956397006,-0.0013321604682439,0.0013321604682439,-0.5910359858002427,0.4657168260705955,-0.0013321604682439,False,0.2328584130352977,0,VOLATILITY_ACCELERATION,-0.4408336024800545,0.4408336024800545,False,NEITHER
2023-06-19,23.5748,-0.0016727152615152,-0.0015966119640021,0.0025634688400921,0.0177405050458575,0.0107778933526993,0.0789952512363925,0.1166969068160448,-0.003002647404613,0.0016727152615152,-0.6014026767088567,0.237845073819559,-0.003002647404613,False,0.1503506691772141,0,LOCAL_RETURN_SHOCK,-0.44607973167269754,0.44607973167269754,False,NEITHER
2023-06-20,23.5601,-0.0006235471774946,-0.0030129531595807,0.0024868367214526,0.0177870571676214,0.0107878749611012,0.069241488481309,0.1249665589746522,-0.0036243222897937,0.0006235471774946,-0.5336389346635276,0.2305214632557022,-0.0036243222897937,False,0.1334097336658819,0,LOCAL_RETURN_SHOCK,-0.4428800471156379,0.4428800471156379,False,NEITHER
2023-06-21,23.5664,0.0002674012419303,0.0002122114984679,0.0021127482451691,0.0178283975217864,0.0107889146056215,0.0606816539529706,0.1329702973578754,-0.0033578901961447,0.0002674012419303,-0.476954161867155,0.195825838130952,-0.0003999488217811,False,0.1192385404667887,0,LOCAL_RETURN_SHOCK,-0.44045505935253265,0.44045505935253265,False,NEITHER
2023-06-22,24.8748,0.0555197229954511,0.0519754036657671,0.0252159005340307,0.0205768878708199,0.0127017056267246,0.1072439486127845,0.1441429512157486,0.0,0.0555197229954511,2.628497357313953,1.9852373590658583,0.0,True,1.3879930748862774,1,LARGE_ABSOLUTE_RETURN,-0.5692727684919531,0.5692727684919531,True,BOTH
2023-06-23,25.2305,0.0142996124591956,0.0684415798901512,0.0243468025047154,0.0204644984013894,0.012754185922353,0.1100710664588531,0.1560233313141208,0.0,0.0142996124591956,0.1437559923427288,1.908926422504565,0.0013321604682439,False,0.9544632112522824,0,VOLATILITY_ACCELERATION,-0.5288969040147463,0.5288969040147463,True,ISOLATION_FOREST_ONLY
2023-06-26,25.9038,0.0266859554903786,0.0987919303663233,0.0231872134791243,0.0206748613774541,0.013053724771889,0.1253086270924575,0.1688556309287181,0.0,0.0266859554903786,0.7195636796081811,1.7762909732138383,0.003002647404613,False,0.8881454866069192,0,VOLATILITY_ACCELERATION,-0.5581087341918111,0.5581087341918111,True,ISOLATION_FOREST_ONLY
2023-06-27,25.9814,0.0029956994726643,0.1027712106485116,0.0224575048830814,0.0207194436349742,0.0130505441284392,0.1153888753896996,0.1796893675122255,0.0,0.0029956994726643,-0.4828331805902255,1.7208098499236475,0.0036243222897937,False,0.8604049249618237,0,VOLATILITY_ACCELERATION,-0.5435830479137237,0.5435830479137237,True,ISOLATION_FOREST_ONLY
2023-06-28,26.0387,0.0022054238801603,0.1049078348835628,0.0220457362451664,0.0208311135441133,0.0130452697467449,0.1053750057309168,0.1890631053320328,0.0,0.0022054238801603,-0.4787754870610877,1.6899410033792002,0.0033578901961447,False,0.8449705016896001,0,VOLATILITY_ACCELERATION,-0.5441195793600999,0.5441195793600999,True,ISOLATION_FOREST_ONLY
2023-06-29,26.0194,-0.0007412044380095,0.0460144403171081,0.0113792374029413,0.0208810752556372,0.0130532192873864,0.0924582325574756,0.1982613175478937,-0.0007412044380095,0.0007412044380095,-0.5894618677860746,0.8717571621536533,-0.0007412044380095,False,0.4358785810768266,0,VOLATILITY_ACCELERATION,-0.49159091966039375,0.49159091966039375,False,NEITHER
2023-06-30,25.8881,-0.0050462347325457,0.026063692752819,0.012407195100451,0.0211915046844755,0.0130993524455521,0.0758080632516846,0.2062879818173524,-0.0057836988789762,0.0050462347325457,-0.7900490016775431,0.9471609495218885,-0.0057836988789762,False,0.4735804747609442,0,VOLATILITY_ACCELERATION,-0.4903022095092972,0.4903022095092972,False,NEITHER
2023-07-03,25.9212,0.0012785797335455,0.0006717161188705,0.003216787958732,0.0212787960619579,0.0131003611040242,0.066844246304494,0.2126442589990391,-0.0045125140656023,0.0012785797335455,-0.4505972459004017,0.2455495641065847,-0.0045125140656023,False,0.1227747820532923,0,VOLATILITY_ACCELERATION,-0.4844256532107988,0.4844256532107988,False,NEITHER
2023-07-04,25.9613,0.0015469962810363,-0.0007736303663389,0.0029492069713324,0.0213352349341447,0.0130982121953295,0.0589224535179366,0.2173511170519273,-0.0029724986270435,0.0015469962810363,-0.405479113601305,0.2251610317004953,-0.0029724986270435,False,0.1125805158502476,0,VOLATILITY_ACCELERATION,-0.4796831764139357,0.4796831764139357,False,NEITHER
2023-07-05,26.067,0.0040714448043819,0.0010868438132471,0.0034048590694649,0.0139289551285871,0.013089515618306,0.0571717097979098,0.2131372650795919,0.0,0.0040714448043819,-0.2553445028533594,0.2601210899433989,0.0,False,0.1300605449716994,0,VOLATILITY_ACCELERATION,-0.4606440118578803,0.4606440118578803,False,NEITHER
2023-07-06,26.0728,0.0002225035485479,0.0020523148112561,0.003363737253661,0.013707050684236,0.0130906691820145,0.0510915947906609,0.2097932707841809,0.0,0.0002225035485479,-0.4013413894128443,0.2569568604088245,0.0007412044380095,False,0.1284784302044122,0,VOLATILITY_ACCELERATION,-0.4515066525355453,0.4515066525355453,False,NEITHER
2023-07-07,26.0375,-0.0013539013838176,0.0057709913048853,0.0019898933094447,0.0137356064298108,0.0131088224543549,0.0440828521596725,0.2050418836188432,-0.0013539013838176,0.0013539013838176,-0.5464799394350499,0.1517980212466478,0.0044297974951586,False,0.1366199848587624,0,LOCAL_RETURN_SHOCK,-0.4503916136137117,0.4503916136137117,False,NEITHER
2023-07-10,26.0886,0.0019625540086412,0.0064580343502615,0.0020238931760097,0.0137176160379659,0.0131092923778947,0.0409640746374186,0.1995555386437515,0.0,0.0019625540086412,-0.255869380429933,0.1543861497377579,0.0045125140656023,False,0.090250281312046,0,DRAWDOWN_SHIFT,-0.4450732687073682,0.4450732687073682,False,NEITHER
2023-07-11,26.0934,0.0001839884087302,0.0050883430336692,0.0020718356133741,0.0137283695407036,0.0131081819085099,0.0360664147581115,0.1942720140135143,0.0,0.0001839884087302,-0.3573023883584115,0.1580566723772008,0.0029724986270435,False,0.0893255970896028,0,LOCAL_RETURN_SHOCK,-0.4405525694788084,0.4405525694788084,False,NEITHER
2023-07-12,26.1246,0.0011957046609487,0.002209690413166,0.0012470129829623,0.0136318534311148,0.0131031280438624,0.0320534029148795,0.1896131477096518,0.0,0.0011957046609487,-0.2810975263122182,0.0951691060934423,0.0,False,0.0702743815780545,0,LOCAL_RETURN_SHOCK,-0.44276254167495877,0.44276254167495877,False,NEITHER
2023-07-13,26.0296,-0.0036364193135972,-0.0016568991439355,0.0022264627022589,0.0137735089045707,0.0131326303102998,0.023481254139648,0.1844874818594546,-0.0036364193135972,0.0036364193135972,-0.6527958240947349,0.1695366921668925,-0.0036364193135972,False,0.1631989560236837,0,LOCAL_RETURN_SHOCK,-0.4395184415349988,0.4395184415349988,False,NEITHER
2023-07-14,26.1253,0.0036765835817684,0.0033720595295245,0.0027279960851439,0.0136995374937443,0.013122092596264,0.0221979723346517,0.1798887280031449,0.0,0.0036765835817684,-0.0889306158102184,0.2078933725799641,0.0013539013838176,False,0.103946686289982,0,VOLATILITY_ACCELERATION,-0.4265852301639863,0.4265852301639863,False,NEITHER
2023-07-17,26.3211,0.0074946507791298,0.0089119385478715,0.0041376464607417,0.0136122625930313,0.0131088030239957,0.0243554458250696,0.1760475210474514,0.0,0.0074946507791298,0.1710089385995354,0.3156387698531839,0.0,False,0.187366269478245,0,LARGE_ABSOLUTE_RETURN,-0.4250300454803456,0.4250300454803456,False,NEITHER
2023-07-18,26.9155,0.0225826428226783,0.0315060513386526,0.0099776404965596,0.0140353960433787,0.0132888907070405,0.040693189705004,0.1737575850130737,0.0,0.0225826428226783,1.246843938811083,0.7508256871488462,0.0,False,0.5645660705669575,0,LARGE_ABSOLUTE_RETURN,-0.46352065986395213,0.46352065986395213,False,NEITHER
2023-07-19,26.7849,-0.004852222696959,0.025275028134402,0.011054003831724,0.0142058961708137,0.0133333585860632,0.0292393840679603,0.1712927237690422,-0.004852222696959,0.004852222696959,-0.8281068718045176,0.8290487171985524,-0.004852222696959,False,0.4145243585992762,0,VOLATILITY_ACCELERATION,-0.4403389702650751,0.4403389702650751,False,NEITHER
2023-07-20,26.747,-0.0014149763486143,0.0275609306328181,0.0106548761389689,0.0083780439673013,0.0133507150532363,0.0240992802359023,0.1625636364364753,-0.006260333265219,0.0014149763486143,-0.558189379352368,0.79807531630196,-0.0026239139516218,False,0.39903765815098,0,VOLATILITY_ACCELERATION,-0.4163238566578868,0.4163238566578868,False,NEITHER
2023-07-21,26.9681,0.0082663476277713,0.0322599166325363,0.0106565079269919,0.0080783427714854,0.0133412154897832,0.0291414077715381,0.1529227882338317,0.0,0.0082663476277713,0.5488725763203757,0.7987658946932333,0.0,False,0.3993829473466166,0,VOLATILITY_ACCELERATION,-0.41899268180220905,0.41899268180220905,False,NEITHER
2023-07-24,26.9499,-0.0006748714221617,0.0238895790829409,0.0110679918001449,0.0059604912119921,0.0133423501107423,0.0263981441738645,0.1406422918869982,-0.0006748714221617,0.0006748714221617,-0.5002359203879816,0.8295384027761158,-0.0006748714221617,False,0.4147692013880579,0,VOLATILITY_ACCELERATION,-0.411336979963541,0.411336979963541,False,NEITHER
2023-07-25,26.9079,-0.0015584473411774,-0.0002823651799148,0.0049181289299921,0.0060071845277265,0.0133626405246301,0.0229936819222225,0.1291993330351111,-0.0022322670117657,0.0015584473411774,-0.5966977684215982,0.3680506798732612,-0.0022322670117657,False,0.1840253399366306,0,VOLATILITY_ACCELERATION,-0.394858697901264,0.394858697901264,False,NEITHER
2023-07-26,26.907,-3.344742622057861e-05,0.0045585385795727,0.0041538015325353,0.0060195003349186,0.0133666090586587,0.0212737854083899,0.1184419207656164,-0.0022656397744,3.344742622057861e-05,-0.3002911831519994,0.3107595587113043,0.0025865829225589,False,0.1553797793556521,0,VOLATILITY_ACCELERATION,-0.38533974780639435,0.38533974780639435,False,NEITHER
2023-07-27,26.9021,-0.0001821087449361,0.0057987811717201,0.004015046614696,0.0060090585827256,0.0133733258207129,0.0193801629327363,0.1080454350504538,-0.0024473359265205,0.0001821087449361,-0.3057765927784011,0.3002279813206531,0.0038129973386985,False,0.1501139906603265,0,VOLATILITY_ACCELERATION,-0.3800088941109291,0.3800088941109291,False,NEITHER
2023-07-28,26.8765,-0.0009515985740889,-0.0033966056192316,0.0006146925464527,0.0058348261150263,0.0133879896261633,0.0165065781797435,0.0987455672644439,-0.0033966056192316,0.0009515985740889,-0.4390150104427341,0.0459137304118794,-0.0033966056192316,False,0.1097537526106835,0,LOCAL_RETURN_SHOCK,-0.40242645938578686,0.40242645938578686,False,NEITHER
2023-07-31,26.9113,0.001294811452384,-0.0014322873183202,0.0010765320032701,0.0058347375469313,0.0133756276071007,0.015920605732747,0.090236769192018,-0.0021061921307025,0.001294811452384,-0.1022119059144608,0.0804845974254399,-0.0014313207085407,False,0.0402422987127199,0,VOLATILITY_ACCELERATION,-0.3884285212907463,0.3884285212907463,False,NEITHER
2023-08-01,26.9178,0.0002415342253996,0.000367921688426,0.0008135473652211,0.0058460914130288,0.0133766603433607,0.0143346775371133,0.0824205037257233,-0.0018651666227876,0.0002415342253996,-0.2828709085108126,0.0608184213651572,0.000367100388978,False,0.0707177271277031,0,LOCAL_RETURN_SHOCK,-0.38578741108195086,0.38578741108195086,False,NEITHER
2023-08-02,26.9181,1.114504157095908e-05,0.0004125320548555,0.0008123207174385,0.0058345264723255,0.0133854227354693,0.0127219953385917,0.0779748796502455,-0.0018540423685762,1.114504157095908e-05,-0.3105653784036106,0.060686967717947,0.0004115974058238,False,0.0776413446009026,0,LOCAL_RETURN_SHOCK,-0.38511847023228674,0.38511847023228674,False,NEITHER
2023-08-03,26.9555,0.0013893996976013,0.0019849751506388,0.0009724574948087,0.0058256045161397,0.0133765172402779,0.0124479395254335,0.0733159446815114,-0.0004672186768811,0.0013893996976013,-0.040161605026564,0.0726988555646265,0.0019801172496394,False,0.0396023449927879,0,DRAWDOWN_SHIFT,-0.3836511004346128,0.3836511004346128,False,NEITHER
2023-08-04,26.914,-0.0015395744838715,0.0013952709616207,0.001187983842369,0.005830842848835,0.0133969294808264,0.0092279447470762,0.0693617871891483,-0.0020060738427993,0.0015395744838715,-0.5530143571707384,0.0886758300899646,0.0013905317764323,False,0.1382535892926846,0,LOCAL_RETURN_SHOCK,-0.382320702885364,0.382320702885364,False,NEITHER
2023-08-07,26.9624,0.0017983205766514,0.0018988306027578,0.0013105832500972,0.0058305289217215,0.0134047609894607,0.0093891792329925,0.0658224656012538,-0.0002113608300177,0.0017983205766514,0.0215296110967256,0.0977699827044754,0.0018948313006847,False,0.0488849913522377,0,VOLATILITY_ACCELERATION,-0.37634672757864457,0.37634672757864457,False,NEITHER
2023-08-08,26.982,0.0007269382547547,0.002385038896195,0.0013157149762401,0.0058245332812954,0.0134157187803246,0.0084455728297507,0.0623768491365814,0.0,0.0007269382547547,-0.1608147192105478,0.0980726413384364,0.0018651666227876,False,0.0490363206692182,0,VOLATILITY_ACCELERATION,-0.374914963383514,0.374914963383514,False,NEITHER
2023-08-09,26.9901,0.0003002001334224,0.0026747801665052,0.0012963225164484,0.0058319842789372,0.0134234280553277,0.007119401044169,0.0587076518302192,0.0,0.0003002001334224,-0.2389067789341678,0.0965716440767077,0.0018540423685762,False,0.0597266947335419,0,LOCAL_RETURN_SHOCK,-0.3732528038355154,0.3732528038355154,False,NEITHER
2023-08-10,26.9981,0.0002964049781215,0.0015803824822393,0.0012051902089206,0.0057094816495146,0.0134317250617875,0.0056008459560639,0.0556500434583189,0.0,0.0002964049781215,-0.2315747692995897,0.0897271350758435,0.0004672186768811,False,0.0578936923248974,0,LOCAL_RETURN_SHOCK,-0.37384647643729774,0.37384647643729774,False,NEITHER
2023-08-11,26.9654,-0.0012111963434464,0.0019097867280968,0.0010813462212684,0.0057314585943141,0.0134469193851105,0.0028138990585067,0.0521078262686407,-0.0012111963434464,0.0012111963434464,-0.5350368277945448,0.0804159071902931,0.0007948774993529,False,0.1337592069486362,0,LOCAL_RETURN_SHOCK,-0.38046048811633065,0.38046048811633065,False,NEITHER
2023-08-14,27.0119,0.0017244320499603,0.0018358899801205,0.0010573937608836,0.0055617929669612,0.013441223099479,0.0032544980319804,0.0478296013898271,0.0,0.0017244320499603,0.0218503610379504,0.0786679718845367,0.0002113608300177,False,0.0431108012490075,0,LARGE_ABSOLUTE_RETURN,-0.3738975841927313,0.3738975841927313,False,NEITHER
2023-08-15,27.0472,0.0013068314335533,0.0024164257653249,0.0011356040187762,0.0024344908480472,0.0134408152276106,0.0043199511638321,0.0412870871764932,0.0,0.0013068314335533,-0.0006931650299812,0.0844892217879315,0.0,False,0.0422446108939657,0,VOLATILITY_ACCELERATION,-0.37379069593478964,0.37379069593478964,False,NEITHER
2023-08-16,27.043,-0.0001552840959507,0.0019599779178289,0.0011716642269459,0.0021233766907623,0.0134530608638386,0.0036830413270008,0.0353439472640133,-0.0001552840959507,0.0001552840959507,-0.1652009498244636,0.0870927619227008,-0.0001552840959507,False,0.0435463809613504,0,VOLATILITY_ACCELERATION,-0.37153552780404514,0.37153552780404514,False,NEITHER
2023-08-17,27.0793,0.0013423066967421,0.0030076190546741,0.001241556840189,0.0020828717240142,0.0134553536160641,0.0044109170568069,0.0322692546037468,0.0,0.0013423066967421,0.4052807332535849,0.09227233082204,0.0,False,0.1013201833133962,0,LOCAL_RETURN_SHOCK,-0.3703991329188803,0.3703991329188803,False,NEITHER
2023-08-18,27.0689,-0.0003840571949792,0.0038382519821698,0.0009636664883513,0.0010568564458392,0.0134681909444664,0.0038375074447198,0.0290391351244911,-0.0003840571949792,0.0003840571949792,-0.4818656714243517,0.0715512938838483,0.0008271391484671,False,0.1204664178560879,0,LOCAL_RETURN_SHOCK,-0.37595687124215127,0.37595687124215127,False,NEITHER
2023-08-21,27.1392,0.0025970763496114,0.0047127377193014,0.0012242429564421,0.0011641974869393,0.0134713679794197,0.0060914068771746,0.0273497082847586,0.0,0.0025970763496114,2.280337517389979,0.090877404456057,0.0,False,0.5700843793474948,0,LOCAL_RETURN_SHOCK,-0.3857305737545456,0.3857305737545456,False,NEITHER
2023-08-22,27.1721,0.001212268600401,0.0046178532343459,0.0012178998018228,0.0010873787974905,0.0133360471857317,0.0068180062357126,0.026042562671807,0.0,0.001212268600401,0.7400671070079885,0.0913238971684081,0.0,False,0.1850167767519971,0,LOCAL_RETURN_SHOCK,-0.3711902954107684,0.3711902954107684,False,NEITHER
2023-08-23,27.1893,0.0006330022339089,0.0054099027474763,0.0010875535433029,0.0010807099151954,0.0132917916777683,0.0069286921329771,0.024887546775645,0.0,0.0006330022339089,0.1322281645610146,0.0818214406054775,0.0001552840959507,False,0.0409107203027387,0,VOLATILITY_ACCELERATION,-0.37118890338123545,0.37118890338123545,False,NEITHER
2023-08-24,25.7736,-0.0520682768589114,-0.0482176422581086,0.0237638185046495,0.0118163129474016,0.0151669618240181,-0.0435016088787171,0.0210354843543991,-0.0520682768589114,0.0520682768589114,-48.66321547877196,1.566814684468816,-0.0520682768589114,True,12.16580386969299,3,LOCAL_RETURN_SHOCK,-0.6174122663427811,0.6174122663427811,True,BOTH
2023-08-25,26.5335,0.0294836576962473,-0.0197791561533715,0.0296781831159227,0.013766959908692,0.015522266128438,-0.0146734136357077,0.0184783963276944,-0.0241197824144056,0.0294836576962473,2.670496594671208,1.9119748927348923,-0.0237357252194264,False,0.955987446367446,0,VOLATILITY_ACCELERATION,-0.525556120750623,0.525556120750623,True,ISOLATION_FOREST_ONLY
2023-08-28,26.4642,-0.0026117926394934,-0.0248717721966748,0.029495881564572,0.0137671215429208,0.0154863208288511,-0.0164303649556905,0.0157310971827779,-0.0266685791837228,0.0026117926394934,-0.14976361341404,1.904640998371996,-0.0266685791837228,False,0.952320499185998,0,VOLATILITY_ACCELERATION,-0.4834738866760986,0.4834738866760986,False,NEITHER
2023-08-29,26.5177,0.002021598990334,-0.0240835268529115,0.0295384236904966,0.0137795856839655,0.0154215162533021,-0.0137086673404924,0.0131467312447211,-0.0247008933661402,0.002021598990334,0.2009811683686411,1.915403336826348,-0.0247008933661402,False,0.957701668413174,0,VOLATILITY_ACCELERATION,-0.4832021423987698,0.4832021423987698,False,NEITHER
2023-08-30,26.6899,0.006493775855372,-0.0183675195757153,0.0299074304126352,0.013872046704734,0.0119203297182446,-0.006882453176974,0.0110953933321922,-0.0183675195757153,0.006493775855372,0.5188912035200528,2.5089432188155447,-0.0183675195757153,True,1.2544716094077724,1,VOLATILITY_ACCELERATION,-0.4982241383634958,0.4982241383634958,False,BASELINE_ONLY
2023-08-31,26.6899,0.0,0.0355518825464817,0.0129606343372524,0.0138664491906291,0.0118708664582923,-0.0063914694534965,0.0089204943568952,-0.0183675195757153,0.0,0.0239473244698046,1.0918018817572368,0.033700757283196,False,0.67401514566392,0,DRAWDOWN_SHIFT,-0.42232757467875076,0.42232757467875076,False,NEITHER
2023-09-01,26.6917,6.744124181801148e-05,0.0059622741063185,0.0033893720748446,0.0138641642535816,0.0118105588888639,-0.0059131180943946,0.0068456808201318,-0.0183013170622265,6.744124181801148e-05,0.0338305519854099,0.2869781275160837,0.0058184653521791,False,0.1434890637580418,0,VOLATILITY_ACCELERATION,-0.3756847336251422,0.3756847336251422,False,NEITHER
2023-09-04,26.7578,0.0024764252557911,0.0110942329637773,0.0026425297485649,0.0138704484546857,0.0117692824710585,-0.0030715075573095,0.0048158852333819,-0.0158702136502226,0.0024764252557911,0.2017967189881247,0.2245276851042591,0.0107983655335002,False,0.215967310670004,0,DRAWDOWN_SHIFT,-0.38334221989061346,0.38334221989061346,False,NEITHER
2023-09-05,26.7615,0.0001382774368596,0.0091938591959332,0.0028056182509407,0.0138688071905678,0.0117708754822587,-0.0025239277407108,0.0027352712640849,-0.015734130705829,0.0001382774368596,0.0306904139680461,0.2383525554381561,0.0089667626603112,False,0.1793352532062239,0,DRAWDOWN_SHIFT,-0.3783466213725673,0.3783466213725673,False,NEITHER
2023-09-06,26.8114,0.0018646189488629,0.0045522838227194,0.0011724487514561,0.0138768798937498,0.0117519024379221,-0.0003310927402698,0.0007826695505726,-0.013898849915224,0.0018646189488629,0.1572928607283837,0.0997667192737013,0.0044686696604913,False,0.089373393209826,0,DRAWDOWN_SHIFT,-0.38453065065688086,0.38453065065688086,False,NEITHER
2023-09-07,26.8106,-2.983805396206129e-05,0.0045223099374669,0.001178295715137,0.0138764096100618,0.011754076240801,-1.1375968099636148e-05,-0.0013716243421697,-0.0139282732545522,2.983805396206129e-05,0.0150456309989294,0.1002457097433888,0.0044392463211631,False,0.0887849264232619,0,DRAWDOWN_SHIFT,-0.38446855234489735,0.38446855234489735,False,NEITHER
2023-09-08,26.8365,0.0009660358216525,0.0054249073682079,0.0010836456922584,0.0138770531031155,0.011746234174767,0.0011953234648265,-0.0031712845068946,-0.0129756926437972,0.0009660358216525,0.0879890746833552,0.0922547325496254,0.0053256244184292,False,0.106512488368584,0,DRAWDOWN_SHIFT,-0.38461129837958546,0.38461129837958546,False,NEITHER
2023-09-11,26.8663,0.0011104279619174,0.0040548924052052,0.0007719074391195,0.0138733758778444,0.0117361659150985,0.0025793758895527,-0.0047204613680407,-0.0118796732538167,0.0011104279619174,0.0905453747412999,0.0657716876792314,0.0039905403964058,False,0.079810807928116,0,DRAWDOWN_SHIFT,-0.3871124673271705,0.3871124673271705,False,NEITHER
2023-09-12,26.8363,-0.0011166405496848,0.0027950600676345,0.001154219787466,0.0138703189430245,0.0117383832692917,0.0018540962685309,-0.0053553804074583,-0.0129830484786294,0.0011166405496848,-0.0677459719933404,0.0983286847078427,0.0027510822271995,False,0.0550216445439899,0,DRAWDOWN_SHIFT,-0.3861788576656429,0.3861788576656429,False,NEITHER
2023-09-13,26.9321,0.003569791662785,0.0045018163915349,0.0017398179561979,0.0138973198055096,0.0117367201053371,0.005638680128404,-0.0060375749268895,-0.0094596035940609,0.003569791662785,0.2788501471268083,0.1482371514855111,0.0044392463211631,False,0.089244791569625,0,LARGE_ABSOLUTE_RETURN,-0.3831712269290668,0.3831712269290668,False,NEITHER
2023-09-14,26.945,0.0004789823296365,0.0050129426420892,0.0016858817379368,0.0138939062182595,0.0094305741141239,0.0063726977753915,-0.0068991980083367,-0.0089851522473913,0.0004789823296365,0.0425029692875531,0.1787676675391271,0.0049431210071609,False,0.098862420143218,0,DRAWDOWN_SHIFT,-0.37448083459463266,0.37448083459463266,False,NEITHER
2023-09-15,26.982,0.0013731675635553,0.0054217204180873,0.0016935420034481,0.0138979360818144,0.0092767643902294,0.0079181831324057,-0.0072459468459975,-0.0076243228034558,0.0013731675635553,0.1099783448328447,0.1825574017199138,0.0053513698403414,False,0.1070273968068279,0,DRAWDOWN_SHIFT,-0.3747372622348222,0.3747372622348222,False,NEITHER
2023-09-18,27.0089,0.0009969609369209,0.005307764746169,0.0016938452282781,0.0138863935883813,0.0086504671202169,0.0091686387232767,-0.0078358072703553,-0.0066349630185403,0.0009969609369209,0.076555320036191,0.1958096834238506,0.0052447102352764,False,0.1048942047055279,0,DRAWDOWN_SHIFT,-0.37263908221684694,0.37263908221684694,False,NEITHER
2023-09-19,27.0115,9.62645646436222e-05,0.0065284707653439,0.0013575845612707,0.0138828858885776,0.0086457154167492,0.009568692176576,-0.0086189855193558,-0.0065393371657231,9.62645646436222e-05,0.0175186121144245,0.1570239703519126,0.0064437113129063,False,0.128874226258126,0,DRAWDOWN_SHIFT,-0.37654675699579776,0.37654675699579776,False,NEITHER
2023-09-20,26.9957,-0.0005849360457583,0.0023614942763467,0.0007658372215124,0.0138816978535426,0.0086449064755666,0.0093433344032829,-0.0094957042405048,-0.0071204481174579,0.0005849360457583,-0.0275252615873886,0.0885882598819215,0.002339155476603,False,0.04678310953206,0,DRAWDOWN_SHIFT,-0.3836200668832137,0.3836200668832137,False,NEITHER
2023-09-21,27.1371,0.005237871216527,0.0071293375394321,0.0022654616133489,0.0066636597906203,0.0086631672016588,0.0120504304098083,-0.0048914885945982,-0.0019198728911741,0.005237871216527,0.396318531684052,0.2615050085741293,0.0070652793562172,False,0.141305587124344,0,DRAWDOWN_SHIFT,-0.35556347847390435,0.35556347847390435,False,NEITHER
2023-09-22,27.1418,0.0001731946302294,0.0059224668297384,0.0023346780278572,0.0021023808941629,0.0086302356323532,0.0110788490483766,-0.0031282684770317,-0.00174701077262,0.0001731946302294,-0.3644258494243588,0.270523091988927,0.0058773120308358,False,0.1352615459944635,0,VOLATILITY_ACCELERATION,-0.35162513233316833,0.35162513233316833,False,NEITHER
2023-09-25,27.1993,0.0021185035627704,0.007049528118509,0.0023658992435591,0.0019164099090843,0.0086316636653688,0.011835431147849,-0.0009339826984628,0.0,0.0021185035627704,0.4672903036254915,0.2740953928790521,0.0066349630185403,False,0.137047696439526,0,VOLATILITY_ACCELERATION,-0.3516290646179017,0.3516290646179017,False,NEITHER
2023-09-26,27.2436,0.0016287183861349,0.0085926364696518,0.0022498750142936,0.0019114143016803,0.0086317836024853,0.0121168632461214,0.0011593275751291,0.0,0.0016287183861349,0.1336468875511452,0.2606500716312914,0.0065393371657231,False,0.130786743314462,0,DRAWDOWN_SHIFT,-0.35002537889281937,0.35002537889281937,False,NEITHER
2023-09-27,26.9039,-0.0124689835410886,-0.0034005415677311,0.0068536392061415,0.0033721390461414,0.0087895524515874,-0.0009003590852619,0.00198252158662,-0.0124689835410886,0.0124689835410886,-7.231260991003719,0.7797483710224321,-0.0053485354236307,True,1.8078152477509295,1,LOCAL_RETURN_SHOCK,-0.43797886628108046,0.43797886628108046,False,BASELINE_ONLY
2023-09-28,27.3141,0.0152468601206516,0.006522436074599,0.0098252181291997,0.0047270455310687,0.0089913157861699,0.0131585121379944,0.0036397703262855,0.0,0.0152468601206516,4.4013742467566646,1.0927453070119588,0.0019198728911741,True,1.100343561689166,1,LOCAL_RETURN_SHOCK,-0.4185530878236651,0.4185530878236651,False,BASELINE_ONLY
2023-09-29,27.3824,0.002500540014132,0.0088645557774356,0.0098112606880486,0.0047285625154922,0.008989319975069,0.014392516232377,0.0053414335019088,0.0,0.002500540014132,0.2820753117047653,1.0914352493024135,0.00174701077262,False,0.5457176246512068,0,VOLATILITY_ACCELERATION,-0.35665888853572997,0.35665888853572997,False,NEITHER
2023-10-02,27.4301,0.0017419948580108,0.0084855124948068,0.0098096989597697,0.0047217009982224,0.0089889149111244,0.0148957515686334,0.0069770240504556,0.0,0.0017419948580108,0.095839432258154,1.0913106928656675,0.0,False,0.5456553464328338,0,VOLATILITY_ACCELERATION,-0.35670733987058734,0.35670733987058734,False,NEITHER
2023-10-03,27.4357,0.0002041552892626,0.0070511973454316,0.0098340269853892,0.0047209060106997,0.008988888957907,0.0138384399961348,0.0086472899039349,0.0,0.0002041552892626,-0.2219402080673188,1.094020298997996,0.0,False,0.547010149498998,0,VOLATILITY_ACCELERATION,-0.355473306766506,0.355473306766506,False,NEITHER
2023-10-04,27.5287,0.0033897440196533,0.0232233988380867,0.006056367284176,0.0047435282302143,0.0089946693438448,0.0159286535671003,0.010320548480478,0.0,0.0033897440196533,0.452108034126455,0.6733285074365153,0.0124689835410886,False,0.3366642537182576,0,VOLATILITY_ACCELERATION,-0.3593439477405753,0.3593439477405753,False,NEITHER
2023-10-05,27.5588,0.0010934043380181,0.0089587429203232,0.0012315051968577,0.0047331984832506,0.0089748235081528,0.0156372940858664,0.0120691561884986,0.0,0.0010934043380181,-0.0502234598002159,0.1372177620806683,0.0,False,0.0686088810403341,0,VOLATILITY_ACCELERATION,-0.35340765368723204,0.35340765368723204,False,NEITHER
2023-10-06,27.5771,0.0006640347184927,0.0071104066845857,0.0012389501499507,0.0047350961886966,0.0089679752144104,0.0149266585012544,0.0136939897315595,0.0,0.0006640347184927,-0.1529131180674001,0.1381527179022377,0.0,False,0.0690763589511188,0,VOLATILITY_ACCELERATION,-0.3512029882751714,0.3512029882751714,False,NEITHER
2023-10-09,27.6736,0.0034992801998758,0.0088771094527544,0.001560992566783,0.0047582050739826,0.0089332611411006,0.0169674022949897,0.0154756955769228,0.0,0.0034992801998758,0.4491096512699506,0.1747393860010547,0.0,False,0.1122774128174876,0,LOCAL_RETURN_SHOCK,-0.35327519546666886,0.35327519546666886,False,NEITHER
2023-10-10,27.721,0.0017128237742831,0.0103988598796458,0.001307918311031,0.0047184544543249,0.0084679073743619,0.0170559859583827,0.0175268375441708,0.0,0.0017128237742831,0.0463784887606724,0.1544559066613028,0.0,False,0.0772279533306514,0,VOLATILITY_ACCELERATION,-0.3511793287895529,0.3511793287895529,False,NEITHER
2023-10-11,27.6717,-0.001778435121388,0.0051945787487239,0.0019097456354557,0.0047543642256645,0.0084440734192299,0.0138716378864989,0.0191183405903194,-0.001778435121388,0.001778435121388,-0.7231295298817899,0.2261640254224446,-0.001778435121388,False,0.1807823824704474,0,LOCAL_RETURN_SHOCK,-0.35106544758563163,0.35106544758563163,False,NEITHER
2023-10-12,27.7247,0.0019153142018739,0.0060198557266644,0.0019506186666812,0.0047511040402328,0.0084416911097452,0.0143646194573154,0.0208299913630101,0.0,0.0019153142018739,0.1154953396674123,0.2310696566982153,0.0,False,0.1155348283491076,0,VOLATILITY_ACCELERATION,-0.3435961657742082,0.3435961657742082,False,NEITHER
2023-10-13,27.7642,0.0014247223594845,0.0067846147709511,0.001927641302603,0.0047510809856649,0.0083828544458123,0.014358342776046,0.0224566427456374,0.0,0.0014247223594845,-0.002799670296185,0.2299504679537843,0.0,False,0.1149752339768921,0,VOLATILITY_ACCELERATION,-0.3432296729916986,0.3432296729916986,False,NEITHER
2023-10-16,27.8561,0.0033100179367675,0.0065947328862165,0.001876172931539,0.0047678364770779,0.008389008818387,0.01614329115651,0.0242882894866387,0.0,0.0033100179367675,0.3934717842679125,0.2236465561255354,0.0,False,0.1118232780627677,0,VOLATILITY_ACCELERATION,-0.34707227687046815,0.34707227687046815,False,NEITHER
2023-10-17,27.9446,0.003177042012342,0.0080660870819957,0.0020588053837838,0.0047679514027186,0.0083907613262737,0.0176397048675156,0.0263394589931746,0.0,0.003177042012342,0.3399419308957617,0.2453657425980088,0.0,False,0.1226828712990044,0,VOLATILITY_ACCELERATION,-0.3474690415071597,0.3474690415071597,False,NEITHER
2023-10-18,27.9745,0.0010699741631656,0.0109425875533486,0.001017803006483,0.0047403022627281,0.0083904124959915,0.0169161897041529,0.0285407375100505,0.0,0.0010699741631656,-0.1342964995370956,0.1213054789581862,0.001778435121388,False,0.0606527394790931,0,VOLATILITY_ACCELERATION,-0.35509198234027867,0.35509198234027867,False,NEITHER
2023-10-19,27.981,0.0002323544656741,0.0092444643224274,0.0013507880779019,0.0046806148448176,0.0083898579806625,0.0155947014564989,0.0274992746321132,0.0,0.0002323544656741,-0.3292373154254394,0.161002496230006,0.0,False,0.0823093288563598,0,LOCAL_RETURN_SHOCK,-0.35166898617146797,0.35166898617146797,False,NEITHER
2023-10-20,27.9433,-0.0013473428397842,0.006450753128129,0.0019851945790562,0.0047162448475559,0.0083913265303149,0.0127532399564793,0.0278279693023439,-0.0013473428397842,0.0013473428397842,-0.6174628665294386,0.2365769669294113,-0.0013473428397842,False,0.1543657166323596,0,LOCAL_RETURN_SHOCK,-0.3492779317315984,0.3492779317315984,False,NEITHER
2023-10-23,28.0652,0.0043624052993025,0.0075064348562792,0.0022861012925319,0.0047590616507099,0.0084044443135883,0.0155776891493182,0.0280332128647768,0.0,0.0043624052993025,0.6139776977199052,0.2720109988516115,0.0,False,0.1534944244299763,0,LOCAL_RETURN_SHOCK,-0.3487407571039385,0.3487407571039385,False,NEITHER
2023-10-24,28.0921,0.0009584823910038,0.0052783006376901,0.0020854535676124,0.0047610519917788,0.0084042399178347,0.0149928785994506,0.0282231467362519,0.0,0.0009584823910038,-0.1303720958619704,0.2481430311368007,0.0,False,0.1240715155684003,0,VOLATILITY_ACCELERATION,-0.3433325250591655,0.3433325250591655,False,NEITHER
2023-10-25,28.1237,0.0011248714051281,0.0053334286582422,0.0020856954593302,0.0034429059834683,0.008403816248704,0.0139003602622094,0.0300794948927971,0.0,0.0011248714051281,-0.0883309043011319,0.2481843245503906,0.0,False,0.1240921622751953,0,VOLATILITY_ACCELERATION,-0.3448912585875013,0.3448912585875013,False,NEITHER
2023-10-26,28.1377,0.0004978007872362,0.0056002287266359,0.0020624144516067,0.0015854499323949,0.008403483355393,0.0129013283627275,0.0304144887739339,0.0,0.0004978007872362,-0.5017015862051114,0.2454237563620721,0.0,False,0.1254253965512778,0,LOCAL_RETURN_SHOCK,-0.34870324483340814,0.34870324483340814,False,NEITHER
2023-10-27,28.1667,0.0010306457173117,0.0079947608192303,0.001565810444749,0.0015700198227391,0.0083981581252406,0.0125159403670753,0.030548950151312,0.0,0.0010306457173117,-0.2882547641378173,0.1864468876863569,0.0013473428397842,False,0.0932234438431784,0,VOLATILITY_ACCELERATION,-0.3510521449444779,0.3510521449444779,False,NEITHER
2023-10-30,28.245,0.0027798783670078,0.0064065105539956,0.0008733660297206,0.0015983235320434,0.0084011033905105,0.013845660708267,0.0307747607483561,0.0,0.0027798783670078,0.8698704617874274,0.1039584908224214,0.0,False,0.2174676154468568,0,LOCAL_RETURN_SHOCK,-0.36370167710764306,0.36370167710764306,False,NEITHER
2023-10-31,28.2995,0.0019295450522216,0.0073828585260624,0.0008922230333678,0.001572990700385,0.0084023357720919,0.014229569722526,0.0310867416706901,0.0,0.0019295450522216,0.2899828280656543,0.106187500424738,0.0,False,0.0724957070164135,0,LOCAL_RETURN_SHOCK,-0.35950396128075013,0.35950396128075013,False,NEITHER
2023-11-01,28.3294,0.0010565557695365,0.0073141158524661,0.0008993726865673,0.0015149986970447,0.0084020943786859,0.0138464729080205,0.0311994871772163,0.0,0.0010565557695365,-0.3151782097156846,0.1070414882328378,0.0,False,0.0787945524289211,0,LOCAL_RETURN_SHOCK,-0.35833327908237605,0.35833327908237605,False,NEITHER
2023-11-02,28.3246,-0.0001694352863103,0.0066423339505361,0.0011038782085937,0.0015557816758012,0.0084028231247024,0.012287539466816,0.0311889038636807,-0.0001694352863103,0.0001694352863103,-1.0594755225322732,0.1313699208244129,-0.0001694352863103,False,0.2648688806330683,0,LOCAL_RETURN_SHOCK,-0.36189238578327915,0.36189238578327915,False,NEITHER
2023-11-03,28.3801,0.0019594274941217,0.0075763223948848,0.0011198997287515,0.0015516928817577,0.0083997051913993,0.0128177378806237,0.0312612249885175,0.0,0.0019594274941217,0.3772384869862417,0.133326075526817,0.0,False,0.0943096217465604,0,LOCAL_RETURN_SHOCK,-0.35524139107799546,0.35524139107799546,False,NEITHER
2023-11-06,28.4367,0.001994355199594,0.0067870419543281,0.000937706969293,0.001481332305046,0.0084002330409849,0.0134576709365841,0.0311336388493481,0.0,0.001994355199594,0.3590006751336054,0.1116286851469369,0.0,False,0.0897501687834013,0,LOCAL_RETURN_SHOCK,-0.3574625110047686,0.3574625110047686,False,NEITHER
2023-11-07,28.4916,0.0019306037620399,0.0067881057969221,0.0009378695029578,0.0014848427566292,0.0084011404901381,0.0140218281833122,0.0308738000859989,0.0,0.0019306037620399,0.3838123307473013,0.1116359741940683,0.0,False,0.0959530826868253,0,LOCAL_RETURN_SHOCK,-0.35805028399399014,0.35805028399399014,False,NEITHER
2023-11-08,28.4479,-0.0015337853963974,0.0041829336307863,0.001614683882914,0.0014582848133284,0.0084059668657679,0.0110699900449346,0.0308990184332305,-0.0015337853963974,0.0015337853963974,-1.9575975572059865,0.1920878238872877,-0.0015337853963974,False,0.4893993893014966,0,LOCAL_RETURN_SHOCK,-0.37190771598411076,0.37190771598411076,False,NEITHER
2023-11-09,28.4655,0.0006186748406735,0.0049744744850765,0.0015281160999265,0.0014622927180624,0.008405811288281,0.0103654253451916,0.0307837839667188,-0.0009160594701596,0.0006186748406735,-0.5256152950277264,0.1817928154129429,-0.0007466241838493,False,0.1314038237569316,0,LOCAL_RETURN_SHOCK,-0.3526915754802518,0.3526915754802518,False,NEITHER
2023-11-10,28.5481,0.0029017582687815,0.0059196408751203,0.001722695714862,0.0015045301267334,0.0084082201648177,0.0118895184130956,0.0307429032601611,0.0,0.0029017582687815,1.0814651363853716,0.2048823271862256,0.0,False,0.2703662840963429,0,LOCAL_RETURN_SHOCK,-0.3540455032068698,0.3540455032068698,False,NEITHER
2023-11-13,28.5929,0.0015692813181962,0.0054929017783358,0.0016826261895013,0.0014366877906778,0.0084057975644376,0.0121557882164662,0.0304940384419312,0.0,0.0015692813181962,0.1163751025082202,0.2001744839323736,0.0,False,0.1000872419661868,0,VOLATILITY_ACCELERATION,-0.34864596222030864,0.34864596222030864,False,NEITHER
2023-11-14,28.6318,0.0013604776010827,0.0049207485715088,0.0016305512545538,0.0013680322708573,0.0084059110256121,0.0123015365827829,0.0299944902096525,0.0,0.0013604776010827,0.0371152047692093,0.1939767444106472,0.0,False,0.0969883722053236,0,VOLATILITY_ACCELERATION,-0.34830594510447527,0.34830594510447527,False,NEITHER
2023-11-15,28.6809,0.0017148764660273,0.0081904112430091,0.0008251720057825,0.0013719956998101,0.0084064716017758,0.012772789894907,0.0294460206876621,0.0,0.0017148764660273,0.3644285720945038,0.0981591379679661,0.0015337853963974,False,0.0911071430236259,0,LOCAL_RETURN_SHOCK,-0.35987851574406854,0.35987851574406854,False,NEITHER
2023-11-16,28.6547,-0.0009134999250373,0.0066466424267972,0.0013883417961477,0.001438955735315,0.004731497662108,0.0106454831556732,0.0290920461414863,-0.0009134999250373,0.0009134999250373,-1.575858772339906,0.2934254427020385,2.5595451223000155e-06,False,0.3939646930849765,0,LOCAL_RETURN_SHOCK,-0.35742778144842974,0.35742778144842974,False,NEITHER
2023-11-17,28.6774,0.0007921911588675,0.0045291980902406,0.0010752088933047,0.0013144354265747,0.0030267647174435,0.010138404678478,0.0289276521469354,-0.0001220324327341,0.0007921911588675,-0.2773453317045307,0.3552337210448439,-0.0001220324327341,False,0.1776168605224219,0,VOLATILITY_ACCELERATION,-0.3419802035790892,0.3419802035790892,False,NEITHER
2023-11-20,28.7431,0.0022910026710929,0.0052530523311731,0.0012247792796228,0.001128787586492,0.0029852541802417,0.01124528426684,0.0285421796461442,0.0,0.0022910026710929,0.7552650639977571,0.4102763803930545,0.0,False,0.2051381901965272,0,VOLATILITY_ACCELERATION,-0.34536929154876156,0.34536929154876156,False,NEITHER
2023-11-21,28.7802,0.0012907445613035,0.005183048219113,0.0012207362605046,0.001127572672362,0.0029840912951522,0.011326390322538,0.0282086588426406,0.0,0.0012907445613035,0.0850994282219659,0.4090814052799741,0.0,False,0.204540702639987,0,VOLATILITY_ACCELERATION,-0.34209099668976395,0.34209099668976395,False,NEITHER
2023-11-22,28.852,0.002494770710419,0.0059656426402239,0.0013700128956286,0.0011630943887909,0.0029114847603951,0.0125537432236424,0.0272606696990747,0.0,0.002494770710419,1.1382611961545563,0.4705547197996269,0.0,False,0.2845652990386391,0,LOCAL_RETURN_SHOCK,-0.3460251357460116,0.3460251357460116,False,NEITHER
2023-11-23,28.8257,-0.0009115485928185,0.0059676074082088,0.0013692635851642,0.001252242971782,0.0029207639826666,0.010410923179438,0.0269761919932496,-0.0009115485928185,0.0009115485928185,-1.8840620940344048,0.4688032286381761,1.951332218800032e-06,False,0.4710155235086012,0,LOCAL_RETURN_SHOCK,-0.3590112485952272,0.3590112485952272,False,NEITHER
2023-11-24,28.8595,0.001172564759919,0.0063499480427096,0.001351994535256,0.0012515790961659,0.0029164175088107,0.0103688890616044,0.0267737056511803,0.0,0.001172564759919,-0.0293563060803995,0.4635805851430841,0.0001220324327341,False,0.231790292571542,0,VOLATILITY_ACCELERATION,-0.3389531883743739,0.3389531883743739,False,NEITHER
2023-11-27,28.9042,0.0015488833832879,0.00560482341849,0.0012483026177663,0.0011998447624346,0.0029125665687452,0.010767480676689,0.0264551081202055,0.0,0.0015488833832879,0.2656335858357449,0.4285919611801688,0.0,False,0.2142959805900844,0,VOLATILITY_ACCELERATION,-0.3405372078589116,0.3405372078589116,False,NEITHER
2023-11-28,28.9046,1.3838819271860814e-05,0.0043224161055168,0.0013322009011245,0.0012111600402567,0.0029134454880431,0.0097131875327602,0.0259505792679211,0.0,1.3838819271860814e-05,-0.950984166686737,0.4572595940414561,0.0,False,0.2377460416716842,0,LOCAL_RETURN_SHOCK,-0.3426018195511133,0.3426018195511133,False,NEITHER
2023-11-29,28.9259,0.0007369069283089,0.002561347566893,0.0009793762241595,0.0012133023436347,0.0029133062218383,0.0094055876581715,0.0255480049294094,0.0,0.0007369069283089,-0.2660093960870283,0.3361734570907937,0.0,False,0.1680867285453968,0,VOLATILITY_ACCELERATION,-0.3409776150923925,0.3409776150923925,False,NEITHER
2023-11-30,28.8699,-0.0019359812486386,0.0015333539168171,0.0013777885109687,0.0013614739241114,0.0029380108047037,0.0064937724943161,0.0251190236442613,-0.0019359812486386,0.0019359812486386,-2.45535311242616,0.4689528400518087,-0.0010244326558201,False,0.61383827810654,0,LOCAL_RETURN_SHOCK,-0.3605453509033821,0.3605453509033821,False,NEITHER
2023-12-01,28.896,0.0009040557812809,0.0012647481765102,0.001340353386609,0.0013407808707134,0.002938119073627,0.0064985616224355,0.0245707361299682,-0.001033675702398,0.0009040557812809,-0.0372547404879246,0.4561943723248708,-0.001033675702398,False,0.2280971861624354,0,VOLATILITY_ACCELERATION,-0.33780250957264674,0.33780250957264674,False,NEITHER
2023-12-04,28.9143,0.0006333056478404,0.0003494301866164,0.0011709868801988,0.0013167450055652,0.0029391138714265,0.0062989610316388,0.0240285768355281,-0.0004010246872179,0.0006333056478404,-0.2004077708680269,0.3984149411776486,-0.0004010246872179,False,0.1992074705888243,0,VOLATILITY_ACCELERATION,-0.33781582951189093,0.33781582951189093,False,NEITHER
2023-12-05,28.884,-0.0010479243834365,-0.000712689329726,0.001275429007864,0.001354092961188,0.0029381974590874,0.0045584919519505,0.0233226159368657,-0.0014485288271064,0.0010479243834365,-1.4291912642589175,0.4340855322433457,-0.0014485288271064,False,0.3572978160647294,0,LOCAL_RETURN_SHOCK,-0.3528846454685053,0.3528846454685053,False,NEITHER
2023-12-06,28.9123,0.0009797811937404,-0.0004701668746693,0.0013210752679144,0.0012499605156395,0.002922229753143,0.004731348703701,0.0227363599433187,-0.0004701668746693,0.0009797811937404,0.2176745125241493,0.4520778239608023,-0.0004701668746693,False,0.2260389119804011,0,VOLATILITY_ACCELERATION,-0.3377174705723268,0.3377174705723268,False,NEITHER
2023-12-07,28.9199,0.0002628639022146,0.0017319076269746,0.000828490392561,0.0012553580087197,0.002923250726346,0.0042025954490574,0.0221981885795397,-0.0002074265623541,0.0002628639022146,-0.4382891210870444,0.2834140722498323,0.0017285546862845,False,0.1417070361249161,0,VOLATILITY_ACCELERATION,-0.3431763876150325,0.3431763876150325,False,NEITHER
2023-12-08,28.9846,0.0022372138216246,0.0030661683277961,0.0011889361194669,0.0012043616417125,0.0029263262673348,0.0056870592468365,0.0215516683730512,0.0,0.0022372138216246,1.150505561366766,0.4062896652155411,0.001033675702398,False,0.2876263903416915,0,LOCAL_RETURN_SHOCK,-0.3428549284962753,0.3428549284962753,False,NEITHER
2023-12-11,29.0011,0.0005692678180826,0.0030019748013958,0.0011890082582407,0.0011896499690609,0.002927345406249,0.0055474642875161,0.0209419598679694,0.0,0.0005692678180826,-0.1581106571725666,0.4061728608118897,0.0004010246872179,False,0.2030864304059448,0,VOLATILITY_ACCELERATION,-0.33786297385965564,0.33786297385965564,False,NEITHER
2023-12-12,28.9958,-0.0001827516887291,0.0038706550339286,0.0009222102702316,0.0011952520629434,0.002929334931758,0.0047296703784101,0.0203451685262956,-0.0001827516887291,0.0001827516887291,-0.7501712820238333,0.3148189919266583,0.0012657771383773,False,0.1875428205059583,0,LOCAL_RETURN_SHOCK,-0.34361014108164634,0.34361014108164634,False,NEITHER
2023-12-13,28.9699,-0.0008932328130281,0.0019922316799425,0.0011656387041195,0.0012130925900136,0.0029327630051558,0.0033298405420423,0.0195828375710671,-0.0010758212619521,0.0008932328130281,-1.2765181082395731,0.3974541079760983,-0.0006056543872828,False,0.3191295270598933,0,LOCAL_RETURN_SHOCK,-0.3497196449476062,0.3497196449476062,False,NEITHER
2023-12-14,28.9604,-0.0003279265720627,0.0014004197801513,0.0012118735050092,0.0011838413981707,0.0028899882859501,0.0024701409254166,0.0189106076386622,-0.0014033950436362,0.0003279265720627,-0.6842422451290694,0.4193350924295493,-0.001195968481282,False,0.2096675462147746,0,VOLATILITY_ACCELERATION,-0.3445195554153722,0.3445195554153722,False,NEITHER
2023-12-15,28.9791,0.0006457093134073,-0.0001897559393609,0.0006466579532241,0.0011825955127165,0.0028880950313658,0.0025939204179332,0.0181246108826922,-0.0007585919154791,0.0006457093134073,0.0965568704193087,0.2239046659480214,-0.0007585919154791,False,0.1119523329740107,0,VOLATILITY_ACCELERATION,-0.34593525607130887,0.34593525607130887,False,NEITHER
2023-12-18,29.0582,0.002729553367772,0.0019688908351751,0.0014167705837245,0.0012205390085664,0.0028928339466249,0.0047828690852105,0.017464792300166,0.0,0.002729553367772,1.864945489307677,0.4897517831528012,0.0,False,0.4662363723269192,0,LOCAL_RETURN_SHOCK,-0.3471104175030146,0.3471104175030146,False,NEITHER
2023-12-19,29.0934,0.001211362025177,0.0033660047317196,0.0014119958737701,0.0012181163584694,0.002892058738246,0.0054555747015609,0.0167849848240599,0.0,0.001211362025177,0.5451339818053473,0.4882320870932445,0.0001827516887291,False,0.2441160435466222,0,VOLATILITY_ACCELERATION,-0.33571905194251855,0.33571905194251855,False,NEITHER
2023-12-20,29.1302,0.0012648916936486,0.0055333294212267,0.0011113368050264,0.0011430812057276,0.002278320273975,0.0062436419344753,0.0159737266659392,0.0,0.0012648916936486,0.5934212113157127,0.4877877872224889,0.0010758212619521,False,0.2438938936112444,0,VOLATILITY_ACCELERATION,-0.3378634464993071,0.3378634464993071,False,NEITHER
2023-12-21,29.1522,0.000755229967525,0.0066228367011504,0.0008329621612809,0.0010960380582591,0.0013614617733915,0.0064360439173472,0.015320892757431,0.0,0.000755229967525,0.2403051579408859,0.6118145786832714,0.0014033950436362,False,0.3059072893416357,0,VOLATILITY_ACCELERATION,-0.3388127808700578,0.3388127808700578,False,NEITHER
2023-12-22,29.2107,0.0020067096136826,0.0079919666242223,0.0007775070619033,0.0011355767923654,0.0013542448843844,0.0078446803999607,0.014704342946008,0.0,0.0020067096136826,1.31640413117834,0.5741258991402666,0.0007585919154791,False,0.329101032794585,0,LOCAL_RETURN_SHOCK,-0.34479827870894,0.34479827870894,False,NEITHER
2023-12-25,29.152,-0.0020095376009475,0.0032280044875456,0.0015506452346654,0.0012527257625962,0.001408615402425,0.0053895876029999,0.0139680706832949,-0.0020095376009475,0.0020095376009475,-2.3029049616683537,1.100829390333152,-0.0020095376009475,False,0.5757262404170884,0,LOCAL_RETURN_SHOCK,-0.3634985501669559,0.3634985501669559,False,NEITHER
2023-12-26,29.2725,0.0041335071350163,0.0061560353894698,0.0022223219422928,0.0014961447069549,0.0014606041645156,0.0089053192032018,0.0135390072396091,0.0,0.0041335071350163,2.9582215568049275,1.5215086991278153,0.0,False,0.7607543495639076,0,VOLATILITY_ACCELERATION,-0.3757365961913714,0.3757365961913714,False,NEITHER
2023-12-27,29.3874,0.0039251857545477,0.0088293248930664,0.0025298904634901,0.0016677406555789,0.001476494274125,0.0120605657674577,0.013289366378226,0.0,0.0039251857545477,2.200011498968761,1.7134441411832524,0.0,False,0.8567220705916262,0,VOLATILITY_ACCELERATION,-0.37313797507966995,0.37313797507966995,False,NEITHER
2023-12-28,29.435,0.0016197417941021,0.0097008116025547,0.0024727605917813,0.0015466324693414,0.0014780738613805,0.0127144083439272,0.0133112487312014,0.0,0.0016197417941021,0.4956871770802476,1.672961450973618,0.0,False,0.836480725486809,0,VOLATILITY_ACCELERATION,-0.3595403842151068,0.3595403842151068,False,NEITHER
2023-12-29,29.5711,0.0046237472396808,0.012337944657266,0.0027528161462928,0.001748634915872,0.0015451823294233,0.0162167660594163,0.013576549586669,0.0,0.0046237472396808,2.3618390428992053,1.7815477784555165,0.0,False,0.8907738892277582,0,VOLATILITY_ACCELERATION,-0.3836826897482711,0.3836826897482711,False,NEITHER
2024-01-01,29.5134,-0.0019512294097954,0.0123970911086717,0.0027291783136226,0.0018799320664494,0.0015657280031607,0.0131909056079886,0.0137766933221408,-0.0019512294097954,0.0019512294097954,-1.7774232019936955,1.7430730676805095,5.83081911521002e-05,False,0.8715365338402548,0,VOLATILITY_ACCELERATION,-0.379909350971326,0.379909350971326,False,NEITHER
2024-01-02,29.7309,0.0073695338388664,0.0156597489110938,0.0034977216231004,0.0022886246572208,0.0017627261391637,0.0191760761057748,0.0145576468206893,0.0,0.0073695338388664,3.373486650627306,1.984268313375011,0.0,False,0.9921341566875056,0,VOLATILITY_ACCELERATION,-0.40923151947540637,0.40923151947540637,False,NEITHER
2024-01-03,29.7691,0.0012848585142057,0.0129885597228744,0.0035442781051422,0.0022863518723527,0.0017197545146691,0.0189891301687579,0.0152277146178347,0.0,0.0012848585142057,-0.071493813983117,2.0609209482576407,0.0,True,1.0304604741288204,1,VOLATILITY_ACCELERATION,-0.37795819624144655,0.37795819624144655,False,BASELINE_ONLY
2024-01-04,29.7529,-0.0005441884370035,0.0108000679463224,0.0038141168228915,0.0023155969001654,0.0017321644517476,0.0169847239856308,0.015873018628856,-0.0005441884370035,0.0005441884370035,-0.8782214789564962,2.2019368998384623,-0.0005441884370035,True,1.1009684499192312,1,VOLATILITY_ACCELERATION,-0.3889114313101332,0.3889114313101332,False,BASELINE_ONLY
2024-01-05,29.8403,0.0029375287787072,0.0091034827923208,0.003610544577738,0.0023337747476455,0.0017467523967766,0.0184826808488269,0.0165882536836814,0.0,0.0029375287787072,0.653890368315019,2.0670042213199658,0.0,True,1.0335021106599829,1,VOLATILITY_ACCELERATION,-0.3783076659404689,0.3783076659404689,False,BASELINE_ONLY
2024-01-08,29.8705,0.0010120541683562,0.0120995886614214,0.003034084235287,0.0023269864656553,0.0017248504811082,0.0180030502091692,0.0173760679419183,0.0,0.0010120541683562,-0.1912540397211716,1.7590418813215798,0.0019512294097954,False,0.8795209406607899,0,VOLATILITY_ACCELERATION,-0.36749743393333856,0.36749743393333856,False,NEITHER
2024-01-09,29.9245,0.0018078036859108,0.00651174367409,0.0012672349216863,0.0022944430762385,0.0017067525527043,0.0182320168459391,0.0183434770865063,0.0,0.0018078036859108,0.1406395596126238,0.742483097317419,0.0,False,0.3712415486587095,0,VOLATILITY_ACCELERATION,-0.343750859531206,0.343750859531206,False,NEITHER
2024-01-10,29.9598,0.0011796354157964,0.0064059712923802,0.0012684143234592,0.0022225307266907,0.0017067317718673,0.0177191660625759,0.0195480289972675,0.0,0.0011796354157964,-0.1745215173297692,0.7431831670136744,0.0,False,0.3715915835068372,0,VOLATILITY_ACCELERATION,-0.34299159546347857,0.34299159546347857,False,NEITHER
2024-01-11,29.9971,0.0012450016355249,0.008207603292452,0.0007864396996576,0.0021749204055369,0.0017025576867687,0.0171951421523521,0.0208028719542081,0.0,0.0012450016355249,-0.1973906923023111,0.4619166244817179,0.0005441884370035,False,0.2309583122408589,0,VOLATILITY_ACCELERATION,-0.34433340507040905,0.34433340507040905,False,NEITHER
2024-01-12,30.098,0.0033636584869869,0.0086359721584567,0.0009654162371989,0.0021863597470852,0.0016934925047422,0.0186841111272066,0.0222056540372694,0.0,0.0033636584869869,0.7362584663792018,0.570074112814491,0.0,False,0.2850370564072455,0,VOLATILITY_ACCELERATION,-0.3490887190112472,0.3490887190112472,False,NEITHER
2024-01-15,30.0779,-0.0006678184596983,0.006943305267739,0.0014465206527416,0.0022494415846021,0.00166049662935,0.0162501568996396,0.0234117499795987,-0.0006678184596983,0.0006678184596983,-1.173672743704086,0.8711373616626005,-0.0006678184596983,False,0.4355686808313002,0,VOLATILITY_ACCELERATION,-0.35231827935454946,0.35231827935454946,False,NEITHER
2024-01-16,30.1,0.0007347587431303,0.0058647596451069,0.0014478312922966,0.002257716395226,0.0016611995424371,0.0152703747646285,0.0245972599785593,0.0,0.0007347587431303,-0.4417207611371246,0.8715577239881289,0.0,False,0.4357788619940644,0,VOLATILITY_ACCELERATION,-0.3434590293463786,0.3434590293463786,False,NEITHER
2024-01-17,30.129,0.0009634551495016,0.0056475677407725,0.0014507356503573,0.0022618083617799,0.0016613759528936,0.0145395788797031,0.0258300244046085,0.0,0.0009634551495016,-0.3282513605240472,0.8732133433318147,0.0,False,0.4366066716659073,0,VOLATILITY_ACCELERATION,-0.34327868731134015,0.34327868731134015,False,NEITHER
2024-01-18,30.1332,0.0001394005775166,0.0045371052535077,0.001511397261877,0.0022793203888063,0.0016644019445268,0.0130078515739706,0.0269452483146057,0.0,0.0001394005775166,-0.685328275101103,0.908072275958978,0.0,False,0.454036137979489,0,VOLATILITY_ACCELERATION,-0.34422567133463516,0.34422567133463516,False,NEITHER
2024-01-19,30.2005,0.0022334169620219,0.0034055418964715,0.0010729992859819,0.0022817047035499,0.0016702468505075,0.0135839820135452,0.0280305906825424,0.0,0.0022334169620219,0.2521482428007321,0.6424195834620926,0.0,False,0.3212097917310463,0,VOLATILITY_ACCELERATION,-0.34245900431354576,0.34245900431354576,False,NEITHER
2024-01-22,30.2562,0.0018443403254913,0.0059279404479701,0.0008483759062059,0.0021109480470538,0.0016592370257413,0.0135752730271869,0.0294953825089729,0.0,0.0018443403254913,0.0763966636868933,0.511304830499952,0.0006678184596983,False,0.255652415249976,0,VOLATILITY_ACCELERATION,-0.3439044758972753,0.3439044758972753,False,NEITHER
2024-01-23,30.2164,-0.0013154328699571,0.0038671096345515,0.0014212548182808,0.0021536451494954,0.0016860137343507,0.0106441332844562,0.0304693025326978,-0.0013154328699571,0.0013154328699571,-1.5055569317943076,0.8429675211561304,-0.0013154328699571,False,0.4214837605780652,0,VOLATILITY_ACCELERATION,-0.35616984746312624,0.35616984746312624,False,NEITHER
2024-01-24,30.2349,0.0006122503011609,0.0035148859902418,0.0014181664812012,0.0020911026082408,0.0016871578050023,0.0098316546447816,0.0311097542307374,-0.0007039879429671,0.0006122503011609,-0.4541241595731826,0.8405654035422411,-0.0007039879429671,False,0.4202827017711205,0,VOLATILITY_ACCELERATION,-0.34318178090677653,0.34318178090677653,False,NEITHER
2024-01-25,30.2424,0.0002480577081451,0.003623909840309,0.0014081722298468,0.0021068017500729,0.0016827435872183,0.0087220515858343,0.0314963298349071,-0.0004561048644575,0.0002480577081451,-0.5626544145864232,0.8368311372825453,-0.0004561048644575,False,0.4184155686412726,0,VOLATILITY_ACCELERATION,-0.34309863601025514,0.34309863601025514,False,NEITHER
2024-01-26,30.0999,-0.0047119276247916,-0.0033310706776378,0.0025279693753647,0.0023632968509194,0.0018378437473756,0.0030844114999177,0.0312084127384237,-0.0051658833561385,0.0047119276247916,-2.8801804642071622,1.3755083254354914,-0.0051658833561385,False,0.7200451160517906,0,LOCAL_RETURN_SHOCK,-0.3982098877059702,0.3982098877059702,False,NEITHER
2024-01-29,30.3456,0.0081628178166703,0.0029547662958335,0.0047224379656768,0.0027705203459659,0.0020550845730661,0.0098720571147983,0.0315764340612636,0.0,0.0081628178166703,3.07771744346682,2.297928770216556,0.0,True,1.148964385108278,1,VOLATILITY_ACCELERATION,-0.415912598676586,0.415912598676586,False,BASELINE_ONLY
2024-01-30,30.3488,0.0001054518612253,0.0043817264796601,0.0046200649413059,0.0023970248502538,0.0020558712433574,0.0089412015020022,0.0311380917782608,0.0,0.0001054518612253,-0.46543905605285,2.2472540321936547,0.0013154328699571,True,1.1236270160968274,1,VOLATILITY_ACCELERATION,-0.3853510378041042,0.3853510378041042,False,BASELINE_ONLY
2024-01-31,30.3454,-0.0001120307886967,0.0036547169000062,0.0046419915592002,0.0024095801911451,0.0020335991136352,0.0078626867049735,0.0306123584150181,-0.0001120307886967,0.0001120307886967,-0.4771694067003073,2.2826482997931272,0.0005919571542704,True,1.1413241498965636,1,VOLATILITY_ACCELERATION,-0.38696985330534034,0.38696985330534034,False,BASELINE_ONLY
2024-02-01,30.3329,-0.0004119240477964,0.0029924873687272,0.0046687293404343,0.0024054069532802,0.0020418868206418,0.0064781063828269,0.0301363874310203,-0.0005239086883171,0.0004119240477964,-0.5701556331865253,2.286478022796013,-6.780382385960008e-05,True,1.1432390113980064,1,VOLATILITY_ACCELERATION,-0.38747704034531416,0.38747704034531416,False,BASELINE_ONLY
2024-02-02,30.4907,0.005202272120371,0.0129834318386439,0.0038847702488237,0.0025518296405967,0.0020978582494515,0.0106235676049053,0.0297420233880043,0.0,0.005202272120371,1.7600960300444668,1.8517791894849909,0.0051658833561385,False,0.9258895947424954,0,VOLATILITY_ACCELERATION,-0.384595438901337,0.384595438901337,False,NEITHER
2024-02-05,30.5514,0.0019907709563899,0.0067818728250552,0.0023474069689576,0.0025597943938525,0.0021001609057224,0.0114940854310805,0.0293767519532412,0.0,0.0019907709563899,0.3562184887207897,1.1177272001214371,0.0,False,0.5588636000607186,0,VOLATILITY_ACCELERATION,-0.3468466855364655,0.3468466855364655,False,NEITHER
2024-02-06,30.5517,9.819517272413592e-06,0.0066856020666385,0.0023604857122067,0.0025663270721021,0.0021046315178755,0.0104548976884524,0.0288173832888407,0.0,9.819517272413592e-06,-0.4378782855234066,1.1215672159986798,0.0,False,0.5607836079993399,0,VOLATILITY_ACCELERATION,-0.34620628107730933,0.34620628107730933,False,NEITHER
2024-02-07,30.5837,0.0010474048907263,0.0078529200471899,0.0022363873488966,0.0025661208891691,0.0021030062577117,0.010470718974612,0.0281472903555857,0.0,0.0010474048907263,0.0025741852957397,1.063424010601867,0.0001120307886967,False,0.5317120053009335,0,VOLATILITY_ACCELERATION,-0.34488829780239366,0.34488829780239366,False,NEITHER
2024-02-08,30.5893,0.0001831040717767,0.0084528680080047,0.0021173765360821,0.0025725071766402,0.0020901724440285,0.0096679819496676,0.0273441705607813,0.0,0.0001831040717767,-0.331661339446272,1.0130152381117263,0.0005239086883171,False,0.5065076190558632,0,VOLATILITY_ACCELERATION,-0.3443187729131713,0.3443187729131713,False,NEITHER
2024-02-09,30.6745,0.0027852876659484,0.006028067574703,0.001184514052209,0.0025474429277089,0.0021011421046075,0.0115178059713991,0.026374502639278,0.0,0.0027852876659484,0.7013373558133714,0.5637477111193633,0.0,False,0.2818738555596816,0,VOLATILITY_ACCELERATION,-0.34381771993917143,0.34381771993917143,False,NEITHER
2024-02-12,30.7137,0.0012779344406592,0.0053123588444392,0.0011063560210632,0.0025193179058441,0.00209567543674,0.0117498396581217,0.0256805220944258,0.0,0.0012779344406592,0.1278775250646053,0.5279233614458115,0.0,False,0.2639616807229057,0,VOLATILITY_ACCELERATION,-0.3400425214195708,0.3400425214195708,False,NEITHER
2024-02-13,30.7063,-0.0002409348271292,0.005060274878321,0.0011697678766794,0.0025351297822612,0.0021027280596484,0.0104969753013797,0.0249618219549687,-0.0002409348271292,0.0002409348271292,-0.5122006289773403,0.5563096337217275,-0.0002409348271292,False,0.2781548168608637,0,VOLATILITY_ACCELERATION,-0.33961219102862045,0.33961219102862045,False,NEITHER
2024-02-14,30.7433,0.0012049644535487,0.0052184660456386,0.0011731259864683,0.002535518310404,0.0020946219000053,0.0106929966559319,0.0242724780758061,0.0,0.0012049644535487,0.0805827554284643,0.5600657505134132,0.0,False,0.2800328752567066,0,VOLATILITY_ACCELERATION,-0.33807875378882507,0.33807875378882507,False,NEITHER
2024-02-15,30.7253,-0.0005854934245835,0.0044459990911853,0.0013507305354921,0.0025537751350161,0.0020898352983734,0.0091190960745897,0.0235787585432993,-0.0005854934245835,0.0005854934245835,-0.6303427561744488,0.6463334869228335,-0.0005854934245835,False,0.3231667434614167,0,VOLATILITY_ACCELERATION,-0.33990401336491344,0.33990401336491344,False,NEITHER
2024-02-16,30.839,0.003700533436614,0.0053627605991948,0.0016911798459111,0.0026121825499051,0.0021173150787141,0.0117924891985026,0.0229500813119181,0.0,0.003700533436614,1.066666334024639,0.798737921867631,0.0,False,0.3993689609338155,0,VOLATILITY_ACCELERATION,-0.34413031954945905,0.34413031954945905,False,NEITHER
2024-02-19,30.8376,-4.5397062161556256e-05,0.0040340304163939,0.00175318974969,0.0026161070108335,0.0021216939167938,0.0107825193125616,0.0220319510608788,-4.5397062161556256e-05,4.5397062161556256e-05,-0.4192893645022739,0.8263160561535353,-4.5397062161556256e-05,False,0.4131580280767676,0,VOLATILITY_ACCELERATION,-0.3386711564038417,0.3386711564038417,False,NEITHER
2024-02-20,30.9105,0.0023639971982256,0.0066501011193143,0.0017510724596026,0.0025770957670948,0.0021233343844532,0.0120207855426444,0.0215794216098916,0.0,0.0023639971982256,0.5384415708617998,0.824680498947195,0.0002409348271292,False,0.4123402494735975,0,VOLATILITY_ACCELERATION,-0.341186911693769,0.341186911693769,False,NEITHER
2024-02-21,31.0042,0.0030313323951409,0.0084864019152139,0.0019029659725331,0.0026076426604213,0.0021369155422579,0.0138118051220645,0.0214182879497644,0.0,0.0030313323951409,0.7341537268887389,0.8905199737198761,0.0,False,0.445259986859938,0,VOLATILITY_ACCELERATION,-0.34427988373583923,0.34427988373583923,False,NEITHER
2024-02-22,30.9876,-0.000535411331368,0.0085369386141063,0.0018880480431652,0.0026294432208235,0.0021100107453013,0.0120359632085493,0.0212857150242795,-0.000535411331368,0.000535411331368,-0.6886347567865343,0.8948049422826968,5.00820932155e-05,False,0.4474024711413484,0,VOLATILITY_ACCELERATION,-0.34333539437572247,0.34333539437572247,False,NEITHER
2024-02-23,31.0391,0.0016619551046224,0.0064885372418042,0.001536174691839,0.0022281372246682,0.0021105830380757,0.0121655786549483,0.0219507923809985,0.0,0.0016619551046224,0.1676501379566534,0.7278437588693927,0.0,False,0.3639218794346963,0,VOLATILITY_ACCELERATION,-0.33855022050414146,0.33855022050414146,False,NEITHER
2024-02-26,31.0937,0.0017590716225663,0.00830479674164,0.0013421756495618,0.0015970519245145,0.0021105062111915,0.0127107927826317,0.0217804579227463,0.0,0.0017590716225663,0.0984000885430683,0.6359496325784638,4.5397062161556256e-05,False,0.3179748162892319,0,VOLATILITY_ACCELERATION,-0.33880536831011404,0.33880536831011404,False,NEITHER
2024-02-27,31.1427,0.0015758819310665,0.0075120104818751,0.0012832549959651,0.0015767775350941,0.0020899254404744,0.0129970500726506,0.0220506418748762,0.0,0.0015758819310665,0.2230650819365446,0.6140195105112503,0.0,False,0.3070097552556251,0,VOLATILITY_ACCELERATION,-0.3378455746641706,0.3378455746641706,False,NEITHER
2024-02-28,31.2017,0.0018945049722727,0.0063701046954927,0.0010168447450434,0.0015462021080372,0.0020911989485835,0.0135047015772942,0.0224945210955056,0.0,0.0018945049722727,0.3813778689312084,0.4862496443641447,0.0,False,0.2431248221820723,0,VOLATILITY_ACCELERATION,-0.33981457446906704,0.33981457446906704,False,NEITHER
2024-02-29,31.2335,0.0010191752372465,0.007935432237411,0.0003362348922043,0.0014903599995751,0.0020872824050147,0.013055863461989,0.0230047682857978,0.0,0.0010191752372465,-0.2420824968584382,0.1610873983302379,0.000535411331368,False,0.0805436991651189,0,VOLATILITY_ACCELERATION,-0.3533384066038308,0.3533384066038308,False,NEITHER
2024-03-01,31.3634,0.0041589959498615,0.0104481122197486,0.0012082115036778,0.0013657147028084,0.002116669981943,0.0158314550370028,0.0233483818544699,0.0,0.0041589959498615,1.8075882888482604,0.5708076903744441,0.0,False,0.4518970722120651,0,LOCAL_RETURN_SHOCK,-0.3544138015151965,0.3544138015151965,False,NEITHER
2024-03-04,31.5712,0.0066255571781121,0.0153568086139637,0.002326306455456,0.0017947641279678,0.0022221510652439,0.0208759086323304,0.023883078628391,0.0,0.0066255571781121,3.816816431319829,1.046871426448529,0.0,False,0.9542041078299572,0,LOCAL_RETURN_SHOCK,-0.38864748457563564,0.38864748457563564,False,NEITHER
2024-03-05,31.5876,0.0005194607743765,0.0142858519010875,0.002533002013913,0.0017738275167034,0.002215413068058,0.0196983962014882,0.0245341665236231,0.0,0.0005194607743765,-0.6269087837843101,1.143354280262233,0.0,False,0.5716771401311165,0,VOLATILITY_ACCELERATION,-0.3537043031666302,0.3537043031666302,False,NEITHER
2024-03-06,31.7653,0.0056256252453494,0.0180631183557307,0.0027257790046051,0.001973419118024,0.0022589508531962,0.0234828536423674,0.0254301869194235,0.0,0.0056256252453494,2.229940044465593,1.2066570641624994,0.0,False,0.6033285320812497,0,VOLATILITY_ACCELERATION,-0.3751846688270629,0.3751846688270629,False,NEITHER
2024-03-07,31.8177,0.0016495987760227,0.0187042758576527,0.0025882578061901,0.0019331407199783,0.0022456377559823,0.023146421968432,0.0264552927831842,0.0,0.0016495987760227,-0.1263839360359606,1.1525713794645072,0.0,False,0.5762856897322536,0,VOLATILITY_ACCELERATION,-0.35934485135910427,0.35934485135910427,False,NEITHER
2024-03-08,31.9088,0.0028631862139627,0.0173896962701747,0.0025976499114875,0.0019349425223359,0.0022483815925553,0.0240436257064835,0.0275147220696172,0.0,0.0028631862139627,0.4608325808546685,1.1553421003306004,0.0,False,0.5776710501653002,0,VOLATILITY_ACCELERATION,-0.3600243959287348,0.3600243959287348,False,NEITHER
2024-03-11,32.022,0.0035476106904677,0.0142788364078654,0.0019405482382047,0.0019582499142938,0.0022577534000452,0.0255235984598891,0.0285935604329936,0.0,0.0035476106904677,0.8121087619439558,0.8595040708014658,0.0,False,0.4297520354007329,0,VOLATILITY_ACCELERATION,-0.35571896571131245,0.35571896571131245,False,NEITHER
2024-03-12,32.0589,0.0011523327712199,0.0149204118071648,0.0017638548096389,0.0018947270434381,0.0022579484517097,0.0244864170202239,0.0297930140280531,0.0,0.0011523327712199,-0.4786814740285786,0.7811758538169122,0.0,False,0.3905879269084561,0,VOLATILITY_ACCELERATION,-0.35402938276155066,0.35402938276155066,False,NEITHER
2024-03-13,32.0416,-0.0005396317403278,0.0086981706453268,0.0015873803062531,0.0019792525808285,0.002274734911882,0.0218138714192457,0.0308872629531686,-0.0005396317403278,0.0005396317403278,-1.424482674854058,0.6978308979923212,-0.0005396317403278,False,0.3561206687135145,0,LOCAL_RETURN_SHOCK,-0.3592830996306006,0.3592830996306006,False,NEITHER
2024-03-14,32.1327,0.002843178867472,0.0099001499165558,0.0016595070039031,0.0018830971291916,0.0022776942669828,0.0224246323494317,0.0321960861012402,0.0,0.002843178867472,0.389558451511381,0.7285907630181658,0.0,False,0.3642953815090829,0,VOLATILITY_ACCELERATION,-0.35140959850872927,0.35140959850872927,False,NEITHER
2024-03-15,32.1271,-0.0001742772938471,0.0068413729128014,0.0018021530625768,0.0019241900229465,0.002288895401091,0.0201558505725756,0.0332279950143654,-0.0001742772938471,0.0001742772938471,-1.2839779573247,0.7873461852899899,-0.0001742772938471,False,0.3936730926449949,0,VOLATILITY_ACCELERATION,-0.35504401665841423,0.35504401665841423,False,NEITHER
2024-03-18,32.2803,0.0047685598762414,0.0080663293985383,0.0022085771425488,0.0019492289064551,0.002275460786172,0.0226780228915541,0.0346079012371574,0.0,0.0047685598762414,1.4129178869056684,0.9706065496581384,0.0,False,0.4853032748290692,0,VOLATILITY_ACCELERATION,-0.361058043963619,0.361058043963619,False,NEITHER
2024-03-19,32.3476,0.0020848629040004,0.0090052996203862,0.0021996195333888,0.0019496744925099,0.0022536358090735,0.0224825347183861,0.0357848821077064,0.0,0.0020848629040004,-0.1055147075095308,0.9760314974286344,0.0,False,0.4880157487143172,0,VOLATILITY_ACCELERATION,-0.3541800781685632,0.3541800781685632,False,NEITHER
2024-03-20,32.3779,0.0009367000952156,0.0104957305502844,0.0018840796063618,0.0019632093543639,0.0022358747943739,0.0212231375346867,0.036728041930808,0.0,0.0009367000952156,-0.6872318518574899,0.8426588157363206,0.0005396317403278,False,0.4213294078681603,0,VOLATILITY_ACCELERATION,-0.35387819516615254,0.35387819516615254,False,NEITHER
2024-03-21,32.0211,-0.0110198623134916,-0.0034730974988097,0.0060645176166663,0.0035125743106682,0.0027679317120879,0.0083259608721877,0.0371541330288607,-0.0110198623134916,0.0110198623134916,-6.719461261933816,2.190992498182597,-0.0110198623134916,True,1.679865315483454,2,LOCAL_RETURN_SHOCK,-0.4743151736153925,0.4743151736153925,False,BASELINE_ONLY
2024-03-22,31.9679,-0.0016614045114001,-0.0049553180959376,0.006069929905323,0.0035896240684551,0.0027631058097551,0.0051807785616102,0.0370802806884362,-0.0126629583759291,0.0016614045114001,-0.9420523416316796,2.196777945995847,-0.012488681082082,True,1.0983889729979237,1,VOLATILITY_ACCELERATION,-0.4097178941877537,0.4097178941877537,False,BASELINE_ONLY
2024-03-25,32.1128,0.004532671836436,-0.0051889232751862,0.0060147633646042,0.0036539151376749,0.0027604467636868,0.0081217200051859,0.0374764256833155,-0.0081876835742897,0.004532671836436,0.850009754762292,2.1789093865990723,-0.0081876835742897,True,1.089454693299536,1,VOLATILITY_ACCELERATION,-0.4041964836526584,0.4041964836526584,False,BASELINE_ONLY
2024-03-26,32.1354,0.0007037692135223,-0.0065599920859662,0.0058660954334485,0.0036596704059175,0.0026484633222258,0.0072616912288454,0.0377513610357826,-0.0074896766003971,0.0007037692135223,-0.250790487726978,2.214905294032377,-0.0074896766003971,True,1.1074526470161885,1,VOLATILITY_ACCELERATION,-0.3999772336515275,0.3999772336515275,False,BASELINE_ONLY
2024-03-27,32.256,0.0037528706659946,-0.0037649137220139,0.0062569155174879,0.0036916209094179,0.0026673149446606,0.0093740103716184,0.0380204343248191,-0.0037649137220139,0.0037528706659946,0.5946819487732411,2.345773051664904,-0.0037649137220139,True,1.172886525832452,1,VOLATILITY_ACCELERATION,-0.40513004599528396,0.40513004599528396,False,BASELINE_ONLY
2024-03-28,32.3174,0.0019035218253968,0.0092532736227051,0.0024730672868757,0.0036887172529802,0.0026566807464592,0.0095832213262871,0.0382621697821752,-0.0018685584920578,0.0019035218253968,0.0634065114806051,0.9308861405992354,0.0091513038214338,False,0.4654430702996177,0,VOLATILITY_ACCELERATION,-0.3552633175673331,0.3552633175673331,False,NEITHER
2024-03-29,32.3984,0.0025063897466999,0.0134666337169473,0.0015101317223935,0.0036493567035768,0.0026529837399532,0.0104800375892188,0.0384709312927351,0.0,0.0025063897466999,0.2149048954159132,0.5692201198414203,0.0126629583759291,False,0.2846100599207101,0,VOLATILITY_ACCELERATION,-0.36266258467390083,0.36266258467390083,False,NEITHER
2024-04-01,32.1785,-0.0067873722159119,0.0020459131561245,0.0041739830672332,0.0039065889354116,0.0028545036658513,0.0026719430400945,0.0377405773857257,-0.0067873722159119,0.0067873722159119,-2.3068197879180152,1.4622447738172342,0.0014003113583778,False,0.7311223869086171,0,VOLATILITY_ACCELERATION,-0.389545260347662,0.389545260347662,False,NEITHER
2024-04-02,32.0214,-0.0048821418027564,-0.0035474896842733,0.0047810490418205,0.0041195885987042,0.0029608336110036,-0.0028971391062712,0.0367056364810536,-0.0116363771050422,0.0048821418027564,-1.495558265976194,1.6147645122820402,-0.0041467005046451,False,0.8073822561410201,0,VOLATILITY_ACCELERATION,-0.3861389783757011,0.3861389783757011,False,NEITHER
2024-04-03,31.9543,-0.0020954736519952,-0.0093532986111111,0.0040834003950715,0.003992569883353,0.0029900187421113,-0.0052792485592498,0.0350366786176588,-0.0137074670354092,0.0020954736519952,-0.6762284698488155,1.3656771904339788,-0.0099425533133953,False,0.6828385952169894,0,VOLATILITY_ACCELERATION,-0.38079595516514175,0.38079595516514175,False,NEITHER
2024-04-04,31.8958,-0.0018307395248838,-0.0130456039161566,0.0035235701286524,0.0040066673492944,0.0030134016786487,-0.007221005985627,0.033117997214924,-0.0155131117586053,0.0018307395248838,-0.5347418041276101,1.1692998492761426,-0.0136445532665475,False,0.5846499246380713,0,VOLATILITY_ACCELERATION,-0.3785785728201981,0.3785785728201981,False,NEITHER
2024-04-05,32.0158,0.0037622508292627,-0.0118092251469209,0.003993577529413,0.0040438151465721,0.0030190723120266,-0.0036518367560971,0.0312434911733492,-0.0118092251469209,0.0037622508292627,0.9064923364055478,1.3227829997659937,-0.0118092251469209,False,0.6613914998829968,0,VOLATILITY_ACCELERATION,-0.3813911324059624,0.3813911324059624,False,NEITHER
2024-04-08,32.0122,-0.0001124444805377,-0.0051680469878956,0.0031789532823081,0.0039652178269983,0.0030146126570607,-0.0037486787195144,0.0290673906586143,-0.0119203417452714,0.0001124444805377,-0.0711296840923294,1.0545146736720847,-0.0051329695293594,False,0.5272573368360424,0,VOLATILITY_ACCELERATION,-0.357824797043167,0.357824797043167,False,NEITHER
2024-04-09,32.2378,0.007047313211838,0.0067579806004733,0.0039498538248929,0.0042638468632633,0.0031122180541915,0.0029930059486771,0.0271292097139086,-0.0049570349153045,0.007047313211838,1.7792528594482748,1.2691443067664496,0.0066793421897377,False,0.6345721533832248,0,VOLATILITY_ACCELERATION,-0.3658916372506385,0.3658916372506385,False,NEITHER
2024-04-10,32.2842,0.00143930417088,0.0103241191326362,0.0034645914939733,0.0042666166550182,0.0031123435264796,0.0040576940840146,0.0253897224816843,-0.0035248654254532,0.00143930417088,0.2702646532552936,1.1131777274895265,0.010182601609956,False,0.5565888637447632,0,VOLATILITY_ACCELERATION,-0.3544943541783645,0.3544943541783645,False,NEITHER
2024-04-11,32.2783,-0.0001827519343826,0.0119921745182751,0.0030560897994289,0.0042283726561347,0.0031144058419784,0.0036469625798445,0.0233254231744108,-0.0037069731838609,0.0001827519343826,-0.1332755794033086,0.9812753875029804,0.0118061385747443,False,0.4906376937514902,0,VOLATILITY_ACCELERATION,-0.35613020184302774,0.35613020184302774,False,NEITHER
2024-04-12,32.3565,0.0024226802526774,0.0106416206997794,0.0029630985764816,0.0042549472257504,0.0031156157736273,0.005719795303315,0.0215968356754634,-0.0012932737419133,0.0024226802526774,0.5174787319629015,0.9510474948686836,0.0105159514050076,False,0.4755237474343418,0,VOLATILITY_ACCELERATION,-0.35399499887127106,0.35399499887127106,False,NEITHER
2024-04-15,32.4045,0.0014834731815864,0.0122547028945214,0.0027396522742897,0.0041377802602401,0.003114610086663,0.007017377028089,0.0194588981031844,0.0,0.0014834731815864,0.2629969098497298,0.8796132414844162,0.0119203417452714,False,0.4398066207422081,0,VOLATILITY_ACCELERATION,-0.35205432862659836,0.35205432862659836,False,NEITHER
2024-04-16,32.4515,0.0014504158373067,0.0066288642525236,0.0009396938248759,0.0041249830565204,0.0030979450824517,0.0083151863114103,0.0173076306089183,0.0,0.0014504158373067,0.3021511254264916,0.3033281093970298,0.0049570349153045,False,0.1516640546985149,0,VOLATILITY_ACCELERATION,-0.34233057224413443,0.34233057224413443,False,NEITHER
2024-04-17,32.3808,-0.0021786358103632,0.0029921757392161,0.0018137949288916,0.0041531700632569,0.003127649845787,0.0061139018326792,0.0151083330021555,-0.0021786358103632,0.0021786358103632,-0.5689949024701659,0.5799226314719386,0.0013462296150899,False,0.2899613157359693,0,VOLATILITY_ACCELERATION,-0.34011653109714357,0.34011653109714357,False,NEITHER
2024-04-18,32.4747,0.0028998665876074,0.0060845831409954,0.0019963421501426,0.0032819939167118,0.0031334441781745,0.008320936848253,0.0141707126638965,0.0,0.0028998665876074,0.695173763014465,0.637107935111083,0.0037069731838609,False,0.3185539675555415,0,VOLATILITY_ACCELERATION,-0.3390892441706711,0.3390892441706711,False,NEITHER
2024-04-19,32.5004,0.0007913852937826,0.0044473289756308,0.0018796334870118,0.0032342487696116,0.0030367354757853,0.0082853666863822,0.0135269683318952,0.0,0.0007913852937826,0.025200266829437,0.6189651690112148,0.0012932737419133,False,0.3094825845056074,0,VOLATILITY_ACCELERATION,-0.3346707321734701,0.3346707321734701,False,NEITHER
2024-04-22,32.5131,0.0003907644213609,0.0033513863815211,0.0018566625887074,0.0031151854853044,0.0029010812097572,0.0080534270083574,0.0125340262427837,0.0,0.0003907644213609,-0.1362150136335852,0.6399898708326023,0.0,False,0.3199949354163011,0,VOLATILITY_ACCELERATION,-0.3338742769900952,0.3338742769900952,False,NEITHER
2024-04-23,32.5468,0.0010365052855616,0.0029366901375897,0.0018221158899646,0.003116520879369,0.0028978622318052,0.008455124137384,0.0116035039795507,0.0,0.0010365052855616,0.1323462107319821,0.6287793360105761,0.0,False,0.314389668005288,0,VOLATILITY_ACCELERATION,-0.3343118084543726,0.3343118084543726,False,NEITHER
2024-04-24,32.54,-0.00020892991016,0.0049164937246763,0.0011710455336204,0.0030330987939211,0.0028986158267082,0.0078010116414335,0.0103791285887915,-0.00020892991016,0.00020892991016,-0.2726723283779761,0.4040016351357235,0.0019697059002032,False,0.2020008175678617,0,VOLATILITY_ACCELERATION,-0.3380421430480111,0.3380421430480111,False,NEITHER
2024-04-25,32.5105,-0.0009065765212046,0.0011023966349188,0.0007866822843685,0.0030269506962392,0.0029038858824068,0.0065863670175421,0.0089701438287619,-0.0011153170204135,0.0009065765212046,-0.4448736023888363,0.2709067491717276,-0.0011153170204135,False,0.1354533745858638,0,VOLATILITY_ACCELERATION,-0.34501163985309097,0.34501163985309097,False,NEITHER
2024-04-26,32.4375,-0.0022454284000553,-0.0019353607955594,0.0012635969762136,0.0030313255630465,0.002887312866894,0.0042653607321176,0.0074025996506499,-0.0033582410559562,0.0022454284000553,-0.8416696550554169,0.4376377048369208,-0.0033582410559562,False,0.2188188524184604,0,VOLATILITY_ACCELERATION,-0.35153946362381183,0.35153946362381183,False,NEITHER
2024-04-29,32.4363,-3.699421965308592e-05,-0.0023621248050785,0.0012111903994775,0.0025687513645945,0.0028878176266614,0.0038276066750393,0.0068510800726018,-0.003395111040102,3.699421965308592e-05,-0.0335389447682902,0.4194137428538916,-0.003395111040102,False,0.2097068714269458,0,VOLATILITY_ACCELERATION,-0.3448644286286531,0.3448644286286531,False,NEITHER
2024-04-30,32.3795,-0.0017511245117354,-0.0051402902896751,0.0009582192475211,0.0023123650663824,0.0029069610854036,0.0015148222925547,0.0067285931188587,-0.0051402902896751,0.0017511245117354,-0.838273677323598,0.329629196734865,-0.0051402902896751,False,0.2095684193308995,0,LOCAL_RETURN_SHOCK,-0.3618420950113373,0.3618420950113373,False,NEITHER
2024-05-01,32.4788,0.0030667552000493,-0.0018807621389059,0.0020996857444416,0.0022884888207692,0.0029194991851482,0.0037720104769485,0.0072488107760297,-0.0020892991016012,0.0030667552000493,1.0846091005119105,0.7191938107477209,-0.0018803691914412,False,0.3595969053738604,0,VOLATILITY_ACCELERATION,-0.343705381071676,0.343705381071676,False,NEITHER
2024-05-02,32.3591,-0.003685480990677,-0.0046569569831286,0.0025869278714837,0.0024343561543109,0.0029800862104926,-0.0006428367708809,0.0078474106299544,-0.0057670800201555,0.003685480990677,-1.967383627904099,0.8680714881252002,-0.0046517629997419,False,0.4918459069760247,0,LOCAL_RETURN_SHOCK,-0.37025729507329314,0.37025729507329314,False,NEITHER
2024-05-03,32.3374,-0.0006705996149458,-0.0030859344894026,0.0024804805269288,0.0023432790820901,0.0029772561980118,-0.0018087112311258,0.0081800271962175,-0.0064338122334606,0.0006705996149458,-0.5729305414628297,0.8331431230490863,-0.0030755711775044,False,0.4165715615245431,0,VOLATILITY_ACCELERATION,-0.3478748653169997,0.3478748653169997,False,NEITHER
2024-05-06,32.2398,-0.0030181770952519,-0.0060580275802111,0.0026585663059093,0.0024700615858932,0.0030190042872633,-0.0051708908851764,0.008549558074177,-0.0094325709439943,0.0030181770952519,-1.5024467100853054,0.8806103115273367,-0.0060374599038923,False,0.4403051557636683,0,VOLATILITY_ACCELERATION,-0.3679263986198345,0.3679263986198345,False,NEITHER
2024-05-07,32.257,0.0005335020688712,-0.0037832579255393,0.0027378304831081,0.0019067015875158,0.003016075927381,-0.0046696320560745,0.0082987467954303,-0.0089041011712365,0.0005335020688712,0.0713803445902089,0.907745875444683,-0.0037638108815613,False,0.4538729377223415,0,VOLATILITY_ACCELERATION,-0.3497640342792917,0.3497640342792917,False,NEITHER
2024-05-08,32.2468,-0.0003162104349442,-0.0071431210512703,0.0018222271945665,0.0018786837234105,0.0030192276387384,-0.0049269489899624,0.0078602078203682,-0.0092174960364765,0.0003162104349442,-0.1823610478868068,0.6035408430905618,-0.0071281969348752,False,0.3017704215452809,0,VOLATILITY_ACCELERATION,-0.358198389505164,0.358198389505164,False,NEITHER
2024-05-09,32.2398,-0.0002170758028703,-0.0036867527217998,0.0013481223934498,0.001878821011698,0.0030167345564414,-0.0050838555338231,0.0075722124398456,-0.0094325709439943,0.0002170758028703,-0.0855906372839934,0.4468813441246458,-0.0036654909238388,False,0.2234406720623229,0,VOLATILITY_ACCELERATION,-0.3539498002412686,0.3539498002412686,False,NEITHER
2024-05-10,32.2081,-0.0009832567199548,-0.0039984661722958,0.0013514781800998,0.0017946080607228,0.0030011433383608,-0.0058344692367716,0.0069823650523677,-0.0104065530251821,0.0009832567199548,-0.4924697217248034,0.4503211035691372,-0.0039727407917215,False,0.2251605517845686,0,VOLATILITY_ACCELERATION,-0.3581807012348681,0.3581807012348681,False,NEITHER
2024-05-13,32.2788,0.002195099990375,0.0012096849236036,0.0012168787627396,0.0018368896843525,0.0030052847092226,-0.0034588487762047,0.006592717105637,-0.0082342964592525,0.002195099990375,1.3503734610345288,0.4049129718077124,0.0011982744847418,False,0.3375933652586322,0,LOCAL_RETURN_SHOCK,-0.3527591606005684,0.3527591606005684,False,NEITHER
2024-05-14,32.2618,-0.000526661462012,0.0001488049105622,0.0012455045695547,0.0017965658876761,0.0030024017518984,-0.0036919399592665,0.0061355240363305,-0.0087566212346528,0.000526661462012,-0.1818028036803727,0.4148360787383551,0.0001474799365837,False,0.2074180393691775,0,VOLATILITY_ACCELERATION,-0.34879945531000267,0.34879945531000267,False,NEITHER
2024-05-15,32.1624,-0.0030810432151957,-0.002617313966037,0.0018866035001036,0.0018567766179224,0.00302617662123,-0.0064265442257023,0.0057916923393372,-0.0118106849214054,0.0030810432151957,-1.552673131566566,0.6234280864071917,-0.0025931888849289,False,0.3881682828916415,0,LOCAL_RETURN_SHOCK,-0.36706305625252617,0.36706305625252617,False,NEITHER
2024-05-16,32.2745,0.0034854364102183,0.0010763094063859,0.0026204145457637,0.0019142260892509,0.003044711461073,-0.0026550953294176,0.0047726079441208,-0.0083664139024418,0.0034854364102183,2.058470779886429,0.8606446224103707,0.0010661570415525,False,0.5146176949716073,0,LOCAL_RETURN_SHOCK,-0.355551339191203,0.355551339191203,False,NEITHER
2024-05-17,32.202,-0.0022463554818821,-0.000189393351362,0.0028185555422464,0.0019427566036291,0.0030651505494103,-0.0044364749346895,0.003479782653579,-0.0105939754445905,0.0022463554818821,-1.0129158626284749,0.9195488106738048,-0.0001874224194083,False,0.4597744053369024,0,VOLATILITY_ACCELERATION,-0.3533106119552784,0.3533106119552784,False,NEITHER
2024-05-20,32.184,-0.0005589714924538,-0.002936912152868,0.002527986642572,0.0019324650241168,0.0030651308106014,-0.0044865228774928,0.0023468879976806,-0.0111470252067791,0.0005589714924538,-0.0513079930148101,0.8247565271369255,-0.0029127287475266,False,0.4123782635684627,0,VOLATILITY_ACCELERATION,-0.35190911857686924,0.35190911857686924,False,NEITHER
2024-05-21,32.1427,-0.0012832463335819,-0.0036916725043241,0.0025461608784467,0.0019043732422452,0.0030715910820873,-0.0051422458992647,0.0010819881811692,-0.0124159671611341,0.0012832463335819,-0.4018013148985734,0.828938752067367,-0.0036593459264813,False,0.4144693760336835,0,VOLATILITY_ACCELERATION,-0.3543654865591275,0.3543654865591275,False,NEITHER
2024-05-22,32.1662,0.0007311146854498,0.0001181503867873,0.0022183779672953,0.001926595874668,0.0030665091830137,-0.0038386319047757,6.287142143923674e-05,-0.0116939299716098,0.0007311146854498,0.7109329107703855,0.7234212698867986,0.0001167549497955,False,0.3617106349433993,0,VOLATILITY_ACCELERATION,-0.3494129463517948,0.3494129463517948,False,NEITHER
2024-05-23,32.1791,0.000401042087657,-0.0029558939720214,0.0012198941477534,0.0019369384868077,0.0030658151768894,-0.0029274719445442,-0.0007491228110914,-0.0112975776420416,0.000401042087657,0.5070117701242087,0.3979020512877472,-0.0029311637395998,False,0.1989510256438736,0,VOLATILITY_ACCELERATION,-0.35614478873574373,0.35614478873574373,False,NEITHER
2024-05-24,32.2247,0.0014170688428203,0.000704925159928,0.0010680175353979,0.0019374003568382,0.003030611449056,-0.0011852608596737,-0.0011390188091354,-0.0098965182444971,0.0014170688428203,0.9951026439801866,0.3524099190381449,0.0006974572000934,False,0.2487756609950466,0,LOCAL_RETURN_SHOCK,-0.3550067295154609,0.3550067295154609,False,NEITHER
2024-05-27,32.1324,-0.0028642625067107,-0.0016032811334825,0.0017351704924573,0.0020166327341303,0.0029497323969414,-0.0035768392487598,-0.0020077294877357,-0.0127324345250531,0.0028642625067107,-1.3094885593829833,0.588246748842882,-0.001585409318274,False,0.3273721398457458,0,LOCAL_RETURN_SHOCK,-0.3635995621848888,0.3635995621848888,False,NEITHER
2024-05-28,32.2213,0.0027666778703117,0.0024453452883548,0.002083257364775,0.0021159938889564,0.0029668095389291,-0.0005749098902025,-0.0028050889987094,-0.0100009831995772,0.0027666778703117,1.604308079698456,0.7021877668382355,0.0024149839615569,False,0.401077019924614,0,LOCAL_RETURN_SHOCK,-0.3529802132838585,0.3529802132838585,False,NEITHER
2024-05-29,32.2181,-9.931318723943594e-05,0.0016134949108068,0.0020923444821766,0.0019686735493738,0.0028847121122396,-0.000269961646828,-0.0040161635516546,-0.0100993031572995,9.931318723943594e-05,0.0677785570390476,0.7253217654888167,0.0015946268143102,False,0.3626608827444083,0,VOLATILITY_ACCELERATION,-0.3454343351900595,0.3454343351900595,False,NEITHER
2024-05-30,32.1822,-0.0011142804820891,9.63358204550957e-05,0.0021860827861417,0.0018213415901041,0.0028838892029019,-0.001109784900997,-0.0050018661259608,-0.0112023301829978,0.0011142804820891,-0.362297173756899,0.7580328619913569,9.52474590437992e-05,False,0.3790164309956784,0,VOLATILITY_ACCELERATION,-0.3499085055397663,0.3499085055397663,False,NEITHER
2024-05-31,32.2329,0.0015754050375673,0.0002544631912788,0.0022123476290225,0.0018642389700986,0.0028684377745863,0.0006261499723867,-0.0056570264318166,-0.0096445733528333,0.0015754050375673,1.0145711497931975,0.7712726588052186,0.0002519448916637,False,0.3856363294026093,0,VOLATILITY_ACCELERATION,-0.3492502707104175,0.3492502707104175,False,NEITHER
2024-06-03,32.149,-0.002602930546119,0.0005166125157163,0.0021276687131965,0.0018327805926013,0.0028556494632625,-0.001837731334794,-0.0061462861462858,-0.012222399744368,0.002602930546119,-1.3103229919838169,0.7450734904856627,0.0005100347806851,False,0.3725367452428313,0,VOLATILITY_ACCELERATION,-0.36256379260365035,0.36256379260365035,False,NEITHER
2024-06-04,32.529,0.0118199632959035,0.0095495836604979,0.0057417182522145,0.0032446495749119,0.0032315266717471,0.0095342313384825,-0.0057560809588027,-0.0005469047648307,0.0118199632959035,6.525263513683707,1.776781947187298,0.0094540784347465,True,1.6313158784209267,1,LOCAL_RETURN_SHOCK,-0.4565691211827407,0.4565691211827407,False,BASELINE_ONLY
2024-06-05,32.2163,-0.0096129607427221,-5.586921637223963e-05,0.0077881073742652,0.0039464532922212,0.0034723245875998,-0.0001230591989234,-0.0057457670869071,-0.0101546081335185,0.0096129607427221,-3.0936686809255933,2.2429088000809942,-5.530497621900055e-05,True,1.1214544000404971,1,VOLATILITY_ACCELERATION,-0.4378869020667672,0.4378869020667672,False,BASELINE_ONLY
2024-06-06,32.2076,-0.00027004963326,0.0007892561726667,0.0077666789907115,0.0039465962185352,0.0034537972025405,-0.0003431241931111,-0.0057363875555709,-0.0104219155185762,0.00027004963326,-0.0583111286499118,2.2487362561410915,0.0007804146644216,True,1.1243681280705458,1,VOLATILITY_ACCELERATION,-0.4002520417965536,0.4002520417965536,False,BASELINE_ONLY
2024-06-07,32.3,0.0028688880885257,0.0020817239528554,0.0078458376983186,0.0039920091620753,0.0034728196431952,0.0023818205798609,-0.0053668350766984,-0.0075829267393414,0.0028688880885257,0.7377152630911813,2.259212543240502,0.0020616466134919,True,1.129606271620251,1,VOLATILITY_ACCELERATION,-0.3997037114469911,0.3997037114469911,False,BASELINE_ONLY
2024-06-10,32.3566,0.0017523219814241,0.0064574325795514,0.007663105183161,0.0039812840596017,0.0034255356856168,0.0040171110436728,-0.005053744369356,-0.0058438924871261,0.0017523219814241,0.4013745598000763,2.2370530878825705,0.0063785072572419,True,1.1185265439412853,1,VOLATILITY_ACCELERATION,-0.39724329679833686,0.39724329679833686,False,BASELINE_ONLY
2024-06-11,32.3413,-0.0004728556152377,-0.0057702357896033,0.0049353173394015,0.0039808366298222,0.0034156224099709,0.0034185910105808,-0.0046395533231318,-0.0063139847849865,0.0004728556152377,-0.1508929699752064,1.4449247448998752,-0.0057670800201558,False,0.7224623724499376,0,VOLATILITY_ACCELERATION,-0.3689701804726401,0.3689701804726401,False,NEITHER
2024-06-12,32.3088,-0.0010049070383688,0.0028712173651226,0.0016550094878989,0.0039192737315518,0.0034158191055771,0.0021826431711093,-0.0040776412299744,-0.0073125468556047,0.0010049070383688,-0.2852389075782632,0.484513212422965,0.0028420612779138,False,0.2422566062114825,0,VOLATILITY_ACCELERATION,-0.3470967145483019,0.3470967145483019,False,NEITHER
2024-06-13,32.2852,-0.0007304511464367,0.0024093692172035,0.0017250819152505,0.0038479410019358,0.0030982436016536,0.0014339788150801,-0.0037530415241827,-0.0080376565438075,0.0007304511464367,-0.2461783673541116,0.556793505304033,0.0023842589747687,False,0.2783967526520165,0,VOLATILITY_ACCELERATION,-0.34580940916104197,0.34580940916104197,False,NEITHER
2024-06-14,32.7682,0.0149604152986506,0.0144953560371519,0.006829630433341,0.0050496411051643,0.0036315208010588,0.0155240850793745,-0.0024182652919262,0.0,0.0149604152986506,3.8817696027452695,1.8806529846530864,0.0075829267393414,False,0.9704424006863174,0,LOCAL_RETURN_SHOCK,-0.4285387047026067,0.4285387047026067,False,NEITHER
2024-06-17,32.793,0.0007568313181682,0.0134872019927927,0.0068857645815345,0.0050384116337236,0.0035915160214463,0.0153345142212779,-0.0009686336234179,0.0,0.0007568313181682,-0.0251705224964093,1.917230645893544,0.0058438924871261,False,0.958615322946772,0,VOLATILITY_ACCELERATION,-0.37642563013148794,0.37642563013148794,False,NEITHER
2024-06-18,32.5128,-0.0085445064495471,0.0053028171409312,0.0085589979332724,0.0054523978215537,0.0037703294719315,0.0060825464352514,0.0002288847262854,-0.0085445064495471,0.0085445064495471,-1.8843696592264405,2.2700928385676904,-0.0022305216645605,True,1.1350464192838452,1,VOLATILITY_ACCELERATION,-0.4174306637900096,0.4174306637900096,False,BASELINE_ONLY
2024-06-19,32.5026,-0.0003137225954085,0.0059983657703166,0.0085222579971013,0.0054559452684103,0.0037418520780784,0.0052437049329239,0.0013287333753484,-0.0088555484402158,0.0003137225954085,-0.1651352639359072,2.2775507474036334,-0.0015430015846111,True,1.1387753737018167,1,VOLATILITY_ACCELERATION,-0.3944231076326621,0.3944231076326621,False,BASELINE_ONLY
2024-06-20,32.8109,0.0094853950145525,0.0162830027380964,0.0091383612577498,0.0058108580353587,0.0039261146077263,0.0137883483659406,0.0028216578390123,0.0,0.0094853950145525,1.6405912963393168,2.3275839273174013,0.0080376565438075,True,1.1637919636587006,1,VOLATILITY_ACCELERATION,-0.41227640332863963,0.41227640332863963,False,BASELINE_ONLY
2024-06-21,32.8221,0.0003413499782085,0.0016448874213412,0.0063869726735257,0.005811662130697,0.0039150538501417,0.0131993024127696,0.0040782086195492,0.0,0.0003413499782085,-0.111392561665079,1.631388205118694,0.0,False,0.815694102559347,0,VOLATILITY_ACCELERATION,-0.3575287232542496,0.3575287232542496,False,NEITHER
2024-06-24,32.8946,0.0022088775550619,0.0030982221815629,0.0064431402452876,0.0057474752651473,0.0038129153577014,0.014244144592058,0.005733114051851,0.0,0.0022088775550619,0.2192190683838675,1.6898198991681317,0.0,False,0.8449099495840658,0,VOLATILITY_ACCELERATION,-0.3597077032105355,0.3597077032105355,False,NEITHER
2024-06-25,32.9356,0.0012464051850455,0.0130041091508574,0.0039681525477069,0.0057355453795409,0.0037513135593696,0.0143912500608285,0.0070876603431748,0.0,0.0012464051850455,0.0100736031522072,1.057803482674943,0.0085445064495471,False,0.5289017413374715,0,VOLATILITY_ACCELERATION,-0.3495999624013472,0.3495999624013472,False,NEITHER
2024-06-26,32.8128,-0.003728488322666,0.0095438518764652,0.0048002475573681,0.0058324916635226,0.0037761297576147,0.0096844197694787,0.0084176834187694,-0.003728488322666,0.003728488322666,-0.8440316950098483,1.271208317904921,0.0051270601175498,False,0.6356041589524605,0,VOLATILITY_ACCELERATION,-0.35750486936490333,0.35750486936490333,False,NEITHER
2024-06-27,32.8278,0.0004571386775893,0.0005150727349754,0.002269614627397,0.0058140438661012,0.0037642520987805,0.0091436137109479,0.0096964565255615,-0.0032730540812979,0.0004571386775893,-0.0812510945257148,0.602939061422662,-0.0032730540812979,False,0.301469530711331,0,VOLATILITY_ACCELERATION,-0.33843966966129263,0.33843966966129263,False,NEITHER
2024-06-28,32.7525,-0.002293787582476,-0.0021205224528595,0.0024957178908704,0.005858429658644,0.0037561278514243,0.0060254018150383,0.0106667457244389,-0.0055593339729654,0.002293787582476,-0.568174858257071,0.6644390152811331,-0.0055593339729654,False,0.3322195076405665,0,VOLATILITY_ACCELERATION,-0.34725021116278576,0.34725021116278576,False,NEITHER
2024-07-01,32.6446,-0.0032944050072514,-0.0076000316161315,0.0022464817774549,0.0058816637550124,0.0037856339095091,0.0019485214057284,0.0115785767533038,-0.0088354242825393,0.0032944050072514,-0.7016472984753919,0.5934228800656035,-0.0088354242825393,False,0.2967114400328017,0,VOLATILITY_ACCELERATION,-0.3600532489747392,0.3600532489747392,False,NEITHER
2024-07-02,32.517,-0.0039087628581754,-0.0127096515624429,0.0017956663707445,0.0053561029561239,0.0037199483296191,-0.0019494780852912,0.0111329941632667,-0.0127096515624429,0.0039087628581754,-0.7974504607077961,0.482712718466271,-0.0127096515624429,False,0.254193031248858,0,DRAWDOWN_SHIFT,-0.37506136293001185,0.37506136293001185,False,NEITHER
2024-07-03,32.5192,6.765691791965622e-05,-0.0089477277160133,0.001968922018039,0.0048562111671341,0.0037161066034609,-0.0023457110547845,0.0116508973467472,-0.0126428545403758,6.765691791965622e-05,0.0135398093034988,0.5298346436577722,-0.0089143662177098,False,0.2649173218288861,0,VOLATILITY_ACCELERATION,-0.3587876206560115,0.3587876206560115,False,NEITHER
2024-07-04,32.5584,0.0012054417082831,-0.0082064591596148,0.002197970420218,0.0048554377882396,0.0037184619697775,-0.0016803012277237,0.0122458557006803,-0.0114526530562674,0.0012054417082831,0.1495557946249186,0.59109665180992,-0.0081795989749695,False,0.29554832590496,0,VOLATILITY_ACCELERATION,-0.35459419287059196,0.35459419287059196,False,NEITHER
2024-07-05,32.661,0.0031512605042016,-0.0027936798717653,0.0029989700637065,0.0048629312818464,0.0037271861880744,0.0009117027389389,0.0126616651020616,-0.0083374828453102,0.0031512605042016,0.5351358337041835,0.8046204059518359,-0.0027781488723448,False,0.4023102029759179,0,VOLATILITY_ACCELERATION,-0.345254582411275,0.345254582411275,False,NEITHER
2024-07-08,32.6925,0.0009644530173602,0.0014673177187041,0.002605695562617,0.0048560106615161,0.0037246708754204,0.0013616435532359,0.0130605756514536,-0.0073810709384374,0.0009644530173602,0.0817187449608438,0.6995773988548445,0.0014543533441019,False,0.3497886994274222,0,VOLATILITY_ACCELERATION,-0.3374387777087661,0.3374387777087661,False,NEITHER
2024-07-09,32.8481,0.0047595014146974,0.0101823661469384,0.0018956186089727,0.0049394995011189,0.0037684299421367,0.0053473186203387,0.0137218337001372,-0.0026566997413133,0.0047595014146974,0.8714631786665544,0.5030260978920797,0.0100529518211296,False,0.2515130489460399,0,VOLATILITY_ACCELERATION,-0.35303932729322185,0.35303932729322185,False,NEITHER
2024-07-10,32.8188,-0.0008919846201149,0.0092130187704495,0.0021723175219466,0.0049374047948219,0.0037582574453259,0.0036672504276522,0.0142826412014109,-0.0035463146261187,0.0008919846201149,-0.3403724201620847,0.5780118987453309,0.0090965399142571,False,0.2890059493726654,0,VOLATILITY_ACCELERATION,-0.34418266105039436,0.34418266105039436,False,NEITHER
2024-07-11,32.8078,-0.0003351737418797,0.0076600815764902,0.0023834266420257,0.0049317654037402,0.0037424906437204,0.0025297161819484,0.0150763191255798,-0.0038802997364554,0.0003351737418797,-0.2288863662643105,0.6368557383102345,0.007572353319812,False,0.3184278691551172,0,VOLATILITY_ACCELERATION,-0.3393478466605305,0.3393478466605305,False,NEITHER
2024-07-12,33.0372,0.006992239650327,0.0115183246073298,0.0034272010558795,0.0039537453947154,0.0038439862668809,0.0091248933021139,0.0146025633397053,0.0,0.006992239650327,1.2526031499857455,0.891574739849529,0.0083374828453102,False,0.4457873699247645,0,VOLATILITY_ACCELERATION,-0.3545073013019367,0.3545073013019367,False,NEITHER
2024-07-15,32.9742,-0.0019069412662088,0.0086166551961459,0.0039126692694987,0.0039864017531525,0.0038542986502534,0.0069218971510061,0.0139265205325576,-0.0019069412662088,0.0019069412662088,-0.587601634012314,1.015144290710701,0.0054741296722286,False,0.5075721453553504,0,VOLATILITY_ACCELERATION,-0.342961569274298,0.342961569274298,False,NEITHER
2024-07-16,33.0252,0.0015466637552994,0.0053914838301147,0.0035350249757817,0.003406765753195,0.0038566430121484,0.0076909005833891,0.01413871386936,-0.0003632269078494,0.0015466637552994,0.3169691552849977,0.9166067392409396,0.0022934728334639,False,0.4583033696204698,0,VOLATILITY_ACCELERATION,-0.33743870063919185,0.33743870063919185,False,NEITHER
2024-07-17,33.0562,0.0009386771314026,0.0072336587565662,0.0033705738755622,0.0033969518278289,0.003857171502725,0.0077856273432146,0.0144672379396253,0.0,0.0009386771314026,0.044329805195054,0.8738459965238697,0.0035463146261187,False,0.4369229982619348,0,VOLATILITY_ACCELERATION,-0.3370632916334766,0.3370632916334766,False,NEITHER
2024-07-18,33.0595,9.98299865078156e-05,0.0076719560592297,0.003318277796916,0.0027226128825739,0.0038541569253522,0.007504436850291,0.013861112952112,0.0,9.98299865078156e-05,-0.2209174304160104,0.8609607395819177,0.0038802997364554,False,0.4304803697909588,0,VOLATILITY_ACCELERATION,-0.33708958481662366,0.33708958481662366,False,NEITHER
2024-07-19,33.0413,-0.0005505225426881,0.0001241025268485,0.0013434552280496,0.0027305887477635,0.0038414760578422,0.0066135625787244,0.0132645912433013,-0.0005505225426881,0.0005505225426881,-0.342141974280206,0.3497237019887178,-0.0005505225426881,False,0.1748618509943589,0,VOLATILITY_ACCELERATION,-0.33808213898566514,0.33808213898566514,False,NEITHER
2024-07-22,32.8963,-0.0043884471857948,-0.0023624530693695,0.0023311327459775,0.0028865204860991,0.0038890096677404,0.0021934968910226,0.0120765741286743,-0.0049365537893798,0.0043884471857948,-1.7303415491533398,0.599415518381043,-0.003029612523171,False,0.4325853872883349,0,LOCAL_RETURN_SHOCK,-0.36319533831328926,0.36319533831328926,False,NEITHER
2024-07-23,32.8492,-0.0014317719621961,-0.0053292637137699,0.0020503688936176,0.0028880957275558,0.0038864531192204,0.000890311328648,0.0108302426302053,-0.0063612577322704,0.0014317719621961,-0.498284945556929,0.527568152945813,-0.005998030824421,False,0.2637840764729065,0,VOLATILITY_ACCELERATION,-0.3525889286826289,0.3525889286826289,False,NEITHER
2024-07-24,32.8069,-0.0012877025924529,-0.0075417017080002,0.0017214186518705,0.0027773642744846,0.0038735497240369,-0.0003895527943064,0.009896278471879,-0.0076407689166503,0.0012877025924529,-0.4017635098063667,0.4444033959828681,-0.0076407689166503,False,0.222201697991434,0,VOLATILITY_ACCELERATION,-0.3585055748862573,0.3585055748862573,False,NEITHER
2024-07-25,32.9827,0.0053586288250337,-0.0023230841361786,0.0035681495676005,0.0030254904657056,0.0038966832784252,0.0047298859520832,0.009132239718872,-0.0023230841361786,0.0053586288250337,1.9313133333259935,0.9156888853031256,-0.0023230841361786,False,0.4828283333314984,0,LOCAL_RETURN_SHOCK,-0.3546619346518247,0.3546619346518247,False,NEITHER
2024-07-26,32.9449,-0.0011460553562929,-0.0029175607497284,0.0035818415327218,0.0029855269723709,0.0038992261403093,0.003284399786217,0.0086224386129456,-0.0034664771094542,0.0011460553562929,-0.4580407869701337,0.9186031801781251,-0.0029159545667661,False,0.4593015900890626,0,VOLATILITY_ACCELERATION,-0.3453460011186186,0.3453460011186186,False,NEITHER
2024-07-29,33.0711,0.0038306384296205,0.0053136674945208,0.0032688625544683,0.0029593945931434,0.0039001625196013,0.0064739963555713,0.0085098376774399,0.0,0.0038306384296205,1.1835462125854044,0.8381349592586886,0.0049365537893798,False,0.4190674796293443,0,VOLATILITY_ACCELERATION,-0.34349164452173153,0.34349164452173153,False,NEITHER
2024-07-30,33.0577,-0.0004051876109353,0.006347186537267,0.0031007730642286,0.0027729517478087,0.0039016302560754,0.0052391014738755,0.0093582007528114,-0.0004051876109353,0.0004051876109353,-0.3576978460831845,0.7947378046395478,0.0059560701213351,False,0.3973689023197739,0,VOLATILITY_ACCELERATION,-0.3386892591294395,0.3386892591294395,False,NEITHER
2024-07-31,33.1513,0.0028314129537143,0.0104977916231037,0.0027821479843786,0.002801752218347,0.0039127607183644,0.0071174436685708,0.0098588278316806,0.0,0.0028314129537143,0.722281854414623,0.711044754492829,0.0076407689166503,False,0.3555223772464145,0,VOLATILITY_ACCELERATION,-0.34289929563713606,0.34289929563713606,False,NEITHER
2024-08-01,33.0852,-0.0019938886257854,0.0031076897888893,0.0025593389785674,0.0028777101948083,0.00392474417492,0.0043057241741164,0.0101233549605681,-0.0019938886257854,0.0019938886257854,-1.0567089520949688,0.6521033892914989,0.0003291955103931,False,0.3260516946457494,0,VOLATILITY_ACCELERATION,-0.3421896026639327,0.3421896026639327,False,NEITHER
2024-08-02,33.2012,0.003506099403963,0.0077796563352749,0.0026005522538979,0.0028939732580533,0.0039399331761851,0.0070012873682168,0.0103923386324458,0.0,0.003506099403963,0.9380089421936074,0.6600498378035752,0.0034664771094542,False,0.3300249189017876,0,VOLATILITY_ACCELERATION,-0.34127515687609866,0.34127515687609866,False,NEITHER
2024-08-05,33.3451,0.0043341806922641,0.0082851795071829,0.0027178707512744,0.0029987445054556,0.0039650021992468,0.0103658773999146,0.0108720139291651,0.0,0.0043341806922641,1.2127469489630427,0.685465130836672,0.0,False,0.342732565418336,0,VOLATILITY_ACCELERATION,-0.3408823525850437,0.3408823525850437,False,NEITHER
2024-08-06,33.5981,0.0075873216754485,0.0163471747883248,0.0034542340420734,0.0032424451869564,0.0040647898247782,0.0168764118092057,0.0112357504433653,0.0,0.0075873216754485,2.199024233817376,0.8497940092786678,0.0004051876109353,False,0.549756058454344,0,LOCAL_RETURN_SHOCK,-0.36274637041344554,0.36274637041344554,False,NEITHER
2024-08-07,33.4399,-0.0047085995934293,0.008705540959178,0.0049891453725312,0.0034721573275151,0.0040956598664952,0.0111379720636015,0.0113968717893591,-0.0047085995934293,0.0047085995934293,-1.8020352254204075,1.2181542254876223,-0.0047085995934293,False,0.6090771127438112,0,VOLATILITY_ACCELERATION,-0.3698884159182976,0.3698884159182976,False,NEITHER
2024-08-08,33.4842,0.0013247647271672,0.0120597729498386,0.0045705785456982,0.0034597992592635,0.0040798432307054,0.011443158617469,0.0116227601423559,-0.0033900726529179,0.0013247647271672,0.1097861041176068,1.1202828852097713,-0.0013961840271324,False,0.5601414426048856,0,VOLATILITY_ACCELERATION,-0.34682558056013424,0.34682558056013424,False,NEITHER
2024-08-09,33.491,0.0002030808560455,0.0087286001710782,0.0046108456289975,0.0031640933939853,0.0040628787236742,0.0109556671896875,0.0119002219560382,-0.0031876802557287,0.0002030808560455,-0.2380155919444735,1.1348715880024485,-0.0031876802557287,False,0.5674357940012242,0,VOLATILITY_ACCELERATION,-0.34590647753165105,0.34590647753165105,False,NEITHER
2024-08-12,33.5916,0.0030037920635395,0.0073923904861583,0.0044602321759474,0.0031426640627749,0.0040707525153008,0.0130483703786581,0.0125629341454047,-0.0001934633208425,0.0030037920635395,0.7321790762905165,1.095677558186762,-0.0001934633208425,False,0.547838779093381,0,VOLATILITY_ACCELERATION,-0.3451238704170857,0.3451238704170857,False,NEITHER
2024-08-13,33.5335,-0.0017295990664333,-0.0019227277732968,0.0029687724003332,0.0031939436543459,0.0040748845929783,0.0105216782190515,0.0125468581059278,-0.0019227277732968,0.0017295990664333,-0.847129939686846,0.7285537375583313,-0.0019227277732968,False,0.3642768687791656,0,VOLATILITY_ACCELERATION,-0.34112330316696704,0.34112330316696704,False,NEITHER
2024-08-14,33.5803,0.0013956193060671,0.004198577148855,0.0017488717798383,0.0031968555263321,0.0040758337523238,0.0111335102851353,0.012491301666955,-0.0005297918632304,0.0013956193060671,0.1962422520445045,0.4290831977239495,0.0041788077301988,False,0.2145415988619747,0,VOLATILITY_ACCELERATION,-0.3371881984778036,0.3371881984778036,False,NEITHER
2024-08-15,33.6102,0.0008904030041423,0.0037629688031965,0.0017294227852301,0.0031927356675838,0.0040756631895942,0.0111954404112031,0.0129469020979477,0.0,0.0008904030041423,0.0308813720735772,0.4243291716659964,0.0033900726529179,False,0.2121645858329982,0,VOLATILITY_ACCELERATION,-0.3368201250944908,0.3368201250944908,False,NEITHER
2024-08-16,33.6825,0.0021511326918612,0.0057179540772147,0.0017929252015413,0.003188348299239,0.0040788500859645,0.012394144960895,0.0135853972440773,0.0,0.0021511326918612,0.4134148452101838,0.4395663394717137,0.0031876802557287,False,0.2197831697358568,0,VOLATILITY_ACCELERATION,-0.3388457728294258,0.3388457728294258,False,NEITHER
2024-08-19,33.7433,0.0018050916648111,0.0045160099548695,0.001544750286539,0.0029313020313217,0.0040532677272201,0.0129322345864517,0.0148729752043454,0.0,0.0018050916648111,0.263083093284968,0.3811123247953951,0.0001934633208425,False,0.1905561623976975,0,VOLATILITY_ACCELERATION,-0.33690635040093103,0.33690635040093103,False,NEITHER
2024-08-20,33.8598,0.0034525372444307,0.0097305679395232,0.0009680579709373,0.0028971026706688,0.0040598021132497,0.0148899867443075,0.0165461709604941,0.0,0.0034525372444307,0.7425264086967343,0.2384495460450929,0.0019227277732968,False,0.1856316021741835,0,LOCAL_RETURN_SHOCK,-0.35168932848466783,0.35168932848466783,False,NEITHER
2024-08-21,33.8521,-0.0002274083131028,0.0080940313219357,0.0013801832598646,0.0028523721925256,0.0040603354660029,0.0130723110696198,0.0181476452318172,-0.0002274083131028,0.0002274083131028,-0.6032205435570818,0.3399185292498228,0.0003023835501276,False,0.1699592646249114,0,VOLATILITY_ACCELERATION,-0.3414129231176248,0.3414129231176248,False,NEITHER
2024-08-22,33.8864,0.00101323108463,0.0082177434231276,0.0013650870269176,0.0027108405170512,0.0040523238887167,0.012729348990017,0.0192838732730522,0.0,0.00101323108463,-0.1963163031261318,0.3368652320014575,0.0,False,0.1684326160007287,0,VOLATILITY_ACCELERATION,-0.3394434731908143,0.3394434731908143,False,NEITHER
2024-08-23,33.9767,0.0026647858727983,0.0087345060491355,0.0014310070408863,0.0026591602333433,0.0040579817059482,0.0138648593968857,0.0205563532655947,0.0,0.0026647858727983,0.4828235017807532,0.3526400916960089,0.0,False,0.1763200458480044,0,VOLATILITY_ACCELERATION,-0.34365089315686753,0.34365089315686753,False,NEITHER
2024-08-26,33.9757,-2.94319342372118e-05,0.0068872931811649,0.0016317725390514,0.0026245056414895,0.0040340031807454,0.0124685277029223,0.0212705284421399,-2.94319342372118e-05,2.94319342372118e-05,-0.5926315900476806,0.404504524646875,-2.94319342372118e-05,False,0.2022522623234375,0,VOLATILITY_ACCELERATION,-0.3393691150688598,0.3393691150688598,False,NEITHER
2024-08-27,33.9985,0.000671067851435,0.0040963029905669,0.0011490583872572,0.0025974426071689,0.0037721326431076,0.0117297383997836,0.0218613664844076,0.0,0.000671067851435,-0.2600105111702407,0.3046177046177702,0.0,False,0.1523088523088851,0,VOLATILITY_ACCELERATION,-0.33937160517831416,0.33937160517831416,False,NEITHER
2024-08-28,34.0385,0.0011765224936393,0.0055063053695338,0.0009901433887313,0.0025759578088086,0.0035187095192329,0.0115847006228175,0.0222278660443544,0.0,0.0011765224936393,-0.0888401474936395,0.2813938983366712,0.0002274083131028,False,0.1406969491683356,0,VOLATILITY_ACCELERATION,-0.34048324944488617,0.34048324944488617,False,NEITHER
2024-08-29,34.0697,0.0009166091337748,0.0054092497285045,0.0009931797556969,0.0024581393413909,0.0035152205149807,0.0110328784436661,0.0229047709318011,0.0,0.0009166091337748,-0.158358968377879,0.2825369707147243,0.0,False,0.1412684853573621,0,VOLATILITY_ACCELERATION,-0.34016502342591454,0.34016502342591454,False,NEITHER
2024-08-30,34.0669,-8.218446302732385e-05,0.002654760468203,0.0005645995632202,0.0024325289967802,0.0035084597350384,0.0096528872713477,0.0233796319816295,-8.218446302732385e-05,8.218446302732385e-05,-0.6314713246033662,0.1609251939196105,-8.218446302732385e-05,False,0.1578678311508415,0,LOCAL_RETURN_SHOCK,-0.3475473364356502,0.3475473364356502,False,NEITHER
2024-09-02,33.878,-0.0055449718054767,-0.002875584609,0.0028190810487191,0.0027626210930105,0.0036034008028159,0.0032621270323882,0.0231751694050796,-0.0056267005579737,0.0055449718054767,-2.810086812578391,0.7823390188835257,-0.0055972686237364,False,0.7025217031445977,0,LOCAL_RETURN_SHOCK,-0.3831177463091293,0.3831177463091293,False,NEITHER
2024-09-03,33.982,0.0030698388334611,-0.0004853155286262,0.0032541765802684,0.0023288076826625,0.0036116650446892,0.0057702598392754,0.0225948491389129,-0.0025741347883896,0.0030698388334611,0.822823880736913,0.9010183779510584,-0.0025741347883896,False,0.4505091889755292,0,VOLATILITY_ACCELERATION,-0.3442035977421212,0.3442035977421212,False,NEITHER
2024-09-04,34.0158,0.0009946442234123,-0.0006668919018171,0.0032374135799145,0.0019698334548566,0.0036036491113906,0.0059133539065352,0.0225052953369284,-0.0015820509132747,0.0009946442234123,0.1819944789613679,0.8983709234291197,-0.0015820509132747,False,0.4491854617145598,0,VOLATILITY_ACCELERATION,-0.3387853784415641,0.3387853784415641,False,NEITHER
2024-09-05,33.9376,-0.0022989316729282,-0.0038773455592504,0.0032965657351243,0.0020875792542576,0.0036210644999582,0.0029284686188117,0.0221455008658715,-0.0038773455592504,0.0022989316729282,-1.601611516240538,0.9103858092454178,-0.0038773455592504,False,0.4551929046227089,0,VOLATILITY_ACCELERATION,-0.36113508869859035,0.36113508869859035,False,NEITHER
2024-09-06,33.9762,0.0011373815473101,-0.0026624083788074,0.0034037695888709,0.0020869215370151,0.0031112036777767,0.0033498445859339,0.0221777248652652,-0.0027443740332318,0.0011373815473101,0.221591631994042,1.094036244937609,-0.0026621895702044,False,0.5470181224688045,0,VOLATILITY_ACCELERATION,-0.3470114053258055,0.3470114053258055,False,NEITHER
2024-09-09,34.0428,0.0019601956663781,0.0048645138437923,0.0020065090527208,0.0020393582232474,0.0031160523033547,0.0046472920062001,0.0219064668250756,-0.0007895578769404,0.0019601956663781,0.593548514595379,0.6439266281123136,0.0048371426810333,False,0.3219633140561568,0,VOLATILITY_ACCELERATION,-0.3387794080155692,0.3387794080155692,False,NEITHER
2024-09-10,34.0306,-0.0003583724018,0.0014301689129538,0.0016678609814374,0.001976546228331,0.0028777123486917,0.0035511459980452,0.0218728138223009,-0.0011476473229877,0.0003583724018,-0.5039325892978909,0.5795787692941802,0.0014264874654019,False,0.2897893846470901,0,VOLATILITY_ACCELERATION,-0.3373298044188953,0.3373298044188953,False,NEITHER
2024-09-11,33.9557,-0.0022009603121896,-0.0017668260043861,0.0019218314104809,0.0020747278141752,0.0028999287130151,0.0007884122556105,0.0216316802943643,-0.0033460817089671,0.0022009603121896,-1.486860398934025,0.6627167770902694,-0.0017640307956924,False,0.3717150997335062,0,LOCAL_RETURN_SHOCK,-0.3547378256600565,0.3547378256600565,False,NEITHER
2024-09-12,33.8832,-0.0021351348963501,-0.0016029418697846,0.0018813193606266,0.0021578566549882,0.002685632309955,-0.001750013257676,0.0211960165575122,-0.0054740722694944,0.0021351348963501,-1.298095055368108,0.7005126329665445,-0.001596726710244,False,0.3502563164832722,0,VOLATILITY_ACCELERATION,-0.355680497374029,0.355680497374029,False,NEITHER
2024-09-13,33.8935,0.0003039854559192,-0.002434056780923,0.0017524963498475,0.0021184375093226,0.0026856834054727,-0.0017568325766533,0.0205290659238184,-0.0051717508519298,0.0003039854559192,-0.0476383217043866,0.6525327394421785,-0.002427376818698,False,0.3262663697210892,0,VOLATILITY_ACCELERATION,-0.3458088741465579,0.3458088741465579,False,NEITHER
2024-09-16,33.9773,0.0024724504698538,-0.0019240485506479,0.0019365631589558,0.0021481998692526,0.0026886748883949,0.0003665554242107,0.0195828922450869,-0.0027120872798996,0.0024724504698538,1.0186874508745638,0.7202667631235624,-0.0019225294029592,False,0.3601333815617812,0,VOLATILITY_ACCELERATION,-0.34693974774536296,0.34693974774536296,False,NEITHER
2024-09-17,34.0729,0.0028136432265071,0.0012429989480056,0.0024088658568176,0.0021038944058261,0.0027031937623893,0.0028666240575379,0.0183580475691278,0.0,0.0028136432265071,1.1478682956385422,0.8911184578527773,0.0011476473229877,False,0.4455592289263886,0,VOLATILITY_ACCELERATION,-0.34188035004537654,0.34188035004537654,False,NEITHER
2024-09-18,34.0617,-0.0003287069782729,0.0031217144691466,0.0020514741095908,0.0021053924796551,0.0026466134458497,0.0022278300893736,0.0170790103989837,-0.0003287069782729,0.0003287069782729,-0.3063628000950049,0.7751317491444886,0.0030173747306942,False,0.3875658745722443,0,VOLATILITY_ACCELERATION,-0.33685569418651606,0.33685569418651606,False,NEITHER
2024-09-19,34.0168,-0.0013181960970826,0.0039429569816311,0.0017929004714815,0.0021288647166176,0.0026584334114111,0.0007147163764482,0.015900404268081,-0.0016464697750996,0.0013181960970826,-0.7737175764448793,0.6744199285886292,0.0038276024943947,False,0.3372099642943146,0,VOLATILITY_ACCELERATION,-0.3407374011630103,0.3407374011630103,False,NEITHER
2024-09-20,34.0973,0.0023664777404104,0.0060129523359935,0.0018882462208532,0.0021116193371789,0.0026405723758,0.0029049781115566,0.0145164158813275,0.0,0.0023664777404104,1.02038706959502,0.7150897427233474,0.0051717508519298,False,0.3575448713616737,0,VOLATILITY_ACCELERATION,-0.3407485509145956,0.3407485509145956,False,NEITHER
2024-09-23,34.1205,0.0006804057799298,0.0042145785568601,0.0017517506576435,0.0021138906264114,0.0025886677273726,0.0033736916744289,0.0133647562124354,0.0,0.0006804057799298,0.2373105166588939,0.6766996934834355,0.0027120872798996,False,0.3383498467417177,0,VOLATILITY_ACCELERATION,-0.33397835006079807,0.33397835006079807,False,NEITHER
2024-09-24,34.1089,-0.0003399715713428,0.001056558144449,0.0013963984975663,0.0021144937835816,0.0025201224518763,0.0028697819356773,0.0121104929037421,-0.0003399715713428,0.0003399715713428,-0.2624354137137281,0.5540994631140417,-0.0003399715713428,False,0.2770497315570208,0,VOLATILITY_ACCELERATION,-0.3343514073716141,0.3343514073716141,False,NEITHER
2024-09-25,34.1316,0.0006655154519787,0.0020521582892221,0.0013707049379552,0.0021046827015848,0.0025183589803884,0.0033998756465716,0.0109145408038173,0.0,0.0006655154519787,0.23706819914278,0.5442849683581646,0.0003287069782729,False,0.2721424841790823,0,VOLATILITY_ACCELERATION,-0.33430287284092236,0.33430287284092236,False,NEITHER
2024-09-26,34.1374,0.0001699305042834,0.0035453070247641,0.0010174572322522,0.0020967648185457,0.0025191510789211,0.0034705263932997,0.0095382755876733,0.0,0.0001699305042834,0.0148452960327973,0.4038889293959914,0.0016464697750996,False,0.2019444646979957,0,VOLATILITY_ACCELERATION,-0.337184015949022,0.337184015949022,False,NEITHER
2024-09-27,34.1623,0.0007294052856985,0.0019063092972171,0.0004626903470395,0.0021008752923654,0.0025000501706081,0.004061679212429,0.00838455656586,0.0,0.0007294052856985,0.2995344757287912,0.1850724247373633,0.0,False,0.0925362123686816,0,VOLATILITY_ACCELERATION,-0.34628761218099696,0.34628761218099696,False,NEITHER
2024-09-30,34.1833,0.0006147127096243,0.0018405357483037,0.0004528939234276,0.0016197048308476,0.0024999550165468,0.0042283391261355,0.0080409336159887,0.0,0.0006147127096243,0.2250401481978905,0.1811608290669104,0.0,False,0.0905804145334552,0,VOLATILITY_ACCELERATION,-0.3460319881631787,0.3460319881631787,False,NEITHER
2024-10-01,34.2059,0.0006611415515762,0.0028438325481032,0.0002263170228688,0.0014997536428982,0.0024438099035416,0.0045618919979741,0.0077995882444865,0.0,0.0006611415515762,0.1304101212228587,0.0926082763396688,0.0003399715713428,False,0.0463041381698344,0,VOLATILITY_ACCELERATION,-0.3568595572649239,0.3568595572649239,False,NEITHER
2024-10-02,34.1633,-0.0012453991855205,0.0009287581009973,0.0008297597896678,0.0015307870970356,0.0024480808767717,0.003093551753277,0.0071595156529475,-0.0012453991855205,0.0012453991855205,-1.0500924449312488,0.3389429644832689,-0.0012453991855205,False,0.2625231112328122,0,LOCAL_RETURN_SHOCK,-0.34844259484880724,0.34844259484880724,False,NEITHER
2024-10-03,34.1435,-0.000579569303902,0.0001786896483038,0.000898252563819,0.0014267745718204,0.0024499882291834,0.0022092427153916,0.0067890115121813,-0.0018242466942836,0.000579569303902,-0.5206784922241917,0.3666354609868451,-0.0018242466942836,False,0.1833177304934225,0,VOLATILITY_ACCELERATION,-0.34408567271412077,0.34408567271412077,False,NEITHER
2024-10-04,34.2398,0.0028204489873622,0.0022685826188517,0.0015512124087792,0.0015248165579659,0.0023234008608215,0.0046472542293209,0.0064569446706437,0.0,0.0028204489873622,1.764120488914349,0.6676473418498812,0.0,False,0.4410301222285872,0,LOCAL_RETURN_SHOCK,-0.3446190662058918,0.3446190662058918,False,NEITHER
2024-10-07,34.2276,-0.0003563104924678,0.0012959544572934,0.001586486329031,0.0014865764502749,0.0023035967274658,0.004017083273994,0.0060595552794608,-0.0003563104924678,0.0003563104924678,-0.487868912974619,0.6886996799896927,-0.0003563104924678,False,0.3443498399948463,0,VOLATILITY_ACCELERATION,-0.33648496768723785,0.33648496768723785,False,NEITHER
2024-10-08,34.2617,0.0009962720143976,0.0016312975246959,0.0016144993940281,0.0014872146158969,0.0023009570057012,0.0046768229976883,0.0056629012290703,0.0,0.0009962720143976,0.4873595421564067,0.701664303169408,0.0,False,0.350832151584704,0,VOLATILITY_ACCELERATION,-0.33512179843419143,0.33512179843419143,False,NEITHER
2024-10-09,34.2158,-0.0013396883400413,0.0015367367906495,0.0016378402379057,0.0014207665145211,0.002314293001981,0.0029483912090251,0.0054898545342545,-0.0013396883400413,0.0013396883400413,-1.1290874491899965,0.7077065162033215,-9.428915452080002e-05,False,0.3538532581016607,0,VOLATILITY_ACCELERATION,-0.34350849236519476,0.34350849236519476,False,NEITHER
2024-10-10,34.1664,-0.0014437774361552,0.0006706986688536,0.0017931853559573,0.0013635437516618,0.0023282300669069,0.0010848426025968,0.0055026721582907,-0.0027815315643997,0.0014437774361552,-1.2854667062574323,0.7701925086551187,-0.000957284870116,False,0.3850962543275593,0,VOLATILITY_ACCELERATION,-0.3501143640654513,0.3501143640654513,False,NEITHER
2024-10-11,34.2714,0.0030731947176172,0.0009229025870476,0.0018888114072189,0.0014865039305833,0.0023460850008201,0.0036057463525971,0.0057467422021224,0.0,0.0030731947176172,1.947906860884236,0.805090781688918,0.0,False,0.486976715221059,0,LOCAL_RETURN_SHOCK,-0.34917069034027903,0.34917069034027903,False,NEITHER
2024-10-14,34.2605,-0.0003180494523129,0.0009612125886711,0.0018861409851954,0.0014268806994295,0.002256164079868,0.0028706974298959,0.0058171904189183,-0.0003180494523129,0.0003180494523129,-0.5877202112020805,0.8359945989857933,3.826104015489996e-05,False,0.4179972994928966,0,VOLATILITY_ACCELERATION,-0.33887134737768115,0.33887134737768115,False,NEITHER
2024-10-15,34.1951,-0.0019089038396988,-0.0019438615130014,0.0020197948901067,0.0013997338633888,0.0022645585509737,0.0007773232335945,0.0056815932537277,-0.0022263461661911,0.0019089038396988,-1.629412883811099,0.8919155078760236,-0.0022263461661911,False,0.4459577539380118,0,VOLATILITY_ACCELERATION,-0.3582471720171699,0.3582471720171699,False,NEITHER
2024-10-16,34.1617,-0.0009767481305799,-0.0015811408764371,0.0019832077034475,0.0014194895163092,0.002260349566301,-0.0003464668863686,0.0055185983281047,-0.0032009197173151,0.0009767481305799,-0.8263676139712078,0.8773898219172201,-0.0018612313772738,False,0.4386949109586101,0,VOLATILITY_ACCELERATION,-0.34843560807086693,0.34843560807086693,False,NEITHER
2024-10-17,34.1203,-0.0012118834835503,-0.0013492788236396,0.0019526834933214,0.0014138998525496,0.0021876953207503,-0.0017091046284214,0.0054779722765354,-0.0044089240591279,0.0012118834835503,-0.957687966426754,0.8925756136150168,-0.0016273924947282,False,0.4462878068075084,0,VOLATILITY_ACCELERATION,-0.35222200005584076,0.35222200005584076,False,NEITHER
2024-10-18,34.2271,0.003130101435216,-0.0012926230034372,0.0019770438320606,0.0014853291289612,0.0022005357884537,0.0012255301672172,0.0054905306949253,-0.0012926230034372,0.003130101435216,2.105694582597438,0.8984374816507092,-0.0012926230034372,False,0.5264236456493595,0,LOCAL_RETURN_SHOCK,-0.3557313802955402,0.3557313802955402,False,NEITHER
2024-10-21,34.218,-0.0002658711956314,-0.001240495614483,0.0019767793563403,0.0014839912283035,0.0021630609575869,0.0008166111339897,0.0054198147226465,-0.0015581505278452,0.0002658711956314,-0.3076170438105757,0.9138805586623804,-0.0012401010755323,False,0.4569402793311902,0,VOLATILITY_ACCELERATION,-0.3419719018946238,0.3419719018946238,False,NEITHER
2024-10-22,34.258,0.0011689753930679,0.0018394448327394,0.0018011755732944,0.0014964113513638,0.0021605693296437,0.0017681098944704,0.0054758279565656,-0.0003909965744031,0.0011689753930679,0.6908719284762381,0.8336578459120458,0.001835349591788,False,0.4168289229560229,0,VOLATILITY_ACCELERATION,-0.3401380777740224,0.3401380777740224,False,NEITHER
2024-10-23,34.2763,0.0005341817969524,0.0033546339906971,0.001638357132961,0.0014946367053222,0.0021405624424157,0.0020912287964514,0.0055509253747139,0.0,0.0005341817969524,0.2105082517030257,0.7653862837619707,0.0032009197173151,False,0.3826931418809853,0,VOLATILITY_ACCELERATION,-0.33947037146339515,0.33947037146339515,False,NEITHER
2024-10-24,34.2255,-0.0014820736193813,0.0030832085298193,0.0017184866962641,0.0015420169270415,0.0021312176092723,0.0004772111575328,0.0055803559946132,-0.0014820736193813,0.0014820736193813,-1.1338419497813186,0.8063403233848437,0.0029268504397466,False,0.4031701616924218,0,VOLATILITY_ACCELERATION,-0.34936554882493565,0.34936554882493565,False,NEITHER
2024-10-25,34.2863,0.0017764532293174,0.00172962360235,0.0012723144551003,0.0015807259698121,0.0021022921960252,0.0020728985141911,0.0056216026843323,0.0,0.0017764532293174,1.0677219100713482,0.6052034334265535,0.0012926230034372,False,0.3026017167132767,0,VOLATILITY_ACCELERATION,-0.3399247785239681,0.3399247785239681,False,NEITHER
2024-10-28,34.2911,0.0001399976083742,0.0021363025308316,0.0012359177371486,0.00157745290322,0.002042826099047,0.0020553310248909,0.0053289764176012,0.0,0.0001399976083742,-0.0267995593349457,0.605003890309199,0.0015581505278452,False,0.3025019451545995,0,VOLATILITY_ACCELERATION,-0.3376368050203986,0.3376368050203986,False,NEITHER
2024-10-29,34.2741,-0.0004957554584135,0.0004699632202695,0.001210200669892,0.0015792664027254,0.0018197454544235,0.0014587641630512,0.0050985938118794,-0.0004957554584135,0.0004957554584135,-0.4148333492616131,0.665038435430737,-0.0001047588840104,False,0.3325192177153685,0,VOLATILITY_ACCELERATION,-0.33982361757004514,0.33982361757004514,False,NEITHER
2024-10-30,34.253,-0.0006156252097063,-0.0006797699868421,0.0012150132467099,0.0015571359100703,0.0017003201726691,0.0007110999963186,0.0050126343519312,-0.0011110754685618,0.0006156252097063,-0.4536314903566404,0.714579092949663,-0.0011110754685618,False,0.3572895464748315,0,VOLATILITY_ACCELERATION,-0.34234061691250894,0.34234061691250894,False,NEITHER
2024-10-31,34.2451,-0.0002306367325489,0.0005726724226089,0.0009730559885425,0.0015506818888062,0.001697866852504,0.0003318363696167,0.0048580444510846,-0.001341455946295,0.0002306367325489,-0.2330594209695885,0.573105003556342,0.0001406176730863,False,0.286552501778171,0,VOLATILITY_ACCELERATION,-0.3402445913803113,0.3402445913803113,False,NEITHER
2024-11-01,34.3061,0.0017812767374019,0.0005774901345436,0.0009751153264657,0.0014718919438816,0.0017073410699345,0.0020166746234453,0.0045667117987908,0.0,0.0017812767374019,1.0521575441023137,0.5711309495431449,0.0,False,0.2855654747715724,0,VOLATILITY_ACCELERATION,-0.34159309151352524,0.34159309151352524,False,NEITHER
2024-11-04,34.3406,0.0010056520560484,0.0014435232465568,0.0010541217033875,0.0014812548461404,0.0016749170434447,0.0028588570908754,0.0044601665764416,0.0,0.0010056520560484,0.6168221673669954,0.6293575598344573,0.0,False,0.3146787799172286,0,VOLATILITY_ACCELERATION,-0.3380301204822296,0.3380301204822296,False,NEITHER
2024-11-05,34.2819,-0.0017093469537515,0.0002275770917399,0.0013718268662235,0.0015243457884845,0.0016744889471764,0.0011150951349758,0.0041494378223581,-0.0017093469537515,0.0017093469537515,-1.2659547161349929,0.8192510727148945,-0.0012135914953379,False,0.4096255363574472,0,VOLATILITY_ACCELERATION,-0.3508569876323887,0.3508569876323887,False,NEITHER
2024-11-06,34.1941,-0.0025611182577395,-0.0017195574110296,0.0018118355330866,0.0016044941170378,0.0017109029843101,-0.001417239271633,0.003734843822617,-0.0042660873717991,0.0025611182577395,-1.7001994779846188,1.0589937300373578,-0.0031550119032373,False,0.5294968650186789,0,VOLATILITY_ACCELERATION,-0.3712981461969276,0.3712981461969276,False,NEITHER
2024-11-07,34.2225,0.0008305526391978,-0.0006599484305784,0.0018887837842679,0.0015794577001679,0.0017105723456738,-0.0006697243004798,0.0034005896679913,-0.0034390779427267,0.0008305526391978,0.53664919667067,1.104182345192715,-0.0020976219964317,False,0.5520911725963575,0,VOLATILITY_ACCELERATION,-0.35268593207491095,0.35268593207491095,False,NEITHER
2024-11-08,34.3826,0.0046782087807728,0.0022299241242809,0.0028311183354133,0.0017687970900658,0.0017862989113014,0.0038423701267653,0.0030082051008735,0.0,0.0046782087807728,2.909220117948312,1.5849073844817505,0.0,False,0.7924536922408753,0,VOLATILITY_ACCELERATION,-0.3786956858700079,0.3786956858700079,False,NEITHER
2024-11-11,34.3262,-0.0016403646030258,-0.0004193287246,0.0029459766230181,0.0018119304988597,0.0017939136980516,0.0020995916422708,0.0026886260725595,-0.0016403646030258,0.0016403646030258,-1.0198083094481716,1.642206437365284,-0.0016403646030258,False,0.821103218682642,0,VOLATILITY_ACCELERATION,-0.36695062931694505,0.36695062931694505,False,NEITHER
2024-11-12,34.3604,0.0009963235079908,0.0022898380778193,0.0028176640094116,0.0017582858151803,0.0017478887008381,0.002856034191272,0.0027512150065531,-0.0006456754288506,0.0009963235079908,0.4961392829030568,1.6120385743443222,0.0010636715249009,False,0.8060192871721611,0,VOLATILITY_ACCELERATION,-0.35765460369756236,0.35765460369756236,False,NEITHER
2024-11-13,34.356,-0.0001280543881909,0.0047347349396533,0.0023338867117684,0.0017374262042059,0.0017474794891055,0.0024433754879309,0.0028887847147238,-0.0007736471354695,0.0001280543881909,-0.2108129190323401,1.3355731648461695,0.0034924402363296,False,0.6677865824230848,0,VOLATILITY_ACCELERATION,-0.35235207172866306,0.35235207172866306,False,NEITHER
2024-11-14,34.3324,-0.0006869251368029,0.003211337570312,0.0024487100454616,0.0017174720343684,0.0017486411886353,0.0014448909097883,0.0030472181297629,-0.0014600408346081,0.0006869251368029,-0.55943371785783,1.4003502041334492,0.0019790371081186,False,0.7001751020667246,0,VOLATILITY_ACCELERATION,-0.3567218536293922,0.3567218536293922,False,NEITHER
2024-11-15,34.4347,0.002979692651839,0.0015153013442847,0.0017739645040904,0.0017047617449442,0.0017565597612556,0.0041248648239617,0.0031604315375615,0.0,0.002979692651839,1.553675994125829,1.0099084262424176,0.0,False,0.5049542131212088,0,VOLATILITY_ACCELERATION,-0.3487794368415613,0.3487794368415613,False,NEITHER
2024-11-18,34.5492,0.0033251342395896,0.0064964953883621,0.0018029093218142,0.0018263765250267,0.0018011538388194,0.0069774514894502,0.0035017467054769,0.0,0.0033251342395896,1.7723046086999108,1.0009746435629012,0.0016403646030258,False,0.5004873217814506,0,VOLATILITY_ACCELERATION,-0.35356233050293623,0.35356233050293623,False,NEITHER
2024-11-19,34.4818,-0.0019508411193313,0.0035331369832714,0.0023304622990985,0.0018966143457893,0.0018231910940456,0.0046853245367739,0.0036102017294521,-0.0019508411193313,0.0019508411193313,-1.3327857098603642,1.2782326036527978,-0.0013051656904807,False,0.6391163018263989,0,VOLATILITY_ACCELERATION,-0.35753602059344686,0.35753602059344686,False,NEITHER
2024-11-20,34.4605,-0.0006177171725373,0.0030416812201654,0.0023840411396213,0.0019074614111494,0.0018222327630625,0.0037953458186459,0.0036671785835715,-0.0025673532238081,0.0006177171725373,-0.4982846212593184,1.30830769150183,-0.0017937060883386,False,0.654153845750915,0,VOLATILITY_ACCELERATION,-0.35149482908984325,0.35149482908984325,False,NEITHER
2024-11-21,34.4788,0.0005310427881195,0.0042641935897287,0.002278292054136,0.0018627450226556,0.0018203668489089,0.003958026804399,0.0039081620647092,-0.0020376738101026,0.0005310427881195,0.1369889564407128,1.2515565505390154,-0.0005776329754944,False,0.6257782752695077,0,VOLATILITY_ACCELERATION,-0.3471192739477016,0.3471192739477016,False,NEITHER
2024-11-22,34.5424,0.0018446117614301,0.0031276590183739,0.0020595083578986,0.0018655131094622,0.0018322505336588,0.0054350554893769,0.004100495756659,-0.0001968207657485,0.0018446117614301,0.7914203410393423,1.1240320687946486,-0.0001968207657485,False,0.5620160343973243,0,VOLATILITY_ACCELERATION,-0.34409399196608337,0.34409399196608337,False,NEITHER
2024-11-25,34.5573,0.000431353930242,0.0002344482650828,0.0014183308046823,0.0018647286440396,0.0016679129743889,0.0054792133081613,0.0043312883274235,0.0,0.000431353930242,0.0308486405237667,0.850362594728275,0.0,False,0.4251812973641375,0,VOLATILITY_ACCELERATION,-0.33833517433991367,0.33833517433991367,False,NEITHER
2024-11-26,34.6445,0.0025233452844986,0.0047184311723866,0.0012427512228126,0.0019110168034185,0.0016541456682245,0.0074734994585967,0.0047723575513507,0.0,0.0025233452844986,1.1449237336986855,0.7512949111347154,0.0019508411193313,False,0.3756474555673577,0,VOLATILITY_ACCELERATION,-0.34248364575186496,0.34248364575186496,False,NEITHER
2024-11-27,34.6373,-0.0002078251959184,0.0051305117453315,0.0011217250282989,0.001900190087155,0.0016531568063503,0.0067015978274012,0.0052020733502273,-0.0002078251959184,0.0002078251959184,-0.390971672649048,0.6785351661681446,0.0023595280278897,False,0.3392675830840723,0,VOLATILITY_ACCELERATION,-0.33819477559824357,0.33819477559824357,False,NEITHER
2024-11-28,34.6011,-0.0010451161031604,0.0035471072079076,0.0014642439680735,0.0019265648244674,0.0016274316716922,0.0051294832869128,0.0055728646650936,-0.0012527240976201,0.0010451161031604,-0.8445651594924746,0.8997268478565261,0.0007849497124824,False,0.449863423928263,0,VOLATILITY_ACCELERATION,-0.34193539587379945,0.34193539587379945,False,NEITHER
2024-11-29,34.6904,0.0025808428055753,0.0042845893742182,0.001634121508537,0.0019621052803473,0.0016501688165955,0.0071613894370048,0.0060367341758806,0.0,0.0025808428055753,1.0702201696281148,0.9902753537110176,0.0001968207657485,False,0.4951376768555088,0,VOLATILITY_ACCELERATION,-0.3441876690718658,0.3441876690718658,False,NEITHER
2024-12-02,34.7145,0.0006947166939557,0.0045489664991189,0.0016211843260858,0.0019596099955657,0.0016372517017016,0.0073143420240535,0.0064166951763886,0.0,0.0006947166939557,0.0691828922601634,0.9901863741542604,0.0,False,0.4950931870771302,0,VOLATILITY_ACCELERATION,-0.3397732087630091,0.3397732087630091,False,NEITHER
2024-12-03,34.7341,0.0005646055682781,0.002586269104764,0.0013471148739918,0.0018866326982482,0.001635037365022,0.0072222621751345,0.0070472786028032,0.0,0.0005646055682781,0.0108081509526694,0.8239046414536675,0.0,False,0.4119523207268337,0,VOLATILITY_ACCELERATION,-0.33620960601852073,0.33620960601852073,False,NEITHER
2024-12-04,34.7258,-0.0002389582571593,0.0025550490367318,0.0013513705169604,0.0017442316553423,0.0016026070749041,0.0062058799027862,0.0078555589918181,-0.0002389582571593,0.0002389582571593,-0.4749635113025504,0.8432325915204548,-3.113306124090002e-05,False,0.4216162957602274,0,VOLATILITY_ACCELERATION,-0.33744649082014205,0.33744649082014205,False,NEITHER
2024-12-05,34.6852,-0.001169159529802,0.0024305585660571,0.0013877341765634,0.0017972814526285,0.0015816775073503,0.0043561906901918,0.0084485713205275,-0.0014078384066377,0.001169159529802,-1.113608365964608,0.8773812424558006,-0.0001551143090176,False,0.4386906212279003,0,VOLATILITY_ACCELERATION,-0.34522405843770465,0.34522405843770465,False,NEITHER
2024-12-06,34.7784,0.0026870250135502,0.0025367248575975,0.0014280255095089,0.0016090456387485,0.0016091321691216,0.0064781627889813,0.0088626622379874,0.0,0.0026870250135502,1.1204584486676836,0.8874507246278202,0.0,False,0.4437253623139101,0,VOLATILITY_ACCELERATION,-0.3414483600058678,0.3414483600058678,False,NEITHER
2024-12-09,34.8218,0.0012479009960206,0.0030909274222588,0.001467038426263,0.0015274155620404,0.0015904571833467,0.0070119924243761,0.0094893251295897,0.0,0.0012479009960206,0.4190150626104497,0.9224004529163132,0.0,False,0.4612002264581566,0,VOLATILITY_ACCELERATION,-0.3368244076180085,0.3368244076180085,False,NEITHER
2024-12-10,34.8404,0.0005341481485736,0.0030603931007282,0.0014673802197678,0.001526480597346,0.0015589942471842,0.0068510747376047,0.0099462839085653,0.0,0.0005341481485736,-0.1204333469602235,0.9412351728802912,0.0,False,0.4706175864401456,0,VOLATILITY_ACCELERATION,-0.3363276356428402,0.3363276356428402,False,NEITHER
2024-12-11,34.8654,0.0007175577777522,0.0040200657724227,0.0013889277183967,0.0015141450526215,0.001556867852336,0.0068324631520584,0.0104031657089433,0.0,0.0007175577777522,0.0147834363914849,0.8921294869777712,0.0002389582571593,False,0.4460647434888856,0,VOLATILITY_ACCELERATION,-0.3357163863320684,0.3357163863320684,False,NEITHER
2024-12-12,34.8925,0.0007772748914396,0.0059766125033153,0.0008757972162799,0.0014765917181274,0.0015413260026257,0.0068008288704048,0.0109074897911829,0.0,0.0007772748914396,0.0264196182094154,0.5682102389682328,0.0014078384066377,False,0.2841051194841164,0,VOLATILITY_ACCELERATION,-0.3365882868172892,0.3365882868172892,False,NEITHER
2024-12-13,34.9466,0.0015504764634233,0.0048363351965587,0.0004197964501045,0.0013986106312131,0.0015274412671469,0.0076176965838579,0.0113478616561366,0.0,0.0015504764634233,0.5011505182445255,0.2748363941277007,0.0,False,0.1374181970638503,0,VOLATILITY_ACCELERATION,-0.3446889447146651,0.3446889447146651,False,NEITHER
2024-12-16,34.9405,-0.0001745520308126,0.0034087841524561,0.0006164676366553,0.0012711446498667,0.0015288752943409,0.0068738182405523,0.0114299687800614,-0.0001745520308126,0.0001745520308126,-0.653200368744986,0.4032164290554907,-0.0001745520308126,False,0.2016082145277453,0,VOLATILITY_ACCELERATION,-0.34041204580294365,0.34041204580294365,False,NEITHER
2024-12-17,34.9865,0.0013165238047538,0.0041934076531842,0.0006670947733939,0.0011334207384413,0.0015302967649554,0.0074667695639154,0.0118354668913296,0.0,0.0013165238047538,0.5919760344547006,0.435925102026431,0.0,False,0.2179625510132155,0,VOLATILITY_ACCELERATION,-0.3388276349792485,0.3388276349792485,False,NEITHER
2024-12-18,35.0379,0.0014691380961229,0.004947598478721,0.0007161936829674,0.0010985942072134,0.0015359471042026,0.0081087994125919,0.0124049652485329,0.0,0.0014691380961229,0.6544200128463905,0.4662879867462741,0.0,False,0.233143993373137,0,VOLATILITY_ACCELERATION,-0.3381795456779992,0.3381795456779992,False,NEITHER
2024-12-19,35.0923,0.0015526044654503,0.0057261589166728,0.0007426696233602,0.001107588825979,0.0015422161349506,0.0087836617079293,0.0129248079732413,0.0,0.0015526044654503,0.656162953866268,0.4815600138848171,0.0,False,0.2407800069424085,0,VOLATILITY_ACCELERATION,-0.3386881915988274,0.3386881915988274,False,NEITHER
2024-12-20,35.1981,0.0030149064039688,0.0071966943851475,0.0011309058528427,0.0011889969964909,0.0015767935256507,0.0108723466399458,0.0135015539645197,0.0,0.0030149064039688,1.924974886661204,0.7172187318412573,0.0,False,0.481243721665301,0,LOCAL_RETURN_SHOCK,-0.35007357381807264,0.35007357381807264,False,NEITHER
2024-12-23,35.1932,-0.0001392120597418,0.0072322949013321,0.0011183667886338,0.0012085614220632,0.0015788597998541,0.0098095266105378,0.0140341648145847,-0.0001392120597418,0.0001392120597418,-0.9087933142535866,0.7083382506395732,3.5339971070800006e-05,False,0.3541691253197866,0,VOLATILITY_ACCELERATION,-0.3419126003112847,0.3419126003112847,False,NEITHER
2024-12-24,35.17,-0.0006592182580724,0.0052448801680649,0.0014683979182575,0.0011947873775588,0.0015855731224116,0.0083836043764482,0.0142521244271716,-0.0007983385466827,0.0006592182580724,-1.3007451596674946,0.9260991483156068,-0.0007983385466827,False,0.4630495741578034,0,VOLATILITY_ACCELERATION,-0.34721290586468107,0.34721290586468107,False,NEITHER
2024-12-25,35.2215,0.0014643161785612,0.0052400400708945,0.0014680534360086,0.0011824042421581,0.0015745941592091,0.0090151463281806,0.0145346606709386,0.0,0.0014643161785612,0.5947771186725364,0.9323376613730016,0.0,False,0.4661688306865008,0,VOLATILITY_ACCELERATION,-0.33813745171351856,0.33813745171351856,False,NEITHER
2024-12-26,35.1498,-0.0020356884289425,0.0016385360891135,0.0019551588975367,0.0012819600283597,0.0016026397099326,0.006170306528737,0.0148070328939953,-0.0020356884289425,0.0020356884289425,-2.4297777189383423,1.219961595497297,-0.0020356884289425,False,0.6099807977486486,0,VOLATILITY_ACCELERATION,-0.3649492381885582,0.3649492381885582,False,NEITHER
2024-12-27,35.1564,0.0001877677824624,-0.0011847230390276,0.0012745600665588,0.0012157632375679,0.0015734011508931,0.0056884715445548,0.0149173717658668,-0.0018483028831821,0.0001877677824624,-0.4680291439739084,0.8100668197905724,-0.0018483028831821,False,0.4050334098952862,0,VOLATILITY_ACCELERATION,-0.3407197579545432,0.3407197579545432,False,NEITHER
2024-12-30,35.3234,0.0047502019546938,0.0036995783276314,0.0025774775054168,0.0015204562019674,0.0016649555044064,0.0095864323729371,0.0152502304683681,0.0,0.0047502019546938,3.3576383481274705,1.5480759086926696,0.0001392120597418,False,0.8394095870318676,0,LOCAL_RETURN_SHOCK,-0.37971807078017783,0.37971807078017783,False,NEITHER
2024-12-31,35.3711,0.0013503796350293,0.0057179414273527,0.0024583879005092,0.0015222765737652,0.0016672741302777,0.0100303142447251,0.0155081739792095,0.0,0.0013503796350293,0.3153636950427131,1.4744953189549777,0.0007983385466827,False,0.7372476594774888,0,VOLATILITY_ACCELERATION,-0.3479077257845371,0.3479077257845371,False,NEITHER
2025-01-01,35.3659,-0.0001470126741887,0.0040997686072428,0.0025108549875225,0.0015187583194572,0.0016516095163939,0.0089597280827871,0.0156532762511181,-0.0001470126741887,0.0001470126741887,-0.6944758559457339,1.52024734817747,-0.0001470126741887,False,0.760123674088735,0,VOLATILITY_ACCELERATION,-0.3525867754160622,0.3525867754160622,False,NEITHER
2025-01-02,35.326,-0.0011282054182136,0.0050128307984682,0.0022743880306355,0.0015158255059501,0.0016456363072657,0.0069010316274837,0.0159006461895203,-0.0012750522319068,0.0011282054182136,-1.3451609275495569,1.3820721021976596,0.0007606361970356,False,0.6910360510988298,0,VOLATILITY_ACCELERATION,-0.3564593856617978,0.3564593856617978,False,NEITHER
2025-01-03,35.3743,0.0013672649040366,0.0061980179995677,0.0022294667510124,0.0014624958827304,0.0016159081870435,0.007422178478587,0.0161810817967533,0.0,0.0013672649040366,0.297163667702317,1.37969890176216,0.0018483028831821,False,0.68984945088108,0,VOLATILITY_ACCELERATION,-0.3502240126215734,0.3502240126215734,False,NEITHER
2025-01-06,35.304,-0.0019873184769733,-0.0005492110046031,0.0014897526583751,0.001589655213007,0.0016448554494963,0.0047302348838673,0.0161501104850787,-0.0019873184769733,0.0019873184769733,-1.940618870864032,0.9057043029716096,-0.0019873184769733,False,0.485154717716008,0,LOCAL_RETURN_SHOCK,-0.3583539911931708,0.3583539911931708,False,NEITHER
2025-01-07,35.3377,0.0009545660548377,-0.000944273714982,0.0014006711947047,0.001590278393571,0.0016150034979729,0.0049781508250728,0.0161639067685104,-0.0010346494488936,0.0009545660548377,0.1670163408386071,0.8672867869715312,-0.0010346494488936,False,0.4336433934857656,0,VOLATILITY_ACCELERATION,-0.33785938068149246,0.33785938068149246,False,NEITHER
2025-01-08,35.3389,3.395806744643792e-05,-0.0007634472754829,0.0014043330802917,0.0015974396163282,0.0016040510628189,0.0043360589183356,0.0161001825070461,-0.0010007265161429,3.395806744643792e-05,-0.4251648570250201,0.8754915057528012,-0.0008537138419542,False,0.4377457528764006,0,VOLATILITY_ACCELERATION,-0.3387986137930327,0.3387986137930327,False,NEITHER
2025-01-09,35.3286,-0.0002914635147104,7.360018116964184e-05,0.0013052741583518,0.001611682297833,0.001591108356049,0.0034215103980941,0.0159082754454715,-0.0012918983555857,0.0002914635147104,-0.6055766193514042,0.8203552909451269,-1.684612367890007e-05,False,0.4101776454725634,0,VOLATILITY_ACCELERATION,-0.3384995592444839,0.3384995592444839,False,NEITHER
2025-01-10,35.4226,0.0026607337964141,0.0013653980432122,0.0017066486673292,0.0016636131071597,0.0015794765087503,0.005411709575418,0.0158447800613568,0.0,0.0026607337964141,1.2646798638275103,1.0805153846064606,0.0,False,0.5402576923032303,0,VOLATILITY_ACCELERATION,-0.3454503655826593,0.3454503655826593,False,NEITHER
2025-01-13,35.4877,0.0018378097598705,0.0052033763879446,0.0012303951608271,0.0016701789831194,0.0015838688814864,0.0064778663328348,0.016060473808904,0.0,0.0018378097598705,0.6971724620179749,0.7768289251774563,0.0019873184769733,False,0.3884144625887281,0,VOLATILITY_ACCELERATION,-0.3385450320108547,0.3385450320108547,False,NEITHER
2025-01-14,35.4793,-0.0002367017304585,0.0040070519586732,0.0013594336065312,0.0016799329101813,0.001585835265467,0.0055369391197439,0.0160316696998319,-0.0002367017304585,0.0002367017304585,-0.607901514963425,0.8572350710909883,0.0007979477184351,False,0.4286175355454941,0,VOLATILITY_ACCELERATION,-0.33691767780864484,0.33691767780864484,False,NEITHER
2025-01-15,35.4613,-0.0005073380816419,0.0034636052621896,0.0014540366347989,0.0016904656322136,0.0015920914214509,0.004424147725945,0.0157968090178206,-0.0007439197242986,0.0005073380816419,-0.7192426561788687,0.9132871487202736,0.0002568067918443,False,0.4566435743601368,0,VOLATILITY_ACCELERATION,-0.3384173488062432,0.3384173488062432,False,NEITHER
2025-01-16,35.4275,-0.0009531517457058,0.0027994316219719,0.0015897682483305,0.0017090672025842,0.001581980775974,0.0029906404998716,0.0153828706882466,-0.0016963624016207,0.0009531517457058,-0.920024183904916,1.004922608716092,-0.000404464046035,False,0.502461304358046,0,VOLATILITY_ACCELERATION,-0.3427636797048071,0.3427636797048071,False,NEITHER
2025-01-17,35.4856,0.0016399689506738,0.0017785255740683,0.0012898510223636,0.0016272974089718,0.0015803236401848,0.0042268220953898,0.0148396603859959,-5.917543261468872e-05,0.0016399689506738,0.6805696355772353,0.8161942209589216,-5.917543261468872e-05,False,0.4080971104794608,0,VOLATILITY_ACCELERATION,-0.33616987912377944,0.33616987912377944,False,NEITHER
2025-01-20,35.5675,0.0023079784475956,0.0022486664393579,0.0014339630566793,0.0016752764871067,0.0015949398655782,0.0060117457369128,0.0144508135630427,0.0,0.0023079784475956,1.1675159084941968,0.899070295769087,0.0,False,0.4495351478845435,0,VOLATILITY_ACCELERATION,-0.3405381501623726,0.3405381501623726,False,NEITHER
2025-01-21,35.62,0.0014760666338651,0.0039656926715012,0.0014334417267874,0.0016634684066553,0.0015920703528597,0.0068559199637168,0.0143316914007847,0.0,0.0014760666338651,0.5644586317582357,0.9003633063153466,0.0002367017304585,False,0.4501816531576733,0,VOLATILITY_ACCELERATION,-0.3361457340128856,0.3361457340128856,False,NEITHER
2025-01-22,35.6452,0.0007074677147671,0.0051859350898022,0.0012491020653718,0.0016522329556578,0.0015834759011146,0.0069652393425285,0.0140898008153709,0.0,0.0007074677147671,0.0422377183440196,0.78883553863533,0.0007439197242986,False,0.394417769317665,0,VOLATILITY_ACCELERATION,-0.33528001087191756,0.33528001087191756,False,NEITHER
2025-01-23,35.6339,-0.000317013230393,0.0058259826406039,0.0010042950899921,0.0015494677207393,0.0015843434153369,0.0059581606164043,0.0139862762169329,-0.000317013230393,0.000317013230393,-0.5546296657487281,0.6338872496140892,0.0013793491712277,False,0.3169436248070446,0,VOLATILITY_ACCELERATION,-0.336984554534873,0.336984554534873,False,NEITHER
2025-01-24,35.6798,0.0012880992538004,0.0054726424239692,0.0009743905393416,0.001550406582164,0.0015797213668217,0.0065103360417773,0.0140590536320555,0.0,0.0012880992538004,0.3890376703311707,0.6168116478047091,5.917543261468872e-05,False,0.3084058239023545,0,VOLATILITY_ACCELERATION,-0.3347849318856472,0.3347849318856472,False,NEITHER
2025-01-27,35.7431,0.0017741130835935,0.0049370914458422,0.000825829112009,0.0012611218435965,0.001585709721124,0.0076994643360586,0.0137764415732368,0.0,0.0017741130835935,0.666791911520937,0.5207946328434102,0.0,False,0.2603973164217051,0,VOLATILITY_ACCELERATION,-0.3370301359434099,0.3370301359434099,False,NEITHER
2025-01-28,35.7352,-0.0002210216797088,0.003234138124649,0.0009175823389149,0.0012603048401321,0.0015593017867174,0.0069599180910953,0.0133742758390671,-0.0002210216797088,0.0002210216797088,-0.6442928217572248,0.588457184318739,-0.0002210216797088,False,0.2942285921593695,0,VOLATILITY_ACCELERATION,-0.3366747882328804,0.3366747882328804,False,NEITHER
2025-01-29,35.7944,0.0016566298775437,0.0041856968119129,0.0010252581991006,0.0012750403537789,0.0015041932107872,0.0080195147062924,0.0130602255031082,0.0,0.0016566298775437,0.9074708240251548,0.6816000708871996,0.0,False,0.3408000354435998,0,VOLATILITY_ACCELERATION,-0.33824358888607614,0.33824358888607614,False,NEITHER
2025-01-30,35.7721,-0.000623002480835,0.0038783293436868,0.001116382456338,0.0012435508401741,0.0015147664041882,0.0067591309057613,0.0127708205633441,-0.000623002480835,0.000623002480835,-0.96163592825293,0.7369997467934974,-0.000305989250442,False,0.3684998733967487,0,VOLATILITY_ACCELERATION,-0.3413312715654096,0.3413312715654096,False,NEITHER
2025-01-31,35.844,0.0020099462989313,0.004602043733429,0.0012392437790561,0.0012716353910394,0.001434197150535,0.0081163434435591,0.0125802821008793,0.0,0.0020099462989313,1.1109831412570077,0.8640679411431152,0.0,False,0.4320339705715576,0,VOLATILITY_ACCELERATION,-0.34084047377011567,0.34084047377011567,False,NEITHER
2025-02-03,35.9745,0.0036407766990289,0.0064739767955213,0.0017408058986029,0.0012775639751063,0.0014504066457781,0.0108335608150229,0.0128395952050484,0.0,0.0036407766990289,2.343643759902978,1.200219196230316,0.0,False,0.600109598115158,0,VOLATILITY_ACCELERATION,-0.35965002758849435,0.35965002758849435,False,NEITHER
2025-02-04,35.9325,-0.0011674936413292,0.005521166804719,0.0019813879891529,0.0013618010196402,0.0014717572698915,0.0088104038652745,0.0129691571924814,-0.0011674936413292,0.0011674936413292,-1.6511225983011537,1.3462736211243385,-0.0009464719616204,False,0.6731368105621692,0,VOLATILITY_ACCELERATION,-0.3604324818269311,0.3604324818269311,False,NEITHER
2025-02-05,35.9044,-0.0007820218465176,0.0030731064077063,0.0021072969367425,0.0013988091511142,0.0014807414165349,0.0072219342126229,0.0130911635285635,-0.0019486024823137,0.0007820218465176,-1.1880149501441155,1.423136351297453,-0.0019486024823137,False,0.7115681756487265,0,VOLATILITY_ACCELERATION,-0.3558447917273458,0.3558447917273458,False,NEITHER
2025-02-06,35.8882,-0.0004511981818385,0.0032455461099569,0.0020833150470023,0.0014057777595542,0.001477210377875,0.0059778656950788,0.013258441550511,-0.0023989214582551,0.0004511981818385,-0.8909130377681346,1.4103035547307723,-0.0017759189774201,False,0.7051517773653861,0,VOLATILITY_ACCELERATION,-0.35229111551782605,0.35229111551782605,False,NEITHER
2025-02-07,35.9677,0.0022152127997503,0.0034510657292712,0.0021185381681484,0.001377775265356,0.0014607704110383,0.0074366576060658,0.0133475496023707,-0.0001890227800246,0.0022152127997503,1.015936121595523,1.4502882534720605,-0.0001890227800246,False,0.7251441267360302,0,VOLATILITY_ACCELERATION,-0.3505677658696444,0.3505677658696444,False,NEITHER
2025-02-10,35.9951,0.0007617946101641,0.0005726278336044,0.0013783373363865,0.0013544799675114,0.0014204311865333,0.0074881957390604,0.0132807533446144,0.0,0.0007617946101641,-0.0021496502078132,0.9703654421658156,0.0,False,0.4851827210829078,0,VOLATILITY_ACCELERATION,-0.3387581425728853,0.3387581425728853,False,NEITHER
2025-02-11,36.0423,0.0013112895921945,0.003055729492799,0.0012405057512418,0.0013416454220838,0.0013796962233676,0.0080150823441789,0.0133709576327016,0.0,0.0013112895921945,0.4432210287560451,0.8991151314554879,0.0011674936413292,False,0.4495575657277439,0,VOLATILITY_ACCELERATION,-0.3374817510231587,0.3374817510231587,False,NEITHER
2025-02-12,36.1027,0.0016758087025523,0.0055229999665777,0.0010174064952917,0.0013193036975412,0.0013732298505428,0.0087995107827991,0.0136716772262819,0.0,0.0016758087025523,0.6614665352314156,0.7408857991905341,0.0019486024823137,False,0.370442899595267,0,VOLATILITY_ACCELERATION,-0.33944295065195224,0.33944295065195224,False,NEITHER
2025-02-13,36.0963,-0.0001772720599844,0.0057985633160759,0.0009150478997585,0.0012726017057337,0.0013784160022374,0.0076791064515522,0.0141374188480702,-0.0001772720599844,0.0001772720599844,-0.8146604567950532,0.6638401602079662,0.0022216493982707,False,0.3319200801039831,0,VOLATILITY_ACCELERATION,-0.34070788870537666,0.34070788870537666,False,NEITHER
2025-02-14,36.2225,0.0034962032119634,0.0070841338200662,0.0013575880388558,0.0013889874589589,0.0014163045586605,0.0101631236706269,0.0147675587442241,0.0,0.0034962032119634,2.011545893137856,0.9585424480591712,0.0001890227800246,False,0.502886473284464,0,LOCAL_RETURN_SHOCK,-0.3552497795978686,0.3552497795978686,False,NEITHER
2025-02-17,36.2417,0.000530057284837,0.006850932488033,0.0013889944069048,0.0013594109619945,0.0014159348373906,0.0097493075016064,0.0151838688523289,0.0,0.000530057284837,-0.359298352336429,0.980973396674491,0.0,False,0.4904866983372455,0,VOLATILITY_ACCELERATION,-0.3403430596128583,0.3403430596128583,False,NEITHER
2025-02-18,36.2722,0.0008415720013132,0.0063786162370325,0.0014094564592116,0.0013536391195695,0.0013976588208151,0.0096817231969699,0.0154599871584883,0.0,0.0008415720013132,-0.0725682913879518,1.0084410002074895,0.0,False,0.5042205001037448,0,VOLATILITY_ACCELERATION,-0.3401592349845824,0.3401592349845824,False,NEITHER
2025-02-19,36.2922,0.0005513864612569,0.0052489149011016,0.0014188456585944,0.0013553079990801,0.0013921144435903,0.009329544335777,0.0157661424280706,0.0,0.0005513864612569,-0.2638154690358871,1.019201880367795,0.0,False,0.5096009401838975,0,VOLATILITY_ACCELERATION,-0.33955115340172654,0.33955115340172654,False,NEITHER
2025-02-20,36.2991,0.0001901234976111,0.005618304369146,0.0013472073403896,0.0013359320913947,0.0013736912629469,0.0085884968046678,0.0160109951642788,0.0,0.0001901234976111,-0.5242866128488136,0.980720615125348,0.0001772720599844,False,0.490360307562674,0,VOLATILITY_ACCELERATION,-0.34009252814961416,0.34009252814961416,False,NEITHER
2025-02-21,36.4339,0.003713590695086,0.005836151563255,0.0014430850307798,0.0014735336812613,0.0014059891836715,0.0112745177634823,0.0163245720649787,0.0,0.003713590695086,2.0865884866631017,1.026384162509295,0.0,False,0.5216471216657754,0,LOCAL_RETURN_SHOCK,-0.3560926718040861,0.3560926718040861,False,NEITHER
2025-02-24,36.434,2.744696560030846e-06,0.0053060424869693,0.0015184215437096,0.0014807673611894,0.0014098551305592,0.0103085636642195,0.0166972089089372,0.0,2.744696560030846e-06,-0.7088945865329048,1.0770053679964542,0.0,False,0.5385026839982271,0,VOLATILITY_ACCELERATION,-0.3439474765550476,0.3439474765550476,False,NEITHER
2025-02-25,36.4455,0.0003156392380745,0.0047777636867905,0.0015550992302016,0.0014630194224582,0.0014109467305845,0.009633144877529,0.0171764111484364,0.0,0.0003156392380745,-0.4343133875787004,1.102167216162288,0.0,False,0.551083608081144,0,VOLATILITY_ACCELERATION,-0.3415781020192925,0.3415781020192925,False,NEITHER
2025-02-26,36.4511,0.0001536540862381,0.004378351271072,0.0015906528964737,0.001465335688681,0.0014069377264523,0.0088705972222988,0.0174873689193606,0.0,0.0001536540862381,-0.5686426808891971,1.1305780395018987,0.0,False,0.5652890197509494,0,VOLATILITY_ACCELERATION,-0.3426600233385519,0.3426600233385519,False,NEITHER
2025-02-27,36.4292,-0.0006008049139805,0.0035841109008212,0.0017106121197708,0.001464120997578,0.0013952552686833,0.0073484405735015,0.0177733073079189,-0.0006008049139805,0.0006008049139805,-1.0313305742201095,1.2260208996631146,-0.0006008049139805,False,0.6130104498315573,0,VOLATILITY_ACCELERATION,-0.348575331090533,0.348575331090533,False,NEITHER
2025-02-28,36.4935,0.0017650675831475,0.0016358391498025,0.0008752398768733,0.0014554502901971,0.001379318821341,0.0082210900507322,0.018014412429947,0.0,0.0017650675831475,0.5829553178756179,0.6345450111544009,0.0,False,0.3172725055772004,0,VOLATILITY_ACCELERATION,-0.33729990496872747,0.33729990496872747,False,NEITHER
2025-03-03,36.438,-0.0015208187759462,0.0001097875610693,0.001215526186245,0.0014003311595291,0.0014101699977964,0.0060436336016587,0.0177066220985198,-0.0015208187759462,0.0015208187759462,-1.6628017583640673,0.8619713851127455,-0.0015208187759462,False,0.4309856925563727,0,VOLATILITY_ACCELERATION,-0.3578535125820968,0.3578535125820968,False,NEITHER
2025-03-04,36.4371,-2.4699489543977823e-05,-0.0002304811293575,0.0012044894167785,0.0013448597881279,0.001413511223535,0.005318486323449,0.0175652189293344,-0.0015454807020427,2.4699489543977823e-05,-0.4755491135576526,0.8521258244884926,-0.0015454807020427,False,0.4260629122442463,0,VOLATILITY_ACCELERATION,-0.34287416769028917,0.34287416769028917,False,NEITHER
2025-03-05,36.4178,-0.0005296799141534,-0.0009135526774225,0.0012149619379218,0.0013313561285867,0.0014231063207659,0.0040748546905353,0.0174782085204461,-0.0020743420061105,0.0005296799141534,-0.9131408230362714,0.8537394010504576,-0.0020743420061105,False,0.4268697005252288,0,VOLATILITY_ACCELERATION,-0.3477491212891782,0.3477491212891782,False,NEITHER
2025-03-06,36.4023,-0.0004256160449012,-0.000738418631208,0.0012023319624996,0.001330192570548,0.0014308423237795,0.0029367107021738,0.0174007300362664,-0.0024990751777713,0.0004256160449012,-0.8537156788936378,0.8402966158589011,-0.0018982702637908,False,0.4201483079294505,0,VOLATILITY_ACCELERATION,-0.34768806850305334,0.34768806850305334,False,NEITHER
2025-03-07,36.475,0.0019971265551903,-0.000506939591982,0.0012954713299582,0.0013180621989861,0.0014364545355055,0.0042378976943826,0.017334508424482,-0.000506939591982,0.0019971265551903,0.9659232208372184,0.901853346512156,-0.000506939591982,False,0.450926673256078,0,VOLATILITY_ACCELERATION,-0.34491922090875526,0.34491922090875526,False,NEITHER
2025-03-10,36.5508,0.0020781357093899,0.0030956693561665,0.00130894490579,0.0013536247032264,0.0014422458273656,0.0055556075211162,0.0173897941267477,0.0,0.0020781357093899,1.044546577213199,0.9075740632794292,0.0015208187759462,False,0.4537870316397146,0,VOLATILITY_ACCELERATION,-0.34278077266759693,0.34278077266759693,False,NEITHER
2025-03-11,36.5873,0.0009986101535397,0.00412217218165,0.0012622955440519,0.001348806690523,0.0014407208000839,0.0058057334882701,0.0173509325711986,0.0,0.0009986101535397,0.1709740869405523,0.8761555632280665,0.0015454807020427,False,0.4380777816140332,0,VOLATILITY_ACCELERATION,-0.33730140665313196,0.33730140665313196,False,NEITHER
2025-03-12,36.5878,1.366594419383027e-05,0.0046680469440767,0.0011334699576766,0.0013400385816634,0.0014406080430267,0.0051492615527344,0.0171170135284985,0.0,1.366594419383027e-05,-0.5470579994173104,0.7867996872315063,0.0020743420061105,False,0.3933998436157531,0,VOLATILITY_ACCELERATION,-0.3396627139402485,0.3396627139402485,False,NEITHER
2025-03-13,36.607,0.0005247650856294,0.0056232710570487,0.0009055881925024,0.0013258392257926,0.0014366778136385,0.0049717371430768,0.0168803551525666,0.0,0.0005247650856294,-0.1072127417307297,0.6303349184525419,0.0024990751777713,False,0.3151674592262709,0,VOLATILITY_ACCELERATION,-0.33833387170936075,0.33833387170936075,False,NEITHER
2025-03-14,36.6383,0.0008550277269374,0.0044770390678547,0.0007625552379932,0.0011533546813633,0.0014045328722339,0.0052572675323876,0.0164152727684452,0.0,0.0008550277269374,0.11426089281033,0.5429244505900108,0.000506939591982,False,0.2714622252950054,0,VOLATILITY_ACCELERATION,-0.33764631811763796,0.33764631811763796,False,NEITHER
2025-03-17,36.6454,0.0001937862837522,0.0025881786445167,0.0004195484216842,0.0011564372335885,0.0014019383879272,0.0048955387594906,0.0160230281139581,0.0,0.0001937862837522,-0.3274717668159122,0.299263095509149,0.0,False,0.1496315477545745,0,VOLATILITY_ACCELERATION,-0.34438204547342766,0.34438204547342766,False,NEITHER
2025-03-18,36.6908,0.0012389003804025,0.0028288504481064,0.0004953900622865,0.0011650065347973,0.0013927039035413,0.0055633656231171,0.0156833560709033,0.0,0.0012389003804025,0.5916763414032645,0.3557037939125798,0.0,False,0.1778518969562899,0,VOLATILITY_ACCELERATION,-0.3425627401977635,0.3425627401977635,False,NEITHER
2025-03-19,37.808,0.0304490498980669,0.0333499144523583,0.0133084338908663,0.0067807018695829,0.0040848349414974,0.0340339892726628,0.0168773642994335,0.0,0.0304490498980669,25.643220666840804,3.258010196609745,0.0,True,6.410805166710201,2,LOCAL_RETURN_SHOCK,-0.5790018297674844,0.5790018297674844,True,BOTH
2025-03-20,37.8242,0.0004284807448158,0.033250471221351,0.0133195818205854,0.0067774336385051,0.0040641909282214,0.0323240952132719,0.0180564045568212,0.0,0.0004284807448158,-0.2420004162562878,3.2773021877725634,0.0,True,1.6386510938862815,1,VOLATILITY_ACCELERATION,-0.46129821029122237,0.46129821029122237,False,BASELINE_ONLY
2025-03-21,37.839,0.0003912838870352,0.0327717170283554,0.0133713885753409,0.0067760360677697,0.0040633904375636,0.0307516145758777,0.0189409788938816,0.0,0.0003912838870352,-0.2493639163780067,3.290697455930017,0.0,True,1.6453487279650083,1,VOLATILITY_ACCELERATION,-0.4608519205575545,0.4608519205575545,False,BASELINE_ONLY
2025-03-24,37.9769,0.0036443880652237,0.0363347104957239,0.0130470577826528,0.0067708665491069,0.0040496576828199,0.0323386499398568,0.0201041255052027,0.0,0.0036443880652237,0.255189332849937,3.221768061533471,0.0,True,1.6108840307667356,1,VOLATILITY_ACCELERATION,-0.45862251267423765,0.45862251267423765,False,BASELINE_ONLY
2025-03-25,37.979,5.529677251159271e-05,0.0351096187600159,0.0131928652216053,0.00677472126017,0.0040523789992022,0.0302484068096384,0.021224582740787,0.0,5.529677251159271e-05,-0.3015864103706593,3.255585231342529,0.0,True,1.6277926156712643,1,VOLATILITY_ACCELERATION,-0.4599013449108454,0.4599013449108454,False,BASELINE_ONLY
2025-03-26,37.9973,0.0004818452302588,0.0050068768514601,0.0014875236151823,0.0067701947789762,0.004049663464333,0.028587701521078,0.0224362451772182,0.0,0.0004818452302588,-0.2365316143764675,0.3673203040903308,0.0,False,0.1836601520451654,0,VOLATILITY_ACCELERATION,-0.3479304592390763,0.3479304592390763,False,NEITHER
2025-03-27,37.9622,-0.0009237498453837,0.0036484578655993,0.0017219233440218,0.0067773584236444,0.0040477526925642,0.0255096961914491,0.0236268907381775,-0.0009237498453837,0.0009237498453837,-0.4467287113886311,0.4254023095790922,-0.0009237498453837,False,0.2127011547895461,0,VOLATILITY_ACCELERATION,-0.34763285109187947,0.34763285109187947,False,NEITHER
2025-03-28,37.9821,0.0005242056572063,0.0037818124157615,0.0017164075009869,0.0067861110433158,0.0040486541829229,0.0239883922046926,0.0247648009044112,-0.0004000284230721,0.0005242056572063,-0.2302279948568712,0.4239451984382006,-0.0004000284230721,False,0.2119725992191003,0,VOLATILITY_ACCELERATION,-0.3446981660165442,0.3446981660165442,False,NEITHER
2025-03-31,37.9447,-0.0009846743597643,-0.0008478838451796,0.0007398333878245,0.0067724223128049,0.0040373537749046,0.0209066217530566,0.0261890789405205,-0.0013843088851051,0.0009846743597643,-0.4431366568835458,0.1832471041857068,-0.0013843088851051,False,0.1107841642208864,0,LOCAL_RETURN_SHOCK,-0.3553606193628202,0.3553606193628202,False,NEITHER
2025-04-01,37.9461,3.689579835919332e-05,-0.0008662682008477,0.000738480670233,0.006771443451232,0.0040400782390261,0.0188759797116779,0.027556444338129,-0.0013474641619273,3.689579835919332e-05,-0.2971479820235281,0.1827887052036442,-0.0013474641619273,False,0.0913943526018221,0,VOLATILITY_ACCELERATION,-0.3523625872092796,0.3523625872092796,False,NEITHER
2025-04-02,37.9435,-6.851824034614928e-05,-0.0014158900764001,0.0006524614643997,0.0067629681184972,0.0040405992398352,0.0167236142824969,0.0289324470730012,-0.0014158900764001,6.851824034614928e-05,-0.3132131933222744,0.1614764112132811,-0.0014158900764001,False,0.0807382056066405,0,VOLATILITY_ACCELERATION,-0.3536757882943634,0.3536757882943634,False,NEITHER
2025-04-03,37.9101,-0.0008802561703585,-0.0013724178261534,0.0006419919606043,0.0067725745166422,0.0040449802181896,0.0137806685559682,0.0302808513733439,-0.0022948999007824,0.0008802561703585,-0.4370420485023743,0.1587132509863384,-0.0013711500553987,False,0.1092605121255935,0,LOCAL_RETURN_SHOCK,-0.355008834523811,0.355008834523811,False,NEITHER
2025-04-04,37.9772,0.0017699768663232,-0.0001290081380439,0.0011045479136991,0.006772863097551,0.0040411012091218,0.0135392729387882,0.0316292951130989,-0.000528984954194,0.0017699768663232,-0.0417472553184951,0.2733284460200731,-0.0001289565311219,False,0.1366642230100365,0,VOLATILITY_ACCELERATION,-0.34664676939383904,0.34664676939383904,False,NEITHER
2025-04-07,37.9771,-2.633158842746397e-06,0.0008538741905985,0.0009704854339051,0.006788232365403,0.004042924309028,0.0116112431142318,0.0328026793687612,-0.0005316167201354,2.633158842746397e-06,-0.3017909721180439,0.2400454126083859,0.0008526921649697,False,0.1200227063041929,0,VOLATILITY_ACCELERATION,-0.3464409336050913,0.3464409336050913,False,NEITHER
2025-04-08,37.9207,-0.0014851054977869,-0.0006693705018435,0.0012277066988552,0.0068289062042956,0.0040533206494507,0.0083182057372566,0.0338617845613509,-0.0020159327110085,0.0014851054977869,-0.5041699590614432,0.3028891136509462,-0.0006684685490812,False,0.1514445568254731,0,VOLATILITY_ACCELERATION,-0.35053841654560736,0.35053841654560736,False,NEITHER
2025-04-09,37.9793,0.0015453301231254,0.0009435081107436,0.0014423747284129,0.0068162405920432,0.004048031708203,0.0080115570469281,0.0350842635781263,-0.0004737178694276,0.0015453301231254,-0.0392158600915941,0.3563150766556614,0.0009421722069724,False,0.1781575383278307,0,VOLATILITY_ACCELERATION,-0.34384373148622815,0.34384373148622815,False,NEITHER
2025-04-10,37.9132,-0.0017404217560618,8.177240366036287e-05,0.0016396613639435,0.0068588008400837,0.004056238163147,0.0045159660443441,0.03615161190252,-0.0022133151566031,0.0017404217560618,-0.5325716528635316,0.4042320243521849,8.158474417930021e-05,False,0.2021160121760924,0,VOLATILITY_ACCELERATION,-0.3480190118520902,0.3480190118520902,False,NEITHER
2025-04-11,38.03,0.0030807212263801,0.0013903078689319,0.002044668788087,0.0068611193847957,0.0040635135578815,0.0057563218779901,0.0374697949251356,0.0,0.0030807212263801,0.1901594515595308,0.5031775479427665,0.000528984954194,False,0.2515887739713832,0,VOLATILITY_ACCELERATION,-0.344032940570434,0.344032940570434,False,NEITHER
2025-04-14,38.032,5.259006047841908e-05,0.0014456080111435,0.0020429116633458,0.0068630265088099,0.0040631720508127,0.0039684100516159,0.0387967161979192,0.0,5.259006047841908e-05,-0.2674709375898734,0.5027873882271819,0.0005316167201354,False,0.2513936941135909,0,VOLATILITY_ACCELERATION,-0.3426266080645797,0.3426266080645797,False,NEITHER
2025-04-15,38.0832,0.0013462347496844,0.0042852584472332,0.0018063609939236,0.0068625401883707,0.0040630165900732,0.0034757711793194,0.04010888021354,0.0,0.0013462347496844,-0.0778731560648463,0.4445861723373017,0.0020159327110085,False,0.2222930861686508,0,VOLATILITY_ACCELERATION,-0.3443112593355839,0.3443112593355839,False,NEITHER
2025-04-16,38.1278,0.0011711200739434,0.0039100246713341,0.0017782396439094,0.0013879334556223,0.004062653736035,0.0042278509284836,0.0383902348770681,0.0,0.0011711200739434,-0.1041781773189964,0.4377039638246149,0.0004737178694276,False,0.2188519819123074,0,VOLATILITY_ACCELERATION,-0.3426605167166944,0.3426605167166944,False,NEITHER
2025-04-17,37.9702,-0.0041334669191509,0.001503434160134,0.0027065960777538,0.0017215945491894,0.0041152411876896,-0.0001153403144946,0.036428369657627,-0.0041334669191509,0.0041334669191509,-3.28230248506106,0.6577004735106062,-0.0019201517625478,False,0.820575621265265,0,LOCAL_RETURN_SHOCK,-0.3880090078028076,0.3880090078028076,False,NEITHER
2025-04-18,38.1008,0.0034395394282884,0.0018616881409412,0.0028017283925203,0.0018686268009609,0.0041265565777273,0.0029780715690119,0.0348014531693656,-0.0007081447133063,0.0034395394282884,1.885162973868361,0.6789506795186973,-0.0007081447133063,False,0.4712907434670902,0,LOCAL_RETURN_SHOCK,-0.3513226875204844,0.3513226875204844,False,NEITHER
2025-04-21,38.212,0.0029185738882124,0.0047328565418596,0.00300502116899,0.001807246595702,0.0041323522317379,0.0055941635958964,0.0329509544747161,0.0,0.0029185738882124,1.3764695987901234,0.7271938596885313,0.0,False,0.3635969298442656,0,VOLATILITY_ACCELERATION,-0.3441802027464168,0.3441802027464168,False,NEITHER
2025-04-22,38.2629,0.0013320422903799,0.0047186160826822,0.0030045581016588,0.0018202719618507,0.0041286591078645,0.0065576496003274,0.0311875363244691,0.0,0.0013320422903799,0.5654275938081427,0.7277321820868063,0.0,False,0.3638660910434032,0,VOLATILITY_ACCELERATION,-0.33844287681269497,0.33844287681269497,False,NEITHER
2025-04-23,38.3008,0.0009905156169554,0.0045373716815553,0.0030022532473334,0.0018254043709548,0.0041281636774442,0.0071526063342266,0.0294402718263209,0.0,0.0009905156169554,0.3386873816817733,0.7272611945445279,0.0,False,0.3636305972722639,0,VOLATILITY_ACCELERATION,-0.33706111910194875,0.33706111910194875,False,NEITHER
2025-04-24,38.3395,0.0010104227587934,0.0097260483221053,0.0011555795630273,0.0018027072541113,0.0041217422495121,0.0076703797290029,0.027818309987186,0.0,0.0010104227587934,0.3347076280372651,0.2803619181097723,0.0041334669191509,False,0.1401809590548861,0,VOLATILITY_ACCELERATION,-0.3454231282165588,0.3454231282165588,False,NEITHER
2025-04-25,38.4149,0.0019666401491933,0.0082439213874774,0.0008146186504441,0.0018324965053318,0.0041215954067008,0.009078181106561,0.026339283487698,0.0,0.0019666401491933,0.8157095524235787,0.1976464378623167,0.0007081447133063,False,0.2039273881058946,0,LOCAL_RETURN_SHOCK,-0.3471557147336014,0.3471557147336014,False,NEITHER
2025-04-28,38.4339,0.0004945997516587,0.0058070763111064,0.0005417831663284,0.0017960070499956,0.004109538413785,0.0089290214460322,0.024917098605911,0.0,0.0004945997516587,-0.0402055853952173,0.1318355279296203,0.0,False,0.0659177639648101,0,VOLATILITY_ACCELERATION,-0.3477128857296036,0.3477128857296036,False,NEITHER
2025-04-29,38.4866,0.0013711853337809,0.0058463942879394,0.0005451836266484,0.0017971188678628,0.0040987372650056,0.0095962084726219,0.0235663787386117,0.0,0.0013711853337809,0.4058699445645375,0.1330125820220523,0.0,False,0.1014674861411343,0,LOCAL_RETURN_SHOCK,-0.34882295807557967,0.34882295807557967,False,NEITHER
2025-04-30,38.4903,9.613735689817382e-05,0.0049476773331105,0.0007321087513242,0.0017937437135117,0.0040932738641005,0.0089696413650735,0.022206689633283,0.0,9.613735689817382e-05,-0.3409997985068776,0.1788565279604328,0.0,False,0.0894282639802164,0,VOLATILITY_ACCELERATION,-0.3434288484914729,0.3434288484914729,False,NEITHER
2025-05-01,38.4421,-0.0012522635573116,0.0026760912374965,0.0012386830420427,0.0018130057226296,0.0040999453024539,0.0070039797274243,0.0208571919472708,-0.0012522635573116,0.0012522635573116,-1.0979555502106475,0.3021218456990934,-0.0012522635573116,False,0.2744888875526619,0,LOCAL_RETURN_SHOCK,-0.3475328418688523,0.3475328418688523,False,NEITHER
2025-05-02,38.5687,0.0032932644158356,0.0040036548318489,0.0016839756578082,0.0018907149836589,0.0041070285435265,0.009538193344728,0.0196001402192722,0.0,0.0032932644158356,1.4311468762626505,0.4100228766275517,0.0,False,0.3577867190656626,0,LOCAL_RETURN_SHOCK,-0.3430893605936987,0.3430893605936987,False,NEITHER
2025-05-05,38.5637,-0.0001296388003744,0.0033772268752323,0.001734708205485,0.0018936743478531,0.0041101506132687,0.0086329757336667,0.0184445356035505,-0.0001296388003744,0.0001296388003744,-0.478332337191631,0.4220546565580549,-0.0001296388003744,False,0.2110273282790274,0,VOLATILITY_ACCELERATION,-0.3360320358475083,0.3360320358475083,False,NEITHER
2025-05-06,38.6239,0.0015610535296146,0.0035674754330077,0.0017556891266733,0.0018241090142814,0.0041104353448064,0.009279363157288,0.0175739811906392,0.0,0.0015610535296146,0.4185790951157432,0.4271297269987815,0.0,False,0.2135648634993907,0,VOLATILITY_ACCELERATION,-0.33525816623227706,0.33525816623227706,False,NEITHER
2025-05-07,38.6504,0.000686103681917,0.0041594895337266,0.0017233347490791,0.0018187340131848,0.0041103234842919,0.0090870415375352,0.0165855195329722,0.0,0.000686103681917,-0.1286136422013862,0.4192698593346808,0.0,False,0.2096349296673404,0,VOLATILITY_ACCELERATION,-0.3339674472215227,0.3339674472215227,False,NEITHER
2025-05-08,38.6112,-0.0010142197752157,0.0043988231652274,0.0016532325558291,0.0017703171885987,0.0041163037596716,0.0071459229790766,0.015751102430122,-0.0010142197752157,0.0010142197752157,-1.040266155168966,0.4016303587762909,0.0002380437820959,False,0.2600665387922415,0,LOCAL_RETURN_SHOCK,-0.34036425535212655,0.34036425535212655,False,NEITHER
2025-05-09,38.7612,0.0038848831427151,0.0049910938144144,0.0018754332763939,0.0018302354618514,0.0041203923176487,0.0100952980815951,0.014848723987989,0.0,0.0038848831427151,1.6781316923593037,0.4551589100777945,0.0,False,0.4195329230898259,0,LOCAL_RETURN_SHOCK,-0.343410059910353,0.343410059910353,False,NEITHER
2025-05-12,38.7747,0.0003482864307606,0.0054714666901776,0.001814815654481,0.0018237511238811,0.0041209135446743,0.0094702186408353,0.0139716649239591,0.0,0.0003482864307606,-0.3310936984255834,0.4403915866729098,0.0001296388003744,False,0.2201957933364549,0,VOLATILITY_ACCELERATION,-0.3339811443047189,0.3339811443047189,False,NEITHER
2025-05-13,38.7892,0.000373955182116,0.0042797335328643,0.0018159611736632,0.0018261247366372,0.004121919567318,0.0089205082213501,0.013041717422517,0.0,0.000373955182116,-0.326303017676177,0.440562010977033,0.0,False,0.2202810054885165,0,VOLATILITY_ACCELERATION,-0.3335861976652178,0.3335861976652178,False,NEITHER
2025-05-14,38.7704,-0.0004846709908943,0.0031047544139259,0.0019160367274537,0.0018515186197231,0.0041265393759774,0.0075894587010834,0.013461327753792,-0.0004846709908943,0.0004846709908943,-0.7694478157236239,0.4643204760405015,-0.0004846709908943,False,0.2321602380202507,0,VOLATILITY_ACCELERATION,-0.33578219277949867,0.33578219277949867,False,NEITHER
2025-05-15,38.7145,-0.0014418215958567,0.0026753895242832,0.0020143274725944,0.0015433398124139,0.0041380657092143,0.0051645327469387,0.0142465038454671,-0.0019257937776494,0.0014418215958567,-1.2311346574010893,0.4867799629447796,-0.0009115740024337,False,0.3077836643502723,0,LOCAL_RETURN_SHOCK,-0.34292372783576364,0.34292372783576364,False,NEITHER
2025-05-16,38.852,0.0035516408580762,0.0023425487343011,0.0018766330442333,0.0015529458273371,0.0041363729188498,0.0077517670737365,0.0148857510871291,0.0,0.0035516408580762,1.6713178947720988,0.4536904870644822,0.0,False,0.4178294736930247,0,LOCAL_RETURN_SHOCK,-0.34417433073170545,0.34417433073170545,False,NEITHER
2025-05-19,38.8038,-0.0012406053742405,0.0007504893654883,0.0020305041599339,0.0015578534737468,0.0041449659862047,0.0057296352889446,0.0153504954351282,-0.0012406053742405,0.0012406053742405,-1.4285365391053515,0.489872333498474,-0.0012406053742405,False,0.3571341347763379,0,LOCAL_RETURN_SHOCK,-0.34637215186946346,0.34637215186946346,False,NEITHER
2025-05-20,38.8394,0.000917435921224,0.0012941746671752,0.0020597128964932,0.0015527291616623,0.0041438644000843,0.0059008234839512,0.0157296253290268,-0.0003243076289508,0.000917435921224,0.094720333760884,0.4970512298740516,-0.0003243076289508,False,0.2485256149370258,0,VOLATILITY_ACCELERATION,-0.3336961696050005,0.3336961696050005,False,NEITHER
2025-05-21,38.8704,0.0007981585709355,0.0025792872913354,0.0020232772236599,0.0015517508229066,0.0041422860780028,0.0059616915510438,0.0160732150466509,0.0,0.0007981585709355,0.0315659487587107,0.4884445896685681,0.0004846709908943,False,0.244222294834284,0,VOLATILITY_ACCELERATION,-0.333696693636663,0.333696693636663,False,NEITHER
2025-05-22,38.9174,0.0012091462912653,0.0052409304007541,0.0017037726068031,0.001554210999477,0.0041364253863212,0.0064254420247158,0.0163288622743158,0.0,0.0012091462912653,0.3026381135755728,0.4118949207780535,0.0019257937776494,False,0.2059474603890267,0,VOLATILITY_ACCELERATION,-0.33552277807766645,0.33552277807766645,False,NEITHER
2025-05-23,38.9344,0.0004368226037709,0.0021208689385359,0.0009709536073878,0.0015285884977811,0.0041364147190186,0.0061891861229292,0.0164334516263762,0.0,0.0004368226037709,-0.2011573219074149,0.2347331380781294,0.0,False,0.1173665690390647,0,VOLATILITY_ACCELERATION,-0.33766412475520585,0.33766412475520585,False,NEITHER
2025-05-26,38.9598,0.0006523793868662,0.004020224823342,0.000289329423178,0.0015280265151108,0.0041226763502402,0.006161869187697,0.0164710703275288,0.0,0.0006523793868662,-0.0134720770157905,0.0701799992524619,0.0012406053742405,False,0.0350899996262309,0,VOLATILITY_ACCELERATION,-0.3555817566037969,0.3555817566037969,False,NEITHER
2025-05-27,38.9837,0.0006134528411336,0.0037152994124522,0.0002911481202579,0.001519378764841,0.0041204848809027,0.0061332687762316,0.0164024691516715,0.0,0.0006134528411336,-0.0441149343901429,0.0706587036897745,0.0003243076289508,False,0.0353293518448872,0,VOLATILITY_ACCELERATION,-0.35401659276537895,0.35401659276537895,False,NEITHER
2025-05-28,39.097,0.0029063429074203,0.0058296287149091,0.0010162973355796,0.001594244002837,0.0041208371585384,0.0082680455467818,0.016469223585694,0.0,0.0029063429074203,1.489666667609583,0.2466239981052941,0.0,False,0.3724166669023958,0,LOCAL_RETURN_SHOCK,-0.34857380587386466,0.34857380587386466,False,NEITHER
2025-05-29,39.1054,0.0002148502442642,0.0048307440887624,0.0010990706402837,0.0015280210144382,0.0041174039199855,0.0076228640572066,0.0166297203188758,0.0,0.0002148502442642,-0.3566800553814379,0.2669329173533138,0.0,False,0.1334664586766569,0,VOLATILITY_ACCELERATION,-0.33838802341416474,0.33838802341416474,False,NEITHER
2025-05-30,39.2289,0.0031581316135367,0.007564005095751,0.0014038188499247,0.0015169391370817,0.004123923566187,0.0099460463095002,0.0167067581397906,0.0,0.0031581316135367,1.506059549066462,0.340408552048572,0.0,False,0.3765148872666155,0,LOCAL_RETURN_SHOCK,-0.3475890939971359,0.3475890939971359,False,NEITHER
2025-06-02,39.1961,-0.000836118269949,0.0060652262075266,0.0017468241681381,0.0015488441990436,0.0041308260257468,0.0082808156259976,0.0167538368708384,-0.000836118269949,0.000836118269949,-1.1115822396433126,0.4228752693166971,-0.000836118269949,False,0.2778955599108281,0,LOCAL_RETURN_SHOCK,-0.34300085530575486,0.34300085530575486,False,NEITHER
2025-06-03,39.1492,-0.0011965476157066,0.0042453640880675,0.0020609938525806,0.001600783307921,0.0041421068327063,0.0063943982146223,0.0165060092048898,-0.0020316654303332,0.0011965476157066,-1.298586376163987,0.4975713895901671,-0.0020316654303332,False,0.3246465940409967,0,LOCAL_RETURN_SHOCK,-0.34490368094667273,0.34490368094667273,False,NEITHER
2025-06-04,39.1642,0.000383149591818,0.0017188019541141,0.0017105198605646,0.001602124254006,0.0041406830196762,0.0061155554961838,0.0162862091080848,-0.0016492942702956,0.000383149591818,-0.1834918626620864,0.4131008948128471,-0.0016492942702956,False,0.2065504474064235,0,VOLATILITY_ACCELERATION,-0.33530675813037963,0.33530675813037963,False,NEITHER
2025-06-05,39.2864,0.0031201965059926,0.004628516777734,0.0021036792358029,0.0016407603967102,0.0041476654233745,0.008380282241448,0.0162416469936741,0.0,0.0031201965059926,1.5345026464971332,0.5071959816111125,0.0,False,0.3836256616242833,0,LOCAL_RETURN_SHOCK,-0.34104906730745305,0.34104906730745305,False,NEITHER
2025-06-06,39.2423,-0.0011225258613667,0.0003415849029668,0.0018199637237283,0.0015348794194264,0.0041581865834236,0.0066268280595402,0.015900299696629,-0.0011225258613667,0.0011225258613667,-1.2134491285992806,0.4376820729939087,-0.0011225258613667,False,0.3033622821498201,0,LOCAL_RETURN_SHOCK,-0.3430278367501583,0.3430278367501583,False,NEITHER
2025-06-09,39.2561,0.0003516613450282,0.0015307645403497,0.0017482896945264,0.0015348483818762,0.0041576189950263,0.0063594598342955,0.0155447901040695,-0.0007712592652927,0.0003516613450282,-0.1735782066382436,0.4205026234048512,6.485900465629999e-05,False,0.2102513117024256,0,VOLATILITY_ACCELERATION,-0.33402143262823586,0.33402143262823586,False,NEITHER
2025-06-10,39.2056,-0.0012864242754631,0.0014406424652355,0.0017679671183864,0.0015925765017256,0.0041695307090883,0.0045287012043655,0.0151538876103358,-0.0020566913741142,0.0012864242754631,-1.240953833436975,0.4240206492622235,-2.50259437810001e-05,False,0.3102384583592437,0,LOCAL_RETURN_SHOCK,-0.343830426612097,0.343830426612097,False,NEITHER
2025-06-11,39.1681,-0.0009564960107738,9.958073955296244e-05,0.0018497880684031,0.001611857680498,0.0016104088650178,0.0030568211748729,0.0148230031573584,-0.0030112201677934,0.0009564960107738,-0.9366763505863348,1.148644986118264,-0.0013619258974978,False,0.574322493059132,0,VOLATILITY_ACCELERATION,-0.3485366117059174,0.3485366117059174,False,NEITHER
2025-06-12,39.3445,0.0045036649722605,0.0014788832776735,0.0024388804626562,0.0017728420754095,0.0016875495010944,0.006762113892099,0.0146602992009599,0.0,0.0045036649722605,2.476660028152536,1.4452201023285842,0.0,False,0.7226100511642921,0,VOLATILITY_ACCELERATION,-0.36604017710673176,0.36604017710673176,False,NEITHER
2025-06-13,39.2169,-0.0032431470726529,-0.0006472607365011,0.0028902799173097,0.0018680784844646,0.0017609326249959,0.0030287622434426,0.0141450198161525,-0.0032431470726529,0.0032431470726529,-2.2856310447279777,1.641334754256387,-0.0021206212112862,False,0.8206673771281935,0,VOLATILITY_ACCELERATION,-0.38051874657498497,0.38051874657498497,False,NEITHER
2025-06-16,39.3602,0.0036540369075577,0.0026518171698155,0.0033650866508699,0.0019510689875263,0.0017612159803018,0.0059780761278218,0.0140882962288702,0.0,0.0036540369075577,1.7048858055346643,1.910660979974337,0.0007712592652927,False,0.9553304899871684,0,VOLATILITY_ACCELERATION,-0.3767189333607979,0.3767189333607979,False,NEITHER
2025-06-17,39.4751,0.0029191924837779,0.0068740179974289,0.0033215297372168,0.002012438114632,0.0017849075809484,0.0080957738357225,0.0141544397584556,0.0,0.0029191924837779,1.1302952217569389,1.86089732189491,0.0020566913741142,False,0.930448660947455,0,VOLATILITY_ACCELERATION,-0.37017625997658354,0.37017625997658354,False,NEITHER
2025-06-18,39.516,0.0010360961720172,0.008882228139736,0.0030827480541936,0.0020130427730447,0.0017854792368021,0.0083090575961719,0.0142423506807964,0.0,0.0010360961720172,0.1103635497740406,1.7265661737489515,0.0030112201677934,False,0.8632830868744757,0,VOLATILITY_ACCELERATION,-0.35898401590447626,0.35898401590447626,False,NEITHER
2025-06-19,39.6085,0.0023408239700375,0.0067099594606616,0.0027362314023438,0.002040105523813,0.0017862964618146,0.0097789874396172,0.0143780789411449,0.0,0.0023408239700375,0.7525576467041081,1.5317901931934712,0.0,False,0.7658950965967356,0,VOLATILITY_ACCELERATION,-0.35124615749050975,0.35124615749050975,False,NEITHER
2025-06-20,39.6706,0.0015678452857341,0.0115689919396995,0.0010430628606206,0.0020427759927233,0.0017895411735109,0.010413957815919,0.0146484382571248,0.0,0.0015678452857341,0.3359474084823211,0.5828660866037607,0.0032431470726529,False,0.2914330433018803,0,VOLATILITY_ACCELERATION,-0.34249046517680065,0.34249046517680065,False,NEITHER
2025-06-23,39.6149,-0.0014040624543112,0.0064710037042494,0.0016701884059574,0.0021086563472239,0.001797142098669,0.0081541977201125,0.014805324369425,-0.0014040624543112,0.0014040624543112,-1.1470130443737487,0.9293580108074788,-0.0014040624543112,False,0.4646790054037394,0,VOLATILITY_ACCELERATION,-0.3468112056293189,0.3468112056293189,False,NEITHER
2025-06-24,39.5944,-0.0005174820585183,0.0030221582719234,0.0015347880222303,0.0021300000283751,0.0018021306414581,0.0068500918753504,0.0149424225327685,-0.0019208179357005,0.0005174820585183,-0.6419672054755903,0.8516519207444951,-0.0019208179357005,False,0.4258259603722475,0,VOLATILITY_ACCELERATION,-0.3393153233504988,0.3393153233504988,False,NEITHER
2025-06-25,39.7576,0.0041217950013132,0.0061139791476869,0.0022193573788197,0.002209719245058,0.001851934336142,0.0101516716402361,0.0150002340341333,0.0,0.0041217950013132,1.5690777172556027,1.198399606026597,0.0,False,0.5991998030132984,0,VOLATILITY_ACCELERATION,-0.35093104002208636,0.35093104002208636,False,NEITHER
2025-06-26,39.7712,0.0003420729621508,0.0041077041544113,0.0021462076106755,0.0022080060498591,0.0018400419775315,0.0096432363052387,0.0149906363277503,0.0,0.0003420729621508,-0.2255304888589202,1.1663905698253336,0.0,False,0.5831952849126668,0,VOLATILITY_ACCELERATION,-0.34051000851407864,0.34051000851407864,False,NEITHER
2025-06-27,39.8993,0.0032209236834692,0.0057649745655472,0.0024019124083609,0.0022115074254262,0.0018623945527765,0.0120340313193247,0.0149910265978796,0.0,0.0032209236834692,1.0752373273596736,1.289690417521934,0.0,False,0.644845208760967,0,VOLATILITY_ACCELERATION,-0.350725595553426,0.350725595553426,False,NEITHER
2025-06-30,39.8102,-0.0022331218843436,0.0049299632209094,0.0026394098152063,0.0022882930167519,0.0019010530765397,0.008988212435939,0.0149552955315597,-0.0022331218843436,0.0022331218843436,-1.3940964484301757,1.3883935423889155,-0.0008290594300323,False,0.6941967711944578,0,VOLATILITY_ACCELERATION,-0.3596219459485263,0.3596219459485263,False,NEITHER
2025-07-01,39.8237,0.0003391090725493,0.0057912230012324,0.002543411180331,0.0022438089362194,0.0018785412499387,0.008468372057335,0.0151369694776062,-0.0018947700836855,0.0003391090725493,-0.1927084978293447,1.353928842613382,2.6047852014999965e-05,False,0.676964421306691,0,VOLATILITY_ACCELERATION,-0.34690381571371265,0.34690381571371265,False,NEITHER
2025-07-02,39.7761,-0.0011952681443462,0.0004653198382196,0.0020601563184365,0.0022886581640479,0.0018938169036613,0.0064831919424865,0.0152529874201516,-0.0030877734697098,0.0011952681443462,-0.914575892819636,1.0878328915818722,-0.0030877734697098,False,0.5439164457909361,0,VOLATILITY_ACCELERATION,-0.3497371468331822,0.3497371468331822,False,NEITHER
2025-07-03,39.8232,0.0011841281573607,0.0013074787786135,0.0021190064012343,0.0022244170192256,0.0018654679249482,0.0069910972400368,0.0150621517172591,-0.0019073016318581,0.0011841281573607,0.1774767563525429,1.1359114637648566,-0.0019073016318581,False,0.5679557318824283,0,VOLATILITY_ACCELERATION,-0.3413727821798866,0.3413727821798866,False,NEITHER
2025-07-04,39.862,0.0009743064344402,-0.0009348534936701,0.0014755195509333,0.0021839785821946,0.0018418965597612,0.0071830836094357,0.0152306230562517,-0.0009348534936701,0.0009743064344402,0.1317942271311027,0.801087087716044,-0.0009348534936701,False,0.400543543858022,0,VOLATILITY_ACCELERATION,-0.33802214517250195,0.33802214517250195,False,NEITHER
2025-07-07,39.9734,0.0027946415132205,0.0040994518992618,0.0014446598884514,0.0022263157428686,0.0018573410175805,0.0090833760901407,0.0155235986026465,0.0,0.0027946415132205,0.9197245807407116,0.7778107922977511,0.0022331218843436,False,0.3889053961488755,0,VOLATILITY_ACCELERATION,-0.341095830575397,0.341095830575397,False,NEITHER
2025-07-08,40.0353,0.0015485297722985,0.0053134188937742,0.0014453909569698,0.0021687413192671,0.0018584739296228,0.0095886880514113,0.0160447976304707,0.0,0.0015485297722985,0.2876492422854721,0.7777300148962325,0.0018947700836855,False,0.3888650074481162,0,VOLATILITY_ACCELERATION,-0.33681912550052373,0.33681912550052373,False,NEITHER
2025-07-09,40.0431,0.0001948280642334,0.006712573630899,0.0009524849909897,0.0021275712906815,0.001859756273228,0.0086725521495483,0.0166477864135674,0.0,0.0001948280642334,-0.3942615775944316,0.5121558156308628,0.0030877734697098,False,0.2560779078154314,0,VOLATILITY_ACCELERATION,-0.3388964010278906,0.3388964010278906,False,NEITHER
2025-07-10,40.0815,0.0009589667133662,0.0064861688663893,0.0009668686901174,0.0019716961480807,0.0017424133853101,0.0087035171933722,0.0167712655770877,0.0,0.0009589667133662,-0.0697879921563656,0.5549020102054169,0.0019073016318581,False,0.2774510051027084,0,VOLATILITY_ACCELERATION,-0.33676119557874773,0.33676119557874773,False,NEITHER
2025-07-11,40.1704,0.0022179808639897,0.0077366915859715,0.0010223622976302,0.001726181806764,0.0017192649732625,0.0097293251056,0.01751615408067,0.0,0.0022179808639897,0.6531280878522566,0.5946508034128979,0.0009348534936701,False,0.2973254017064489,0,VOLATILITY_ACCELERATION,-0.3388026239832456,0.3388026239832456,False,NEITHER
2025-07-14,40.1734,7.468185529635463e-05,0.0050033272125964,0.0009069945584616,0.0016422258968622,0.0017013150232707,0.0087737305109647,0.0178318675673394,0.0,7.468185529635463e-05,-0.6538044058167669,0.5331138243392131,0.0,False,0.2665569121696065,0,VOLATILITY_ACCELERATION,-0.3379843389916082,0.3379843389916082,False,NEITHER
2025-07-15,40.2048,0.0007816117132231,0.0042337637035316,0.0008541362077615,0.0015808230176976,0.001700078646619,0.008638129796731,0.0179374195648227,0.0,0.0007816117132231,-0.1477797058414905,0.5024098205457421,0.0,False,0.251204910272871,0,VOLATILITY_ACCELERATION,-0.33566993848826104,0.33566993848826104,False,NEITHER
2025-07-16,40.2497,0.001116782075772,0.0051594407026427,0.0007743069301288,0.0015812447210823,0.0017003627944365,0.0088360914867007,0.0180350450933539,0.0,0.001116782075772,0.1261126254368648,0.4553774833596057,0.0,False,0.2276887416798028,0,VOLATILITY_ACCELERATION,-0.3374655672203283,0.3374655672203283,False,NEITHER
2025-07-17,40.2957,0.0011428656611105,0.0053441113730772,0.0007744566393703,0.0015469668251888,0.0017006882975053,0.0091199872782217,0.0180141858797926,0.0,0.0011428656611105,0.1400232540299481,0.4553783550497362,0.0,False,0.2276891775248681,0,VOLATILITY_ACCELERATION,-0.3374612918613168,0.3374612918613168,False,NEITHER
2025-07-18,40.3912,0.0023699799234162,0.0054965845498176,0.0008318017891145,0.0015763606793917,0.0017060412892999,0.0105997227000751,0.0179774299298578,0.0,0.0023699799234162,0.9750843938304592,0.4875625193431529,0.0,False,0.2437812596715764,0,VOLATILITY_ACCELERATION,-0.3426369274048124,0.3426369274048124,False,NEITHER
2025-07-21,40.3844,-0.0001683535027431,0.0052522315761174,0.0009099228377766,0.001503777040287,0.0017104434262298,0.009457824232997,0.0181080118494998,-0.0001683535027431,0.0001683535027431,-0.6787894185739577,0.531980668768609,-0.0001683535027431,False,0.2659903343843045,0,VOLATILITY_ACCELERATION,-0.3393215699381076,0.3393215699381076,False,NEITHER
2025-07-22,40.4147,0.0007502897158309,0.0052207696593442,0.0009123249037196,0.0014642670240531,0.0017089718769146,0.0091805774932955,0.0183604483862944,0.0,0.0007502897158309,-0.1417491904193749,0.5338443048967682,0.0,False,0.2669221524483841,0,VOLATILITY_ACCELERATION,-0.3363372673763305,0.3363372673763305,False,NEITHER
2025-07-23,40.4534,0.0009575723684698,0.0050609072862655,0.0009118542418127,0.0012703687986404,0.0017064341602846,0.0092701594126118,0.0183897576226463,0.0,0.0009575723684698,-0.0473036085445862,0.5343623932496877,0.0,False,0.2671811966248438,0,VOLATILITY_ACCELERATION,-0.33696648390646383,0.33696648390646383,False,NEITHER
2025-07-24,40.7511,0.0073590847740856,0.0113014540012954,0.002995204801048,0.0019201119778138,0.001881424526289,0.0154561966448241,0.01877290795388,0.0,0.0073590847740856,5.109113534659628,1.591987751406572,0.0,True,1.277278383664907,1,LOCAL_RETURN_SHOCK,-0.41555312077953477,0.41555312077953477,False,BASELINE_ONLY
2025-07-25,40.5557,-0.0047949625899669,0.0040726692943018,0.0043384346330092,0.0022827124022853,0.0019985729911424,0.0097613140239993,0.0187391914644716,-0.0047949625899669,0.0047949625899669,-3.132337905806809,2.1707661677792,-0.0047949625899669,True,1.0853830838896,1,VOLATILITY_ACCELERATION,-0.4216124544160924,0.4216124544160924,False,BASELINE_ONLY
2025-07-28,40.5562,1.2328723212551296e-05,0.0042541179267241,0.0043288785754873,0.0021775086649978,0.0019974898380997,0.0088368558454463,0.0188917583615897,-0.0047826929825207,1.2328723212551296e-05,-0.3532437567882585,2.167159248031796,-0.0046143394797776,True,1.083579624015898,1,VOLATILITY_ACCELERATION,-0.38769298315546474,0.38769298315546474,False,BASELINE_ONLY
2025-07-29,40.5763,0.0004956085629326,0.0039985450838433,0.0043319433596865,0.0021755502147496,0.0019957236470001,0.0083929403075357,0.0189745118233324,-0.0042894547631842,0.0004956085629326,-0.1999287545010506,2.1706128331936747,-0.0042894547631842,True,1.0853064165968374,1,VOLATILITY_ACCELERATION,-0.3885543067891474,0.3885543067891474,False,BASELINE_ONLY
2025-07-30,40.5856,0.0002291978322319,0.0032679576994762,0.0043378118472123,0.002124732129585,0.0019971306308956,0.0076105310812282,0.0192098231055075,-0.0040612400646854,0.0002291978322319,-0.3261622258669515,2.17202209014592,-0.0040612400646854,True,1.08601104507296,1,VOLATILITY_ACCELERATION,-0.38717220254755347,0.38717220254755347,False,BASELINE_ONLY
2025-07-31,40.638,0.0012910983205864,-0.0027753852043258,0.0024200183142365,0.0021253280689545,0.001983440645966,0.0078920292129458,0.0195482685355108,-0.0027753852043258,0.0012910983205864,0.1322966246348413,1.2201112844785291,-0.0027753852043258,False,0.6100556422392646,0,VOLATILITY_ACCELERATION,-0.3530175970926209,0.3530175970926209,False,NEITHER
2025-08-01,40.647,0.0002214675919089,0.002251224858651,0.0005005155625414,0.0021327471525949,0.0019445950072095,0.007134831857394,0.0197417940552899,-0.0025545322702945,0.0002214675919089,-0.3735349659366971,0.2573880734475613,0.0022404303196724,False,0.1286940367237806,0,VOLATILITY_ACCELERATION,-0.347364941603951,0.347364941603951,False,NEITHER
2025-08-04,40.6608,0.0003395084508082,0.0025791370986434,0.000447589477403,0.0020929490033948,0.0019446294325541,0.006619519542975,0.0196861808104924,-0.0022158911047799,0.0003395084508082,-0.2992391976887193,0.2301669767566618,0.0025668018777408,False,0.1150834883783309,0,VOLATILITY_ACCELERATION,-0.34663871269135743,0.34663871269135743,False,NEITHER
2025-08-05,40.6734,0.0003098807696848,0.0023930225279287,0.0004572428219645,0.0020896690542367,0.001944881466442,0.0061367479589524,0.0194240028889125,-0.0019066969971363,0.0003098807696848,-0.2604328026789417,0.2351006114531946,0.0023827577660478,False,0.1175503057265973,0,VOLATILITY_ACCELERATION,-0.34670538228135195,0.34670538228135195,False,NEITHER
2025-08-06,40.6454,-0.0006884106074239,0.0014734289994482,0.0007012341473999,0.0021121879087233,0.0019473258318848,0.0046956607931665,0.019059135525725,-0.0025937950141222,0.0006884106074239,-0.7089311576837751,0.3601010862784999,0.0014674450505632,False,0.1800505431392499,0,VOLATILITY_ACCELERATION,-0.3467451570139094,0.3467451570139094,False,NEITHER
2025-08-07,40.6128,-0.0008020587815595,-0.0006201092573453,0.0005702550916754,0.0021394976969463,0.0019366241542217,0.0032310656588112,0.0187826249771614,-0.0033937734196132,0.0008020587815595,-0.7342707227625971,0.2944583183227811,-0.0006183882152874,False,0.1835676806906492,0,LOCAL_RETURN_SHOCK,-0.35232537091578264,0.35232537091578264,False,NEITHER
2025-08-08,40.6825,0.0017162076980654,0.0008733731886731,0.001014975216122,0.0021231561607204,0.0019066874083066,0.0043175843153402,0.0182053616168678,-0.0016833901416158,0.0017162076980654,0.4932933620485715,0.5323238679293725,0.0008711421286787,False,0.2661619339646862,0,VOLATILITY_ACCELERATION,-0.34081598460563084,0.34081598460563084,False,NEITHER
2025-08-11,40.7088,0.000646469612241,0.0011804981702276,0.0010364673936828,0.0021190496302965,0.0018884467745823,0.0043031377688689,0.017837989383034,-0.0010380087899468,0.000646469612241,0.0050634921221527,0.5488464952431891,0.001177882314833,False,0.2744232476215945,0,VOLATILITY_ACCELERATION,-0.33787366674118885,0.33787366674118885,False,NEITHER
2025-08-12,40.7258,0.0004176001257714,0.0012883112796078,0.0010394912435064,0.0021195522748719,0.0018890260921861,0.0040772501767423,0.0175598738399538,-0.0006208421367767,0.0004176001257714,-0.1164240262689522,0.5502789229890601,0.0012858548603595,False,0.27513946149453,0,VOLATILITY_ACCELERATION,-0.33704477445289305,0.33704477445289305,False,NEITHER
2025-08-13,40.7739,0.0011810694940308,0.0031614893690306,0.0009460027490948,0.0021203522319643,0.0018896921968519,0.0046139572792864,0.0172811777478425,0.0,0.0011810694940308,0.2523937079311942,0.5006120841641707,0.0025937950141222,False,0.2503060420820853,0,VOLATILITY_ACCELERATION,-0.33764552096837847,0.33764552096837847,False,NEITHER
2025-08-14,40.8279,0.0013243766232811,0.0052963597683488,0.0005241196382834,0.0021229627283915,0.001890174702679,0.0052853447194383,0.0170722255160551,0.0,0.0013243766232811,0.318368998305946,0.2772863468866395,0.0033937734196132,False,0.1386431734433197,0,VOLATILITY_ACCELERATION,-0.346292006258271,0.346292006258271,False,NEITHER
2025-08-15,40.8638,0.0008793006742937,0.0044564616235482,0.00037282280898,0.0020855470382549,0.0018895935997915,0.0055842138451835,0.0167465835726003,0.0,0.0008793006742937,0.1040540731573781,0.1973031709152368,0.0016833901416158,False,0.0986515854576184,0,VOLATILITY_ACCELERATION,-0.3482682422303782,0.3482682422303782,False,NEITHER
2025-08-18,40.8789,0.0003695202110425,0.0041784577290415,0.000433620874095,0.0020787935447405,0.0018903416083657,0.0053441084462981,0.0163867796929613,0.0,0.0003695202110425,-0.1027757119896378,0.229387573217461,0.0010380087899468,False,0.1146937866087305,0,VOLATILITY_ACCELERATION,-0.34404511013192823,0.34404511013192823,False,NEITHER
2025-08-19,40.8937,0.0003620449669634,0.004122693722407,0.0004474609379787,0.0020792346947389,0.0018910484443554,0.0051160670065908,0.0159438730123531,0.0,0.0003620449669634,-0.1196427187981971,0.2366205579314101,0.0006208421367767,False,0.118310278965705,0,VOLATILITY_ACCELERATION,-0.3430930736071026,0.3430930736071026,False,NEITHER
2025-08-20,40.9321,0.0009390199468377,0.003879932996353,0.0004106523644084,0.0020790668400546,0.0018708427308383,0.0054683816314551,0.0156592132071797,0.0,0.0009390199468377,0.1672128243552051,0.2195012748208889,0.0,False,0.1097506374104444,0,VOLATILITY_ACCELERATION,-0.34352934327753737,0.34352934327753737,False,NEITHER
2025-08-21,40.9374,0.0001294827287141,0.002681989521871,0.0003547930792248,0.0013359819614813,0.0018713017748136,0.0053685275597512,0.0146513291651333,0.0,0.0001294827287141,-0.2217027766288877,0.1895969340702094,0.0,False,0.0947984670351047,0,VOLATILITY_ACCELERATION,-0.3456895408104472,0.3456895408104472,False,NEITHER
2025-08-22,40.988,0.0012360335536698,0.0030393649146678,0.000461070107701,0.0006435155351862,0.0018459205364901,0.0060771349530925,0.0143603731234587,0.0,0.0012360335536698,0.753824576246328,0.2497778742836326,0.0,False,0.188456144061582,0,LOCAL_RETURN_SHOCK,-0.34608233874080807,0.34608233874080807,False,NEITHER
2025-08-25,40.9925,0.0001097882307017,0.0027789397464217,0.0005068993386701,0.0006397432507234,0.0018363062531582,0.0056491021222342,0.0139618591102947,0.0,0.0001097882307017,-0.653751263425324,0.2760429192016861,0.0,False,0.163437815856331,0,LOCAL_RETURN_SHOCK,-0.34525077848172925,0.34525077848172925,False,NEITHER
2025-08-26,41.0433,0.0012392510825152,0.0036582652095555,0.0005710466346188,0.0006586425007858,0.0018194174030869,0.0063188999641541,0.0135939190697087,0.0,0.0012392510825152,1.100270743736987,0.313862357065475,0.0,False,0.2750676859342467,0,LOCAL_RETURN_SHOCK,-0.3458384059112681,0.3458384059112681,False,NEITHER
2025-08-27,41.0374,-0.0001437506243406,0.002572553081811,0.000669178232216,0.000673975816741,0.00182268009465,0.0056172575246573,0.0131362317214245,-0.0001437506243406,0.0001437506243406,-1.0875293496888612,0.3671397049763134,-0.0001437506243406,False,0.2718823374222153,0,LOCAL_RETURN_SHOCK,-0.3471525832766841,0.3471525832766841,False,NEITHER
2025-08-28,41.0458,0.0002046913303475,0.0026479453995613,0.0006591397545352,0.0006549441557729,0.0017979459745003,0.0053207852542436,0.0126182437187487,0.0,0.0002046913303475,-0.5181249302531843,0.3666070971450594,0.0,False,0.1833035485725297,0,VOLATILITY_ACCELERATION,-0.34063301347485025,0.34063301347485025,False,NEITHER
2025-08-29,41.1402,0.0022998699014271,0.0037132819361764,0.001018229316088,0.0007642614849045,0.001792392379449,0.0070246604796391,0.0122444671324608,0.0,0.0022998699014271,2.7487767188644163,0.568083935059473,0.0,False,0.6871941797161041,0,LOCAL_RETURN_SHOCK,-0.3582856827816572,0.3582856827816572,False,NEITHER
2025-09-01,41.1162,-0.0005833710093776,0.0030176251753368,0.0011627494134429,0.0008076669781506,0.001800307123569,0.0058765549164681,0.0119468730237342,-0.0005833710093776,0.0005833710093776,-1.5529577273898003,0.645861696718624,-0.0005833710093776,False,0.3882394318474501,0,LOCAL_RETURN_SHOCK,-0.34848139871672995,0.34848139871672995,False,NEITHER
2025-09-02,41.1404,0.0005885757925099,0.0023657941734704,0.0011089524086532,0.000805574102077,0.0017801049005134,0.0058939826412847,0.0117258193627163,0.0,0.0005885757925099,0.0386607314775532,0.6229702577265908,0.0,False,0.3114851288632954,0,VOLATILITY_ACCELERATION,-0.33579750046078943,0.33579750046078943,False,NEITHER
2025-09-03,41.1597,0.0004691252394239,0.0029802082977967,0.0010563336560423,0.0007499702067353,0.0017656538525633,0.0057335292524347,0.0116083290168551,0.0,0.0004691252394239,-0.1268167730293919,0.5982676924521533,0.0001437506243406,False,0.2991338462260766,0,VOLATILITY_ACCELERATION,-0.3357950818603791,0.3357950818603791,False,NEITHER
2025-09-04,41.1573,-5.830946289697714e-05,0.0027164776907746,0.0010867855177077,0.0006914217365463,0.0017017792823786,0.0050063146667291,0.0116170149696162,-5.830946289697714e-05,5.830946289697714e-05,-0.9166654842413328,0.6386171984587126,-5.830946289697714e-05,False,0.3193085992293563,0,VOLATILITY_ACCELERATION,-0.33941983722355346,0.33941983722355346,False,NEITHER
2025-09-05,41.2411,0.0020360908028467,0.0024525889519253,0.0009814934299883,0.0007200909621866,0.0016265044069829,0.0063662436088054,0.0116670684430739,0.0,0.0020360908028467,1.981049950677562,0.603437301352863,0.0,False,0.4952624876693905,0,LOCAL_RETURN_SHOCK,-0.3480363700127894,0.3480363700127894,False,NEITHER
2025-09-08,41.2487,0.0001842821845197,0.0032225740705609,0.00081794695251,0.0007286680923008,0.0015859503069465,0.0058890870518972,0.0116649140390101,0.0,0.0001842821845197,-0.6916650848761837,0.5157456377588711,0.0005833710093776,False,0.2578728188794355,0,VOLATILITY_ACCELERATION,-0.3385559117749787,0.3385559117749787,False,NEITHER
2025-09-09,41.2581,0.0002278859697395,0.0028609347502697,0.0008396687610885,0.0007331999594678,0.001562381393971,0.0054657353373388,0.0116713520630022,0.0,0.0002278859697395,-0.5919685854662085,0.5374288021661409,0.0,False,0.2687144010830704,0,VOLATILITY_ACCELERATION,-0.337254758686436,0.337254758686436,False,NEITHER
2025-09-10,41.2704,0.0002981232776109,0.0026895239761222,0.0008483348591447,0.0007260716472627,0.0015628976748784,0.0051573791585184,0.011629690414098,0.0,0.0002981232776109,-0.4795766825410713,0.5427961617581292,0.0,False,0.2713980808790646,0,VOLATILITY_ACCELERATION,-0.33697673046770615,0.33697673046770615,False,NEITHER
2025-09-11,41.3269,0.0013690199271148,0.0041207756582672,0.0008377564913106,0.0007284623698571,0.0015508626736969,0.005922193517875,0.0115811972178043,0.0,0.0013690199271148,1.0514366715734442,0.5401874102196175,5.830946289697714e-05,False,0.2700937051098087,0,VOLATILITY_ACCELERATION,-0.3405838459556128,0.3405838459556128,False,NEITHER
2025-09-12,41.3597,0.0007936719182903,0.0028757719847432,0.0005069747330488,0.0007270331194551,0.0015468135577733,0.0061133505836641,0.0116031313923621,0.0,0.0007936719182903,0.2551102017022677,0.3277542600406286,0.0,False,0.1638771300203143,0,VOLATILITY_ACCELERATION,-0.34227578725600816,0.34227578725600816,False,NEITHER
2025-09-15,41.2925,-0.0016247700055851,0.0010618516462337,0.001124547450974,0.0008812298695859,0.0015521464462874,0.0039735885105109,0.0114965962972435,-0.0016247700055851,0.0016247700055851,-3.0649529496446823,0.7245111784804973,-0.0016247700055851,False,0.7662382374111706,0,LOCAL_RETURN_SHOCK,-0.3743503569233212,0.3743503569233212,False,NEITHER
2025-09-16,41.2349,-0.0013949264394258,-0.0005623138244368,0.0013338136900827,0.0009783339365713,0.0015677963370489,0.0021574325459041,0.0113204811044707,-0.0030174300103722,0.0013949264394258,-2.1546752924601296,0.8507569883683801,-0.0030174300103722,False,0.5386688231150324,0,LOCAL_RETURN_SHOCK,-0.368081802161264,0.368081802161264,False,NEITHER
2025-09-17,41.2799,0.0010913085759876,0.0002301891912845,0.0014378632371095,0.00098319950426,0.0015024247019947,0.0028272606424328,0.0111530519238942,-0.0019294143816322,0.0010913085759876,0.6902748984885949,0.9570284854878351,-0.0019294143816322,False,0.4785142427439176,0,VOLATILITY_ACCELERATION,-0.3444444158801297,0.3444444158801297,False,NEITHER
2025-09-18,41.2899,0.0002422486488582,-0.000895300639535,0.001255582702896,0.0009817463160137,0.0015028014115832,0.0026408930591901,0.0113545831409569,-0.0016876331308011,0.0002422486488582,-0.1844539170793476,0.8354947588006619,-0.0016876331308011,False,0.4177473794003309,0,VOLATILITY_ACCELERATION,-0.3422549556164805,0.3422549556164805,False,NEITHER
2025-09-19,41.3754,0.002070724317569,0.0003795965638049,0.0015885255914125,0.0010341894104664,0.0014762389196671,0.0042447284942916,0.0112934539326612,0.0,0.002070724317569,1.672002579582254,1.0760626686164874,0.0,False,0.5380313343082437,0,VOLATILITY_ACCELERATION,-0.34935549302011626,0.34935549302011626,False,NEITHER
2025-09-22,41.3658,-0.0002320219260719,0.0017751407640613,0.0013139072756947,0.0010432569219319,0.0014329634086268,0.0035570819215713,0.0112101325172837,-0.0002320219260719,0.0002320219260719,-0.6797578875284684,0.9169161388104176,0.0013927480795132,False,0.4584580694052088,0,VOLATILITY_ACCELERATION,-0.3406042141257493,0.3406042141257493,False,NEITHER
2025-09-23,41.3941,0.0006841400383892,0.0038608072288279,0.0008782163916374,0.0010285433303596,0.0014324273948537,0.0038165014094233,0.011061262338307,0.0,0.0006841400383892,0.220706959613996,0.6130966182248253,0.0030174300103722,False,0.3065483091124126,0,VOLATILITY_ACCELERATION,-0.33861885541832415,0.33861885541832415,False,NEITHER
2025-09-24,41.4428,0.0011764961673281,0.0039462304898993,0.0008867618904755,0.0010324028698832,0.0014133582711431,0.004503721672376,0.0109982878428509,0.0,0.0011764961673281,0.7295421809970432,0.6274147953712417,0.0019294143816322,False,0.3137073976856208,0,VOLATILITY_ACCELERATION,-0.338204469706891,0.338204469706891,False,NEITHER
2025-09-25,41.4835,0.0009820765006225,0.0046887979869167,0.0008329569296833,0.0010356398577941,0.0014123900882364,0.0049571360653604,0.011029411764706,0.0,0.0009820765006225,0.4745567379594393,0.5897499116008261,0.0016876331308011,False,0.294874955800413,0,VOLATILITY_ACCELERATION,-0.33780914647401244,0.33780914647401244,False,NEITHER
2025-09-26,41.5663,0.0019959743030362,0.0046138526757444,0.0008077963901169,0.0010102393422992,0.0014220993695371,0.0064435554518165,0.0109406308731598,0.0,0.0019959743030362,1.4145479927849276,0.5680309037615575,0.0,False,0.3536369981962319,0,LOCAL_RETURN_SHOCK,-0.34191503171142756,0.34191503171142756,False,NEITHER
2025-09-29,41.5876,0.0005124343518667,0.0053619173326757,0.0005779851848739,0.0009766442063591,0.0013953673317577,0.0063849481230526,0.0109541077781847,0.0,0.0005124343518667,-0.0033486016789374,0.4142172256145844,0.0002320219260719,False,0.2071086128072922,0,VOLATILITY_ACCELERATION,-0.3402008862266698,0.3402008862266698,False,NEITHER
2025-09-30,41.5853,-5.53049466669453e-05,0.0046190157534526,0.000765615227374,0.0009865825820591,0.0013934372038634,0.0057878640966313,0.0109208363753547,-5.53049466669453e-05,5.53049466669453e-05,-0.6408807339227808,0.5494436528975108,-5.53049466669453e-05,False,0.2747218264487554,0,VOLATILITY_ACCELERATION,-0.3389440989544529,0.3389440989544529,False,NEITHER
2025-10-01,41.5626,-0.0005458659670602,0.0028907313212429,0.0009800991748248,0.0010160011738187,0.0014006583841308,0.0047492949547627,0.0107778718929025,-0.000601140724639,0.0005458659670602,-1.099025523969556,0.6997417685348133,-0.000601140724639,False,0.3498708842674066,0,VOLATILITY_ACCELERATION,-0.3432967761896807,0.3432967761896807,False,NEITHER
2025-10-02,41.6007,0.0009166895237544,0.0028252196656501,0.0009737732433559,0.0010118080278041,0.0014004965664221,0.0051316422439089,0.0106472704328062,0.0,0.0009166895237544,0.4222688152394364,0.6953056984949519,0.0,False,0.3476528492474759,0,VOLATILITY_ACCELERATION,-0.3352847611919904,0.3352847611919904,False,NEITHER
2025-10-03,41.6842,0.0020071777638355,0.0028364323983611,0.0009778939446952,0.0010095707255338,0.0013966820725606,0.0066102855884375,0.0104990921227587,0.0,0.0020071777638355,1.4535997563585368,0.7001550058578349,0.0,False,0.3633999390896342,0,LOCAL_RETURN_SHOCK,-0.3413564501545096,0.3413564501545096,False,NEITHER
2025-10-06,41.6917,0.0001799242878597,0.002503149977397,0.0009937128941216,0.0010096508645085,0.0013960545312145,0.0062531655315503,0.0103740306124253,0.0,0.0001799242878597,-0.351678106690157,0.7118009160122978,0.0,False,0.3559004580061489,0,VOLATILITY_ACCELERATION,-0.33618482106856384,0.33618482106856384,False,NEITHER
2025-10-07,41.6921,9.594235783394469e-06,0.0025682152106636,0.0009850234871896,0.0010143118775194,0.0013980906588814,0.0057360735547071,0.010247522653265,0.0,9.594235783394469e-06,-0.5201363134812799,0.7045490797983792,5.53049466669453e-05,False,0.3522745398991896,0,VOLATILITY_ACCELERATION,-0.3369034467036722,0.3369034467036722,False,NEITHER
2025-10-08,41.6959,9.114436547918991e-05,0.0032072103285165,0.0008449928434574,0.0010177859562991,0.0013980167244236,0.0053117990606041,0.0101548650716554,0.0,9.114436547918991e-05,-0.4265861139606823,0.6044225571090998,0.000601140724639,False,0.3022112785545499,0,VOLATILITY_ACCELERATION,-0.3363688717474266,0.3363688717474266,False,NEITHER
2025-10-09,41.7439,0.0011511923234657,0.0034422497698354,0.0008702569839892,0.0010092789441753,0.0013980730018802,0.0059634031256656,0.0100489015140958,0.0,0.0011511923234657,0.6265615451559102,0.6224689145837405,0.0,False,0.3112344572918702,0,VOLATILITY_ACCELERATION,-0.33619123543014556,0.33619123543014556,False,NEITHER
2025-10-10,41.8312,0.0020913235227184,0.0035265160420496,0.0009023708018562,0.0010689240107699,0.0013925102969712,0.0074948190649739,0.0100131627631245,0.0,0.0020913235227184,1.5741219313249903,0.6480173280003134,0.0,False,0.3935304828312476,0,LOCAL_RETURN_SHOCK,-0.3425577975076403,0.3425577975076403,False,NEITHER
2025-10-13,41.8054,-0.0006167645202624,0.0027271615213579,0.0010724884843017,0.0009801999685135,0.0013978150279656,0.0062519165660144,0.0101288456072554,-0.0006167645202624,0.0006167645202624,-1.107882777837031,0.7672606624229924,-0.0006167645202624,False,0.3836303312114962,0,VOLATILITY_ACCELERATION,-0.3444557564308665,0.3444557564308665,False,NEITHER
2025-10-14,41.8173,0.0002846522219619,0.0030029669889499,0.0010448388061456,0.0008637024100641,0.0013981319617766,0.0058333441572031,0.0104177476715305,-0.0003322878616917,0.0002846522219619,-0.3399571976077395,0.7473105791944903,-0.0003322878616917,False,0.3736552895972451,0,VOLATILITY_ACCELERATION,-0.3364062901810881,0.3364062901810881,False,NEITHER
2025-10-15,41.8402,0.0005476202432963,0.0034607719224193,0.0010085392191172,0.0008593446711473,0.0013972058833427,0.0057064675582494,0.0106714634705682,0.0,0.0005476202432963,-0.1785764915426585,0.7218257746699097,0.0,False,0.3609128873349548,0,VOLATILITY_ACCELERATION,-0.33522699109739157,0.33522699109739157,False,NEITHER
2025-10-16,41.8426,5.7361102480335546e-05,0.002364417316063,0.0010025413161987,0.0008652156992352,0.0010763851894788,0.0050965123348472,0.010909968627633,0.0,5.7361102480335546e-05,-0.7183516591575401,0.9313964238806964,0.0,False,0.4656982119403482,0,VOLATILITY_ACCELERATION,-0.3400034362824101,0.3400034362824101,False,NEITHER
2025-10-17,41.9043,0.0014745737597567,0.0017474994740767,0.0007629318593283,0.0008235179905796,0.0008371968078195,0.0059395958050141,0.011076560572119,0.0,0.0014745737597567,0.93519496352351,0.9112933209998436,0.0,False,0.4556466604999218,0,VOLATILITY_ACCELERATION,-0.34158731798539255,0.34158731798539255,False,NEITHER
2025-10-20,41.9564,0.0012433091592032,0.0036119735727921,0.0006126898710535,0.0008076315824747,0.0008389858909625,0.0064768118047118,0.011335135730502,0.0,0.0012433091592032,0.7379174451257129,0.7302743438874889,0.0006167645202624,False,0.3651371719437444,0,VOLATILITY_ACCELERATION,-0.3395541968643037,0.3395541968643037,False,NEITHER
2025-10-21,41.97,0.0003241460182474,0.0036515987402341,0.000605866632512,0.0008122224355417,0.000839522291824,0.0061080853022399,0.0116032506950114,0.0,0.0003241460182474,-0.4770014099917754,0.7216802203020187,0.0003322878616917,False,0.3608401101510093,0,VOLATILITY_ACCELERATION,-0.33973429929770027,0.33973429929770027,False,NEITHER
2025-10-22,41.9703,7.147962830744703e-06,0.0031094497636243,0.0006889270274656,0.0008175343382956,0.0008415073829726,0.0054795488670469,0.0117455248189459,0.0,7.147962830744703e-06,-0.8424290293669106,0.8186820952562359,0.0,False,0.4093410476281179,0,VOLATILITY_ACCELERATION,-0.34096613771313167,0.34096613771313167,False,NEITHER
2025-10-23,42.0024,0.0007648265559216,0.0038190743405046,0.0006125647641392,0.0008140869870487,0.0008364818722586,0.0056235084103628,0.0118376530368138,0.0,0.0007648265559216,0.1613464280729152,0.732310865847221,0.0,False,0.3661554329236105,0,VOLATILITY_ACCELERATION,-0.338441479852547,0.338441479852547,False,NEITHER
2025-10-24,41.9391,-0.0015070567396148,0.0008304636994294,0.0010450538418136,0.0008773145556654,0.0008768125351886,0.0036600635234249,0.0117670189330896,-0.0015070567396148,0.0015070567396148,-2.615340359026188,1.1918783090718608,-0.0015070567396148,False,0.653835089756547,0,LOCAL_RETURN_SHOCK,-0.3739082726708103,0.3739082726708103,False,NEITHER
2025-10-27,41.877,-0.0014807184703534,-0.0018924407241803,0.0010533467045166,0.0009770187206262,0.0009139394671858,0.0018270059566087,0.0115400949816992,-0.0029855436832181,0.0014807184703534,-2.197187678177216,1.1525344318043975,-0.0029855436832181,False,0.5762672159021988,0,VOLATILITY_ACCELERATION,-0.37705345475201907,0.37705345475201907,False,NEITHER
2025-10-28,41.9357,0.0014017240967594,-0.0008172504169645,0.0013115872313707,0.0009994858810942,0.0009210989634452,0.0028109803996587,0.011419606663233,-0.0015880044949813,0.0014017240967594,1.0792786815286946,1.423937365497569,-0.0015880044949813,False,0.7119686827487846,0,VOLATILITY_ACCELERATION,-0.3596275921645616,0.3596275921645616,False,NEITHER
2025-10-29,41.9493,0.0003243060208844,-0.000500353821631,0.0013294102167646,0.0009738338410708,0.0009079527295758,0.0026726032886537,0.011394464168037,-0.0012642134735157,0.0003243060208844,-0.0958433262846854,1.4641843935925023,-0.0012642134735157,False,0.7320921967962511,0,VOLATILITY_ACCELERATION,-0.355018905687481,0.355018905687481,False,NEITHER
2025-10-30,41.9615,0.0002908272605264,-0.0009737538807306,0.0012678521455317,0.0009685496653081,0.0008916581083797,0.0025319238021743,0.0112885739958938,-0.0009737538807306,0.0002908272605264,-0.1774239134920544,1.4219039042168429,-0.0009737538807306,False,0.7109519521084214,0,VOLATILITY_ACCELERATION,-0.3555716049004779,0.3555716049004779,False,NEITHER
2025-10-31,42.0611,0.0023736043754394,0.002908979925654,0.0014394260191769,0.0010027692842447,0.0009101408503441,0.0044592909696312,0.0112026030135137,0.0,0.0023736043754394,2.00432552550673,1.5815420422374091,0.0015070567396148,False,0.7907710211187046,0,VOLATILITY_ACCELERATION,-0.3676164564589474,0.3676164564589474,False,NEITHER
2025-11-03,42.049,-0.0002876767369375,0.0041072665186139,0.0010612224073619,0.0010147923737108,0.0009165341479648,0.0037421016090453,0.011093193128167,-0.0002876767369375,0.0002876767369375,-0.7362746722063365,1.1578645593493553,0.0026978669462806,False,0.5789322796746776,0,VOLATILITY_ACCELERATION,-0.3481348172710823,0.3481348172710823,False,NEITHER
2025-11-04,42.0909,0.0009964565150182,0.0037009040030331,0.001020429943298,0.0010174043091806,0.0009182644173261,0.0042642740444749,0.0110449298221428,0.0,0.0009964565150182,0.560902596318188,1.1112593758880438,0.0015880044949813,False,0.5556296879440219,0,VOLATILITY_ACCELERATION,-0.3445612116681329,0.3445612116681329,False,NEITHER
2025-11-05,42.0903,-1.4254862690021852e-05,0.0033612003060836,0.0010651228915234,0.0010197761887702,0.0009173084379194,0.0037776732961865,0.0110017723677953,-1.4254862690021852e-05,1.4254862690021852e-05,-0.4824579669078435,1.1611393152986431,0.0012499586108256,False,0.5805696576493216,0,VOLATILITY_ACCELERATION,-0.34398436745790434,0.34398436745790434,False,NEITHER
2025-11-06,42.105,0.0003492491144039,0.0034198014846942,0.0010602080378991,0.0010073274001655,0.0009116189005815,0.0036960711514553,0.0109288893215899,0.0,0.0003492491144039,-0.1197134012079525,1.1629947966445393,0.0009737538807306,False,0.5814973983222697,0,VOLATILITY_ACCELERATION,-0.3435781289049871,0.3435781289049871,False,NEITHER
2025-11-07,42.2081,0.002448640304002,0.0034949157297359,0.0010902189457756,0.0010409284665086,0.0009442115107111,0.00570197452655,0.0108087629544448,0.0,0.002448640304002,2.002732650465863,1.1546342460436003,0.0,False,0.5773171230218002,0,VOLATILITY_ACCELERATION,-0.3523330997342837,0.3523330997342837,False,NEITHER
2025-11-10,42.2331,0.0005923033730492,0.0043782254036957,0.0009537032715995,0.0010104313921284,0.0009439675838975,0.0057851621498168,0.0106995532144633,0.0,0.0005923033730492,0.1375740107153435,1.0103135826569414,0.0002876767369375,False,0.5051567913284707,0,VOLATILITY_ACCELERATION,-0.3411697674248088,0.3411697674248088,False,NEITHER
2025-11-11,42.2206,-0.0002959763787172,0.0030814261514959,0.0010792601813193,0.0010254626688762,0.0009499181788868,0.005004838689137,0.0104766639775364,-0.0002959763787172,0.0002959763787172,-0.7972124071964948,1.1361612034670971,-0.0002959763787172,False,0.5680806017335486,0,VOLATILITY_ACCELERATION,-0.3453917875015633,0.3453917875015633,False,NEITHER
2025-11-12,42.2306,0.0002368512053358,0.0033333095748901,0.0010479904320893,0.0010267461015231,0.0009491536507768,0.0047760086785908,0.0102654160615891,-5.919527574338446e-05,0.0002368512053358,-0.2376190140654132,1.104131487279863,-4.494041305336261e-05,False,0.5520657436399315,0,VOLATILITY_ACCELERATION,-0.3414009712181244,0.3414009712181244,False,NEITHER
2025-11-13,42.2506,0.0004735902402521,0.0034580216126351,0.0010400337653743,0.0010222575739507,0.0009477859624039,0.0047641792507133,0.0100848105580459,0.0,0.0004735902402521,0.008383823870414,1.0973297839698206,0.0,False,0.5486648919849103,0,VOLATILITY_ACCELERATION,-0.3416850919883508,0.3416850919883508,False,NEITHER
2025-11-14,42.2451,-0.0001301756661443,0.0008766089921128,0.0003814689494099,0.0010033672629569,0.0009468695064456,0.0042264414133492,0.0098526353693118,-0.0001301756661443,0.0001301756661443,-0.6025578293629106,0.4028738351094173,-0.0001301756661443,False,0.2014369175547086,0,VOLATILITY_ACCELERATION,-0.34604410224610616,0.34604410224610616,False,NEITHER
2025-11-17,42.3089,0.0015102343230339,0.0017948007605408,0.0007109287167816,0.001016782663814,0.0009542183210477,0.0053218574915059,0.0095600712030696,0.0,0.0015102343230339,1.1009708971432808,0.7450377980596976,0.0,False,0.3725188990298488,0,VOLATILITY_ACCELERATION,-0.3408040585653825,0.3408040585653825,False,NEITHER
2025-11-18,42.3322,0.0005507115524157,0.0026432594515473,0.0006095537376687,0.0010169334966444,0.0009496415253287,0.0054428373818138,0.0092973304694692,0.0,0.0005507115524157,0.1296335308853332,0.6418777206037981,0.0002959763787172,False,0.320938860301899,0,VOLATILITY_ACCELERATION,-0.3385187499563239,0.3385187499563239,False,NEITHER
2025-11-19,42.3518,0.0004630045213807,0.0028699568559289,0.0005906227974879,0.0010120486220392,0.0009457202970487,0.0054528363544896,0.0091165702300404,0.0,0.0004630045213807,0.0322280849416744,0.6245216469722081,5.919527574338446e-05,False,0.312260823486104,0,VOLATILITY_ACCELERATION,-0.3381710758912744,0.3381710758912744,False,NEITHER
2025-11-20,42.3676,0.0003730656076013,0.0027691914434351,0.0005965539940693,0.0010094840830466,0.0009450001648504,0.0053920972464056,0.0089269125866222,0.0,0.0003730656076013,-0.0790060090549546,0.6312739576756989,0.0,False,0.3156369788378494,0,VOLATILITY_ACCELERATION,-0.33831106991892435,0.33831106991892435,False,NEITHER
2025-11-21,42.4369,0.0016356838716378,0.0045401715228512,0.0006131945354965,0.0009332499625785,0.0009276331366892,0.0064421509031189,0.0090725015172485,0.0,0.0016356838716378,1.1909532889571737,0.6610312970114914,0.0001301756661443,False,0.3305156485057457,0,VOLATILITY_ACCELERATION,-0.34298433538603007,0.34298433538603007,False,NEITHER
2025-11-24,42.4184,-0.0004359413623521,0.0025881079394642,0.0007389721696208,0.0008353083514482,0.0009248580642091,0.0053579637154472,0.0093707917799326,-0.0004359413623521,0.0004359413623521,-1.099934547931228,0.7990114356117315,-0.0004359413623521,False,0.3995057178058657,0,VOLATILITY_ACCELERATION,-0.34637194470116656,0.34637194470116656,False,NEITHER
2025-11-25,42.4144,-9.429870056387736e-05,0.0019417842682403,0.0007864564044813,0.0008307428290712,0.000928198328364,0.0046932142512829,0.0095202681132473,-0.000530198954212,9.429870056387736e-05,-0.8824406795762384,0.8472934936949004,-0.000530198954212,False,0.4236467468474502,0,VOLATILITY_ACCELERATION,-0.34264234847909414,0.34264234847909414,False,NEITHER
2025-11-26,42.4397,0.0005964955298201,0.0020754725891225,0.0007918735068859,0.0008287674624007,0.0009282516059472,0.0047089554906525,0.0096398002891424,0.0,0.0005964955298201,0.0342889519408935,0.8530806753389476,0.0,False,0.4265403376694738,0,VOLATILITY_ACCELERATION,-0.33836549096407725,0.33836549096407725,False,NEITHER
2025-11-27,42.435,-0.0001107453634214,0.0015908382820835,0.000827056624964,0.0008409581234019,0.0009288211595053,0.004034949927794,0.0097702752503998,-0.0001107453634214,0.0001107453634214,-0.8354153597442823,0.8904368903530354,-0.0001107453634214,False,0.4452184451765177,0,VOLATILITY_ACCELERATION,-0.3414097753200336,0.3414097753200336,False,NEITHER
2025-11-28,42.5007,0.0015482502651114,0.0015034085901657,0.0007924374428196,0.0007640943000699,0.0009173002762086,0.005066753660659,0.0098407450667317,0.0,0.0015482502651114,1.1733154892304336,0.8638800874397585,0.0,False,0.4319400437198792,0,VOLATILITY_ACCELERATION,-0.3420155526180335,0.3420155526180335,False,NEITHER
2025-12-01,42.4321,-0.0016140910620296,0.0003229730494314,0.0011573815356153,0.000885786040685,0.0009564038987202,0.002990147876404,0.009867341763933,-0.0016140910620296,0.0016140910620296,-2.793325940845184,1.210138872461766,-0.0011781496996775,False,0.698331485211296,0,LOCAL_RETURN_SHOCK,-0.37700711954222155,0.37700711954222155,False,NEITHER
2025-12-02,42.4447,0.0002969450015435,0.0007143800218791,0.0011571344550913,0.0008770043638406,0.0009561466768307,0.0028686333222203,0.0098089636245313,-0.0013176253567589,0.0002969450015435,-0.1772523415384185,1.2102060103652776,-0.0007874264025469,False,0.6051030051826388,0,VOLATILITY_ACCELERATION,-0.3487891975204032,0.3487891975204032,False,NEITHER
2025-12-03,42.4437,-2.356006757020524e-05,9.425137312457645e-05,0.0011293239997519,0.0008772487287898,0.0009580446671409,0.0024264919831764,0.0097554618030022,-0.0013411543809866,2.356006757020524e-05,-0.5046008452170526,1.1787801117062215,-0.0013411543809866,False,0.5893900558531108,0,VOLATILITY_ACCELERATION,-0.34872004271617163,0.34872004271617163,False,NEITHER
2025-12-04,42.4994,0.0013123266821695,0.0015176151761517,0.0012600892934596,0.0008993995975462,0.0009571682915455,0.0032747349664832,0.0097909532669286,-3.058773149622329e-05,0.0013123266821695,1.018884197144178,1.3164762190617347,8.015763192517671e-05,False,0.6582381095308674,0,VOLATILITY_ACCELERATION,-0.35129613791911907,0.35129613791911907,False,NEITHER
2025-12-05,42.5291,0.0006988333952948,0.0006682242880704,0.0010971199914661,0.0007726257472378,0.0009566975988262,0.003595605418351,0.0097199597939374,0.0,0.0006988333952948,0.2581363190512556,1.1467782430019564,0.0,False,0.5733891215009782,0,VOLATILITY_ACCELERATION,-0.3451748254635893,0.3451748254635893,False,NEITHER
2025-12-08,42.5687,0.0009311271576402,0.0032192608897509,0.0005239725970241,0.0007812118631564,0.0009181865426316,0.0041324721637816,0.0096053410583141,0.0,0.0009311271576402,0.7143844367341793,0.5706602881832165,0.0016140910620296,False,0.2853301440916082,0,VOLATILITY_ACCELERATION,-0.34257387711568216,0.34257387711568216,False,NEITHER
2025-12-09,42.5875,0.0004416390446502,0.003364377649035,0.0005036752736994,0.0007640413117705,0.0008836417178284,0.0041414128195995,0.009557407824192,0.0,0.0004416390446502,0.0582716535361928,0.5699994279776772,0.0013176253567589,False,0.2849997139888386,0,VOLATILITY_ACCELERATION,-0.3422848748598937,0.3422848748598937,False,NEITHER
2025-12-10,42.5938,0.0001479307308482,0.0035364494612863,0.0004471277717329,0.0007655001018656,0.0008820293842696,0.0038601211901527,0.0095206111178325,0.0,0.0001479307308482,-0.3731036182859516,0.5069306983498766,0.0013411543809866,False,0.2534653491749383,0,VOLATILITY_ACCELERATION,-0.3439282623818305,0.3439282623818305,False,NEITHER
2025-12-11,42.5971,7.747606459140854e-05,0.002298855983849,0.0003616107408594,0.0007693879212557,0.0008831732541189,0.0035281362742634,0.0094428655800387,0.0,7.747606459140854e-05,-0.4586220427903422,0.4094448503427131,3.058773149622329e-05,False,0.2047224251713565,0,VOLATILITY_ACCELERATION,-0.3452452901866277,0.3452452901866277,False,NEITHER
2025-12-12,42.6945,0.0022865406330478,0.0038891018149924,0.0009082946849878,0.0008642261515745,0.0008900090752906,0.0052905817096897,0.0095681194695023,0.0,0.0022865406330478,2.4406349578465143,1.0205454193725263,0.0,False,0.6101587394616286,0,LOCAL_RETURN_SHOCK,-0.3581214017981321,0.3581214017981321,False,NEITHER
2025-12-15,42.6941,-9.368888264305042e-06,0.0029458263935708,0.0009640543932651,0.0008399303704036,0.0008872651215957,0.0048254762930797,0.0096029623905753,-9.368888264305042e-06,9.368888264305042e-06,-0.623621813022055,1.0865460275631014,-9.368888264305042e-06,False,0.5432730137815507,0,VOLATILITY_ACCELERATION,-0.3436014327885082,0.3436014327885082,False,NEITHER
2025-12-16,42.6948,1.6395708072103332e-05,0.0025195186380981,0.0009984318267763,0.0008451602494804,0.0008894495861832,0.0044133699702639,0.0095993068434012,0.0,1.6395708072103332e-05,-0.5205259126356834,1.122527732078401,0.0,False,0.5612638660392005,0,VOLATILITY_ACCELERATION,-0.34453393976268704,0.34453393976268704,False,NEITHER
2025-12-17,42.7184,0.0005527605235298,0.0029253083782145,0.0009785761831395,0.0008456003236763,0.0008852361073481,0.0045353932096792,0.009577273126005,0.0,0.0005527605235298,0.1489363527764333,1.1054408818354895,0.0,False,0.5527204409177447,0,VOLATILITY_ACCELERATION,-0.34288864649578255,0.34288864649578255,False,NEITHER
2025-12-18,42.728,0.0002247275178846,0.0030729791464678,0.0009615605734652,0.0008467883817302,0.0008837276204662,0.0043355573289018,0.0095674279120676,0.0,0.0002247275178846,-0.2443775326202668,1.088073464262597,0.0,False,0.5440367321312986,0,VOLATILITY_ACCELERATION,-0.3423415495375417,0.3423415495375417,False,NEITHER
2025-12-19,42.8012,0.0017131623291517,0.0024991509445011,0.0007147814605757,0.0008527796356348,0.0008762991518412,0.005625589070378,0.00940347463724,0.0,0.0017131623291517,1.5224653796424628,0.8156820180344422,0.0,False,0.4078410090172211,0,VOLATILITY_ACCELERATION,-0.34311370723630336,0.34311370723630336,False,NEITHER
2025-12-22,42.8122,0.0002570021401269,0.0027661901761601,0.0006762577592576,0.0008296004533702,0.0008768009115084,0.0054189083017477,0.0092225282151365,0.0,0.0002570021401269,-0.2003191794130527,0.7712785769054499,9.368888264305042e-06,False,0.3856392884527249,0,VOLATILITY_ACCELERATION,-0.33841293948877155,0.33841293948877155,False,NEITHER
2025-12-23,42.8227,0.0002452571930431,0.0029956809728584,0.0006375090806233,0.0008210366166759,0.0008745221015223,0.0051835752749818,0.0091339192211914,0.0,0.0002452571930431,-0.2618371749385415,0.7289799531807988,0.0,False,0.3644899765903994,0,VOLATILITY_ACCELERATION,-0.3382574498381151,0.3382574498381151,False,NEITHER
2025-12-24,42.8411,0.000429678651743,0.0028722985879618,0.0006420806415157,0.0008206322746539,0.0008639570734004,0.0051419527126168,0.0090232687409492,0.0,0.000429678651743,-0.0606264982680507,0.7431858147634245,0.0,False,0.3715929073817122,0,VOLATILITY_ACCELERATION,-0.33817209622399197,0.33817209622399197,False,NEITHER
2025-12-25,42.8461,0.000116710355243,0.0027639955064593,0.0006583790270332,0.0008136908736421,0.0008636758086909,0.0047746971653512,0.0089443933573984,0.0,0.000116710355243,-0.4318670354075627,0.7622987936076678,0.0,False,0.3811493968038339,0,VOLATILITY_ACCELERATION,-0.3392864824700231,0.3392864824700231,False,NEITHER
2025-12-26,42.9027,0.0013210070461489,0.0023714288384437,0.0004864289587265,0.0007994882097264,0.0008476689609561,0.0056279980155919,0.0088952854750499,0.0,0.0013210070461489,1.0305140496450227,0.5738430697967856,0.0,False,0.2869215348983928,0,VOLATILITY_ACCELERATION,-0.3430033962716963,0.3430033962716963,False,NEITHER
2025-12-29,42.9289,0.000610684176054,0.0027258585169647,0.0004725139091357,0.00063113581876,0.0008469023641924,0.0056565825517509,0.0090256372678794,0.0,0.000610684176054,0.17456063330601,0.5579319755309525,0.0,False,0.2789659877654762,0,VOLATILITY_ACCELERATION,-0.3403521271551351,0.3403521271551351,False,NEITHER
2025-12-30,42.934,0.0001188010873793,0.0025990888010329,0.0004953773848107,0.0006366092636712,0.000845973927911,0.0051999559841635,0.0091819421410763,0.0,0.0001188010873793,-0.7344895798777282,0.5855705104694618,0.0,False,0.2927852552347309,0,VOLATILITY_ACCELERATION,-0.34240277488605125,0.34240277488605125,False,NEITHER
2025-12-31,42.9256,-0.0001956491358828,0.0019724050036065,0.0005930016241772,0.0006461941099747,0.0008490684289255,0.0044366581379469,0.009329854589976,-0.0001956491358828,0.0001956491358828,-1.208128366660201,0.6984144080444097,-0.0001956491358828,False,0.3492072040222048,0,VOLATILITY_ACCELERATION,-0.3478783570764209,0.3478783570764209,False,NEITHER
2026-01-01,42.9562,0.0007128613228468,0.002569662116272,0.0005830816947215,0.0006231917123075,0.0008451148905753,0.0046157712201468,0.0093991645082185,0.0,0.0007128613228468,0.2290475879277795,0.6899437002282321,0.0,False,0.3449718501141161,0,VOLATILITY_ACCELERATION,-0.3391341733278523,0.3391341733278523,False,NEITHER
2026-01-02,43.0237,0.0015713680446594,0.0028203353168914,0.0006734978871737,0.0006644488500711,0.0008308321610336,0.0056127861247654,0.0096004340117794,0.0,0.0015713680446594,1.6631947625894792,0.8106304964601181,0.0,False,0.4157986906473698,0,LOCAL_RETURN_SHOCK,-0.34597915899487064,0.34597915899487064,False,NEITHER
2026-01-05,43.0151,-0.0001998898281645,0.0020079713200198,0.0007522819628236,0.0006807871097709,0.0008233080911169,0.0048875288993557,0.0097273143931702,-0.0001998898281645,0.0001998898281645,-1.1714903460288102,0.9137308025274646,-0.0001998898281645,False,0.4568654012637323,0,VOLATILITY_ACCELERATION,-0.34784293730669913,0.34784293730669913,False,NEITHER
2026-01-06,43.0317,0.0003859109940462,0.0022755857828296,0.0007365066729116,0.0006812470259297,0.0008230132024788,0.0047540055190407,0.0098142370806462,0.0,0.0003859109940462,-0.1998330165720733,0.8948904716149698,0.0,False,0.4474452358074849,0,VOLATILITY_ACCELERATION,-0.33948616704758794,0.33948616704758794,False,NEITHER
2026-01-07,43.0342,5.809670545198209e-05,0.0025299588124567,0.0006875898689013,0.0006841136746627,0.0008247315159785,0.0042960211425335,0.0099010099336518,0.0,5.809670545198209e-05,-0.6768053441744354,0.8337135850635116,0.0001956491358828,False,0.4168567925317558,0,VOLATILITY_ACCELERATION,-0.34209501770477563,0.34209501770477563,False,NEITHER
2026-01-08,43.0385,9.992052832408228e-05,0.0019159050381549,0.0006960035452991,0.0006833767543389,0.0008243893568074,0.0038793217560522,0.0100087543765992,0.0,9.992052832408228e-05,-0.6062678164046947,0.8442655640224448,0.0,False,0.4221327820112224,0,VOLATILITY_ACCELERATION,-0.3403690449534798,0.3403690449534798,False,NEITHER
2026-01-09,43.1297,0.0021190329588625,0.0024637583471436,0.0009326305746648,0.0006611991572469,0.000841714601679,0.0054962302954413,0.0099867411697864,0.0,0.0021190329588625,2.3460471745012867,1.108012826205517,0.0,False,0.5865117936253217,0,LOCAL_RETURN_SHOCK,-0.35782227064098704,0.35782227064098704,False,NEITHER
2026-01-12,43.1112,-0.0004289387591381,0.0022340991884244,0.0009795923301254,0.0006846974024447,0.0008437236052231,0.004576509735569,0.010019753315382,-0.0004289387591381,0.0004289387591381,-1.4161576287351412,1.1610346374822271,-0.0002290489309736,False,0.5805173187411136,0,VOLATILITY_ACCELERATION,-0.3549225792371794,0.3549225792371794,False,NEITHER
2026-01-13,43.1528,0.000964946464028,0.0028142044120962,0.0010045037593836,0.0006832750103102,0.0008461174120353,0.0050095836525942,0.0101276960138518,0.0,0.000964946464028,0.698851031637179,1.1871919252522036,0.0,False,0.5935959626261018,0,VOLATILITY_ACCELERATION,-0.34523219975241304,0.34523219975241304,False,NEITHER
2026-01-14,43.1739,0.0004889601601751,0.0032462553039211,0.0009682292885169,0.0006833311169751,0.0008439950482785,0.0049679385528209,0.010227856066697,0.0,0.0004889601601751,-0.0657310086187611,1.14719783071216,0.0,False,0.57359891535608,0,VOLATILITY_ACCELERATION,-0.34341690655340024,0.34341690655340024,False,NEITHER
2026-01-15,43.1825,0.0001991944207031,0.0033458415139933,0.0009550890514765,0.000683956377174,0.0008438242930568,0.004636695266988,0.0103341164524353,0.0,0.0001991944207031,-0.4851060761913519,1.1318577331029869,0.0,False,0.5659288665514934,0,VOLATILITY_ACCELERATION,-0.34430154957087633,0.34430154957087633,False,NEITHER
2026-01-16,43.2756,0.0021559659584322,0.0033828197274732,0.0009691499390536,0.0007299150934687,0.0008313465310012,0.0062473667028468,0.0104590352397273,0.0,0.0021559659584322,2.3781635349448784,1.1657592867879556,0.0,False,0.5945408837362196,0,LOCAL_RETURN_SHOCK,-0.358278972347172,0.358278972347172,False,NEITHER
2026-01-19,43.2572,-0.000425181857675,0.0033865909554826,0.0009680799584894,0.000759733933172,0.0007987491322303,0.0052994282715654,0.0105143189681988,-0.000425181857675,0.000425181857675,-1.3381390392071286,1.211995004972697,3.756901463100018e-06,False,0.6059975024863485,0,VOLATILITY_ACCELERATION,-0.3541361963192022,0.3541361963192022,False,NEITHER
2026-01-20,43.2731,0.0003675688671482,0.0027877681170167,0.0009604570903604,0.0007579177840662,0.0007909791079515,0.0051428875382129,0.0105586914377229,-5.7769274140584415e-05,0.0003675688671482,-0.1972637401357149,1.2142635383225466,-5.7769274140584415e-05,False,0.6071317691612733,0,VOLATILITY_ACCELERATION,-0.34505052358561555,0.34505052358561555,False,NEITHER
2026-01-21,43.2949,0.0005037771733478,0.0028026191750107,0.0009602163422172,0.0007576157972605,0.0007905516306178,0.0051195165200288,0.0106151902048567,0.0,0.0005037771733478,-0.0260915300935893,1.2146155988152354,0.0,False,0.6073077994076177,0,VOLATILITY_ACCELERATION,-0.3454114652160437,0.3454114652160437,False,NEITHER
2026-01-22,43.2557,-0.0009054184211073,0.0016951311295085,0.001168533645591,0.0008187739828501,0.0008114094405136,0.0037322316396897,0.0106083145463229,-0.0009054184211073,0.0009054184211073,-1.89103205131738,1.4401282351994205,-0.0009054184211073,False,0.7200641175997102,0,VOLATILITY_ACCELERATION,-0.36910652943533756,0.36910652943533756,False,NEITHER
2026-01-23,43.363,0.002480597932758,0.0020196138239563,0.0012966939191283,0.000916923325843,0.0008156880862875,0.0056849972314265,0.010671643391594,0.0,0.002480597932758,2.448107877701855,1.5896933410294571,0.0,False,0.7948466705147286,0,VOLATILITY_ACCELERATION,-0.3713785261918199,0.3713785261918199,False,NEITHER
2026-01-26,43.3512,-0.000272121393815,0.0021730486485487,0.0012738220340746,0.0009341315579797,0.0008154331720322,0.0049192157720892,0.0105781713049752,-0.000272121393815,0.000272121393815,-0.8793012574798484,1.5621415436166477,0.00015306046386,False,0.7810707718083238,0,VOLATILITY_ACCELERATION,-0.35777235167909655,0.35777235167909655,False,NEITHER
2026-01-27,43.4006,0.0011395301629482,0.0029464031927455,0.0013098955329569,0.000940645357353,0.0008170909916489,0.0055205558922688,0.0105455388310986,0.0,0.0011395301629482,0.6953410322986726,1.603120761756918,5.7769274140584415e-05,False,0.801560380878459,0,VOLATILITY_ACCELERATION,-0.355645448634825,0.355645448634825,False,NEITHER
2026-01-28,43.3978,-6.451523711659135e-05,0.0023767233554066,0.0013433952882652,0.0009356841022726,0.0008176643261689,0.0049059960037909,0.0105282443991301,-6.451523711659135e-05,6.451523711659135e-05,-0.6437514917601737,1.6429667349675996,-6.451523711659135e-05,False,0.8214833674837998,0,VOLATILITY_ACCELERATION,-0.3578088097460302,0.3578088097460302,False,NEITHER
2026-01-29,43.4066,0.0002027752558886,0.0034885575773828,0.0011336240602527,0.0009378911514772,0.0008183717110002,0.0045859085433519,0.0105151368132456,0.0,0.0002027752558886,-0.3685090439275846,1.3852190209106858,0.0009054184211073,False,0.6926095104553429,0,VOLATILITY_ACCELERATION,-0.35092058219849714,0.35092058219849714,False,NEITHER
2026-01-30,43.4888,0.0018937212313334,0.0029010907916886,0.0009114201378513,0.0009593955267132,0.0007989725415613,0.0059469086403138,0.0104745829385652,0.0,0.0018937212313334,1.4624748540206276,1.140740251311093,0.0,False,0.5703701256555465,0,VOLATILITY_ACCELERATION,-0.3474097859554949,0.3474097859554949,False,NEITHER
2026-02-02,43.4709,-0.0004116002281046,0.0027611692409899,0.0009455133410611,0.0009690868506867,0.0008074442756157,0.0050030638434226,0.0104801010421813,-0.0004116002281046,0.0004116002281046,-0.9899951245123128,1.170995162904732,-0.0001394788342896,False,0.585497581452366,0,VOLATILITY_ACCELERATION,-0.348213497852591,0.348213497852591,False,NEITHER
2026-02-03,43.4814,0.000241540892873,0.0018617254139343,0.000889644062182,0.0009707341844302,0.0008016284375496,0.0047235273810697,0.0104810872395795,-0.0001701587535181,0.000241540892873,-0.2951956811182455,1.10979603580612,-0.0001701587535181,False,0.55489801790306,0,VOLATILITY_ACCELERATION,-0.3418207292016025,0.3418207292016025,False,NEITHER
2026-02-04,43.5189,0.0008624377319956,0.0027904640327391,0.0008722512360215,0.0009672288513797,0.0008023368086899,0.005027226141345,0.0105273929836593,0.0,0.0008624377319956,0.3523571094079397,1.0871385016546355,6.451523711659135e-05,False,0.5435692508273178,0,VOLATILITY_ACCELERATION,-0.3416090014956153,0.3416090014956153,False,NEITHER
2026-02-05,43.5344,0.0003561670906202,0.0029442527173286,0.000859244435812,0.000962490752506,0.0008025486728298,0.0048098128583731,0.0105855346537619,0.0,0.0003561670906202,-0.2113694201542726,1.0706446411309731,0.0,False,0.5353223205654866,0,VOLATILITY_ACCELERATION,-0.34072165447081787,0.34072165447081787,False,NEITHER
2026-02-06,43.6024,0.0015619831673343,0.0026121668107652,0.0007374330532872,0.0009226450896868,0.0008097523741606,0.005830612915054,0.0106238770996698,0.0,0.0015619831673343,1.0270863845198617,0.910689584642012,0.0,False,0.455344792321006,0,VOLATILITY_ACCELERATION,-0.3414612093883312,0.3414612093883312,False,NEITHER
2026-02-09,43.5901,-0.000282094563602,0.0027420642314743,0.0006976401265479,0.000915034901667,0.0008059362418052,0.0049917472821596,0.0106907174214954,-0.000282094563602,0.000282094563602,-0.8970557622685781,0.8656269446144651,0.0001295056645026,False,0.4328134723072325,0,VOLATILITY_ACCELERATION,-0.3423699116233824,0.3423699116233824,False,NEITHER
2026-02-10,43.6254,0.0008098169079675,0.0033117608908637,0.000681330053398,0.0009120108767472,0.0008069189432338,0.0052579404855888,0.0107020171085083,0.0,0.0008098169079675,0.2807599656481611,0.8443599683848153,0.0001701587535181,False,0.4221799841924076,0,VOLATILITY_ACCELERATION,-0.3381835453489326,0.3381835453489326,False,NEITHER
2026-02-11,43.6403,0.0003415441463001,0.0027895925678269,0.0006827776278712,0.0009130840155581,0.0008071706727873,0.0050611991467632,0.0107090296371257,0.0,0.0003415441463001,-0.2232551403674787,0.8458900340289256,0.0,False,0.4229450170144628,0,VOLATILITY_ACCELERATION,-0.33765181619502677,0.33765181619502677,False,NEITHER
2026-02-12,43.645,0.0001076986180204,0.002540519680988,0.0007096076220005,0.000915096716571,0.0008086034341389,0.0046343926093714,0.010712673788829,0.0,0.0001076986180204,-0.471025487865563,0.8775718628454467,0.0,False,0.4387859314227234,0,VOLATILITY_ACCELERATION,-0.3390110839670711,0.3390110839670711,False,NEITHER
2026-02-13,43.7288,0.0019200366594109,0.0028989229950644,0.0008472970388301,0.0008943626371817,0.0008161967973944,0.0060385827419273,0.010682118133547,0.0,0.0019200366594109,1.5154977200971085,1.0381038513444103,0.0,False,0.5190519256722051,0,VOLATILITY_ACCELERATION,-0.3468200178655639,0.3468200178655639,False,NEITHER
2026-02-16,43.704,-0.0005671319588005,0.002612978635057,0.0009257108992192,0.0009027935265158,0.0008189184899285,0.0049515201259913,0.010678686109911,-0.0005671319588005,0.0005671319588005,-1.2171183369818162,1.130406640714663,-0.0002850373951984,False,0.5652033203573315,0,VOLATILITY_ACCELERATION,-0.3507052159730816,0.3507052159730816,False,NEITHER
2026-02-17,43.7239,0.0004553358960277,0.0022578589537287,0.0009116626818034,0.0009022558194327,0.0008152456772159,0.0048882810761043,0.0106735647311408,-0.0001120542983114,0.0004553358960277,-0.0653303374580625,1.1182674220570763,-0.0001120542983114,False,0.5591337110285381,0,VOLATILITY_ACCELERATION,-0.34192247773108575,0.34192247773108575,False,NEITHER
2026-02-18,43.7597,0.000818774171563,0.0027360031897123,0.0009221942427932,0.0009047274616975,0.0008161626842011,0.0051741787451293,0.01068071090054,0.0,0.000818774171563,0.3325776480303386,1.1299147347025411,0.0,False,0.5649573673512706,0,VOLATILITY_ACCELERATION,-0.341992312879225,0.341992312879225,False,NEITHER
2026-02-19,43.7574,-5.255977531848366e-05,0.0025753236338639,0.0009438087971488,0.0008518428374365,0.0008154457319077,0.004542519168595,0.0107824923900439,-5.255977531848366e-05,5.255977531848366e-05,-0.6488292920180143,1.1574146018776752,-5.255977531848366e-05,False,0.5787073009388376,0,VOLATILITY_ACCELERATION,-0.34459902487044275,0.34459902487044275,False,NEITHER
2026-02-20,43.829,0.0016362946610173,0.0022913960593475,0.0008411465573765,0.0007694847688239,0.0008174190780021,0.0056483252693777,0.0107833468138214,0.0,0.0016362946610173,1.2434193011341637,1.0290273129327905,0.0,False,0.5145136564663952,0,VOLATILITY_ACCELERATION,-0.34567794126484186,0.34567794126484186,False,NEITHER
2026-02-23,43.835,0.000136895662689,0.0029974373055097,0.0006676433967585,0.0007521479259419,0.0007700624501771,0.0052280573173768,0.0108493499731912,0.0,0.000136895662689,-0.5172110290704128,0.8669990292410108,0.0005671319588005,False,0.4334995146205054,0,VOLATILITY_ACCELERATION,-0.34081291121665,0.34081291121665,False,NEITHER
2026-02-24,43.8432,0.0001870651306035,0.0027284848789792,0.0006923908051129,0.0007433132816374,0.0007707867824321,0.0049061235435483,0.010815683679654,0.0,0.0001870651306035,-0.4896209659648529,0.8982909682599468,0.0001120542983114,False,0.4491454841299734,0,VOLATILITY_ACCELERATION,-0.34093698669339295,0.34093698669339295,False,NEITHER
2026-02-25,43.865,0.0004972264798188,0.002406323626533,0.0006753629741559,0.0007310651698799,0.0007672487905013,0.0048677613268974,0.0108039817598,0.0,0.0004972264798188,-0.0141027928267375,0.8802398681067138,0.0,False,0.4401199340533569,0,VOLATILITY_ACCELERATION,-0.3394280692023539,0.3394280692023539,False,NEITHER
2026-02-26,43.8838,0.0004285877122991,0.0028886542619077,0.0006116036301756,0.0007273857459643,0.0007608103655167,0.0047492499949055,0.0108293632379778,0.0,0.0004285877122991,-0.1466471813999412,0.8038844604334917,5.255977531848366e-05,False,0.4019422302167458,0,VOLATILITY_ACCELERATION,-0.33915593128333255,0.33915593128333255,False,NEITHER
2026-02-27,43.9347,0.0011598813229483,0.002411645257706,0.0004088677547051,0.0006723046574847,0.0007648141287468,0.0054014235904003,0.0108013320316651,0.0,0.0011598813229483,0.8424613001347546,0.5345975438176824,0.0,False,0.2672987719088412,0,VOLATILITY_ACCELERATION,-0.34462681874104645,0.34462681874104645,False,NEITHER
2026-03-02,43.9517,0.0003869378873646,0.0026622561879776,0.0003695136388292,0.0006374769684534,0.0007633510546416,0.0052374389919378,0.0108245397385868,0.0,0.0003869378873646,-0.1836326694212471,0.4840677648669653,0.0,False,0.2420338824334826,0,VOLATILITY_ACCELERATION,-0.34308147311339443,0.34308147311339443,False,NEITHER
2026-03-03,43.9584,0.0001524400648893,0.0026275454346396,0.000377823716493,0.0006400546076999,0.0007648511696677,0.0048425527450104,0.0108504567555316,0.0,0.0001524400648893,-0.6241509056107746,0.4939833152862284,0.0,False,0.2469916576431142,0,VOLATILITY_ACCELERATION,-0.34517855658131696,0.34517855658131696,False,NEITHER
2026-03-04,43.9555,-6.597146392950393e-05,0.0020631482959079,0.0004626167721838,0.0006494840030626,0.0007671500403942,0.0042751177590856,0.0107888427611095,-6.597146392950393e-05,6.597146392950393e-05,-0.9559158034718294,0.6030329763732847,-6.597146392950393e-05,False,0.3015164881866423,0,VOLATILITY_ACCELERATION,-0.34530459682577946,0.34530459682577946,False,NEITHER
2026-03-05,43.9944,0.000884985951701,0.0025202922262885,0.000509287591907,0.0006540919483148,0.0007662501706438,0.0046359575062535,0.0107412383462037,0.0,0.000884985951701,0.5936090173442541,0.6646492378319456,0.0,False,0.3323246189159728,0,VOLATILITY_ACCELERATION,-0.3407326409118838,0.3407326409118838,False,NEITHER
2026-03-06,44.068,0.001672940192388,0.0030340482579829,0.0006930809210428,0.0006637417606262,0.0007463594495919,0.0057819682063069,0.0107271928063081,0.0,0.001672940192388,1.7536569001118891,0.9286154565628773,0.0,False,0.4643077282814386,0,VOLATILITY_ACCELERATION,-0.3489234627941631,0.3489234627941631,False,NEITHER
2026-03-09,44.0366,-0.0007125351729145,0.0019316658968822,0.0009179881972,0.0006976229193683,0.0007603323922518,0.0045534604451629,0.0106839207914311,-0.0007125351729145,0.0007125351729145,-1.874178229957316,1.207351161879723,-0.0007125351729145,False,0.6036755809398615,0,VOLATILITY_ACCELERATION,-0.3651014148235557,0.3651014148235557,False,NEITHER
2026-03-10,44.0652,0.0006494597675568,0.00242956977506,0.0009132215930516,0.0006949109102401,0.0007576637494251,0.004701887731999,0.010640312904836,-6.353816828541525e-05,0.0006494597675568,0.2000315772029927,1.2053125066951325,-6.353816828541525e-05,False,0.6026562533475662,0,VOLATILITY_ACCELERATION,-0.3461839277610955,0.3461839277610955,False,NEITHER
2026-03-11,44.0828,0.0003994081497418,0.0028961108393716,0.0008653920140175,0.000694328376803,0.0007578339263598,0.0045963974699361,0.0106070767429422,0.0,0.0003994081497418,-0.1474824275018036,1.1419283089823484,6.597146392950393e-05,False,0.5709641544911742,0,VOLATILITY_ACCELERATION,-0.3438792893922195,0.3438792893922195,False,NEITHER
2026-03-12,44.1219,0.0008869672525337,0.0028980961213245,0.0008655676720989,0.0006927353580465,0.000758217589972,0.004941356270762,0.0106180037987126,0.0,0.0008869672525337,0.5504294040792682,1.1415821573472915,0.0,False,0.5707910786736458,0,VOLATILITY_ACCELERATION,-0.34405235084480995,0.34405235084480995,False,NEITHER
2026-03-13,44.2207,0.0022392508028894,0.003465099391849,0.0010597328306519,0.0007288500364788,0.0007749253963042,0.0066277718105205,0.0106569856089744,0.0,0.0022392508028894,2.4475419849900213,1.3675288430421986,0.0,False,0.6837644215210993,0,VOLATILITY_ACCELERATION,-0.3673097711679862,0.3673097711679862,False,NEITHER
2026-03-16,44.1694,-0.0011600901840087,0.0030156733262787,0.0012155296416476,0.0007868520948677,0.0008048452210284,0.0049276707305323,0.0106728960293445,-0.0011600901840087,0.0011600901840087,-2.3596113530668203,1.5102650918327418,-0.0004475550110941,False,0.7551325459163709,0,VOLATILITY_ACCELERATION,-0.37430727754645976,0.37430727754645976,False,NEITHER
2026-03-17,44.1903,0.0004731782636846,0.0028389749734485,0.0012164013607199,0.0007867730201284,0.000804061097867,0.0048700278003057,0.0106852935927652,-0.0006874608497829,0.0004731782636846,-0.0722962576821549,1.512822052884724,-0.0006239226814974,False,0.756411026442362,0,VOLATILITY_ACCELERATION,-0.35575567295477556,0.35575567295477556,False,NEITHER
2026-03-18,44.2112,0.0004729544719088,0.0029127006451494,0.0012142997502088,0.0007839095616688,0.0008039940931617,0.0048294597727978,0.0106643141999398,-0.0002148315155572,0.0004729544719088,-0.0737218619386309,1.510334168542926,-0.0002148315155572,False,0.755167084271463,0,VOLATILITY_ACCELERATION,-0.3541188584210188,0.3541188584210188,False,NEITHER
2026-03-19,44.2949,0.0018931854371742,0.0039209553532373,0.0013528574284081,0.0008293604509077,0.0008212244912337,0.0061172384194325,0.0106992660389126,0.0,0.0018931854371742,1.7597942999212273,1.6473661499984549,0.0,False,0.8236830749992274,0,VOLATILITY_ACCELERATION,-0.3652835627136881,0.3652835627136881,False,NEITHER
2026-03-20,44.2976,6.0955098668324936e-05,0.0017390045838261,0.0010926586869621,0.0008011841303065,0.0008173992480243,0.0056433725022,0.0106965288853431,0.0,6.0955098668324936e-05,-0.6631592092999135,1.3367502962635671,0.0,False,0.6683751481317836,0,VOLATILITY_ACCELERATION,-0.3502457339927977,0.3502457339927977,False,NEITHER
2026-03-23,44.3048,0.0001625370223217,0.0030654706652115,0.0007392068603934,0.0008005385436381,0.0008187305986023,0.0052707464665329,0.0106745427685726,0.0,0.0001625370223217,-0.4613784835410695,0.9028694684861428,0.0011600901840087,False,0.4514347342430714,0,VOLATILITY_ACCELERATION,-0.34056144535572336,0.34056144535572336,False,NEITHER
2026-03-24,44.3373,0.0007335548292735,0.0033265218837617,0.0007360977086672,0.0007974130624149,0.0008173905670288,0.0054445621389653,0.0107281484970482,0.0,0.0007335548292735,0.2499400203541518,0.9005458814418448,0.0006874608497829,False,0.4502729407209224,0,VOLATILITY_ACCELERATION,-0.33951189205863913,0.33951189205863913,False,NEITHER
2026-03-25,44.3411,8.570661722751005e-05,0.0029381695136074,0.0007803501860002,0.0008044181596932,0.0008139187546344,0.0049882125331885,0.0107326016304676,0.0,8.570661722751005e-05,-0.5957841669264144,0.9587568557143292,0.0002148315155572,False,0.4793784278571646,0,VOLATILITY_ACCELERATION,-0.3417799898274405,0.3417799898274405,False,NEITHER
2026-03-26,44.333,-0.000182674764496,0.0008601441700963,0.0003394867742522,0.0008203372825747,0.000818913284585,0.0042933865084249,0.0106946845628423,-0.000182674764496,0.000182674764496,-0.898651350631264,0.4145576590862626,-0.000182674764496,False,0.224662837657816,0,LOCAL_RETURN_SHOCK,-0.34913067846294527,0.34913067846294527,False,NEITHER
2026-03-27,44.42,0.001962420770081,0.0027631293794696,0.0008560237098069,0.0008718294377912,0.0008288675857357,0.0057114083718117,0.0107343096179253,0.0,0.001962420770081,1.7709388852506478,1.0327629220137693,0.0,False,0.5163814610068846,0,VOLATILITY_ACCELERATION,-0.3499469660541511,0.3499469660541511,False,NEITHER
2026-03-30,44.4456,0.0005763169743357,0.0031779852295914,0.0008284802158936,0.0008709957408383,0.0008232768251321,0.0057286954203812,0.010743388360807,0.0,0.0005763169743357,0.0304376331913238,1.0063203415942932,0.0,False,0.5031601707971466,0,VOLATILITY_ACCELERATION,-0.3402810421947106,0.3402810421947106,False,NEITHER
2026-03-31,44.4499,9.674748456545146e-05,0.002539622394688,0.0008579770551279,0.0008724525969832,0.0008250726446875,0.0052669775726581,0.0107541039517282,0.0,9.674748456545146e-05,-0.5310037670678469,1.0398806222121963,0.0,False,0.5199403111060982,0,VOLATILITY_ACCELERATION,-0.34189746157982415,0.34189746157982415,False,NEITHER
2026-04-01,44.4705,0.000463443112358,0.002918285743926,0.0008276229837006,0.0008605233783259,0.0008227084538984,0.005147508880549,0.0108383025784477,0.0,0.000463443112358,-0.1066209935057228,1.0059735982764155,0.0,False,0.5029867991382078,0,VOLATILITY_ACCELERATION,-0.33964273093914377,0.33964273093914377,False,NEITHER
2026-04-02,44.461,-0.0002136247624831,0.0028872397536823,0.0008348677018873,0.0008751672302682,0.0008265873337025,0.004403144709641,0.0108401458414706,-0.0002136247624831,0.0002136247624831,-0.9256696405867592,1.010017535772911,-3.09499979871e-05,False,0.5050087678864555,0,VOLATILITY_ACCELERATION,-0.34450505838234763,0.34450505838234763,False,NEITHER
2026-04-03,44.5811,0.0027012437866895,0.0036267447095901,0.0011480173852498,0.0009709370301207,0.0008485350456656,0.0065329329426961,0.0108885917534686,0.0,0.0027012437866895,2.4832267975573483,1.3529404484988394,0.0,False,0.6764702242494197,0,VOLATILITY_ACCELERATION,-0.36477660449107846,0.36477660449107846,False,NEITHER
2026-04-06,44.5698,-0.0002534706411461,0.0027944273448889,0.0012317745763064,0.0009438353174887,0.0008453930080094,0.0056724739981053,0.0109819355754123,-0.0002534706411461,0.0002534706411461,-0.8578217362839055,1.4570437236129874,-0.0002534706411461,False,0.7285218618064937,0,VOLATILITY_ACCELERATION,-0.35374156429817377,0.35374156429817377,False,NEITHER
2026-04-07,44.6045,0.0007785540881941,0.0034780730665311,0.0012052810111268,0.0009446153839059,0.0008442029324963,0.0058434510750504,0.0110898611869221,0.0,0.0007785540881941,0.1866645700638127,1.4277147883895591,0.0,False,0.7138573941947796,0,VOLATILITY_ACCELERATION,-0.34929413828306183,0.34929413828306183,False,NEITHER
2026-04-08,44.5158,-0.0019885885953211,0.0010186528147873,0.0017144583783004,0.0011090834772265,0.0009056896321223,0.0033533917761434,0.0110734449371774,-0.0019885885953211,0.0019885885953211,-2.749708325787952,1.8929866451964503,-0.0019885885953211,False,0.9464933225982252,0,VOLATILITY_ACCELERATION,-0.40114421934587685,0.40114421934587685,False,NEITHER
2026-04-09,44.5674,0.0011591390023317,0.0023931085670587,0.0017404162700709,0.0011158671005021,0.000908568358085,0.0040123412638115,0.0110316718274363,-0.0008317546435898,0.0011591390023317,0.6038415167660106,1.915558972072498,-0.0006181298811067,False,0.957779486036249,0,VOLATILITY_ACCELERATION,-0.37099694334198235,0.37099694334198235,False,NEITHER
2026-04-10,44.6144,0.0010545824975207,0.0007469533053245,0.0013198542525188,0.0010482471662634,0.0008859367508495,0.00462564103026,0.0109137256031219,0.0,0.0010545824975207,0.4942753098103027,1.489783837563154,0.0,False,0.744891918781577,0,VOLATILITY_ACCELERATION,-0.35304404142701484,0.35304404142701484,False,NEITHER
2026-04-13,44.6864,0.0016138287189786,0.0026161212300706,0.0014361880077549,0.0010075863010778,0.0008886251461867,0.0056615497347463,0.0109666468461688,0.0,0.0016138287189786,1.1161730087991355,1.6161910496432847,0.0002534706411461,False,0.8080955248216424,0,VOLATILITY_ACCELERATION,-0.357364930975373,0.357364930975373,False,NEITHER
2026-04-14,44.7241,0.0008436571305812,0.0026813438106021,0.0014393699910426,0.0010088754134085,0.0008891639401953,0.0059057809989402,0.0110374638426047,0.0,0.0008436571305812,0.2591913563217389,1.6187903332274702,0.0,False,0.8093951666137351,0,VOLATILITY_ACCELERATION,-0.35321409173337,0.35321409173337,False,NEITHER
2026-04-15,44.745,0.0004673095713496,0.0051487337080318,0.0004211457483636,0.0010089139168423,0.0008892086928731,0.0057720910776135,0.0111253261743355,0.0,0.0004673095713496,-0.1325375173299984,0.4736185686656374,0.0019885885953211,False,0.2368092843328187,0,VOLATILITY_ACCELERATION,-0.34434080574240356,0.34434080574240356,False,NEITHER
2026-04-16,44.7541,0.0002033746787351,0.0041891606869595,0.0005452064677386,0.0009647730428869,0.0008697661075418,0.0054577311717485,0.0110296092601609,0.0,0.0002033746787351,-0.3938556932769342,0.6268426224143231,0.0008317546435898,False,0.3134213112071615,0,VOLATILITY_ACCELERATION,-0.33971626367888,0.33971626367888,False,NEITHER
2026-04-17,44.8573,0.0023059339814677,0.0054444304977765,0.0008642010873652,0.0010369141827498,0.0008635264910325,0.0071430407694084,0.0111271500622658,0.0,0.0023059339814677,1.8550304278009189,1.0007812109294916,0.0,False,0.5003906054647458,0,VOLATILITY_ACCELERATION,-0.3520676677685916,0.3520676677685916,False,NEITHER
2026-04-20,44.8643,0.0001560504087405,0.003981077016721,0.000887545319847,0.0010370686024042,0.0008582427070136,0.0066679187104936,0.01122298358126,0.0,0.0001560504087405,-0.4556299588210449,1.0341425713192058,0.0,False,0.5170712856596029,0,VOLATILITY_ACCELERATION,-0.3410248125089362,0.3410248125089362,False,NEITHER
2026-04-21,44.879,0.0003276547277011,0.0034634570622997,0.0009102215129763,0.0010388679166139,0.0008555443185965,0.0063861422384046,0.0112706676907679,0.0,0.0003276547277011,-0.2897788208524207,1.0639092484063206,0.0,False,0.5319546242031603,0,VOLATILITY_ACCELERATION,-0.3407479906875666,0.3407479906875666,False,NEITHER
2026-04-22,44.9199,0.0009113393792197,0.0039088166275562,0.0009044538209912,0.0010334159783084,0.0008527653019415,0.0066500228412804,0.0113809711766603,0.0,0.0009113393792197,0.2921056036054246,1.0606128309067222,0.0,False,0.5303064154533611,0,VOLATILITY_ACCELERATION,-0.34099760711679244,0.34099760711679244,False,NEITHER
2026-04-23,44.9251,0.0001157616112235,0.0038208789809202,0.0009191681132061,0.0010228734945662,0.0008534828302218,0.006099063081431,0.0115370391660374,0.0,0.0001157616112235,-0.5161525246776586,1.0769614579911702,0.0,False,0.5384807289955851,0,VOLATILITY_ACCELERATION,-0.34186401198450117,0.34186401198450117,False,NEITHER
2026-04-24,45.0098,0.0018853602996988,0.0033996696189917,0.0007455608200649,0.0010178582778218,0.0008532642956544,0.0073306514331754,0.0116489999261903,0.0,0.0018853602996988,1.1939664190431394,0.8737747774774776,0.0,False,0.4368873887387388,0,VOLATILITY_ACCELERATION,-0.3429839320955185,0.3429839320955185,False,NEITHER
2026-04-27,45.0347,0.0005532128558669,0.0037981201088617,0.0006953518839548,0.0010179716316803,0.0008434199204195,0.0072239472862867,0.0117502011373666,0.0,0.0005532128558669,-0.1051401940739987,0.8244432780398949,0.0,False,0.4122216390199474,0,VOLATILITY_ACCELERATION,-0.3380006976672419,0.3380006976672419,False,NEITHER
2026-04-28,45.049,0.0003175329246114,0.0037879631899107,0.0006969333089851,0.0010127362584186,0.000842945395326,0.0068692131673253,0.0118653432242479,0.0,0.0003175329246114,-0.3355128292112099,0.826783458156941,0.0,False,0.4133917290784705,0,VOLATILITY_ACCELERATION,-0.33784161208505475,0.33784161208505475,False,NEITHER
2026-04-29,45.1137,0.0014362139004195,0.0043143462029078,0.0007625045573332,0.0010255663510348,0.0008493097125075,0.0075910431587029,0.0120033198652165,0.0,0.0014362139004195,0.7564646325579416,0.8977932856578119,0.0,False,0.4488966428289059,0,VOLATILITY_ACCELERATION,-0.3408221569675148,0.3408221569675148,False,NEITHER
2026-04-30,45.1863,0.0016092672514114,0.0058141217270524,0.000685970781791,0.0010193258873567,0.0008585594830241,0.0083957662655627,0.0122892037674888,0.0,0.0016092672514114,0.8683143438676062,0.7989787491191739,0.0,False,0.3994893745595869,0,VOLATILITY_ACCELERATION,-0.342637596715048,0.342637596715048,False,NEITHER
2026-05-01,45.1846,-3.76220226041557e-05,0.0038835986829535,0.0007162442467117,0.0009321032067494,0.0008536747044557,0.0076792596653096,0.0123841361409446,-3.76220226041557e-05,3.76220226041557e-05,-0.8314513660736413,0.8390130842267077,-3.76220226041557e-05,False,0.4195065421133538,0,VOLATILITY_ACCELERATION,-0.341476510607212,0.341476510607212,False,NEITHER
2026-05-04,45.1901,0.0001217228878864,0.003450672481442,0.0007734646414276,0.0009161149532868,0.0008482201550959,0.0071053251774102,0.0124749525620337,0.0,0.0001217228878864,-0.5913848343943294,0.9118677937335172,0.0,False,0.4559338968667586,0,VOLATILITY_ACCELERATION,-0.3402080416566518,0.3402080416566518,False,NEITHER
2026-05-05,45.2168,0.0005908373736724,0.0037248329596661,0.0007499113357084,0.0009161400335133,0.0008477788941972,0.0070132905318684,0.0125496754227105,0.0,0.0005908373736724,-0.1101137917967263,0.8845600437110726,0.0,False,0.4422800218555363,0,VOLATILITY_ACCELERATION,-0.33836683418680086,0.33836683418680086,False,NEITHER
2026-05-06,45.2134,-7.519329098915062e-05,0.0022099716937427,0.0007044091173131,0.0006960008312289,0.0008516113923666,0.0061559831736903,0.0128417459635556,-7.519329098915062e-05,7.519329098915062e-05,-0.8268623708732459,0.8271485370288088,-7.519329098915062e-05,False,0.4135742685144044,0,VOLATILITY_ACCELERATION,-0.3416453049292613,0.3416453049292613,False,NEITHER
2026-05-07,45.2441,0.0006790022426981,0.0012791487685426,0.0003553096822535,0.0006904205927104,0.0008493097814739,0.0060816393286238,0.0130957249940555,0.0,0.0006790022426981,-0.1422353929060955,0.4183511010986972,0.0,False,0.2091755505493486,0,VOLATILITY_ACCELERATION,-0.3439005630457103,0.3439005630457103,False,NEITHER
2026-05-08,45.3532,0.002411364133666,0.0037313597995776,0.0009831176359058,0.0007820828455981,0.0008644834206428,0.0076799345531952,0.0134784676432562,0.0,0.002411364133666,2.4005262802871155,1.137231336576458,3.76220226041557e-05,False,0.6001315700717789,0,LOCAL_RETURN_SHOCK,-0.35846009923134636,0.35846009923134636,False,NEITHER
2026-05-11,45.3541,1.9844244728117744e-05,0.0036291134562658,0.0010001866314993,0.0007783349036585,0.0008542147376387,0.006953009185201,0.01364020071642,0.0,1.9844244728117744e-05,-1.0254491554200418,1.1708843074565878,0.0,False,0.5854421537282939,0,VOLATILITY_ACCELERATION,-0.3483129112095624,0.3483129112095624,False,NEITHER
2026-05-12,45.382,0.000615159379196,0.0036535093151217,0.0009994288263504,0.0007784432169068,0.0008539473140905,0.0068371166636067,0.0137715714622441,0.0,0.000615159379196,-0.163132649854387,1.1703635691094665,0.0,False,0.5851817845547332,0,VOLATILITY_ACCELERATION,-0.34358350424209866,0.34358350424209866,False,NEITHER
2026-05-13,45.4209,0.0008571680401923,0.0045893474058575,0.0008929364419164,0.0007763788491179,0.0008541124749651,0.0069451680226091,0.0139230146593893,0.0,0.0008571680401923,0.162454640891636,1.045455332979285,7.519329098915062e-05,False,0.5227276664896425,0,VOLATILITY_ACCELERATION,-0.3428304137198994,0.3428304137198994,False,NEITHER
2026-05-14,45.4325,0.0002553890389664,0.0041640788522701,0.0009399629370073,0.0007745356159891,0.0008509123455487,0.0064455045175684,0.0141620631405554,0.0,0.0002553890389664,-0.6373308752188788,1.104653072580792,0.0,False,0.552326536290396,0,VOLATILITY_ACCELERATION,-0.34447512603961855,0.34447512603961855,False,NEITHER
2026-05-15,45.5176,0.001873108457602,0.0036248820369897,0.000718585716167,0.0007338328341119,0.0008562075480323,0.0075937660038931,0.0142660991210992,0.0,0.001873108457602,1.446426046890774,0.8392658039729075,0.0,False,0.4196329019864537,0,VOLATILITY_ACCELERATION,-0.34437836856929027,0.34437836856929027,False,NEITHER
2026-05-18,45.578,0.0013269592421394,0.0049367091398573,0.0006306993052632,0.0007322416671392,0.0008583579450999,0.0081344403391798,0.0144301416761636,0.0,0.0013269592421394,0.8119022783490987,0.7347742382576724,0.0,False,0.3673871191288362,0,VOLATILITY_ACCELERATION,-0.34156179731052555,0.34156179731052555,False,NEITHER
2026-05-19,45.5808,6.143314757123264e-05,0.0043805914239127,0.0007494354904488,0.0007434175918672,0.0008596597218971,0.0074144668632099,0.0146008848905625,0.0,6.143314757123264e-05,-0.9945773628778024,0.8717815565383745,0.0,False,0.4358907782691872,0,VOLATILITY_ACCELERATION,-0.3453498132247305,0.3453498132247305,False,NEITHER
2026-05-20,45.5888,0.0001755124964897,0.0036965361760774,0.0008127716903048,0.0007545127210031,0.000861619394002,0.0068470271114886,0.0146923721552185,0.0,0.0001755124964897,-0.8082678765492627,0.9433070981952774,0.0,False,0.4716535490976387,0,VOLATILITY_ACCELERATION,-0.3418153749507583,0.3418153749507583,False,NEITHER
2026-05-21,45.5904,3.5096339451978764e-05,0.0034754856105212,0.0008505964693684,0.0007582294292786,0.0008647707572868,0.006143179605244,0.0147645968580665,0.0,3.5096339451978764e-05,-0.9337223239023548,0.9836091960800438,0.0,False,0.4918045980400219,0,VOLATILITY_ACCELERATION,-0.3447392575315873,0.3447392575315873,False,NEITHER
2026-05-22,45.7362,0.0031980416929877,0.0048025379193981,0.0013621469972814,0.0009055071867937,0.0009237036371935,0.0085524592289554,0.0149077094371927,0.0,0.0031980416929877,3.2476624498630757,1.4746580422916034,0.0,False,0.8119156124657689,0,LOCAL_RETURN_SHOCK,-0.37645668350081335,0.37645668350081335,False,NEITHER
2026-05-25,45.6907,-0.0009948356006838,0.0024726841897406,0.0015833199578881,0.0009900386326246,0.0009478014346546,0.0068208921940293,0.01497270121996,-0.0009948356006838,0.0009948356006838,-1.983460919663273,1.670518633963766,-0.0009948356006838,False,0.835259316981883,0,VOLATILITY_ACCELERATION,-0.37478480663928526,0.37478480663928526,False,NEITHER
2026-05-26,45.8839,0.0042284316064318,0.0066497297107552,0.0022530507637822,0.0012560587060525,0.0010520636423628,0.0101489545857975,0.0152261896407062,0.0,0.0042284316064318,3.5398936940131693,2.141553678941073,0.0,True,1.0707768394705366,1,VOLATILITY_ACCELERATION,-0.4125113421749564,0.4125113421749564,False,BASELINE_ONLY
2026-05-27,45.9088,0.0005426740098379,0.0070192678903591,0.0022116831254719,0.0012525929513972,0.0010473264349992,0.0098133281246632,0.0153848833983787,0.0,0.0005426740098379,-0.2998832908115236,2.111741909267849,0.0,True,1.0558709546339244,1,VOLATILITY_ACCELERATION,-0.37942259915644083,0.37942259915644083,False,BASELINE_ONLY
2026-05-28,45.8729,-0.0007819851531731,0.0061964799606935,0.0023629333792836,0.0012922797542756,0.0010649840495416,0.0082623048250005,0.0153292501007307,-0.0007819851531731,0.0007819851531731,-1.32257904282196,2.218750018181657,-0.0007819851531731,True,1.1093750090908283,1,VOLATILITY_ACCELERATION,-0.3926541419028036,0.3926541419028036,False,BASELINE_ONLY
2026-05-29,45.8248,-0.0010485493613876,0.0019371963564966,0.0022426327172914,0.0013436675528159,0.0010805833005754,0.0064969579828242,0.0153598574138509,-0.0018297145645278,0.0010485493613876,-1.3957154158936338,2.0753908709279703,-0.0018297145645278,True,1.0376954354639851,1,VOLATILITY_ACCELERATION,-0.38743168317925136,0.38743168317925136,False,BASELINE_ONLY
2026-06-01,45.9011,0.0016650372723938,0.0046048758281225,0.002145641448006,0.0013527192268653,0.0010732538024868,0.0073862245978508,0.0154503075742775,-0.0001677238350816,0.0016650372723938,0.7148183522153086,1.999192961659588,0.0008271117656021,False,0.999596480829794,0,VOLATILITY_ACCELERATION,-0.37528112094465604,0.37528112094465604,False,NEITHER
2026-06-02,45.9392,0.00083004546732,0.0012052157728528,0.0011374641879354,0.0013519999356919,0.0010733858648834,0.0074237944310906,0.0155623738778032,0.0,0.00083004546732,0.0357211613250944,1.0596973792448448,0.0,False,0.5298486896224224,0,VOLATILITY_ACCELERATION,-0.34125801618737867,0.34125801618737867,False,NEITHER
2026-06-03,45.9653,0.0005681422401782,0.0012307008678074,0.0011392060379636,0.0013378183044498,0.0010728193278896,0.0071658070261872,0.015610712563453,0.0,0.0005681422401782,-0.1668217017911086,1.0618806059400447,0.0,False,0.5309403029700224,0,VOLATILITY_ACCELERATION,-0.3409739332245997,0.3409739332245997,False,NEITHER
2026-06-04,46.0303,0.0014141102092228,0.003431219739759,0.0010644199356874,0.0013436568770228,0.0010765470912888,0.0077220605515944,0.0157207135638937,0.0,0.0014141102092228,0.4397146162789677,0.9887351369024816,0.0007819851531731,False,0.4943675684512408,0,VOLATILITY_ACCELERATION,-0.34246720061273145,0.34246720061273145,False,NEITHER
2026-06-05,46.0408,0.0002281106140955,0.0047136048602502,0.0005932133461172,0.0012991590594948,0.0010591855407653,0.0071938511490046,0.0156509314160546,0.0,0.0002281106140955,-0.4722163387921673,0.5600655629122182,0.0018297145645278,False,0.2800327814561091,0,VOLATILITY_ACCELERATION,-0.34067007640886937,0.34067007640886937,False,NEITHER
2026-06-08,46.1073,0.0014443710795644,0.0044922670698523,0.0005308157410344,0.0012958682694208,0.0010358994300694,0.0078183171596091,0.0157342443861614,0.0,0.0014443710795644,0.5318258802387055,0.5124201497039514,0.0001677238350816,False,0.2562100748519757,0,VOLATILITY_ACCELERATION,-0.3409279596909975,0.3409279596909975,False,NEITHER
2026-06-09,46.1238,0.0003578609027203,0.004018354694901,0.000584939351995,0.0012993302584536,0.0010364652264965,0.0073622899922587,0.0158158310283185,0.0,0.0003578609027203,-0.3602295998866252,0.5643598425122613,0.0,False,0.2821799212561307,0,VOLATILITY_ACCELERATION,-0.33881597796540697,0.33881597796540697,False,NEITHER
2026-06-10,46.127,6.937849873600577e-05,0.0035178710897134,0.0006710859978938,0.0013097816951333,0.0010393648840355,0.0066559716607805,0.0158374571746415,0.0,6.937849873600577e-05,-0.5713925182063676,0.6456693007447024,0.0,False,0.3228346503723512,0,VOLATILITY_ACCELERATION,-0.33899410051575185,0.33899410051575185,False,NEITHER
2026-06-11,46.2025,0.001636785396839,0.0037410140711662,0.0007344879767463,0.0013174823834781,0.001034926138137,0.0074571783000232,0.0159270153388653,0.0,0.001636785396839,0.6599334759577998,0.7097008662555114,0.0,False,0.3548504331277557,0,VOLATILITY_ACCELERATION,-0.3386462950080881,0.3386462950080881,False,NEITHER
2026-06-12,46.269,0.001439316054326,0.0049564733888203,0.0007200368192015,0.0013030972060997,0.0010357190019968,0.0080813837964464,0.0160162064684423,0.0,0.001439316054326,0.4537666946486925,0.6952047976461908,0.0,False,0.3476023988230954,0,VOLATILITY_ACCELERATION,-0.3385980109178294,0.3385980109178294,False,NEITHER
2026-06-15,46.2985,0.0006375759147592,0.0041468487636446,0.0006820263289504,0.0012980838609829,0.0010331474344915,0.0079329944493311,0.0160110850993049,0.0,0.0006375759147592,-0.1398367613258432,0.6601442409679731,0.0,False,0.3300721204839865,0,VOLATILITY_ACCELERATION,-0.3377073328942723,0.3377073328942723,False,NEITHER
2026-06-16,46.2902,-0.0001792714666781,0.0036076819342725,0.000805713879743,0.0013062389512658,0.0010398593063092,0.0069747218676701,0.016007066364639,-0.0001792714666781,0.0001792714666781,-0.7430946004760688,0.7748297051865041,-0.0001792714666781,False,0.387414852593252,0,VOLATILITY_ACCELERATION,-0.34010598279903387,0.34010598279903387,False,NEITHER
2026-06-17,46.3601,0.0015100388419146,0.0050534394172609,0.0007714063780118,0.0013081797359226,0.00104140931217,0.0076499506391696,0.0161083200682878,0.0,0.0015100388419146,0.5640211773876355,0.7407331286527572,0.0,False,0.3703665643263786,0,VOLATILITY_ACCELERATION,-0.33879915447150233,0.33879915447150233,False,NEITHER
2026-06-18,46.4529,0.0020017213077623,0.0054196201504246,0.0008580643478624,0.0013183646638776,0.0010466715938947,0.0087214759464262,0.0163140966506913,0.0,0.0020017213077623,0.8880297927863633,0.8198028425224705,0.0,False,0.4099014212612352,0,VOLATILITY_ACCELERATION,-0.3428466176545636,0.3428466176545636,False,NEITHER
2026-06-19,46.4438,-0.0001958973497886,0.0037779074542352,0.0009893501519183,0.0012274919140826,0.001042401945989,0.0077496420058349,0.0162803020881019,-0.0001958973497886,0.0001958973497886,-0.8603441500094091,0.949106202003138,-0.0001958973497886,False,0.474553101001569,0,VOLATILITY_ACCELERATION,-0.3435007348314392,0.3435007348314392,False,NEITHER
2026-06-22,46.4656,0.0004693845034213,0.0036091882026416,0.0009971620973579,0.001158503210257,0.001042783727764,0.0073757641940805,0.0163995367240501,0.0,0.0004693845034213,-0.2438048816164094,0.9562501512140732,0.0,False,0.4781250756070366,0,VOLATILITY_ACCELERATION,-0.34075402939963706,0.34075402939963706,False,NEITHER
2026-06-23,46.4739,0.0001786267690506,0.003968442564517,0.0009267215158899,0.000847642607912,0.0010419788208522,0.0069117270131073,0.0161148874119787,0.0,0.0001786267690506,-0.5724949698037606,0.8893861346739899,0.0001792714666781,False,0.4446930673369949,0,VOLATILITY_ACCELERATION,-0.3402182240997865,0.3402182240997865,False,NEITHER
2026-06-24,46.5056,0.0006821032880821,0.0031384746797353,0.0008360526474875,0.0008473787682654,0.0010413668956615,0.0069475343906957,0.0158827046195713,0.0,0.0006821032880821,0.0504098073025915,0.8028415834713282,0.0,False,0.4014207917356641,0,VOLATILITY_ACCELERATION,-0.3381250815772052,0.3381250815772052,False,NEITHER
2026-06-25,46.5673,0.0013267219431638,0.002462709540201,0.0005711428920453,0.0007895174134977,0.0010362682021118,0.0075260523437643,0.0158792922344972,0.0,0.0013267219431638,0.8029192105999728,0.5511535439197824,0.0,False,0.2755767719598912,0,VOLATILITY_ACCELERATION,-0.3427348788879245,0.3427348788879245,False,NEITHER
2026-06-26,46.6255,0.0012498040470458,0.0039122552418191,0.0004968217543011,0.0006722364525127,0.0010070027499584,0.0079122151921926,0.0160443892903423,0.0,0.0012498040470458,0.6307947516367017,0.4933668297545603,0.0001958973497886,False,0.2466834148772801,0,VOLATILITY_ACCELERATION,-0.34416563210913215,0.34416563210913215,False,NEITHER
2026-06-29,46.6471,0.0004632658094818,0.0039061154918906,0.0004977887975416,0.0006504789727081,0.0009991410274591,0.00756672412566,0.0160702783194393,0.0,0.0004632658094818,-0.6001347676337373,0.4982167520510283,0.0,False,0.2491083760255141,0,VOLATILITY_ACCELERATION,-0.34391149599443066,0.34391149599443066,False,NEITHER
2026-06-30,46.6592,0.0002593944746831,0.0039871842044674,0.0004741396296962,0.0006618136217481,0.0010012235833337,0.0070450114319697,0.0160549176141493,0.0,0.0002593944746831,-0.8412496819045211,0.4735601893410185,0.0,False,0.2367800946705092,0,VOLATILITY_ACCELERATION,-0.34554789422715565,0.34554789422715565,False,NEITHER
2026-07-01,46.6625,7.072560181065057e-05,0.0033737872428267,0.0005783257893063,0.0006792352709738,0.0009390738468356,0.0063590678370661,0.0159817644250934,0.0,7.072560181065057e-05,-1.0688077864703522,0.615846976523823,0.0,False,0.3079234882619115,0,VOLATILITY_ACCELERATION,-0.3455118344422834,0.3455118344422834,False,NEITHER
2026-07-02,46.7081,0.0009772301098311,0.003023580924812,0.000494799002372,0.0006637096706621,0.0009381408950544,0.0066067857453424,0.015849352773215,0.0,0.0009772301098311,0.3298176602324371,0.527425043488066,0.0,False,0.263712521744033,0,VOLATILITY_ACCELERATION,-0.3416016560086318,0.3416016560086318,False,NEITHER
2026-07-03,46.8088,0.0021559429734885,0.0039313251332424,0.0008376154456399,0.0007240253303794,0.000954189279053,0.0079428405746044,0.0159253744452625,0.0,0.0021559429734885,2.1463912903705262,0.8778294454022837,0.0,False,0.5365978225926316,0,LOCAL_RETURN_SHOCK,-0.35387114533505515,0.35387114533505515,False,NEITHER
2026-07-06,46.8181,0.0001986805899745,0.0036658227413923,0.0008707496805539,0.0007217657526501,0.0009512427355688,0.007372167793874,0.0158659258662616,0.0,0.0001986805899745,-0.8688554372886788,0.9153811619210224,0.0,False,0.4576905809605112,0,VOLATILITY_ACCELERATION,-0.342923337524109,0.342923337524109,False,NEITHER
2026-07-07,46.8496,0.0006728167097767,0.0040806529044647,0.0008334351681905,0.0007158156996547,0.0009512968058078,0.0072634310910368,0.0158356011859774,0.0,0.0006728167097767,-0.1283694888737863,0.8761042432837595,0.0,False,0.4380521216418797,0,VOLATILITY_ACCELERATION,-0.33967967713732955,0.33967967713732955,False,NEITHER
2026-07-08,46.8294,-0.0004311669683413,0.0035767479239217,0.0009652907227677,0.0007499503123629,0.0009632125030126,0.0060694716735609,0.0158193627909384,-0.0004311669683413,0.0004311669683413,-1.6937099449027726,1.0021575921705752,-0.0004311669683413,False,0.5010787960852876,0,VOLATILITY_ACCELERATION,-0.35815940422828757,0.35815940422828757,False,NEITHER
2026-07-09,46.9009,0.0015268186224892,0.0041277637069372,0.0010316672257738,0.0007435299703585,0.0009654099173315,0.0068502068565183,0.0157280195968165,0.0,0.0015268186224892,1.0275730035092907,1.0686312697361164,0.0,False,0.5343156348680582,0,VOLATILITY_ACCELERATION,-0.34624420217749785,0.34624420217749785,False,NEITHER
2026-07-10,46.9929,0.0019615828267687,0.0039330211413237,0.0009708317140132,0.0007773881820484,0.0009571832985038,0.0080419580419579,0.0156851877028407,0.0,0.0019615828267687,1.628570852859742,1.0142589361209438,0.0,False,0.5071294680604719,0,VOLATILITY_ACCELERATION,-0.3502591239032078,0.3502591239032078,False,NEITHER
2026-07-13,46.9933,8.511924141751948e-06,0.0037421424619965,0.0010027800346935,0.0007958252476751,0.0009589905201144,0.0072998927822887,0.0156449113354881,0.0,8.511924141751948e-06,-0.9883003382778508,1.0456620932747869,0.0,False,0.5228310466373934,0,VOLATILITY_ACCELERATION,-0.3469861705402179,0.3469861705402179,False,NEITHER
2026-07-14,47.0327,0.0008384173914153,0.0039082510843209,0.0010024226194543,0.0007655533707916,0.0009572314793331,0.0073428141203661,0.015668841837237,0.0,0.0008384173914153,0.1169423360003867,1.0472102527934877,0.0,False,0.5236051263967438,0,VOLATILITY_ACCELERATION,-0.34333655092310755,0.34333655092310755,False,NEITHER
2026-07-15,47.0397,0.0001488326207086,0.0044907686197133,0.0008489118568347,0.0007592357754468,0.000960540775836,0.0067600386911652,0.0155560516030424,0.0,0.0001488326207086,-0.8456674280322835,0.8837853407064947,0.0004311669683413,False,0.4418926703532473,0,VOLATILITY_ACCELERATION,-0.34287224790964793,0.34287224790964793,False,NEITHER
2026-07-16,47.1003,0.0012882735221524,0.0042515175614965,0.0008104887805375,0.0007115099321636,0.0009589459734775,0.0073591286206549,0.0153079399664699,0.0,0.0012882735221524,0.7377124215114869,0.845187114763475,0.0,False,0.4225935573817375,0,VOLATILITY_ACCELERATION,-0.3402819032941469,0.3402819032941469,False,NEITHER
2026-07-17,47.1623,0.0013163398109992,0.0036047998740236,0.0006174597302319,0.0006922219749167,0.0009506958297748,0.0079107303064147,0.0153080138508674,0.0,0.0013163398109992,0.8767781197839573,0.6494818962003477,0.0,False,0.3247409481001738,0,VOLATILITY_ACCELERATION,-0.3415785863173976,0.3415785863173976,False,NEITHER
2026-07-20,47.1697,0.0001569049855498,0.0037537265950677,0.0005769446273163,0.0007027655817,0.0009536654736316,0.0073110059944674,0.0152184079093966,0.0,0.0001569049855498,-0.882968708165494,0.6049758990637141,0.0,False,0.302487949531857,0,VOLATILITY_ACCELERATION,-0.3430665761051651,0.3430665761051651,False,NEITHER
2026-07-21,47.1865,0.0003561608405395,0.003270065294997,0.0005983310521761,0.000696226339136,0.0009533659710255,0.0069036376798528,0.0153414946931949,0.0,0.0003561608405395,-0.5639583417196958,0.627598498751217,0.0,False,0.3137992493756085,0,VOLATILITY_ACCELERATION,-0.3401186832795971,0.3401186832795971,False,NEITHER
2026-07-22,47.2159,0.000623059561527,0.0037457721881728,0.0005323173082183,0.0006967051486509,0.0009495555796213,0.0067680217422778,0.0154544586489948,0.0,0.000623059561527,-0.1986544990992186,0.5605962617065531,0.0,False,0.2802981308532765,0,VOLATILITY_ACCELERATION,-0.3398141224156623,0.3398141224156623,False,NEITHER
2026-07-23,47.2676,0.0010949701265887,0.00355199436097,0.0004884986015505,0.0006886361329515,0.000944062966232,0.0071184753834174,0.015449231870998,0.0,0.0010949701265887,0.4830655513014588,0.5174428179300631,0.0,False,0.2587214089650315,0,VOLATILITY_ACCELERATION,-0.3423235094725273,0.3423235094725273,False,NEITHER
2026-07-24,47.3323,0.001368802308558,0.0036045739923624,0.0005050741052544,0.0006937060574762,0.0009416011991098,0.0077382145547755,0.0153343687245979,0.0,0.001368802308558,0.903196913091396,0.5363991738029885,0.0,False,0.2681995869014942,0,VOLATILITY_ACCELERATION,-0.34464415204587334,0.34464415204587334,False,NEITHER
2026-07-27,47.3448,0.0002640902723933,0.0037121287606238,0.0004766769700849,0.0006994866052612,0.0009401060864154,0.0072562326436647,0.0152698508114546,0.0,0.0002640902723933,-0.7044596402842714,0.5070459355310174,0.0,False,0.2535229677655087,0,VOLATILITY_ACCELERATION,-0.34366850527484893,0.34366850527484893,False,NEITHER
2026-07-28,47.3771,0.0006822290937968,0.0040392908988799,0.0004309004468779,0.0006904377240864,0.0009398732711827,0.0071742706282202,0.0152557201126588,0.0,0.0006822290937968,-0.0866211318416449,0.4584665402130987,0.0,False,0.2292332701065493,0,VOLATILITY_ACCELERATION,-0.343338324002854,0.343338324002854,False,NEITHER
2026-07-29,47.3904,0.0002807263424735,0.0036957889185635,0.0004904434502684,0.0006808708087504,0.0009355064451679,0.0066781346426481,0.0152773555784426,0.0,0.0002807263424735,-0.6998962931424598,0.5242544856870309,0.0,False,0.2621272428435154,0,VOLATILITY_ACCELERATION,-0.3427418236249741,0.3427418236249741,False,NEITHER
2026-07-30,47.4289,0.0008124008237955,0.0034124855080435,0.0004539742045821,0.0006792829752962,0.0009354099671411,0.0067252419019674,0.0153125322254965,0.0,0.0008124008237955,0.0557222310991357,0.4853211110948331,0.0,False,0.2426605555474165,0,VOLATILITY_ACCELERATION,-0.34165471537892533,0.34165471537892533,False,NEITHER
2026-07-31,47.5127,0.0017668552296175,0.0038113508111798,0.0006119994623931,0.0006419318330507,0.0009200110770067,0.0077511405489036,0.0152308568046015,0.0,0.0017668552296175,1.473076092093871,0.6652087976856426,0.0,False,0.3682690230234677,0,LOCAL_RETURN_SHOCK,-0.3443957278092095,0.3443957278092095,False,NEITHER
2026-08-03,47.5316,0.0003977883807906,0.0039455230563862,0.0005872674256094,0.0006344852418304,0.0009160314499485,0.0073897487926246,0.0152221144592927,0.0,0.0003977883807906,-0.5436355279285706,0.6410996321604642,0.0,False,0.3205498160802321,0,VOLATILITY_ACCELERATION,-0.3407027451382346,0.3407027451382346,False,NEITHER
2026-08-04,47.528,-7.573908725977407e-05,0.0031850830886652,0.0007070160272263,0.0006612106751035,0.0009224876548964,0.0065898085111564,0.0151592828180138,-7.573908725977407e-05,7.573908725977407e-05,-1.3120239111362155,0.7664232940935144,-7.573908725977407e-05,False,0.3832116470467572,0,VOLATILITY_ACCELERATION,-0.3478379004085558,0.3478379004085558,False,NEITHER
2026-08-05,47.5669,0.0008184649048981,0.0037243829974002,0.0006797593620916,0.0006032800558063,0.0009224397487124,0.0066275198410283,0.0151855489363035,0.0,0.0008184649048981,0.1499854391296911,0.7369146473148532,0.0,False,0.3684573236574266,0,VOLATILITY_ACCELERATION,-0.338988402687796,0.338988402687796,False,NEITHER
2026-08-06,47.6245,0.0012109260851558,0.0041240678151928,0.000712373603718,0.0005866533379049,0.0009216505221875,0.0070754001303237,0.0152012142938642,0.0,0.0012109260851558,0.711363745455965,0.7729324582024977,0.0,False,0.3864662291012488,0,VOLATILITY_ACCELERATION,-0.34003567845106075,0.34003567845106075,False,NEITHER
2026-08-07,47.7111,0.0018183917941396,0.0041757256480898,0.0007295970797627,0.0005719845365482,0.0009205831359148,0.0081411170626433,0.0151832982967952,0.0,0.0018183917941396,1.793924670511546,0.792537959146608,0.0,False,0.4484811676278865,0,LOCAL_RETURN_SHOCK,-0.3485975825099627,0.3485975825099627,False,NEITHER
