Date,USDTRY,Baseline_Anomaly,IF_Anomaly,OCSVM_Anomaly,Baseline_Anomaly_Score,IF_Anomaly_Score,OCSVM_Anomaly_Score,Models_Flagging,Consensus_Class
2017-04-24,3.573,False,False,False,0.588893549648663,0.4397401994420187,-1.9323159868392459,0,NONE
2017-04-25,3.5797,False,False,False,0.5241594478821543,0.3885079534637988,-2.4586231195565666,0,NONE
2017-04-26,3.5783,False,False,False,0.4855439540683588,0.3864447740381037,-3.0223396074086057,0,NONE
2017-04-27,3.5612,False,False,False,0.4758120227242198,0.3881673069063018,-2.6976324751987484,0,NONE
2017-04-28,3.5516,False,False,False,0.4679124612020388,0.4024782437415766,-2.3542318645019407,0,NONE
2017-05-01,3.5545,False,False,False,0.1583993878412125,0.3835531533331583,-1.5542975018551246,0,NONE
2017-05-02,3.5273,False,False,False,0.2776379579834159,0.4086880542888201,-1.0161699963490527,0,NONE
2017-05-03,3.5349,False,False,False,0.2440415716889604,0.3901913099268765,-1.2250014237742217,0,NONE
2017-05-04,3.554,False,False,False,0.3048200363827033,0.3719050153896387,-2.4178009765927264,0,NONE
2017-05-05,3.5441,False,False,False,0.3058762455930517,0.3666369777005386,-3.2685334553882157,0,NONE
2017-05-08,3.5851,False,False,False,0.4463368609995353,0.3827830919099907,-2.6886415194769135,0,NONE
2017-05-09,3.6239,False,False,False,0.5118287546030139,0.3994580271469647,-2.2215651628880746,0,NONE
2017-05-10,3.5874,False,False,False,0.548099467232532,0.3870816380055884,-2.441569717446182,0,NONE
2017-05-11,3.5758,False,False,False,0.5619250239595105,0.3693268665440556,-4.051927459273925,0,NONE
2017-05-12,3.5731,False,False,False,0.5582097433836414,0.3683438059111186,-3.865668255494848,0,NONE
2017-05-15,3.5483,False,False,False,0.4761886847069073,0.3805789537091685,-3.12236504445349,0,NONE
2017-05-16,3.5392,False,False,False,0.448777386282352,0.3985769992535111,-0.5757221849686491,0,NONE
2017-05-17,3.5681,False,False,False,0.3527950279317547,0.3762679333632597,-1.7137186318281792,0,NONE
2017-05-18,3.6251,False,False,False,0.6018025684884698,0.4078246643851466,-2.4878769703416026,0,NONE
2017-05-19,3.5753,False,False,False,0.6838686385226426,0.4102779264887021,-2.5119265651389426,0,NONE
2017-05-22,3.5593,False,False,False,0.6639265662315534,0.3834123721232658,-3.341467721705392,0,NONE
2017-05-23,3.5704,False,False,False,0.6658733987588104,0.38487496066431,-3.2788501401250034,0,NONE
2017-05-24,3.5604,False,False,False,0.6377834323755389,0.3802255873818059,-3.608141284421496,0,NONE
2017-05-25,3.5667,False,False,False,0.4078005927238368,0.3749694293390869,-2.0338617932240943,0,NONE
2017-05-26,3.5777,False,False,False,0.217435073508067,0.3597789745368106,-2.887883415324289,0,NONE
2017-05-29,3.5772,False,False,False,0.1542659870903232,0.3601998663612142,-2.483116054346702,0,NONE
2017-05-30,3.5491,False,False,False,0.2723265247408659,0.3741494920241051,-2.530475076625164,0,NONE
2017-05-31,3.527,False,False,False,0.3144052952046082,0.3766158247264844,-2.647741993097414,0,NONE
2017-06-01,3.5246,False,False,False,0.2951708238739798,0.3639684359904248,-3.096877536919264,0,NONE
2017-06-02,3.5098,False,False,False,0.2228901154864483,0.3861080287897572,-1.5890741569044398,0,NONE
2017-06-05,3.5237,False,False,False,0.3114325047036433,0.3699460709769618,-2.0623028210769974,0,NONE
2017-06-06,3.5151,False,False,False,0.255599587324188,0.364981267354832,-2.939607474661887,0,NONE
2017-06-07,3.5503,False,False,False,0.4374146140382289,0.3812495086581826,-2.2973144675527877,0,NONE
2017-06-08,3.5244,False,False,False,0.4795177568074862,0.3675442015027257,-3.7732006604896746,0,NONE
2017-06-09,3.5373,False,False,False,0.457625620831879,0.3620985343435829,-3.8072548970708695,0,NONE
2017-06-12,3.5164,False,False,False,0.4955120544846427,0.366697134155086,-4.088343267353618,0,NONE
2017-06-13,3.5198,False,False,False,0.4918377218577238,0.3572647262410842,-4.357309100106567,0,NONE
2017-06-14,3.4878,False,False,False,0.3792483642753381,0.3953522663329138,-2.150774370014293,0,NONE
2017-06-15,3.513,False,False,False,0.4595403710037534,0.3697708750896136,-2.6963311273378103,0,NONE
2017-06-16,3.5027,False,False,False,0.433305261550848,0.3685362788159309,-3.1083684231259276,0,NONE
2017-06-19,3.5228,False,False,False,0.4523157480612301,0.3638102756487664,-3.4114322387685494,0,NONE
2017-06-20,3.5444,False,False,False,0.493915291360548,0.3646093551750621,-3.7589257473384734,0,NONE
2017-06-21,3.531,False,False,False,0.3706295472569684,0.3660524612141518,-2.862574932939868,0,NONE
2017-06-22,3.5077,False,False,False,0.4019104356697344,0.3678138465519788,-3.6856132107995396,0,NONE
2017-06-23,3.5088,False,False,False,0.3897908935480614,0.354578230387838,-4.104850421796437,0,NONE
2017-06-26,3.5008,False,False,False,0.3329346183459145,0.3606837731385884,-3.15972190194209,0,NONE
2017-06-27,3.5263,False,False,False,0.3721818225123981,0.3681442275893289,-1.896623141614203,0,NONE
2017-06-28,3.5128,False,False,False,0.3682440569467272,0.3610987773414809,-3.4574913958621103,0,NONE
2017-06-29,3.5265,False,False,False,0.3165237033302608,0.3561362270580923,-3.503774545186838,0,NONE
2017-06-30,3.5212,False,False,False,0.3286590182248351,0.3516562141550577,-3.867041678030551,0,NONE
2017-07-03,3.5571,False,False,False,0.4509789329294605,0.3821734444575332,-2.8390503170246912,0,NONE
2017-07-04,3.5594,False,False,False,0.3784343393384215,0.3535353313470382,-4.10032608074885,0,NONE
2017-07-05,3.6062,False,False,False,0.5299923978212084,0.4065341917947093,-2.2803162729770836,0,NONE
2017-07-06,3.6212,False,False,False,0.507407506630592,0.3799672731222617,-2.774923484541034,0,NONE
2017-07-07,3.6182,False,False,False,0.685253031941116,0.3864097420934799,-1.5480685877748108,0,NONE
2017-07-10,3.6083,False,False,False,0.588573326510868,0.3749764957262879,-1.962828994489401,0,NONE
2017-07-11,3.6139,False,False,False,0.606742592531662,0.3709926119232601,-2.6209478229645367,0,NONE
2017-07-12,3.5672,False,False,False,0.6181773419201942,0.3962949765004326,-0.9815303143589027,0,NONE
2017-07-13,3.5657,False,False,False,0.4283329761369653,0.357512669209546,-2.7409617212823427,0,NONE
2017-07-14,3.5381,False,False,False,0.4355514747385691,0.378089928399324,-2.9629048291862787,0,NONE
2017-07-17,3.5284,False,False,False,0.4643452001869144,0.3679164075093452,-2.988794000361482,0,NONE
2017-07-18,3.5231,False,False,False,0.412404474441747,0.372627529281538,-2.3787262182881506,0,NONE
2017-07-19,3.522,False,False,False,0.2427647963325785,0.3605772766510107,-2.2095814552256954,0,NONE
2017-07-20,3.5264,False,False,False,0.2722730312661165,0.3548958428321898,-2.4835234136181565,0,NONE
2017-07-21,3.5364,False,False,False,0.1750997084418557,0.3509108580604838,-2.6572107655318824,0,NONE
2017-07-24,3.5567,False,False,False,0.2299270284859256,0.3538338883177895,-2.6773409113920223,0,NONE
2017-07-25,3.5724,False,False,False,0.2719924967587099,0.3585498716103364,-2.15371784437961,0,NONE
2017-07-26,3.5385,False,False,False,0.4746624652617176,0.3721894514930001,-2.973058583353172,0,NONE
2017-07-27,3.5363,False,False,False,0.4802462515848134,0.3473745590741691,-4.470806093261961,0,NONE
2017-07-28,3.5279,False,False,False,0.4775017120597775,0.351039532325011,-4.3429505787111236,0,NONE
2017-07-31,3.5193,False,False,False,0.4035046646200996,0.3594897355959606,-3.106117558379159,0,NONE
2017-08-01,3.5271,False,False,False,0.3591949891821655,0.3626247143059779,-1.9970442347477224,0,NONE
2017-08-02,3.5305,False,False,False,0.174238399532526,0.3504176704904402,-2.4364685782088813,0,NONE
2017-08-03,3.5396,False,False,False,0.2078815804154075,0.3484190432574453,-2.7764322013341296,0,NONE
2017-08-04,3.528,False,False,False,0.229168772853345,0.3505558975053785,-2.970826553459462,0,NONE
2017-08-07,3.5291,False,False,False,0.2002225400708612,0.3478279124306459,-2.8399090630502712,0,NONE
2017-08-08,3.5338,False,False,False,0.1895251443176713,0.3495190842263958,-2.7340476697058893,0,NONE
2017-08-09,3.5376,False,False,False,0.1934509997310814,0.3478302204448356,-2.6478853139795326,0,NONE
2017-08-10,3.5418,False,False,False,0.1826031663833204,0.3487606289918525,-2.4315729029924427,0,NONE
2017-08-11,3.5369,False,False,False,0.1121209289406598,0.3567821325562478,-1.5748888478316552,0,NONE
2017-08-14,3.5257,False,False,False,0.240989164312968,0.3603312149884659,-2.058657738210247,0,NONE
2017-08-15,3.5352,False,False,False,0.2329161276152643,0.3495296520573117,-2.353064270587817,0,NONE
2017-08-16,3.5156,False,False,False,0.4298007004987842,0.378822897373403,-2.260023554961718,0,NONE
2017-08-17,3.5254,False,False,False,0.3619908073894539,0.3553813739494441,-2.357980087587647,0,NONE
2017-08-18,3.5185,False,False,False,0.3656293973124677,0.3555061482023443,-2.910939490672593,0,NONE
2017-08-21,3.497,False,False,False,0.4215249935050959,0.3868613630401517,-2.2845097217845485,0,NONE
2017-08-22,3.4944,False,False,False,0.3658424691662413,0.3733654378872453,-1.5237863721501306,0,NONE
2017-08-23,3.4787,False,False,False,0.3471378806282227,0.3842231270891519,-1.4846419640382305,0,NONE
2017-08-24,3.4838,False,False,False,0.3018806763313738,0.3793637744984351,-0.3371754505320208,0,NONE
2017-08-25,3.4389,True,False,True,1.0807355747277947,0.4635505842729073,0.13454024273401544,2,TWO_MODELS
2017-08-28,3.4441,False,False,False,0.5812711688354946,0.3967345821819288,-0.5800546109540576,0,NONE
2017-08-29,3.4465,False,False,False,0.5981511847013196,0.3931213582527924,-0.9545331780990391,0,NONE
2017-08-30,3.4517,False,False,False,0.634433356468073,0.3860264703590617,-1.3943792057546567,0,NONE
2017-08-31,3.4527,False,False,False,0.6327678132527893,0.3875120177973958,-1.5258611115070195,0,NONE
2017-09-01,3.4284,False,False,False,0.3794816916817555,0.3918696715054109,-1.6853045474170116,0,NONE
2017-09-04,3.4348,False,False,False,0.3740712926164525,0.3713446316842293,-1.6423926499176407,0,NONE
2017-09-05,3.4375,False,False,False,0.374907275679972,0.3684945147376847,-2.002123928355376,0,NONE
2017-09-06,3.4257,False,False,False,0.3822735899002463,0.3799099090983472,-1.7380112293011027,0,NONE
2017-09-07,3.4045,False,False,False,0.4208872177967703,0.4038013482616732,-0.9960328992478491,0,NONE
2017-09-08,3.4117,False,False,False,0.3848803635110729,0.3756522978042594,-1.0131152255268283,0,NONE
2017-09-11,3.406,False,False,False,0.3520626995548704,0.3792137388673168,-1.0806628559315996,0,NONE
2017-09-12,3.4331,False,False,False,0.5776165349826756,0.3917904711999831,-0.893373918456275,0,NONE
2017-09-13,3.4579,False,False,False,0.618571430855847,0.3858323514047763,-1.8552277857377781,0,NONE
2017-09-14,3.4331,False,False,False,0.6517811999780307,0.390289388400317,-1.455743835945869,0,NONE
2017-09-15,3.4376,False,False,False,0.6509066480013675,0.3758666744262276,-2.2419430134547937,0,NONE
2017-09-18,3.4895,False,False,False,0.8042861222326095,0.4387603113393863,-0.8360278131159866,0,NONE
2017-09-19,3.4887,False,False,False,0.813205203760816,0.3875355093325311,-1.719382769127062,0,NONE
2017-09-20,3.503,False,False,False,0.7871844578871692,0.3838879074033008,-2.244824564516021,0,NONE
2017-09-21,3.5023,False,False,False,0.6276985448529014,0.3785440511891028,-1.8346148344695692,0,NONE
2017-09-22,3.4962,False,False,False,0.6713478124416451,0.3792758369420964,-1.8280954088584132,0,NONE
2017-09-25,3.5494,False,False,False,0.6880143036133031,0.411883471708259,-1.7256091469416006,0,NONE
2017-09-26,3.5424,False,False,False,0.6744382525995692,0.3769194074400205,-1.843575311095261,0,NONE
2017-09-27,3.5774,False,False,False,0.7513793061815696,0.3962629175320887,-1.8038589172209374,0,NONE
2017-09-28,3.5603,False,False,False,0.8338214796502338,0.3955927280873939,-1.0493385166375138,0,NONE
2017-09-29,3.5637,False,False,False,0.8035141984412462,0.3852778770714468,-1.7485846841124904,0,NONE
2017-10-02,3.5635,False,False,False,0.5293108877124492,0.3552732631321542,-3.250759554725052,0,NONE
2017-10-03,3.5718,False,False,False,0.5086841682202018,0.3638696239339445,-2.0920410026817287,0,NONE
2017-10-04,3.5723,False,False,False,0.2712031718876856,0.34987702108252,-1.4721319875711796,0,NONE
2017-10-05,3.5836,False,False,False,0.320048642971644,0.3629444307967097,-0.7380532287801955,0,NONE
2017-10-06,3.6149,False,False,False,0.3578377434427715,0.3648560930861415,-1.930786346267352,0,NONE
2017-10-09,3.7011,False,False,False,0.863352766783929,0.4500429446948885,-1.3117771931214044,0,NONE
2017-10-10,3.7114,False,False,False,0.8208395045289106,0.3881182541055942,-1.956002921929123,0,NONE
2017-10-11,3.6484,True,False,False,1.1719847831983845,0.4613338098528322,-0.5044252863440679,1,ONE_MODEL
2017-10-12,3.654,True,False,False,1.175864220073857,0.4273354683556104,-0.9461139029227006,1,ONE_MODEL
2017-10-13,3.6349,True,False,False,1.184435038723207,0.434219215944445,-1.754243841082383,1,ONE_MODEL
2017-10-16,3.6463,False,False,False,0.682479680782849,0.3814408606476429,-1.693400199303058,0,NONE
2017-10-17,3.6663,False,False,False,0.7227373652335477,0.3797217575118176,-1.446531933745062,0,NONE
2017-10-18,3.6768,False,False,False,0.3298644378296906,0.3507242360857467,-3.626323318146394,0,NONE
2017-10-19,3.6456,False,False,False,0.483947542250561,0.3698431745989287,-3.3632283856472682,0,NONE
2017-10-20,3.6714,False,False,False,0.4861420825658792,0.3614525191598192,-3.5662539586217825,0,NONE
2017-10-23,3.7163,False,False,False,0.595465586886877,0.3834213790174151,-2.3144489586947348,0,NONE
2017-10-24,3.7414,False,False,False,0.5984513578829722,0.3722321841664324,-2.9455452758106855,0,NONE
2017-10-25,3.7668,False,False,False,0.5978676442607738,0.36996552622761,-2.9790164614856565,0,NONE
2017-10-26,3.8203,False,False,False,0.3550759265158725,0.4238050676628558,-0.0482756275716838,0,NONE
2017-10-27,3.7885,False,False,False,0.6452981295909781,0.3919359552842337,-1.609276714485457,0,NONE
2017-10-30,3.7798,False,False,False,0.6413014815831457,0.3750226573557605,-2.329635053248163,0,NONE
2017-10-31,3.792,False,False,False,0.6266506654710877,0.3687505031594321,-2.7510765338346452,0,NONE
2017-11-01,3.813,False,False,False,0.6150786395386348,0.3651329047504995,-3.1412499259355915,0,NONE
2017-11-02,3.7975,False,False,False,0.4042557205382404,0.3692428901413543,-2.3327253351082593,0,NONE
2017-11-03,3.8864,False,False,False,0.7304240687978008,0.4236092367180685,-1.9712260220908266,0,NONE
2017-11-06,3.828,False,False,False,0.9096519028515484,0.4201200609180852,-2.161180675450561,0,NONE
2017-11-07,3.8844,False,False,False,0.952690866277568,0.4254999483495457,-2.3736052633785025,0,NONE
2017-11-08,3.8665,False,False,False,0.9899287234936396,0.4124098122358942,-2.355448884742609,0,NONE
2017-11-09,3.8647,False,False,False,0.9694521987002744,0.4011823628397944,-2.8454787159628623,0,NONE
2017-11-10,3.8636,False,False,False,0.6749408862896291,0.3758695191565812,-2.744605068515856,0,NONE
2017-11-13,3.8706,False,False,False,0.4682474261051113,0.3624656625268705,-3.8165260034556123,0,NONE
2017-11-14,3.886,False,False,False,0.202661838458904,0.3565967188684076,-2.3952547619477365,0,NONE
2017-11-15,3.8811,False,False,False,0.1360334464852643,0.3606124163197076,-2.0589805019817344,0,NONE
2017-11-16,3.8629,False,False,False,0.2075686069824805,0.3632641123401162,-2.288426557064332,0,NONE
2017-11-17,3.8773,False,False,False,0.2406041675153709,0.3508509725244647,-2.994331821323337,0,NONE
2017-11-20,3.9285,False,False,False,0.4349827930144068,0.3752318834781276,-2.793919932987432,0,NONE
2017-11-21,3.9566,False,False,False,0.4503516411354307,0.36282294835173,-3.254079060237661,0,NONE
2017-11-22,3.9184,False,False,False,0.5762842204769284,0.3831744169441503,-2.6494757394137505,0,NONE
2017-11-23,3.9201,False,False,False,0.534439791839977,0.3585124169335412,-3.899343158722411,0,NONE
2017-11-24,3.9437,False,False,False,0.5468172203772692,0.3635862512208552,-3.591902968211503,0,NONE
2017-11-27,3.9062,False,False,False,0.5076336502055075,0.3809045426878547,-2.821524835442041,0,NONE
2017-11-28,3.9645,False,False,False,0.6422372373113059,0.3889112724485855,-2.05403440842006,0,NONE
2017-11-29,3.9613,False,False,False,0.5531512586328134,0.3619886373468554,-3.618259888664177,0,NONE
2017-11-30,3.919,False,False,False,0.6521716729316724,0.3830711470047869,-3.2397082113832116,0,NONE
2017-12-01,3.9131,False,False,False,0.6182753478482594,0.3668635869585125,-3.5392664476389815,0,NONE
2017-12-04,3.8742,False,False,False,0.6134245447431874,0.3846170538424433,-3.1705738830191414,0,NONE
2017-12-05,3.8444,False,False,False,0.6058771597931659,0.417748741561413,-0.4019601293302397,0,NONE
2017-12-06,3.8506,False,False,False,0.558456299659478,0.3987471776874937,-0.6941322132489063,0,NONE
2017-12-07,3.8631,False,False,False,0.3444144709461509,0.3691481422967921,-2.030760595075227,0,NONE
2017-12-08,3.8388,False,False,False,0.37482658595031,0.3829364410128389,-2.1993284052167255,0,NONE
2017-12-11,3.8367,False,False,False,0.2929270097549132,0.3635436976128697,-2.8018010425948496,0,NONE
2017-12-12,3.8479,False,False,False,0.2373758709410177,0.3554221393590362,-3.2494511926504703,0,NONE
2017-12-13,3.8119,False,False,False,0.3359712758952912,0.3810127007094277,-2.7364587651939374,0,NONE
2017-12-14,3.8869,False,False,False,0.6711185085405791,0.4031586335413351,-1.9443610508031846,0,NONE
2017-12-15,3.8617,False,False,False,0.6509439228614035,0.3740725609426569,-3.5056130236808336,0,NONE
2017-12-18,3.83,False,False,False,0.7034885590759052,0.3862669760941202,-3.601101996752922,0,NONE
2017-12-19,3.8336,False,False,False,0.6986311406480321,0.3762847912676176,-3.799385505745537,0,NONE
2017-12-20,3.8203,False,False,False,0.6564554895599215,0.3758266249083616,-3.757648905580643,0,NONE
2017-12-21,3.8175,False,False,False,0.350107201412536,0.3787995521413962,-1.5357200413304355,0,NONE
2017-12-22,3.8157,False,False,False,0.232059528313782,0.3710870143992855,-2.038974256438836,0,NONE
2017-12-25,3.8074,False,False,False,0.1140118552150319,0.3758161906188083,-1.4483336245218368,0,NONE
2017-12-26,3.812,False,False,False,0.108967082860386,0.3688360570262115,-1.4004755593289921,0,NONE
2017-12-27,3.8156,False,False,False,0.1067731458796492,0.3645726433767198,-1.6098516395258429,0,NONE
2017-12-28,3.7749,False,False,False,0.3253216373806644,0.3899976613022907,-1.9870599586059488,0,NONE
2017-12-29,3.79,False,False,False,0.3271487143370785,0.3654672156584989,-2.460483710224011,0,NONE
2018-01-01,3.7875,False,False,False,0.3481845008396169,0.3585525514822999,-3.334302370884494,0,NONE
2018-01-02,3.7667,False,False,False,0.3548196384985297,0.3758066916808653,-2.5717847058751886,0,NONE
2018-01-03,3.7812,False,False,False,0.4033963231329777,0.367179591753009,-2.296865399556495,0,NONE
2018-01-04,3.748,False,False,False,0.3582513725878023,0.3835997638657019,-2.5719658295079917,0,NONE
2018-01-05,3.7367,False,False,False,0.3037503963417495,0.3793512881944926,-1.7940406468717338,0,NONE
2018-01-08,3.7443,False,False,False,0.3315425312053688,0.3735617602062653,-1.7920368182893913,0,NONE
2018-01-09,3.7679,False,False,False,0.3812080918375949,0.3646791971334329,-2.83819378033847,0,NONE
2018-01-10,3.7994,False,False,False,0.4391530219027725,0.3685983481379533,-3.218693837783409,0,NONE
2018-01-11,3.7741,False,False,False,0.3959024948272703,0.3695775873958787,-2.6692874703337583,0,NONE
2018-01-12,3.7483,False,False,False,0.4488466160137435,0.3761324007888912,-2.9442721975459776,0,NONE
2018-01-15,3.8007,False,False,False,0.745258027154645,0.4165594759205701,-1.690780695071707,0,NONE
2018-01-16,3.798,False,False,False,0.5839734120994575,0.3674584559544686,-3.635106727628287,0,NONE
2018-01-17,3.8182,False,False,False,0.5560039679710644,0.3658027581812875,-3.6264989506743586,0,NONE
2018-01-18,3.7701,False,False,False,0.6580247297597615,0.402321110748458,-2.6550889061873573,0,NONE
2018-01-19,3.8065,False,False,False,0.6539760625545084,0.3912248887551404,-2.756999659879506,0,NONE
2018-01-22,3.775,False,False,False,0.5788221419839344,0.3796848234875514,-3.329043152161578,0,NONE
2018-01-23,3.7673,False,False,False,0.5791531504827798,0.367953889794939,-3.5021378735982793,0,NONE
2018-01-24,3.7384,False,False,False,0.53834180505888,0.394872161498491,-2.36896018824962,0,NONE
2018-01-25,3.7525,False,False,False,0.4795188647196634,0.3639002111327069,-3.485432845535861,0,NONE
2018-01-26,3.7548,False,False,False,0.3544930666969718,0.36552042137179,-2.3813430518868177,0,NONE
2018-01-29,3.7934,False,False,False,0.4607895831002939,0.3695504001049448,-3.376645280085759,0,NONE
2018-01-30,3.781,False,False,False,0.4892284475568865,0.3572639281384066,-4.402813434554062,0,NONE
2018-01-31,3.7555,False,False,False,0.4675053097178314,0.3639993145760475,-3.68331380428641,0,NONE
2018-02-01,3.7315,False,False,False,0.4971883904324067,0.3729011058468215,-3.6680680978744444,0,NONE
2018-02-02,3.7734,False,False,False,0.622875682038547,0.3784256159492026,-3.0674030256772333,0,NONE
2018-02-05,3.79,False,False,False,0.5374830709278109,0.3580874277441983,-4.2638582733106585,0,NONE
2018-02-06,3.7695,False,False,False,0.5554818400971644,0.3647419436900627,-4.411252267300824,0,NONE
2018-02-07,3.8047,False,False,False,0.5563999266291606,0.3735381789241016,-3.8344217604245507,0,NONE
2018-02-08,3.8216,False,False,False,0.4545339891537379,0.3727581735153234,-3.5655808772333604,0,NONE
2018-02-09,3.8226,False,False,False,0.3755857508338098,0.3539957178834336,-4.283310772337426,0,NONE
2018-02-12,3.7997,False,False,False,0.4560687719848379,0.3597234353724151,-4.544816072763723,0,NONE
2018-02-13,3.8106,False,False,False,0.396888345258627,0.3557824819369485,-4.5746112109919626,0,NONE
2018-02-14,3.7824,False,False,False,0.3744284990047264,0.364846208468101,-3.720100167745194,0,NONE
2018-02-15,3.7644,False,False,False,0.3086897142087875,0.3690920603365646,-2.459918573204666,0,NONE
2018-02-16,3.7474,False,False,False,0.37936688106949,0.3835773212316514,-1.7197314082132777,0,NONE
2018-02-19,3.7573,False,False,False,0.3368606158415064,0.3633698567612358,-2.366507871384945,0,NONE
2018-02-20,3.7984,False,False,False,0.5458433267344422,0.3731282016086631,-2.6818886039277796,0,NONE
2018-02-21,3.7891,False,False,False,0.4837635826399447,0.3567891734925544,-4.054662805041193,0,NONE
2018-02-22,3.7843,False,False,False,0.4546187597826376,0.3572668355786528,-3.740680995469594,0,NONE
2018-02-23,3.7905,False,False,False,0.599194968209152,0.3656176582034691,-2.861956729704941,0,NONE
2018-02-26,3.7864,False,False,False,0.52815521825771,0.3630366309399002,-2.8833935591134114,0,NONE
2018-02-27,3.8155,False,False,False,0.4550693814620739,0.3653605996503392,-2.232294796444549,0,NONE
2018-02-28,3.7988,False,False,False,0.3422194033684766,0.3551408299299852,-3.362551349892069,0,NONE
2018-03-01,3.8056,False,False,False,0.335495575708088,0.3477315304088676,-3.9336137041745047,0,NONE
2018-03-02,3.8071,False,False,False,0.3378788870403847,0.3390856077460977,-4.487731626816707,0,NONE
2018-03-05,3.8084,False,False,False,0.329264833404203,0.3401805960007478,-4.3031330645009,0,NONE
2018-03-06,3.7942,False,False,False,0.209331776010114,0.3585482389373137,-2.6445568023980197,0,NONE
2018-03-07,3.8027,False,False,False,0.1819517856944304,0.3452865295128319,-3.1392203219311803,0,NONE
2018-03-08,3.8236,False,False,False,0.3001895048397299,0.3537455277560071,-2.5705351856242196,0,NONE
2018-03-09,3.8111,False,False,False,0.3253227736957462,0.3544589725398834,-1.992027186860815,0,NONE
2018-03-12,3.8438,False,False,False,0.4630619254501229,0.3701997433619317,-1.974880171273913,0,NONE
2018-03-13,3.8733,False,False,False,0.4769868018214999,0.3738633398458126,-1.7582708062639938,0,NONE
2018-03-14,3.8796,False,False,False,0.4332501479327959,0.3632369416398187,-1.8918620861634352,0,NONE
2018-03-15,3.8956,False,False,False,0.3989821180576491,0.3539590900121312,-2.7481077815108197,0,NONE
2018-03-16,3.9196,False,False,False,0.2439648682509356,0.3656796767289855,-1.2370969294064125,0,NONE
2018-03-19,3.9362,False,False,False,0.1880563345943482,0.3570543043113446,-0.9440905727320406,0,NONE
2018-03-20,3.9339,False,False,False,0.2151887397892616,0.3506859469757052,-1.200342559597388,0,NONE
2018-03-21,3.9085,False,False,False,0.5176474338687393,0.3743634100074957,-1.826752818941216,0,NONE
2018-03-22,3.9343,False,False,False,0.4574314504081578,0.3522400735315962,-3.1369164885614502,0,NONE
2018-03-23,3.9824,False,False,False,0.5877688413355253,0.3775541891655028,-2.3329750095146355,0,NONE
2018-03-26,3.9657,False,False,False,0.6234192805406502,0.3690558619386601,-2.741633846669764,0,NONE
2018-03-27,3.9819,False,False,False,0.6246910558938225,0.3553600440133653,-3.376708861761122,0,NONE
2018-03-28,4.0103,False,False,False,0.482698373245893,0.3642575094942099,-2.8271647311997796,0,NONE
2018-03-29,3.9422,True,False,False,1.0199907453456727,0.4391779152365483,-1.6010755498806706,1,ONE_MODEL
2018-03-30,3.9552,False,False,False,0.743601869202241,0.3741901743451938,-2.3946255228242617,0,NONE
2018-04-02,3.9735,False,False,False,0.7533321012553043,0.3657016475173151,-3.260367271623428,0,NONE
2018-04-03,3.9887,False,False,False,0.7545693092289998,0.3653769784082812,-3.031254061688454,0,NONE
2018-04-04,3.9991,False,False,False,0.7170162027807111,0.361333118634059,-2.941750105542578,0,NONE
2018-04-05,4.0515,False,False,False,0.4115550326961292,0.3851650031044361,-1.404108246686528,0,NONE
2018-04-06,4.0449,False,False,False,0.4152369056819544,0.3650123924686862,-2.1563607820708146,0,NONE
2018-04-09,4.0737,False,False,False,0.4365557248710527,0.3630143041278957,-2.7897019694113006,0,NONE
2018-04-10,4.1121,False,False,False,0.4514445743620392,0.3717628055786413,-2.5011530159653272,0,NONE
2018-04-11,4.136,False,False,False,0.4260725735771251,0.3682560494039361,-2.3584842850403263,0,NONE
2018-04-12,4.1102,False,False,False,0.529454633136748,0.3767910290835532,-1.8665030840459096,0,NONE
2018-04-13,4.0969,False,False,False,0.560240265227868,0.3667480151939296,-2.6313104460205903,0,NONE
2018-04-16,4.0963,False,False,False,0.534802593216003,0.3570298993071251,-3.034219726427972,0,NONE
2018-04-17,4.0976,False,False,False,0.3744704715180542,0.3559661116327215,-2.5489817486420723,0,NONE
2018-04-18,4.0086,False,False,False,0.830567224733666,0.4722052645762619,-0.8279202410891529,0,NONE
2018-04-19,4.0403,False,False,False,0.8296793397268752,0.4006107789177207,-1.3968972495061642,0,NONE
2018-04-20,4.0766,False,False,False,0.9181313153338256,0.3980240483223347,-1.967211781082833,0,NONE
2018-04-23,4.1079,False,False,False,0.970288061343468,0.3904976192321343,-2.1776766234789875,0,NONE
2018-04-24,4.086,False,False,False,0.9867245801238002,0.3999475572609592,-2.598932426869208,0,NONE
2018-04-25,4.0809,False,False,False,0.4876443833406245,0.3656569513842771,-2.7821197832571816,0,NONE
2018-04-26,4.0664,False,False,False,0.5002399399384112,0.3547120480139598,-3.5695288834224606,0,NONE
2018-04-27,4.0422,False,False,False,0.4244161957315097,0.3671941727966712,-3.031596671073764,0,NONE
2018-04-30,4.0617,False,False,False,0.3335001071028715,0.3621344475001523,-1.6186944028721868,0,NONE
2018-05-01,4.103,False,False,False,0.4995815282789111,0.3593119508799657,-3.1893034611153688,0,NONE
2018-05-02,4.1771,False,False,False,0.7213203377748763,0.4045927787620498,-2.3273994324377334,0,NONE
2018-05-03,4.2131,False,False,False,0.6356601623675026,0.38239255947974,-2.70698699884786,0,NONE
2018-05-04,4.226,False,False,False,0.453578336557058,0.3887228727180043,-1.847271934805205,0,NONE
2018-05-07,4.2669,False,False,False,0.3889813998521221,0.3956793533465899,-1.6540442002285687,0,NONE
2018-05-08,4.3327,False,False,False,0.4157314961555839,0.4150390219950202,-1.4669283692960349,0,NONE
2018-05-09,4.2876,False,False,False,0.6817739473728821,0.3991246570314036,-1.1845381863322846,0,NONE
2018-05-10,4.2352,False,False,False,0.825363217295957,0.4113036960408373,-2.129966363310624,0,NONE
2018-05-11,4.3136,False,False,False,0.9526533847078874,0.4270182109062034,-1.6171367408520005,0,NONE
2018-05-14,4.3674,False,False,False,0.9593256713403586,0.4186351163187672,-2.3299385333724327,0,NONE
2018-05-15,4.445,False,False,False,0.9667972221499116,0.4391099550599543,-1.9465491883238606,0,NONE
2018-05-16,4.4139,False,False,False,0.9069072662644844,0.4183602358346609,-1.9701889565445363,0,NONE
2018-05-17,4.4606,False,False,False,0.64346976223248,0.4223635048773917,-2.0460655429178143,0,NONE
2018-05-18,4.4917,False,False,False,0.5795933290343895,0.3959822347591136,-2.799305368831133,0,NONE
2018-05-21,4.5749,False,False,False,0.6258714120373501,0.4291741449985621,-1.766147419620543,0,NONE
2018-05-22,4.6691,False,False,False,0.6420669050620752,0.446477936771939,-1.4978016797619507,0,NONE
2018-05-23,4.5762,False,False,True,0.8994319124870696,0.4732257478392613,0.00017524387280509757,1,ONE_MODEL
2018-05-24,4.7073,False,False,False,0.98513651032572,0.4962612596599632,-1.5516911204043868,0,NONE
2018-05-25,4.7081,True,False,False,1.0159646563295168,0.4576438539211349,-1.6865403582999967,1,ONE_MODEL
2018-05-28,4.5822,True,False,True,1.170558002100823,0.5184561140736196,0.033528410153504495,2,TWO_MODELS
2018-05-29,4.5488,True,False,False,1.0351259077932369,0.4836594889020655,-0.3532153780689651,1,ONE_MODEL
2018-05-30,4.465,False,False,False,0.988799644851814,0.4981424358843083,-1.613265551538035,0,NONE
2018-05-31,4.5245,False,False,False,0.779932456829718,0.4801672491571086,-0.057779618736903515,0,NONE
2018-06-01,4.6508,False,False,True,0.9994244456337176,0.5000053640733192,1.3201356261167287,1,ONE_MODEL
2018-06-04,4.5921,False,False,False,0.8467488506636761,0.4474221597540849,-1.6755859429525426,0,NONE
2018-06-05,4.5985,False,False,False,0.8260555768021655,0.4334629813484874,-2.6977952124621556,0,NONE
2018-06-06,4.5554,False,False,False,0.7242542627958874,0.4448458400223423,-0.8659481021964268,0,NONE
2018-06-07,4.4844,False,False,False,0.751730925020255,0.459114568659985,-1.7967669995616475,0,NONE
2018-06-08,4.474,False,False,False,0.75104606953973,0.4627050761865468,-0.26888749261716605,0,NONE
2018-06-11,4.524,False,False,False,0.4321386452588908,0.4300752410973779,-1.1623130909983796,0,NONE
2018-06-12,4.5976,False,False,False,0.562194400345385,0.4265734653686284,-2.0392040983327853,0,NONE
2018-06-13,4.6452,False,False,False,0.5394619008614424,0.4190339866949414,-3.009693172773364,0,NONE
2018-06-14,4.7259,False,False,False,0.95027718187804,0.4709631839721202,-0.5708130407943113,0,NONE
2018-06-15,4.7301,False,False,False,0.9944563624392,0.4537051228588535,-0.4230790826182709,0,NONE
2018-06-18,4.7042,False,False,False,0.67254502907543,0.4350916546686817,-1.1914266111731049,0,NONE
2018-06-19,4.7402,False,False,False,0.4694037934623299,0.4094400194501037,-2.8137489635291058,0,NONE
2018-06-20,4.7327,False,False,False,0.3720201407464003,0.3898949719949365,-3.484832171006957,0,NONE
2018-06-21,4.7225,False,False,False,0.2079197623218334,0.3790224133937942,-2.7635775008723638,0,NONE
2018-06-22,4.6773,False,False,False,0.2674292305226706,0.397435902215481,-1.7475493755460825,0,NONE
2018-06-25,4.681,False,False,False,0.2596433461858702,0.3695088340723381,-3.5476906705886666,0,NONE
2018-06-26,4.6155,False,False,False,0.526138137631322,0.4273069297516517,-1.0150981448647514,0,NONE
2018-06-27,4.6225,False,False,False,0.46495928441838,0.3937563379200883,-2.0283541979027877,0,NONE
2018-06-28,4.5853,False,False,False,0.5788785283321379,0.4178759788339555,-1.7032322099752282,0,NONE
2018-06-29,4.5872,False,False,False,0.38015273617147,0.3842220408790993,-2.761879564832112,0,NONE
2018-07-02,4.6161,False,False,False,0.3362447372082268,0.3770426081517956,-2.5886208658145584,0,NONE
2018-07-03,4.6705,False,False,False,0.3103093819300339,0.3807414237855366,-3.641671354720204,0,NONE
2018-07-04,4.6667,False,False,False,0.3098532343219792,0.3593938069408811,-4.906284007753555,0,NONE
2018-07-05,4.5925,False,False,False,0.4605156310181418,0.4007929780690409,-2.932272576802845,0,NONE
2018-07-06,4.5704,False,False,False,0.4322802008874121,0.3806015634608191,-4.4287936010476,0,NONE
2018-07-09,4.7338,False,False,False,0.9207876049246032,0.4956727292187599,-0.311466659418528,0,NONE
2018-07-10,4.7077,False,False,False,0.7565455208611,0.4121043342886746,-2.3261358635585587,0,NONE
2018-07-11,4.8762,False,False,False,0.9244163517252594,0.5063649751911045,-1.045686675251833,0,NONE
2018-07-12,4.8552,False,False,False,0.8295645639510812,0.47010600847595,-1.061851972432608,0,NONE
2018-07-13,4.8552,False,False,False,0.8012885842744705,0.4710241724613129,-1.511963419002372,0,NONE
2018-07-16,4.8463,False,False,False,0.6505217967636697,0.4129003765445965,-2.4568535403196528,0,NONE
2018-07-17,4.8065,False,False,False,0.6650647978455256,0.4205126834996778,-2.3087150695433323,0,NONE
2018-07-18,4.7953,False,False,False,0.3318157581723459,0.3990450709014364,-0.20676973780053132,0,NONE
2018-07-19,4.8066,False,False,False,0.199335548172756,0.3861382947198246,-1.1899773721590385,0,NONE
2018-07-20,4.7927,False,False,False,0.25634715557196,0.3925184812615676,-1.1965713153877964,0,NONE
2018-07-23,4.7395,False,False,False,0.43804601944137,0.4157919696677718,-1.1240039761748477,0,NONE
2018-07-24,4.8861,False,False,False,0.773288321552905,0.4581159060650426,-1.560096069918174,0,NONE
2018-07-25,4.7728,False,False,False,0.7092087739307583,0.4563471818379548,-2.2736703647503003,0,NONE
2018-07-26,4.8649,False,False,False,0.7709807329019508,0.4509891274239379,-1.8495341715024018,0,NONE
2018-07-27,4.8529,False,False,False,0.7693377719522202,0.4319774504264558,-2.571640178114839,0,NONE
2018-07-30,4.8823,False,False,False,0.7223163187021991,0.4444039547790143,-2.232933131563758,0,NONE
2018-07-31,4.9142,False,False,False,0.5505823970833643,0.4020167791123415,-3.008582307160493,0,NONE
2018-08-01,4.995,False,False,False,0.4637645565993299,0.4394290523375658,-1.9010962820023618,0,NONE
2018-08-02,5.066,False,False,False,0.35535535535535,0.4219596112577941,-1.9049705862638397,0,NONE
2018-08-03,5.0815,False,False,False,0.2041080441678649,0.4101676499576464,-1.8366641298844506,0,NONE
2018-08-06,5.3301,True,True,False,1.223064055889005,0.5488395860756335,-0.8656358739559504,2,TWO_MODELS
2018-08-07,5.2443,False,False,True,0.7731260272418231,0.5044197529840476,0.259674496064644,1,ONE_MODEL
2018-08-08,5.28,False,False,False,0.7778981619688894,0.4747325995823032,-1.221799389413631,0,NONE
2018-08-09,5.5457,True,True,False,1.25804924242424,0.5837821968323385,-1.2554055407869864,2,TWO_MODELS
2018-08-10,6.4275,True,True,True,3.975151919505202,0.7402226079028548,2.795701346889886,3,ALL_THREE
2018-08-13,6.8834,True,True,True,1.7732399844418476,0.7201491040574688,1.321568554415193,3,ALL_THREE
2018-08-14,6.3544,True,True,True,1.9212888979283496,0.7429854973933284,4.091469578426573,3,ALL_THREE
2018-08-15,5.9905,True,True,True,2.40636847132535,0.7402290926415404,3.98651095445711,3,ALL_THREE
2018-08-16,5.827,True,True,True,3.069413371299068,0.7196670023118539,4.163378022425425,3,ALL_THREE
2018-08-17,6.014,True,True,True,2.526077229276228,0.6851908712720123,4.767860213025216,3,ALL_THREE
2018-08-20,6.0808,True,True,True,2.331987099398552,0.6688335927051877,4.101097666058134,3,ALL_THREE
2018-08-21,6.0758,False,True,True,0.809483685388034,0.6169727365090825,2.3750484496976556,2,TWO_MODELS
2018-08-22,6.0512,False,True,False,0.3618837561945867,0.5782271555672066,-2.65274823281203e-05,1,ONE_MODEL
2018-08-23,6.1247,False,True,False,0.8649795159368919,0.5921175591372062,-0.20240405959476426,1,ONE_MODEL
2018-08-24,6.0068,False,True,True,0.4812480611295225,0.5724205902653152,1.1493663490009922,2,TWO_MODELS
2018-08-27,6.1217,False,True,True,0.4782080308983125,0.5687651075618582,0.4649169895213072,2,TWO_MODELS
2018-08-28,6.273,False,True,False,0.6178839211330149,0.5974434586803394,-0.42517054819175293,1,ONE_MODEL
2018-08-29,6.4752,True,True,False,1.23194932736729,0.6324827636572323,-0.00041541977947723296,2,TWO_MODELS
2018-08-30,6.6519,True,True,True,1.531801144783102,0.6411149617189245,0.028053900259701336,3,ALL_THREE
2018-08-31,6.538,True,True,True,1.5434233082488318,0.638496802280464,2.440054645997364,3,ALL_THREE
2018-09-03,6.634,True,True,False,1.488508585873264,0.6268423979019123,-0.40394755356918566,2,TWO_MODELS
2018-09-04,6.6711,True,True,False,1.1566958189266918,0.6101670367311005,-0.8414726050555092,2,TWO_MODELS
2018-09-05,6.6011,False,True,True,0.365807595083824,0.5861730746272366,0.18669762971086357,2,TWO_MODELS
2018-09-06,6.5827,False,True,False,0.2074796957157603,0.5675765535393572,-0.023113344816181325,1,ONE_MODEL
2018-09-07,6.397,False,True,True,0.7052577209959424,0.5759891805287392,0.6551338132660822,2,TWO_MODELS
2018-09-10,6.4616,False,True,True,0.500915245372928,0.5417636519382357,0.736347487947179,2,TWO_MODELS
2018-09-11,6.4302,False,True,True,0.699944794723536,0.5322008600958673,0.00016657588299473503,2,TWO_MODELS
2018-09-12,6.342,False,True,True,0.752825638492606,0.5377813692424446,0.007854950882782319,2,TWO_MODELS
2018-09-13,6.0812,True,True,True,1.457128744515792,0.6267540782732699,2.188585753627068,3,ALL_THREE
2018-09-14,6.1703,False,True,True,0.658686114420202,0.5583624893641121,1.1132482675695083,2,TWO_MODELS
2018-09-17,6.3144,False,True,True,0.5838451939127725,0.5564691548477313,0.8230067329514723,2,TWO_MODELS
2018-09-18,6.3846,False,True,False,0.4187469543323434,0.5237714333904852,-0.7957082140934464,1,ONE_MODEL
2018-09-19,6.2493,False,True,False,0.5297904332299574,0.5474267392649954,-0.02819678854717722,1,ONE_MODEL
2018-09-20,6.196,False,True,True,0.333556091466428,0.5268378854556923,1.7487221704229814,2,TWO_MODELS
2018-09-21,6.2937,False,True,True,0.3942059393156874,0.5267050468138771,0.48683789956912804,2,TWO_MODELS
2018-09-24,6.1524,False,True,True,0.56127556127556,0.546681704514657,0.17666284652971598,2,TWO_MODELS
2018-09-25,6.1618,False,True,False,0.6473545050411119,0.524864599101146,-0.3575902250350609,1,ONE_MODEL
2018-09-26,6.107,False,False,False,0.4134584652933139,0.5169697994666551,-0.6019195765084859,0,NONE
2018-09-27,6.008,False,True,False,0.54624168288927,0.536577663144932,-0.2599782076083521,1,ONE_MODEL
2018-09-28,6.056,False,True,True,0.690647063950956,0.5246253669861071,0.10102669996737035,2,TWO_MODELS
2018-10-01,5.936,False,True,False,0.6287590434959479,0.5409030546244162,-0.36856765230796107,1,ONE_MODEL
2018-10-02,5.9846,False,False,False,0.514861841531802,0.515717850905247,-0.6716437332777652,0,NONE
2018-10-03,6.0458,False,False,False,0.2556561842061249,0.5006507662636288,-1.5456443798757427,0,NONE
2018-10-04,6.1627,False,False,True,0.4833934301498575,0.5177395001867796,0.00041489810615935596,1,ONE_MODEL
2018-10-05,6.1333,False,False,False,0.2418105845050737,0.4817393471078345,-1.8254332330462564,0,NONE
2018-10-08,6.1106,False,False,False,0.507307435279076,0.4890808205038109,-0.6159315389933546,0,NONE
2018-10-09,6.1011,False,False,False,0.338495510939362,0.4777093683546776,-1.6589036336843694,0,NONE
2018-10-10,6.076,False,False,False,0.1637569007445698,0.4691181864960095,-2.4010958262757214,0,NONE
2018-10-11,5.9258,False,True,False,0.68832263125781,0.5472900217942794,-0.11565082489040535,1,ONE_MODEL
2018-10-12,5.8721,False,True,False,0.7589272743121159,0.5334183038311575,-0.8211831583895055,1,ONE_MODEL
2018-10-15,5.7867,False,True,False,0.941104686637416,0.5643547121457975,-0.00026476763439475803,1,ONE_MODEL
2018-10-16,5.6856,True,True,True,1.2072522300026138,0.5935952976775477,0.8903563447016198,3,ALL_THREE
2018-10-17,5.5835,True,True,True,1.430978876717898,0.6124754601762425,1.7221486524754237,3,ALL_THREE
2018-10-18,5.6425,False,True,True,0.823139727460264,0.5783935998753157,1.6637297823232942,2,TWO_MODELS
2018-10-19,5.6425,False,True,True,0.6671121829328499,0.5452523957515184,9.435801787560649e-05,2,TWO_MODELS
2018-10-22,5.6689,False,True,False,0.342272714065722,0.5267764222515352,-0.2312573986786166,1,ONE_MODEL
2018-10-23,5.737,False,True,True,0.333337027575082,0.5290813534524412,0.36206546713419474,2,TWO_MODELS
2018-10-24,5.7023,False,True,True,0.345178254932154,0.5253417447127401,1.4527887491911589,2,TWO_MODELS
2018-10-25,5.6345,False,True,True,0.2972484786840375,0.5244797159208259,0.0001917411441620942,2,TWO_MODELS
2018-10-26,5.5929,False,True,False,0.184577158576625,0.5223558926487785,-0.6894392534752267,1,ONE_MODEL
2018-10-29,5.5611,False,True,False,0.3132173054013999,0.529512354616605,-0.6825585061233852,1,ONE_MODEL
2018-10-30,5.4746,False,True,True,0.762413923351834,0.5972267582146795,1.318307117471357,2,TWO_MODELS
2018-10-31,5.5835,False,True,True,0.5325295431267424,0.5630292071179334,1.403589534189,2,TWO_MODELS
2018-11-01,5.5118,False,True,False,0.35650986431124,0.5423927074771281,-0.2739734631649373,1,ONE_MODEL
2018-11-02,5.4296,False,True,False,0.47447482348839,0.5577938234625277,-0.07870872065784162,1,ONE_MODEL
2018-11-05,5.3134,False,True,True,0.5350302048032974,0.5858014400070143,0.6736394368300243,2,TWO_MODELS
2018-11-06,5.356,False,True,True,0.4897307355353358,0.5595730830593463,0.8048057832517399,2,TWO_MODELS
2018-11-07,5.3612,False,True,False,0.3720688355547559,0.5313170795118575,-0.6978433866297244,1,ONE_MODEL
2018-11-08,5.4583,False,True,True,0.5036116306859972,0.5505873030742573,1.1899066861464291,2,TWO_MODELS
2018-11-09,5.4606,False,False,False,0.59498865424641,0.5120213320990902,-0.6930414670804925,0,NONE
2018-11-12,5.4685,False,False,False,0.464990781130548,0.5007062240160702,-0.0001415112786826711,0,NONE
2018-11-13,5.4776,False,False,False,0.364557569216468,0.4865186002816349,-0.7060691587419257,0,NONE
2018-11-14,5.4624,False,False,False,0.303398240170286,0.4809354594497539,-0.8121185693373789,0,NONE
2018-11-15,5.3481,False,True,False,0.523121704745165,0.533858510158382,-0.15157627244448335,1,ONE_MODEL
2018-11-16,5.3318,False,False,False,0.3861432147621819,0.4969249745975648,-1.218329415352711,0,NONE
2018-11-19,5.3075,False,False,False,0.482679018452728,0.5059075441067206,-0.8705558598568324,0,NONE
2018-11-20,5.3776,False,True,False,0.4064596598406586,0.5187557959190465,-0.00044709943046861156,1,ONE_MODEL
2018-11-21,5.308,False,False,False,0.4628921767024919,0.5179078533595141,-0.47786901722651365,0,NONE
2018-11-22,5.296,False,False,False,0.3471341031018315,0.4851214950810103,-1.7053431244267543,0,NONE
2018-11-23,5.2875,False,False,False,0.3492367348514627,0.4825638586847053,-1.8227787896379333,0,NONE
2018-11-26,5.2477,False,False,False,0.3664586712925008,0.4917692270912607,-1.310607936141107,0,NONE
2018-11-27,5.2716,False,False,False,0.2479358215579073,0.4846367249623537,-0.7289857210352526,0,NONE
2018-11-28,5.2219,False,False,False,0.235696942104865,0.4966459760445297,-0.7501061782777523,0,NONE
2018-11-29,5.1631,False,False,False,0.2815067312663949,0.5008224583501247,-2.070259993480761e-05,0,NONE
2018-11-30,5.2128,False,False,True,0.3561223976251059,0.4965032747041693,9.355235549612928e-05,1,ONE_MODEL
2018-12-03,5.2501,False,False,False,0.596869839977614,0.4783497012072926,-0.8093707705012125,0,NONE
2018-12-04,5.3875,False,True,True,0.904663216507492,0.5440798214576807,0.7794647367346688,2,TWO_MODELS
2018-12-05,5.3262,False,False,True,0.8189958275823159,0.5125559974166203,0.014846080376781146,1,ONE_MODEL
2018-12-06,5.3386,False,False,False,0.742493987724756,0.4846120513091752,-0.9279238046427114,0,NONE
2018-12-07,5.3029,False,False,False,0.5892006148079338,0.4791925372752937,-1.0525765637143092,0,NONE
2018-12-10,5.3248,False,False,False,0.6054679104666655,0.4723995346991361,-1.8358412084343083,0,NONE
2018-12-11,5.3653,False,False,False,0.3330256282386025,0.4289252462794518,-1.826648933815589,0,NONE
2018-12-12,5.3482,False,False,False,0.310885975140588,0.4263633579474659,-1.9084087960639273,0,NONE
2018-12-13,5.3392,False,False,False,0.2475898474577548,0.4189576155210816,-2.286022222015186,0,NONE
2018-12-14,5.3635,False,False,False,0.7947976366560459,0.4377834774979036,-1.146347284229483,0,NONE
2018-12-17,5.3686,False,False,False,0.742746248689818,0.4298318976000788,-1.2652376842256299,0,NONE
2018-12-18,5.345,False,False,False,0.2965448600568839,0.4201276316558496,-0.9209060293873197,0,NONE
2018-12-19,5.2861,False,False,False,0.2926398546772443,0.4289569359109675,-1.595859194165092,0,NONE
2018-12-20,5.2649,False,False,False,0.2687267794763064,0.4131781149976172,-2.6292372021813275,0,NONE
2018-12-21,5.3181,False,False,False,0.3553262958162713,0.4211979904408273,-1.6746695745272415,0,NONE
2018-12-24,5.289,False,False,False,0.3626127553588906,0.4165360224277996,-2.9429410449765054,0,NONE
2018-12-25,5.3101,False,False,False,0.3875538005269263,0.4056689042472675,-3.3049176866940666,0,NONE
2018-12-26,5.2766,False,False,False,0.3351309340081662,0.4113910249004254,-3.654359399969545,0,NONE
2018-12-27,5.285,False,False,False,0.3332092532644694,0.3978373488128755,-3.9870655119039657,0,NONE
2018-12-28,5.2725,False,False,False,0.2166827833312224,0.4032096389046435,-3.1123956304255618,0,NONE
2018-12-31,5.2887,False,False,False,0.2080702809228565,0.3968086461544333,-2.7632453650587916,0,NONE
2019-01-01,5.2933,False,False,False,0.1906029930346219,0.3961739138699316,-2.2202097428037835,0,NONE
2019-01-02,5.4003,True,False,False,1.102087415455068,0.4897242053983567,-0.7178665688214725,1,ONE_MODEL
2019-01-03,5.4664,True,False,False,1.3844222286465997,0.4625973440793894,-1.9150050603533781,1,ONE_MODEL
2019-01-04,5.3311,True,True,True,1.168456843018966,0.518921551077021,1.064894281560134,3,ALL_THREE
2019-01-07,5.3848,True,False,False,1.43530690366882,0.4729161105824471,-1.0865173860207715,1,ONE_MODEL
2019-01-08,5.4811,True,False,False,1.6842621432340958,0.5052753533983451,-0.6272601525970458,1,ONE_MODEL
2019-01-09,5.4768,False,False,False,0.86650588884714,0.4359880549268792,-2.3066762803390493,0,NONE
2019-01-10,5.4168,False,False,False,0.7980172067017397,0.4270597583226857,-1.2413106565916951,0,NONE
2019-01-11,5.455,False,False,False,0.591553098871374,0.3980924087202067,-4.449853172942248,0,NONE
2019-01-14,5.4447,False,False,False,0.5101779462092298,0.3774870651879212,-5.408879862750577,0,NONE
2019-01-15,5.4466,False,False,False,0.3078142033330421,0.3606130524804117,-4.793374433283365,0,NONE
2019-01-16,5.3363,False,False,False,0.5063897552230305,0.4261357688252562,-3.156520278216071,0,NONE
2019-01-17,5.348,False,False,False,0.4900178819531234,0.3844866244593704,-3.3518479381764905,0,NONE
2019-01-18,5.3283,False,False,False,0.4229601273147526,0.3819164621623646,-3.7951197626289197,0,NONE
2019-01-21,5.3247,False,False,False,0.428878368180518,0.3782873732744283,-3.742626036273329,0,NONE
2019-01-22,5.3435,False,False,False,0.4603604711808584,0.3751216074656796,-3.921044632902733,0,NONE
2019-01-23,5.286,False,False,False,0.2792190274827511,0.3905082497771969,-1.6805298084776545,0,NONE
2019-01-24,5.265,False,False,False,0.2598607809166644,0.3776744210529634,-2.5862080286534344,0,NONE
2019-01-25,5.2688,False,False,False,0.2767606412982729,0.3723536896746661,-2.7786799735133005,0,NONE
2019-01-28,5.3279,False,False,False,0.4271363801340578,0.3836153083852596,-2.1112694143957036,0,NONE
2019-01-29,5.3098,False,False,False,0.4224261950977136,0.3758558157074128,-3.2419243998654874,0,NONE
2019-01-30,5.2252,False,False,False,0.4989073530279627,0.4106887850607938,-3.149275766320489,0,NONE
2019-01-31,5.1645,False,False,False,0.5558154410560555,0.4184514791572192,-2.723537904820045,0,NONE
2019-02-01,5.2084,False,False,False,0.6193989739048186,0.410563382214107,-2.1311830803865455,0,NONE
2019-02-04,5.2182,False,False,False,0.5118383352244074,0.3973968333320324,-2.7620052115380105,0,NONE
2019-02-05,5.1985,False,False,False,0.5114201737655407,0.3977584051423639,-2.8844377819794538,0,NONE
2019-02-06,5.2168,False,False,False,0.3975341656200063,0.3672442770197477,-3.8899511650683998,0,NONE
2019-02-07,5.2668,False,False,False,0.37328273521738,0.3880801404247974,-1.8646712424447944,0,NONE
2019-02-08,5.2474,False,False,False,0.2964350578300985,0.3602982042591,-3.6017124358858172,0,NONE
2019-02-11,5.2779,False,False,False,0.3136963514253872,0.3686063530769233,-3.6086791623885404,0,NONE
2019-02-12,5.2516,False,False,False,0.3360761061131,0.3666943436446889,-3.3378493552219144,0,NONE
2019-02-13,5.285,False,False,False,0.3559360957278291,0.3691565063598744,-3.6127787379291725,0,NONE
2019-02-14,5.2729,False,False,False,0.2958157436905813,0.3521564178187851,-4.156688490084045,0,NONE
2019-02-15,5.2714,False,False,False,0.2730487123744822,0.3518120915716784,-4.070132014712698,0,NONE
2019-02-18,5.3083,False,False,False,0.2902218732886976,0.3595764716933142,-3.3581181692512203,0,NONE
2019-02-19,5.2828,False,False,False,0.2872578088117049,0.3591839895128715,-3.3508682251659376,0,NONE
2019-02-20,5.3244,False,False,False,0.3101887559067195,0.3640239127049219,-3.2383243075658594,0,NONE
2019-02-21,5.3214,False,False,False,0.3011679918395076,0.3538472193476079,-3.6220775342404004,0,NONE
2019-02-22,5.3186,False,False,False,0.3052101065704451,0.352655268626461,-3.7184708094723735,0,NONE
2019-02-25,5.3026,False,False,False,0.273587404350899,0.3537557834413931,-3.4174457302849017,0,NONE
2019-02-26,5.3066,False,False,False,0.2514778646369699,0.3492935420806959,-3.5472785693879008,0,NONE
2019-02-27,5.3136,False,False,False,0.1033063765426589,0.3581776797974028,-1.6197991761645643,0,NONE
2019-02-28,5.3371,False,False,False,0.1676840048820835,0.3564156079451352,-2.3636392318136803,0,NONE
2019-03-01,5.3742,False,False,False,0.2805786330003108,0.3636372606507647,-2.34148828824012,0,NONE
2019-03-04,5.3769,False,False,False,0.2711134626261139,0.3628704369494638,-1.7670455685603716,0,NONE
2019-03-05,5.387,False,False,False,0.293371768440638,0.3638589180302147,-1.8818310236497489,0,NONE
2019-03-06,5.4288,False,False,False,0.420353578661218,0.3843672312447698,-1.1863896268033756,0,NONE
2019-03-07,5.4712,False,False,False,0.489317837660322,0.389439892711685,-0.7343761920110161,0,NONE
2019-03-08,5.4303,False,False,False,0.522545772072387,0.3801974363620309,-1.6577430838058635,0,NONE
2019-03-11,5.4455,False,False,False,0.3819201965066409,0.3526454815873074,-3.7117171445724892,0,NONE
2019-03-12,5.4572,False,False,False,0.3824652694487735,0.3536233528881866,-3.5469346066956824,0,NONE
2019-03-13,5.4564,False,False,False,0.3475030486473477,0.3428939284716671,-3.790768429227642,0,NONE
2019-03-14,5.4671,False,False,False,0.265580686576136,0.3416219520299398,-3.18761387004035,0,NONE
2019-03-15,5.4467,False,False,False,0.3255950521422606,0.3604909180874507,-2.081395997542373,0,NONE
2019-03-18,5.4683,False,False,False,0.1864178368281302,0.34548765848314,-2.900399207997806,0,NONE
2019-03-19,5.4764,False,False,False,0.1829048074259838,0.3422707185949424,-2.9275079254135665,0,NONE
2019-03-20,5.4208,False,False,False,0.745827862710492,0.3879549844305858,-1.9903762974366277,0,NONE
2019-03-21,5.4652,False,False,False,0.4435361965024912,0.3569390400276255,-2.8842989583626366,0,NONE
2019-03-22,5.7627,True,True,True,2.750186108907983,0.5901050666064583,0.7803870184338706,3,ALL_THREE
2019-03-25,5.5503,True,True,True,1.4238060700610546,0.5673309599831466,0.7420779074133392,3,ALL_THREE
2019-03-26,5.3279,True,True,True,1.50619721855356,0.6126549473214984,0.4462222717115143,3,ALL_THREE
2019-03-27,5.3278,True,True,True,1.5356779210897462,0.5737775533781819,0.1100351516155289,3,ALL_THREE
2019-03-28,5.561,True,True,True,1.6071903525155484,0.6038432573369288,2.717830735309901,3,ALL_THREE
2019-03-29,5.5555,True,True,True,1.281921299582808,0.5268584968847043,0.0003415143173093327,3,ALL_THREE
2019-04-01,5.4863,True,False,False,1.1330373819391188,0.4960673844607039,-1.5426861149964264,1,ONE_MODEL
2019-04-02,5.605,False,False,False,0.961701979974668,0.5046370107062577,-1.3467401473533425,0,NONE
2019-04-03,5.626,True,False,False,1.03493154250612,0.490379469647103,-1.9172858213037411,1,ONE_MODEL
2019-04-04,5.5925,False,False,False,0.4821751482269813,0.411067199815288,-4.247343656626811,0,NONE
2019-04-05,5.6262,False,False,False,0.4855926201156963,0.4122788674836329,-4.559850604745305,0,NONE
2019-04-08,5.6903,False,False,False,0.708001457650056,0.435738965098798,-2.773397215351773,0,NONE
2019-04-09,5.6943,False,False,False,0.309924167490932,0.4025349778573017,-3.1975487410108094,0,NONE
2019-04-10,5.6818,False,False,False,0.2596668890122025,0.3959913247598964,-3.3820159833827645,0,NONE
2019-04-11,5.7388,False,False,False,0.5077481041872759,0.4246752540389798,-1.4821665003747881,0,NONE
2019-04-12,5.7693,False,False,False,0.4737362694570239,0.4165607619960768,-1.5675175761558702,0,NONE
2019-04-15,5.8041,False,False,False,0.251271105558158,0.4129137469575769,-1.5037112227280218,0,NONE
2019-04-16,5.7703,False,False,False,0.244769381733574,0.4009947372269657,-2.056123400200235,0,NONE
2019-04-17,5.7387,False,False,False,0.2740028958346178,0.3999663171667356,-2.981239559011607,0,NONE
2019-04-18,5.8018,False,False,False,0.2836263445678275,0.4013771532580726,-2.2444050929477015,0,NONE
2019-04-19,5.8112,False,False,False,0.2759529884264217,0.3814977911941944,-3.282592345376939,0,NONE
2019-04-22,5.8272,False,False,False,0.2629351267338402,0.3739911188612737,-3.2947341949463205,0,NONE
2019-04-23,5.8287,False,False,False,0.2254042835237538,0.3681263600536513,-3.7942313431465458,0,NONE
2019-04-24,5.8753,False,False,False,0.225357936631002,0.3906374985736131,-2.398440250360771,0,NONE
2019-04-25,5.9268,False,False,False,0.2191377461576425,0.3832962887526639,-1.522070535316745,0,NONE
2019-04-26,5.9382,False,False,False,0.1481626842461456,0.3751855939853791,-1.9319980624627018,0,NONE
2019-04-29,5.9483,False,False,False,0.1534641614438767,0.3730584788857828,-1.891877815616759,0,NONE
2019-04-30,5.9656,False,False,False,0.1340750129351122,0.3772628982123579,-1.1845828356471308,0,NONE
2019-05-01,5.9665,False,False,False,0.1399278968206591,0.3722266661099424,-1.4137284378173707,0,NONE
2019-05-02,5.9645,False,False,False,0.1531711552334541,0.3801952558727431,-0.9113509982599002,0,NONE
2019-05-03,5.9648,False,False,False,0.1588123435113366,0.380195432801246,-1.0147376998313717,0,NONE
2019-05-06,6.0803,False,False,False,0.8180539183261872,0.4248602972949468,-0.04178679829019494,0,NONE
2019-05-07,6.1511,False,False,False,0.3487328413263262,0.4011776440216248,-1.3357402373403993,0,NONE
2019-05-08,6.186,False,False,False,0.3213187970254008,0.3924042550249386,-1.6125017053324697,0,NONE
2019-05-09,6.1926,False,False,False,0.3100235333091128,0.3928609231347367,-1.223483686773486,0,NONE
2019-05-10,5.9851,True,True,True,1.576247125878589,0.5276548044608086,0.029806406097366178,3,ALL_THREE
2019-05-13,6.0594,False,False,False,0.6873948505374463,0.4443137444573063,-1.2399138057759238,0,NONE
2019-05-14,6.0306,False,False,False,0.6420026877072104,0.4326467652042018,-2.5769496983102282,0,NONE
2019-05-15,6.0007,False,False,False,0.619771985918674,0.4450637075003869,-2.593401822567863,0,NONE
2019-05-16,6.0457,False,False,False,0.6438754914703624,0.4338184757391786,-1.6547678747175123,0,NONE
2019-05-17,6.055,False,False,False,0.2752936860289585,0.376212242134471,-4.62026999509904,0,NONE
2019-05-20,6.0272,False,False,False,0.1987641281593908,0.3830743298163033,-3.2150050993581765,0,NONE
2019-05-21,6.0525,False,False,False,0.1969872498415102,0.3699757679232437,-4.0171602328276315,0,NONE
2019-05-22,6.1002,False,False,False,0.32135129024965,0.3885697296119922,-3.042561778835088,0,NONE
2019-05-23,6.0964,False,False,False,0.1704029827173634,0.3696475231735925,-3.822181612776257,0,NONE
2019-05-24,6.0825,False,False,False,0.1821585737011919,0.369560663764243,-3.8512297217982994,0,NONE
2019-05-27,6.0629,False,False,False,0.1694295803956887,0.3724974796337387,-3.2764565479221286,0,NONE
2019-05-28,6.0319,False,False,False,0.1813445104340742,0.3808431836943126,-3.0483234263416374,0,NONE
2019-05-29,6.0121,False,False,False,0.284533152472304,0.4062640322149006,-0.41143554442618324,0,NONE
2019-05-30,5.8772,False,False,False,0.707941736911798,0.4805089610324943,-0.648603993826919,0,NONE
2019-05-31,5.8382,False,False,False,0.789006233246132,0.4558019141328185,-1.3510850539565418,0,NONE
2019-06-03,5.8339,False,False,False,0.7395924167554819,0.4449909894230137,-1.6331414558590058,0,NONE
2019-06-04,5.7824,False,False,False,0.8058004715305379,0.4632585358688472,-1.5218823076233843,0,NONE
2019-06-05,5.731,False,False,False,0.907857765720376,0.4787903446533556,-1.1792743310695553,0,NONE
2019-06-06,5.7801,False,False,False,0.313600103349156,0.4273141047530012,-1.236939440949941,0,NONE
2019-06-07,5.831,False,False,False,0.3047538032295305,0.3976994791075934,-2.929685851223473,0,NONE
2019-06-10,5.7747,False,False,False,0.3374066151746591,0.4125898850147001,-3.2942968727011888,0,NONE
2019-06-11,5.7976,False,False,False,0.3173328187994366,0.3932251355441443,-3.658220404178506,0,NONE
2019-06-12,5.808,False,False,False,0.2615373554207693,0.3969119302462242,-2.93158743014021,0,NONE
2019-06-13,5.8682,False,False,False,0.3881094788081408,0.4026426260249846,-2.358327797620259,0,NONE
2019-06-14,5.9015,False,False,False,0.2950642751521403,0.3783332672350591,-3.8851134783766756,0,NONE
2019-06-17,5.8733,False,False,False,0.318444595161968,0.38190331411572,-2.1629119556671927,0,NONE
2019-06-18,5.8284,False,False,False,0.354569351706876,0.3770891400726403,-3.439858015633119,0,NONE
2019-06-19,5.7914,False,False,False,0.3849906743943911,0.3825277142975359,-3.76071902561298,0,NONE
2019-06-20,5.7644,False,False,False,0.3352388334463719,0.3925982287578517,-1.6964252382224227,0,NONE
2019-06-21,5.8214,False,False,False,0.4065961318213239,0.4018939752860844,-0.7031283051470432,0,NONE
2019-06-24,5.809,False,False,False,0.4003237724822132,0.3791007220979123,-2.7221838395890767,0,NONE
2019-06-25,5.7949,False,False,False,0.3812277696128637,0.3737498049974016,-3.028444767146963,0,NONE
2019-06-26,5.7749,False,False,False,0.3526052182294085,0.3767989080713028,-3.0713439691950075,0,NONE
2019-06-27,5.7725,False,False,False,0.3275246943565456,0.3692292058753039,-3.1736641095178157,0,NONE
2019-06-28,5.7921,False,False,False,0.1614884075241523,0.3835957070962076,-0.8159649814919518,0,NONE
2019-07-01,5.6507,False,False,True,0.9078066739346928,0.5025354127417974,0.16206065188754337,1,ONE_MODEL
2019-07-02,5.6528,False,False,False,0.63420399007807,0.4365671989660896,-1.0173910875154704,0,NONE
2019-07-03,5.6249,False,False,False,0.631280889819204,0.4395293139482184,-1.1789470739838528,0,NONE
2019-07-04,5.5953,False,False,False,0.618977938551212,0.4527076345310315,-0.9019992283923415,0,NONE
2019-07-05,5.6288,False,False,False,0.653616856388341,0.4501820492919655,3.169964746874143e-05,0,NONE
2019-07-08,5.7367,False,False,False,0.6714795366248382,0.4389501423817871,-1.0419186416535098,0,NONE
2019-07-09,5.7322,False,False,False,0.5633029101250397,0.3920785899396511,-3.123184464358715,0,NONE
2019-07-10,5.6741,False,False,False,0.6242651541004879,0.4145916185823948,-2.008289141099203,0,NONE
2019-07-11,5.6734,False,False,False,0.6002720478882034,0.4025245967773938,-2.4769688907963516,0,NONE
2019-07-12,5.72,False,False,False,0.6074325478656832,0.4090494497242717,-2.3611308478899122,0,NONE
2019-07-15,5.7148,False,False,False,0.3587766863593173,0.3716465356431112,-3.684425225305377,0,NONE
2019-07-16,5.7118,False,False,False,0.3588227919737781,0.3703750911847812,-3.7438558473680317,0,NONE
2019-07-17,5.6842,False,False,False,0.2651714912864939,0.3745673092402417,-3.08563972422799,0,NONE
2019-07-18,5.6181,False,False,False,0.3994236985182161,0.4065165730111211,-2.588090288111447,0,NONE
2019-07-19,5.6551,False,False,False,0.3668024343960143,0.3903523039935725,-1.8203175291168936,0,NONE
2019-07-22,5.677,False,False,False,0.3971393217977139,0.3766929706105942,-3.1143675962884956,0,NONE
2019-07-23,5.7178,False,False,False,0.448050239748631,0.3802413963113016,-3.6201315969161456,0,NONE
2019-07-24,5.7085,False,False,False,0.427290795380216,0.3700387455550542,-4.567098625279659,0,NONE
2019-07-25,5.7027,False,False,False,0.2732293382424179,0.3809742622251575,-2.4898721972846563,0,NONE
2019-07-26,5.6718,False,False,False,0.2700415122429647,0.3758858871224407,-3.275983675362834,0,NONE
2019-07-29,5.6148,False,False,False,0.3595939039844548,0.3944981068640348,-2.572580031914514,0,NONE
2019-07-30,5.5597,False,False,False,0.510609437070052,0.4344964077531842,-0.5412422892427813,0,NONE
2019-07-31,5.5864,False,False,False,0.394341633562636,0.4051742174344935,-0.942077319912471,0,NONE
2019-08-01,5.6039,False,False,False,0.4034667722658601,0.3805721970908921,-3.0727799872872588,0,NONE
2019-08-02,5.5597,False,False,False,0.4728043011275259,0.4000394050473143,-2.867511770473321,0,NONE
2019-08-05,5.5715,False,False,False,0.4501873309118938,0.3780443622854902,-2.6579931332516296,0,NONE
2019-08-06,5.5209,False,False,False,0.4325987542770967,0.4046754415408392,-1.9538476701453895,0,NONE
2019-08-07,5.4938,False,False,False,0.3724119469602266,0.397251771377847,-2.284090080771872,0,NONE
2019-08-08,5.4782,False,False,False,0.4121176354873619,0.4143719115631636,-0.5398116257487828,0,NONE
2019-08-09,5.4917,False,False,False,0.3249459683159147,0.3977388938265153,-0.8408558001023962,0,NONE
2019-08-12,5.564,False,False,False,0.6546290117706522,0.417086129692883,-0.9847035213281927,0,NONE
2019-08-13,5.5629,False,False,False,0.4587702035913616,0.3726525146152403,-3.4134976847433283,0,NONE
2019-08-14,5.6128,False,False,False,0.4280367856643422,0.3995238165379496,-2.0950516081152593,0,NONE
2019-08-15,5.568,False,False,False,0.5282245792686034,0.4017108872679401,-1.6355593955802146,0,NONE
2019-08-16,5.5785,False,False,False,0.5286436481736895,0.3908033067035089,-2.7094051078618175,0,NONE
2019-08-19,5.6609,False,False,False,0.5838357090057523,0.4224361952224155,-2.2098010936813637,0,NONE
2019-08-20,5.729,False,False,False,0.8198141518175379,0.4253414526995847,-2.195418812542231,0,NONE
2019-08-21,5.7162,False,False,False,0.958534133196848,0.4062446819414235,-1.7552591515228215,0,NONE
2019-08-22,5.7688,True,False,False,1.242022420473882,0.4362499317912403,-1.3268254756803817,1,ONE_MODEL
2019-08-23,5.7599,True,False,False,1.118037191981548,0.4201457399380252,-0.9328119581979326,1,ONE_MODEL
2019-08-26,5.8252,False,False,False,0.971548166595646,0.4198341433780489,-1.3259299859468996,0,NONE
2019-08-27,5.8275,False,False,False,0.6909837366118319,0.3833574333437053,-1.5512943478922079,0,NONE
2019-08-28,5.8134,False,False,False,0.4140761059080146,0.3699006817289215,-2.1038193889636965,0,NONE
2019-08-29,5.84,False,False,False,0.3675808715443073,0.3618708220089417,-2.8531470324669215,0,NONE
2019-08-30,5.8306,False,False,False,0.3722654653550371,0.3607108802985685,-2.658549966273089,0,NONE
2019-09-02,5.8068,False,False,False,0.2301242283288786,0.3621608544107593,-1.7551967192375013,0,NONE
2019-09-03,5.7293,False,False,False,0.536498640198184,0.3968831425696693,-1.928547717144248,0,NONE
2019-09-04,5.667,False,False,False,0.496145047869184,0.4029703932164317,-2.4496763643071535,0,NONE
2019-09-05,5.6917,False,False,False,0.5025840887909859,0.3861891241072118,-1.8396669457831685,0,NONE
2019-09-06,5.7155,False,False,False,0.5358013847620351,0.3702941666158592,-2.7988244016674635,0,NONE
2019-09-09,5.75,False,False,False,0.6070900447630816,0.3597354153556003,-3.367112018207541,0,NONE
2019-09-10,5.7683,False,False,False,0.4517740434950504,0.3529797350902796,-4.034967224863658,0,NONE
2019-09-11,5.7515,False,False,False,0.491631016725492,0.369964721837966,-1.432509057555441,0,NONE
2019-09-12,5.6566,False,False,False,0.5957963332815602,0.4003324654871371,-1.8628584234210859,0,NONE
2019-09-13,5.6861,False,False,False,0.597783919422114,0.3651146116822177,-3.285490980643525,0,NONE
2019-09-16,5.729,False,False,False,0.6122791554790349,0.3653320964834753,-3.234702511109221,0,NONE
2019-09-17,5.7016,False,False,False,0.6018649025392225,0.373318896567931,-3.610459538503939,0,NONE
2019-09-18,5.6768,False,False,False,0.6041910153567859,0.3772635704924724,-3.4249908487814,0,NONE
2019-09-19,5.7187,False,False,False,0.3921427855221061,0.3630469922021132,-3.112217928288713,0,NONE
2019-09-20,5.7439,False,False,False,0.3862233981077955,0.3520703358445792,-4.011391828609064,0,NONE
2019-09-23,5.7174,False,False,False,0.3976908940481592,0.3507309143997177,-4.3817268308162145,0,NONE
2019-09-24,5.6973,False,False,False,0.3822282942480279,0.3483148360935721,-4.472110747230532,0,NONE
2019-09-25,5.6706,False,False,False,0.3867804428637587,0.3515325049099647,-4.261469202518025,0,NONE
2019-09-26,5.6655,False,False,False,0.2613565081130944,0.3568685718529324,-2.769317117122826,0,NONE
2019-09-27,5.6708,False,False,False,0.2503424657534239,0.3677508531568988,-1.2579678173540678,0,NONE
2019-09-30,5.6489,False,False,False,0.234589041095888,0.3749644219578584,-1.4066083512338494,0,NONE
2019-10-01,5.7231,False,False,False,0.5276856478548201,0.3727350591419655,-3.143473481222225,0,NONE
2019-10-02,5.702,False,False,False,0.5035534857186694,0.3517274529622575,-4.343585307297957,0,NONE
2019-10-03,5.6947,False,False,False,0.5055108741805705,0.3485066583261474,-4.5571527670783745,0,NONE
2019-10-04,5.6962,False,False,False,0.512211679908193,0.3487750929785343,-4.5962466667510515,0,NONE
2019-10-07,5.8328,False,False,False,0.9375057607385822,0.4602899171544793,-0.6762425401955312,0,NONE
2019-10-08,5.8311,False,False,False,0.7546106655421154,0.3834237167326005,-1.895458612475947,0,NONE
2019-10-09,5.8712,False,False,False,0.7013682511938996,0.3931297421534918,-1.9170088288425777,0,NONE
2019-10-10,5.8365,False,False,False,0.7763628829425657,0.3992264966689559,-1.1824494492128732,0,NONE
2019-10-11,5.8853,False,False,False,0.755906988916847,0.3991940180594472,-1.6788380946750792,0,NONE
2019-10-14,5.9271,False,False,False,0.409105794311471,0.357286814967661,-2.4112150360815594,0,NONE
2019-10-15,5.9165,False,False,False,0.4278792146804283,0.3528988622148047,-2.497774447702527,0,NONE
2019-10-16,5.887,False,False,False,0.450239152263288,0.3596296783784608,-2.537132011589497,0,NONE
2019-10-17,5.8299,False,False,False,0.5119972067569704,0.373495988247154,-3.0454106317664706,0,NONE
2019-10-18,5.7919,False,False,False,0.45620961347033,0.3783519422712266,-2.318535693447492,0,NONE
2019-10-21,5.8582,False,False,False,0.5379030708407906,0.3765172886641309,-1.0048708916948321,0,NONE
2019-10-22,5.8084,False,False,False,0.5683695524605331,0.3851541581127162,-2.686754599041926,0,NONE
2019-10-23,5.7351,False,False,False,0.6149333289445766,0.4146018287819329,-2.436985949854174,0,NONE
2019-10-24,5.7647,False,False,False,0.6482294402944146,0.3758656076589232,-3.121775456266878,0,NONE
2019-10-25,5.7748,False,False,False,0.6412204580129337,0.3615040068319309,-4.4722951112627385,0,NONE
2019-10-28,5.7312,False,False,False,0.4806643367549892,0.3905835466725939,-2.819388333926481,0,NONE
2019-10-29,5.7373,False,False,False,0.4802839868434614,0.366082224805864,-3.5483803220231938,0,NONE
2019-10-30,5.702,False,False,False,0.3547924339167964,0.3686707335089554,-3.449150105628389,0,NONE
2019-10-31,5.713,False,False,False,0.3031935016519025,0.3638879825084377,-2.713121384339521,0,NONE
2019-11-01,5.7124,False,False,False,0.284531915983925,0.3649138401117252,-2.622161693518615,0,NONE
2019-11-04,5.7387,False,False,False,0.2650871802601567,0.3510136360926717,-3.2651651223393507,0,NONE
2019-11-05,5.7533,False,False,False,0.2733848115696071,0.3470094379685421,-3.886890111731173,0,NONE
2019-11-06,5.7508,False,False,False,0.1646673752762699,0.3551904977822142,-2.247769094205779,0,NONE
2019-11-07,5.7522,False,False,False,0.146250255920687,0.3518428333891327,-2.6154251844439163,0,NONE
2019-11-08,5.7668,False,False,False,0.183563631455518,0.3584946641358909,-2.3578813678756045,0,NONE
2019-11-11,5.7733,False,False,False,0.116751868536046,0.3553347886490713,-2.3390817240825257,0,NONE
2019-11-12,5.7776,False,False,False,0.0867101018590485,0.3547632096182399,-2.2672909634716376,0,NONE
2019-11-13,5.7403,False,False,False,0.2508005276956507,0.3593020080491063,-3.08925196478641,0,NONE
2019-11-14,5.7477,False,False,False,0.2599096381023075,0.346368513460972,-3.625295345735518,0,NONE
2019-11-15,5.7453,False,False,False,0.2364471123499001,0.3471831565037323,-3.1864172836422515,0,NONE
2019-11-18,5.7369,False,False,False,0.2294948688756972,0.3531282225295467,-2.5794452488858113,0,NONE
2019-11-19,5.699,False,False,False,0.2957635907723802,0.3828436971542933,-1.5825255673823584,0,NONE
2019-11-20,5.6997,False,False,False,0.226081029941823,0.3602686781315149,-1.8810037902910377,0,NONE
2019-11-21,5.6966,False,False,False,0.2041313251624323,0.3670305954740943,-1.5070488605727466,0,NONE
2019-11-22,5.7132,False,False,False,0.2570482543067044,0.3607634661745367,-1.6233766839444073,0,NONE
2019-11-25,5.7416,False,False,False,0.3966876965819532,0.356693476864757,-2.5087010497938884,0,NONE
2019-11-26,5.7597,False,False,False,0.2346391634911032,0.3659172120649443,-1.6336254696555077,0,NONE
2019-11-27,5.7779,False,False,False,0.2638727202173059,0.3699961046887992,-1.1581277552381994,0,NONE
2019-11-28,5.7585,False,False,False,0.3325809826711217,0.3708171001252494,-1.1668266676357906,0,NONE
2019-11-29,5.747,False,False,False,0.2841174439955742,0.3533869371267081,-2.6366563583054496,0,NONE
2019-12-02,5.7415,False,False,False,0.2364931983587674,0.3499413574478758,-2.8492928116587883,0,NONE
2019-12-03,5.7431,False,False,False,0.1956004448107936,0.3519943400787826,-2.240248202430948,0,NONE
2019-12-04,5.7508,False,False,False,0.1459331853525466,0.3590760241628297,-1.3710129810999039,0,NONE
2019-12-05,5.7485,False,False,False,0.1058335736332448,0.3564293866406298,-1.6155644186373284,0,NONE
2019-12-06,5.7766,False,False,False,0.4118570871337738,0.3596788269897257,-1.7594096835884176,0,NONE
2019-12-09,5.8113,False,False,False,0.4721762967782964,0.3724791132782814,-1.6600741718977847,0,NONE
2019-12-10,5.8057,False,False,False,0.2663246966611708,0.3554794865577591,-2.262677641878458,0,NONE
2019-12-11,5.8074,False,False,False,0.2766015850474677,0.3501679767104281,-2.709113655805984,0,NONE
2019-12-12,5.7914,False,False,False,0.3273235727774881,0.3559652232571335,-2.5948550978003055,0,NONE
2019-12-13,5.8082,False,False,False,0.2971981701457367,0.3450524527375254,-3.2907831841614144,0,NONE
2019-12-16,5.8498,False,False,False,0.5250269644016256,0.3597021618259363,-2.4774173475639163,0,NONE
2019-12-17,5.886,False,False,False,0.3788716019148112,0.3652024499492816,-2.246436118722565,0,NONE
2019-12-18,5.9261,False,False,False,0.415191173507946,0.3777523792692879,-1.3271194581468322,0,NONE
2019-12-19,5.9417,False,False,True,0.45789677920062,0.3796805779045353,0.00015714785559239886,1,ONE_MODEL
2019-12-20,5.94,False,False,False,0.395485742625118,0.3739240216624673,-0.23919578939682395,0,NONE
2019-12-23,5.9486,False,False,False,0.2629177600444946,0.3591335874690812,-1.4283469048768378,0,NONE
2019-12-24,5.9468,False,False,False,0.2622444730660503,0.3472059809797609,-1.8239014984697661,0,NONE
2019-12-25,5.935,False,False,False,0.2773026186794075,0.3503637854698916,-1.2872225120069576,0,NONE
2019-12-26,5.9335,False,False,False,0.1208937421928473,0.3472444757988221,-1.3034019576990143,0,NONE
2019-12-27,5.9502,False,False,False,0.164922116021485,0.3425248657805023,-1.9270793536584279,0,NONE
2019-12-30,5.9479,False,False,False,0.1868921890431473,0.3429283922806007,-1.7498547100246586,0,NONE
2019-12-31,5.9489,False,False,False,0.1862523937016794,0.3399126183633407,-1.9273363661102394,0,NONE
2020-01-01,5.9466,False,False,False,0.1779189979921585,0.3434447509578417,-1.6223269756753336,0,NONE
2020-01-02,5.9566,False,False,False,0.1570004783434704,0.3401664312141253,-1.9014727781288467,0,NONE
2020-01-03,5.9723,False,False,False,0.1538410141989714,0.3439222289008931,-1.746512657655586,0,NONE
2020-01-06,5.969,False,False,False,0.1889679167180993,0.3432945410920638,-1.5273546290196762,0,NONE
2020-01-07,5.9727,False,False,False,0.1581305114021741,0.3402809832368468,-1.7314278520262523,0,NONE
2020-01-08,5.9091,True,False,False,1.097925955545607,0.4241097879173586,-1.194938084052664,1,ONE_MODEL
2020-01-09,5.8739,False,False,False,0.6217262647424145,0.3939940295203433,-1.5779994203688101,0,NONE
2020-01-10,5.8777,False,False,False,0.5829411660983508,0.3788208582526539,-1.2180916877306025,0,NONE
2020-01-13,5.8671,False,False,False,0.602820044088018,0.3853966949514359,-1.2113014766595427,0,NONE
2020-01-14,5.8819,False,False,False,0.683831595797329,0.3888286836388402,-0.6074565380880017,0,NONE
2020-01-15,5.8758,False,False,False,0.4536489023257682,0.3599247796841961,-2.260286410041763,0,NONE
2020-01-16,5.8597,False,False,False,0.3015805534702839,0.3633614696075724,-1.9649546810600764,0,NONE
2020-01-17,5.8908,False,False,False,0.4831843166812053,0.3632085903850726,-1.957019456049034,0,NONE
2020-01-20,5.9132,False,False,False,0.4959120237144396,0.3559473554050714,-2.31859461261657,0,NONE
2020-01-21,5.9376,False,False,False,0.5184131049379712,0.3579188354747055,-2.3919354092511753,0,NONE
2020-01-22,5.9222,False,False,False,0.5878003413086867,0.3528378630128962,-2.150698580874023,0,NONE
2020-01-23,5.9344,False,False,False,0.464444947858131,0.3553665794744524,-2.0673933173938277,0,NONE
2020-01-24,5.9391,False,False,False,0.4087198753140161,0.3426562502744875,-2.5689798197331335,0,NONE
2020-01-27,5.944,False,False,False,0.3711125570235326,0.3397116190472953,-2.797621612911861,0,NONE
2020-01-28,5.9403,False,False,False,0.2703713328944124,0.3410700197942908,-2.5022549402937972,0,NONE
2020-01-29,5.9567,False,False,False,0.1978069729780899,0.3473264165223175,-1.6086104311982243,0,NONE
2020-01-30,5.9725,False,False,False,0.2157975041630815,0.3466041720981094,-1.5752267462587426,0,NONE
2020-01-31,5.9822,False,False,False,0.2127522915211736,0.3450976169703488,-1.5974876388553074,0,NONE
2020-02-03,5.9844,False,False,False,0.2225151393540456,0.3435622347086047,-1.6352749412380483,0,NONE
2020-02-04,5.9801,False,False,False,0.2271646554038085,0.3440136740211334,-1.524540316823554,0,NONE
2020-02-05,5.9827,False,False,False,0.2042497787497395,0.3415269068338831,-1.5342991390190832,0,NONE
2020-02-06,5.9874,False,False,False,0.1331840452557278,0.3436794372600829,-1.0074405935354989,0,NONE
2020-02-07,6.0153,False,False,False,0.4220484069069426,0.3484948459095131,-1.5129683474290037,0,NONE
2020-02-10,6.0108,False,False,False,0.3467147379969597,0.3430501574331934,-1.930283555938523,0,NONE
2020-02-11,6.0163,False,False,False,0.3340145780695308,0.3364549689762406,-2.136963066088777,0,NONE
2020-02-12,6.042,False,False,False,0.384649569202608,0.3463309298956146,-1.9719197110733475,0,NONE
2020-02-13,6.0405,False,False,False,0.4124125870453212,0.3414478993392353,-2.0345793929215272,0,NONE
2020-02-14,6.0505,False,False,False,0.3220491351750009,0.3356531657960088,-2.1630700074696474,0,NONE
2020-02-17,6.0449,False,False,False,0.3332017347772569,0.3421849141278796,-1.7357901531259898,0,NONE
2020-02-18,6.0642,False,False,False,0.3639230991054694,0.3409144109762281,-2.1435991096156286,0,NONE
2020-02-19,6.0823,False,False,False,0.3076117133053004,0.3406558589844456,-1.872594481302869,0,NONE
2020-02-20,6.1004,False,False,False,0.2898952075883198,0.3434553780649227,-1.6827487526945468,0,NONE
2020-02-21,6.0964,False,False,False,0.3546426633329903,0.3441307390004431,-1.5627878616561013,0,NONE
2020-02-24,6.1177,False,False,False,0.3100790228612693,0.3471974387122949,-1.5558554550538144,0,NONE
2020-02-25,6.1441,False,False,False,0.3940061702344625,0.351118362822681,-1.3790483920263554,0,NONE
2020-02-26,6.159,False,False,False,0.3159362101470445,0.3443446295004523,-1.6840562771743866,0,NONE
2020-02-27,6.2078,False,False,False,0.843060443660788,0.3864106822121955,-0.9739613462144661,0,NONE
2020-02-28,6.2427,False,False,False,0.3976744029594324,0.3685278835438821,-0.7065070768760258,0,NONE
2020-03-02,6.1743,True,False,True,1.3323490152138238,0.4584507857558773,0.10191630198381851,2,TWO_MODELS
2020-03-03,6.107,True,False,False,1.205796048511531,0.4622329804993731,-0.675816483066864,1,ONE_MODEL
2020-03-04,6.0773,True,False,False,1.1656237864916963,0.4377812381655118,-0.7498307994604865,1,ONE_MODEL
2020-03-05,6.1105,True,False,True,1.0718006893218623,0.4216222792794647,0.002369972440989798,2,TWO_MODELS
2020-03-06,6.0919,False,False,False,0.87004496475618,0.413630380199621,-0.9661989207987798,0,NONE
2020-03-09,6.1442,True,False,False,1.0057700082896246,0.3982289878192487,-1.2399285672998897,1,ONE_MODEL
2020-03-10,6.1575,False,False,False,0.7277069261614314,0.3589568196577624,-3.0268398928092157,0,NONE
2020-03-11,6.2091,False,False,False,0.6205855263675155,0.3827893960603169,-1.8074196292429452,0,NONE
2020-03-12,6.3159,False,False,False,0.855100430780975,0.4296169158072537,-1.0165175020035395,0,NONE
2020-03-13,6.3321,False,False,False,0.6837338923151648,0.3926646082788352,-0.9726542612238482,0,NONE
2020-03-16,6.4315,False,False,False,0.7314148145775654,0.4224970511210022,-1.288740602820507,0,NONE
2020-03-17,6.3974,False,False,False,0.952756245420448,0.406613601181277,-0.7082619265260881,0,NONE
2020-03-18,6.4752,False,False,False,0.940605162835415,0.4106909195197892,-1.8520223242074625,0,NONE
2020-03-19,6.5439,False,False,False,0.8104798210135324,0.3979413881744079,-1.809238763511301,0,NONE
2020-03-20,6.5525,False,False,False,0.8286149544849742,0.3906823755696475,-1.7668617932158721,0,NONE
2020-03-23,6.5617,False,False,False,0.6966474441091587,0.3761847670685392,-2.342078433929805,0,NONE
2020-03-24,6.4203,True,False,False,1.120751022794922,0.4672858925070719,-1.0817500750114064,1,ONE_MODEL
2020-03-25,6.417,False,False,False,0.9895485685766766,0.4134198787700757,-1.5771413673439323,0,NONE
2020-03-26,6.3979,False,False,False,0.8051148384841768,0.4070900693715471,-1.5289491770052699,0,NONE
2020-03-27,6.455,False,False,False,0.9252707492850686,0.4099586898438648,-0.43736031445691204,0,NONE
2020-03-30,6.5773,True,False,False,1.157577964144785,0.4394413690485023,-0.36460469797021844,1,ONE_MODEL
2020-03-31,6.6143,False,False,False,0.6617978495730052,0.3882982847831276,-2.2307212236006126,0,NONE
2020-04-01,6.703,False,False,False,0.63531740421717,0.4179131667156844,-1.6362397345069972,0,NONE
2020-04-02,6.6153,False,False,False,0.9064378518261412,0.4283384652901838,-0.36694884672265005,0,NONE
2020-04-03,6.731,False,False,False,0.93668681108081,0.4400792511897908,-1.5983259592259742,0,NONE
2020-04-06,6.7815,False,False,False,0.838611820605954,0.3961954996808708,-2.3159425222693812,0,NONE
2020-04-07,6.754,False,False,False,0.8949698678431648,0.4033055737580803,-2.079672354450178,0,NONE
2020-04-08,6.7737,False,False,False,0.820430215959969,0.3838245371263472,-2.6000849308688174,0,NONE
2020-04-09,6.6746,False,False,False,0.8213905935041546,0.4109340895463636,-2.251852675960196,0,NONE
2020-04-10,6.7001,False,False,False,0.5950776172719396,0.3764791039115145,-2.2973678156252735,0,NONE
2020-04-13,6.7721,False,False,False,0.6462903383930712,0.3809363298333786,-1.6876692516491367,0,NONE
2020-04-14,6.8155,False,False,False,0.651703622883044,0.3754537926809724,-2.990757401721437,0,NONE
2020-04-15,6.9118,False,False,False,0.7393477070111228,0.4017948834416132,-2.4577809962068944,0,NONE
2020-04-16,6.9397,False,False,False,0.315269483152694,0.3944658824659243,-1.3686016802267549,0,NONE
2020-04-17,6.9317,False,False,False,0.3905669914493255,0.3810876321203242,-1.8063768730154113,0,NONE
2020-04-20,6.9402,False,False,False,0.3878597274227185,0.3684418350347949,-2.8157701246464093,0,NONE
2020-04-21,6.9812,False,False,False,0.3860786614327682,0.3689648714674111,-2.502438297401543,0,NONE
2020-04-22,6.9787,False,False,False,0.1962038618440981,0.3649806823886753,-1.864721376180654,0,NONE
2020-04-23,6.9462,False,False,False,0.2517919510053525,0.3746366954224759,-1.6068036522113793,0,NONE
2020-04-24,6.9742,False,False,False,0.2672623041876131,0.3579675157208408,-2.6659296258044414,0,NONE
2020-04-27,6.9861,False,False,False,0.2677854768896167,0.3557470689872259,-2.759288115999709,0,NONE
2020-04-28,6.9868,False,False,False,0.209110958097932,0.3578710771296147,-2.2815072427792913,0,NONE
2020-04-29,6.952,False,False,False,0.2572708685362639,0.3702608995324444,-1.7768417278176187,0,NONE
2020-04-30,6.9864,False,False,False,0.25501227177579,0.3573602125695115,-2.5339126785890915,0,NONE
2020-05-01,7.012,False,False,False,0.250964087914918,0.3523261795924882,-2.701302601897492,0,NONE
2020-05-04,7.043,False,False,False,0.270024724876543,0.3534419692796443,-2.718023765379497,0,NONE
2020-05-05,7.0746,False,False,False,0.2738487901560782,0.3554373590730307,-2.6336488436160685,0,NONE
2020-05-06,7.1968,False,False,False,0.623470914395404,0.4088809691476365,-0.9613490868338275,0,NONE
2020-05-07,7.1195,False,False,False,0.6125674792283563,0.4032272994012552,-1.119904076382623,0,NONE
2020-05-08,7.084,False,False,False,0.6545311122107683,0.3893194565144479,-2.25013480916283,0,NONE
2020-05-11,7.0762,False,False,False,0.653461305203602,0.3780137296758325,-2.625271527379944,0,NONE
2020-05-12,6.9971,False,False,False,0.6965128022991388,0.4248908236215832,-2.1738749372999564,0,NONE
2020-05-13,6.9748,False,False,False,0.6169408626056,0.408995939860272,-0.30184754883456577,0,NONE
2020-05-14,6.922,False,False,False,0.5488550466874179,0.4203461245030797,-0.00010619537998124429,0,NONE
2020-05-15,6.9012,False,False,False,0.508003557136504,0.4012419091263949,-0.43326230022082335,0,NONE
2020-05-18,6.8851,False,False,False,0.531069364161848,0.4060248462769221,-0.21181070058547746,0,NONE
2020-05-19,6.7775,False,False,False,0.6102712316585139,0.4544933371431333,2.5951758633624422e-05,0,NONE
2020-05-20,6.7912,False,False,False,0.5102267674522,0.4064243333409476,-0.9775926014405236,0,NONE
2020-05-21,6.7916,False,False,False,0.3943298275715696,0.3876001176173188,-2.1293087158502875,0,NONE
2020-05-22,6.8147,False,False,False,0.4367533303410417,0.3812107625228724,-2.592070475075756,0,NONE
2020-05-25,6.81,False,False,False,0.4468318240322256,0.3756172183757953,-3.49635156104333,0,NONE
2020-05-26,6.7275,False,False,False,0.3785079314587729,0.4050211365627601,-2.484583033305457,0,NONE
2020-05-27,6.7739,False,False,False,0.4151595517673884,0.3791759430520952,-2.6907718755414596,0,NONE
2020-05-28,6.8138,False,False,False,0.4476959057174774,0.3681723976948655,-3.640843206422341,0,NONE
2020-05-29,6.8202,False,False,False,0.4407688341025521,0.3592198343058338,-4.681390968741384,0,NONE
2020-06-01,6.8142,False,False,False,0.4430488386293054,0.3586474952998176,-4.738337351331184,0,NONE
2020-06-02,6.7145,False,False,False,0.4884740827715076,0.4141264045159112,-2.8760667406555847,0,NONE
2020-06-03,6.744,False,False,False,0.4640362139223783,0.375143483796489,-3.1009872074982976,0,NONE
2020-06-04,6.7558,False,False,False,0.4380160071114383,0.3711670562997465,-2.877636380144981,0,NONE
2020-06-05,6.77,False,False,False,0.4450455313663404,0.368427453676674,-3.014407158912027,0,NONE
2020-06-08,6.7876,False,False,False,0.469768117040263,0.365309033743164,-3.3556621905826898,0,NONE
2020-06-09,6.7973,False,False,False,0.23010226767452,0.3904210022588397,-0.5466458581326421,0,NONE
2020-06-10,6.7768,False,False,False,0.1390099151534826,0.3740087759410117,-1.5794581035931117,0,NONE
2020-06-11,6.8414,False,False,False,0.4269667817810228,0.388079235694994,-1.923981076937734,0,NONE
2020-06-12,6.8126,False,False,False,0.3328268060989737,0.3632598857025819,-3.1435540253531133,0,NONE
2020-06-15,6.8363,False,False,False,0.3366528125737942,0.3600148769803021,-3.514734117717765,0,NONE
2020-06-16,6.8439,False,False,False,0.3605696029120938,0.3558348665674085,-3.5382188012918707,0,NONE
2020-06-17,6.8448,False,False,False,0.3300582439930318,0.3605814979563594,-3.1543689943658695,0,NONE
2020-06-18,6.8562,False,False,False,0.1881295323956028,0.3589029116223491,-2.4124928980094076,0,NONE
2020-06-19,6.8531,False,False,False,0.1125500222321059,0.3662746943378275,-1.4176269576002216,0,NONE
2020-06-22,6.8483,False,False,False,0.0705127249944432,0.3696295243036421,-1.219951826515473,0,NONE
2020-06-23,6.8511,False,False,False,0.0647292972859368,0.3667082937900588,-1.2267908864994812,0,NONE
2020-06-24,6.8558,False,False,False,0.0681087303334164,0.3664873503597978,-1.2855473225301512,0,NONE
2020-06-25,6.8549,False,False,False,0.0430721219780566,0.371103944627044,-0.95338594118817,0,NONE
2020-06-26,6.8546,False,False,False,0.0419901959921586,0.3713435761985406,-0.9596377866640324,0,NONE
2020-06-29,6.8548,False,False,False,0.0275101593804598,0.3753656342190688,-0.9079410612662162,0,NONE
2020-06-30,6.8525,False,False,False,0.035762589607828,0.3752937545903927,-0.7872887240435311,0,NONE
2020-07-01,6.8479,False,False,False,0.1506159406642926,0.3815652682824205,-0.66017526265321,0,NONE
2020-07-02,6.851,False,False,False,0.0353900629080488,0.3737520999443984,-0.9408602045404493,0,NONE
2020-07-03,6.8623,False,False,False,0.0873579523266755,0.3670624558144344,-1.3959920638831793,0,NONE
2020-07-06,6.8609,False,False,False,0.0820177057911441,0.3654243388012055,-1.5118819568253237,0,NONE
2020-07-07,6.8595,False,False,False,0.0789601479655922,0.3649353666815726,-1.529620061285744,0,NONE
2020-07-08,6.8605,False,False,False,0.0709661701525302,0.3676672073942603,-1.3915993802723179,0,NONE
2020-07-09,6.8619,False,False,False,0.0714368227730621,0.3686136642701962,-1.146550370456909,0,NONE
2020-07-10,6.8658,False,False,False,0.0734834641833018,0.3810391628936583,-0.6348439193791791,0,NONE
2020-07-13,6.8602,False,False,False,0.3060971271102695,0.3862639495137037,-0.3447717911071493,0,NONE
2020-07-14,6.8642,False,False,False,0.1451908746112109,0.3771543585100306,-0.5996721414529134,0,NONE
2020-07-15,6.8558,False,False,False,0.5078690515467664,0.3928224179050059,-0.07195759749004971,0,NONE
2020-07-16,6.8572,False,False,False,0.0787796679068403,0.3727542104283373,-0.8583905004578156,0,NONE
2020-07-17,6.8587,False,False,False,0.0821463576661384,0.374796523933916,-0.7183213624342937,0,NONE
2020-07-20,6.8578,False,False,False,0.0678004610364635,0.3743036656586533,-0.8019193564590665,0,NONE
2020-07-21,6.8254,True,False,True,1.956666932759568,0.4508686237609097,1.5594898693780834,2,TWO_MODELS
2020-07-22,6.8506,False,False,False,0.789382401152386,0.3828082055484,-0.4498972618610573,0,NONE
2020-07-23,6.8439,False,False,False,0.2878490275893239,0.360828193511523,-2.5264462372959944,0,NONE
2020-07-24,6.8484,False,False,False,0.2919236950290156,0.3571147821954659,-2.3421585229480115,0,NONE
2020-07-27,6.8625,False,False,False,0.345996697422075,0.3588585582693193,-2.096266854846103,0,NONE
2020-07-28,6.9355,True,False,True,1.6627132159745457,0.4396314760261265,9.823234857719854e-05,2,TWO_MODELS
2020-07-29,6.983,False,False,False,0.578640369883236,0.3934521185105142,-1.6158567705230915,0,NONE
2020-07-30,6.9955,False,False,False,0.7308548136959799,0.3872064364097554,-1.0309298034500305,0,NONE
2020-07-31,6.972,False,False,False,0.673699740545244,0.3953048592641023,-0.21205753357524948,0,NONE
2020-08-03,6.9578,False,False,False,0.816691758738466,0.3938128715367195,-0.15391513704410364,0,NONE
2020-08-04,6.9008,False,False,True,0.6639519691879073,0.4035765635849168,5.385320513440206e-05,1,ONE_MODEL
2020-08-05,7.0476,True,False,False,1.345083749577556,0.4795506039836353,-0.000334485369352322,1,ONE_MODEL
2020-08-06,7.2389,True,False,False,1.273990665925702,0.502880683046218,-0.3042598770909013,1,ONE_MODEL
2020-08-07,7.2941,True,False,False,1.182817405023685,0.4481255077501928,-0.7496544487175143,1,ONE_MODEL
2020-08-10,7.3329,True,False,False,1.0982764424044444,0.4317670908665134,-1.1387525375675267,1,ONE_MODEL
2020-08-11,7.2025,True,False,True,1.3497909959973524,0.4885741931119847,0.19264347611927057,2,TWO_MODELS
2020-08-12,7.3282,True,False,False,1.237025902000484,0.4538056715761158,-1.0486048470439098,1,ONE_MODEL
2020-08-13,7.3354,False,False,False,0.954548230920946,0.3920441827420753,-2.402229976589563,0,NONE
2020-08-14,7.3664,False,False,False,0.9365374123466256,0.3896779899127847,-2.298497122996647,0,NONE
2020-08-17,7.3787,False,False,False,0.9275589127830222,0.3857434249985219,-2.2675959124056355,0,NONE
2020-08-18,7.3696,False,False,False,0.5664694224638722,0.3770627456806757,-2.2982618218197572,0,NONE
2020-08-19,7.2905,False,False,False,0.4299165218913892,0.3859455446193506,-1.6032219280448778,0,NONE
2020-08-20,7.2938,False,False,False,0.4285772459588607,0.3640330089206242,-2.6471447136331623,0,NONE
2020-08-21,7.3365,False,False,False,0.4575001920775099,0.3648098435062009,-2.319007424534062,0,NONE
2020-08-24,7.3768,False,False,False,0.5005074793777059,0.3591710797060329,-2.856175945106603,0,NONE
2020-08-25,7.3893,False,False,False,0.5265237645318435,0.3576548212069459,-3.400532065796032,0,NONE
2020-08-26,7.3662,False,False,False,0.2913336144597372,0.3639951853931928,-2.0518198851679674,0,NONE
2020-08-27,7.3587,False,False,False,0.30744680140367,0.3569907317236174,-2.7700132660044723,0,NONE
2020-08-28,7.3329,False,False,False,0.2903682311708519,0.3591089565356503,-2.575443988078476,0,NONE
2020-08-31,7.3466,False,False,False,0.1981844654241442,0.364182783071114,-1.5032152000970012,0,NONE
2020-09-01,7.3652,False,False,False,0.2154505464007439,0.3614016403162385,-1.640779807966588,0,NONE
2020-09-02,7.3822,False,False,False,0.2044482865483803,0.3547071858765593,-1.9872913764289049,0,NONE
2020-09-03,7.4335,False,False,False,0.2912337498543448,0.3560307016790131,-2.2866050213791596,0,NONE
2020-09-04,7.4331,False,False,False,0.2030839538569612,0.3548645169213671,-1.6835724435541852,0,NONE
2020-09-07,7.4542,False,False,False,0.1996941009923975,0.3551972606332262,-2.0441946777020714,0,NONE
2020-09-08,7.4817,False,False,False,0.2002149365195152,0.3575032038586391,-1.9181256938057896,0,NONE
2020-09-09,7.4848,False,False,False,0.2224699303269472,0.3500529390013744,-1.8344635165360934,0,NONE
2020-09-10,7.4481,False,False,False,0.3808476644142382,0.3683975170398169,-1.5006358233486061,0,NONE
2020-09-11,7.4724,False,False,False,0.2789530253464651,0.3458413308084566,-2.634233493474847,0,NONE
2020-09-14,7.484,False,False,False,0.2701641915114489,0.3410565097307845,-2.9299208397224863,0,NONE
2020-09-15,7.4854,False,False,False,0.2388341110055218,0.3405520158324886,-2.722969928141099,0,NONE
2020-09-16,7.5054,False,False,False,0.2557781060550778,0.3414453749151516,-2.6145192679786415,0,NONE
2020-09-17,7.5464,False,False,False,0.3273373997045141,0.3625500123635543,-1.298924907210214,0,NONE
2020-09-18,7.5555,False,False,False,0.1577819775899969,0.3462766071273775,-1.8374962852049173,0,NONE
2020-09-21,7.6321,False,False,False,0.7166381539996733,0.3833796577479491,-0.9071506658060589,0,NONE
2020-09-22,7.6622,False,False,False,0.2641894212587437,0.3564478679922855,-1.7072263862270294,0,NONE
2020-09-23,7.7009,False,False,False,0.2494650525656995,0.3642189271816783,-1.2545464491448808,0,NONE
2020-09-24,7.6254,False,False,False,0.8867816630077103,0.4066389702373492,-1.157748990279849,0,NONE
2020-09-25,7.6582,False,False,False,0.5570962190537422,0.3580282325471344,-2.7842370316665495,0,NONE
2020-09-28,7.8006,False,False,False,0.993253933960141,0.4238311130576996,-1.4967717432717702,0,NONE
2020-09-29,7.8168,False,False,False,0.721398654423898,0.3707663380625334,-2.7610091308012024,0,NONE
2020-09-30,7.7213,False,False,False,0.854024259286365,0.4098637661990947,-2.0294816321642752,0,NONE
2020-10-01,7.746,False,False,False,0.7541988226525296,0.3660840973833401,-3.8503742505254905,0,NONE
2020-10-02,7.758,False,False,False,0.7543952946025962,0.3650565609044447,-3.6556879078558673,0,NONE
2020-10-05,7.7646,False,False,False,0.4411758269328266,0.3527763896864511,-3.2644617287635285,0,NONE
2020-10-06,7.7978,False,False,False,0.4634638450261311,0.3496484289382275,-3.203605654430117,0,NONE
2020-10-07,7.8818,False,False,False,0.3392308569616361,0.3748020885722873,-1.8475589343251286,0,NONE
2020-10-08,7.9435,False,False,False,0.2872144712424864,0.364609233670317,-2.215857487236933,0,NONE
2020-10-09,7.8564,False,False,False,0.5595039875215597,0.3825344995975178,-2.464617557360887,0,NONE
2020-10-12,7.8888,False,False,False,0.5572039151137296,0.355366267397096,-4.130025677180399,0,NONE
2020-10-13,7.9191,False,False,False,0.5605826726664761,0.355978757355731,-3.8407012041874253,0,NONE
2020-10-14,7.9106,False,False,False,0.4859599739189446,0.3529551249104408,-3.8161849158989796,0,NONE
2020-10-15,7.9324,False,False,False,0.4238378998639489,0.3480723234301505,-3.495523503385229,0,NONE
2020-10-16,7.9333,False,False,False,0.1936174230502939,0.3587926028848397,-2.055884494792421,0,NONE
2020-10-19,7.8766,False,False,False,0.3303864695074334,0.3653783779364952,-2.541789155716767,0,NONE
2020-10-20,7.8627,False,False,False,0.241832446366074,0.3539178173285441,-2.510383232874716,0,NONE
2020-10-21,7.8122,False,False,False,0.2802817043506399,0.375025065100224,-1.7627132151965839,0,NONE
2020-10-22,7.9378,False,False,False,0.6039932555632762,0.3849693693859287,-1.7674565435188967,0,NONE
2020-10-23,7.9671,False,False,False,0.6147900870397573,0.3547912671259297,-3.6987053787494464,0,NONE
2020-10-26,8.0834,False,False,False,0.627402924448554,0.3884166358200776,-2.8440841538219583,0,NONE
2020-10-27,8.1848,False,False,False,0.5992763665583175,0.3947459716107921,-2.714710551050816,0,NONE
2020-10-28,8.2566,False,False,False,0.3308356891119021,0.4094413176961614,-1.1230112590289316,0,NONE
2020-10-29,8.2883,False,False,False,0.3635461026501326,0.3771443017118528,-1.5274030463976018,0,NONE
2020-10-30,8.3456,False,False,False,0.3166750689724922,0.3887196321393452,-0.9146800756314626,0,NONE
2020-11-02,8.44,False,False,False,0.2827837423312875,0.4050227777317144,-0.05309183102417947,0,NONE
2020-11-03,8.4112,False,False,False,0.4418114277148268,0.3842875763668827,-0.8766717880847796,0,NONE
2020-11-04,8.4215,False,False,False,0.4562095290841539,0.3692808157874876,-2.1569163153696014,0,NONE
2020-11-05,8.416,False,False,False,0.486185686197644,0.3664326840696947,-2.3451719196945913,0,NONE
2020-11-06,8.5193,False,False,False,0.573668545327943,0.3896124087801991,-1.8907651612854561,0,NONE
2020-11-09,8.0525,True,True,True,2.166143520178692,0.6112971359639079,1.5680134164351704,3,ALL_THREE
2020-11-10,8.156,True,True,True,1.43401689396904,0.5355193550616051,0.30628766452067513,3,ALL_THREE
2020-11-11,7.793,True,True,True,1.66123080278885,0.6295388857611927,0.9754988834674192,3,ALL_THREE
2020-11-12,7.6888,True,True,True,1.892818664373054,0.6063331155319986,0.5509439146887161,3,ALL_THREE
2020-11-13,7.6804,True,True,True,1.9694106323289455,0.5936171524512329,0.8657559414545117,3,ALL_THREE
2020-11-16,7.7068,False,True,False,0.9667791738843894,0.5293108484875212,-0.45571237119042074,1,ONE_MODEL
2020-11-17,7.6995,True,True,False,1.071684293310484,0.5330183089595504,-0.9137652532034988,2,TWO_MODELS
2020-11-18,7.716,False,False,False,0.2905198068094497,0.4405216947195194,-1.068853540623838,0,NONE
2020-11-19,7.5499,False,False,False,0.538167444271645,0.4973967837059657,-0.7549500131485622,0,NONE
2020-11-20,7.619,False,False,False,0.4948168182689444,0.4688631181211848,-0.9773435954328988,0,NONE
2020-11-23,7.8873,False,True,True,0.88036487728048,0.5211667472833678,1.496612900415089,2,TWO_MODELS
2020-11-24,8.0054,False,False,False,0.804153999937426,0.4908703272149476,-0.13693110392683572,0,NONE
2020-11-25,7.9522,False,False,False,0.8394882415876282,0.4819124278363587,-0.23500880573543093,0,NONE
2020-11-26,7.8717,False,False,True,0.7554611294355159,0.4873701831271287,0.5028715033997653,1,ONE_MODEL
2020-11-27,7.8137,False,False,True,0.7546911441631096,0.4803587913215068,0.00024973207500167405,1,ONE_MODEL
2020-11-30,7.8256,False,False,False,0.3935527518952356,0.4205651146955371,-3.5938062148853884,0,NONE
2020-12-01,7.8314,False,False,False,0.408484265139156,0.4348144849720871,-1.091857763876611,0,NONE
2020-12-02,7.8616,False,False,False,0.2353057364970953,0.4191365637954546,-1.6993190925266113,0,NONE
2020-12-03,7.7718,False,False,False,0.2855652793324525,0.4392779978213446,-1.4659405176712248,0,NONE
2020-12-04,7.813,False,False,False,0.2545874771733819,0.4174700047537409,-2.3095277536449075,0,NONE
2020-12-07,7.8097,False,False,False,0.2524738450753874,0.4019689262697217,-3.1975274400774545,0,NONE
2020-12-08,7.8191,False,False,False,0.253360736360335,0.4032766637248509,-3.0752807961948623,0,NONE
2020-12-09,7.8244,False,False,False,0.2397465315937397,0.3954066243607324,-2.9900547815063003,0,NONE
2020-12-10,7.8903,False,False,False,0.27819187022408,0.4151141371337968,-1.40016475329252,0,NONE
2020-12-11,7.8421,False,False,False,0.1979882728471433,0.3979623058465583,-2.5961108643870237,0,NONE
2020-12-14,7.8508,False,False,False,0.1972714591812145,0.3864992030401468,-3.4542996659663885,0,NONE
2020-12-15,7.8362,False,False,False,0.2034259462007243,0.385840232053958,-3.5488378076896456,0,NONE
2020-12-16,7.8026,False,False,False,0.2186441095431957,0.3926854073026711,-3.374548612806338,0,NONE
2020-12-17,7.7027,False,False,False,0.4404117709201459,0.44007935551044,-1.289595295592056,0,NONE
2020-12-18,7.6433,False,False,False,0.4667050109750799,0.4372527830772177,-1.6103247107505432,0,NONE
2020-12-21,7.6412,False,False,False,0.4920592067423339,0.4268455413079311,-0.9578564145698465,0,NONE
2020-12-22,7.6593,False,False,False,0.415292336224806,0.4198782486211312,-0.8353404402901621,0,NONE
2020-12-23,7.6405,False,False,False,0.380547697580786,0.4175931440071297,-1.5313318938816618,0,NONE
2020-12-24,7.5623,False,False,False,0.3603100196158253,0.4430097893366678,-0.9195673187744848,0,NONE
2020-12-25,7.5863,False,False,False,0.2249758834741296,0.4095113334052503,-1.4328151695406586,0,NONE
2020-12-28,7.4382,False,False,False,0.7923706104996823,0.4971937680462737,-0.31836490619094526,0,NONE
2020-12-29,7.3954,False,False,False,0.6195344687943819,0.4682254211426424,-1.2287513823264984,0,NONE
2020-12-30,7.3832,False,False,False,0.604040238047724,0.4630199291228057,-0.9877528123965789,0,NONE
2020-12-31,7.4349,False,False,False,0.394461144538139,0.4465361585802453,-0.9049914560978412,0,NONE
2021-01-01,7.4299,False,False,False,0.3779344099057578,0.4284457620787174,-2.1030571894994736,0,NONE
2021-01-04,7.4222,False,False,False,0.1791250102572743,0.4138180787627971,-2.059088062676265,0,NONE
2021-01-05,7.3866,False,False,False,0.1689824283389988,0.4211344109290809,-1.7021574689877461,0,NONE
2021-01-06,7.3059,False,False,False,0.3097225243684319,0.4495258842191302,-1.4966064070532656,0,NONE
2021-01-07,7.3481,False,False,False,0.3410427629767791,0.43642920317065,-0.5080111806814287,0,NONE
2021-01-08,7.3732,False,False,False,0.2670744941253262,0.4235125269739301,-1.6078878580603515,0,NONE
2021-01-11,7.4836,False,False,False,0.6774996622601467,0.4517826745662504,-1.3407244670966243,0,NONE
2021-01-12,7.4544,False,False,False,0.3739431761096597,0.4135384577051483,-3.0939407727265085,0,NONE
2021-01-13,7.4028,False,False,False,0.3276331808023275,0.430090246427504,-1.8551509787444562,0,NONE
2021-01-14,7.3609,False,False,False,0.3503161037314719,0.423262628285142,-2.8718041555481904,0,NONE
2021-01-15,7.4586,False,False,False,0.5192603739952973,0.4518672448852661,-1.7153352619641673,0,NONE
2021-01-18,7.4731,False,False,False,0.3204016741141975,0.4054873337009002,-3.2718702863156963,0,NONE
2021-01-19,7.4647,False,False,False,0.31516667843935,0.4027683708932548,-3.499221970900825,0,NONE
2021-01-20,7.4186,False,False,False,0.3102351905777667,0.4143696896553201,-3.0000926351400263,0,NONE
2021-01-21,7.3679,False,False,False,0.3197708882559243,0.4189439417965125,-2.9305634014346413,0,NONE
2021-01-22,7.4103,False,False,False,0.2193576398932553,0.4160673141663289,-1.3430485278953004,0,NONE
2021-01-25,7.4046,False,False,False,0.2011792606401867,0.409999057256502,-1.7577073454153513,0,NONE
2021-01-26,7.3439,False,False,False,0.2916414273124043,0.435728009503617,-1.3658933893726584,0,NONE
2021-01-27,7.4139,False,False,False,0.3532335591866532,0.4196227294568997,-2.055990848796565,0,NONE
2021-01-28,7.3342,False,False,False,0.3758371952826206,0.4371455712406135,-2.416400552992652,0,NONE
2021-01-29,7.3193,False,False,False,0.5517592380482259,0.4177712107433339,-1.6748339858107268,0,NONE
2021-02-01,7.1865,False,False,True,0.5790358476983155,0.4783755706296886,0.29828937998532634,1,ONE_MODEL
2021-02-02,7.2023,False,False,False,0.75298595642253,0.4517068231159623,-0.02331368076488083,0,NONE
2021-02-03,7.1645,False,False,True,0.49421695055167,0.441720074535991,3.5059819433413963e-05,1,ONE_MODEL
2021-02-04,7.1358,False,False,True,0.609619923452116,0.4388942806711974,0.04565324590097575,1,ONE_MODEL
2021-02-05,7.0564,False,False,False,0.4258401348564909,0.4589169386068375,-1.2741414473860733,0,NONE
2021-02-08,7.0732,False,False,False,0.3128648078837907,0.4131044163209754,-1.5115923801850641,0,NONE
2021-02-09,7.0686,False,False,False,0.3340245334399279,0.4210425259151385,-0.799638185295894,0,NONE
2021-02-10,7.0578,False,False,False,0.2820044327093087,0.4131442226129486,-1.164129974441046,0,NONE
2021-02-11,7.0258,False,False,False,0.2963125425588117,0.4222061093503176,-1.1485392558438523,0,NONE
2021-02-12,7.0357,False,False,False,0.1582391414912303,0.4150581449472376,-0.3318338580613176,0,NONE
2021-02-15,6.9642,False,False,False,0.3139392879873263,0.4438102803015306,-0.1638347428082163,0,NONE
2021-02-16,6.993,False,False,False,0.4039234533635064,0.4182292132404138,-0.4683250539887531,0,NONE
2021-02-17,6.966,False,False,False,0.4076709605690333,0.41458866608599,-1.4389450621229756,0,NONE
2021-02-18,6.9644,False,False,False,0.4092473928011588,0.4093421220616397,-1.2639186934348619,0,NONE
2021-02-19,6.9814,False,False,False,0.4222020314272458,0.4099862611891784,-1.1240271177466656,0,NONE
2021-02-22,7.021,False,False,False,0.397779146187334,0.4228726889012364,-0.0003728772455762197,0,NONE
2021-02-23,7.1052,False,False,False,0.5484373859663245,0.4323353804731089,-0.613567718835597,0,NONE
2021-02-24,7.1692,False,False,False,0.51506279862616,0.4279399776777257,-0.6068123417701123,0,NONE
2021-02-25,7.3527,False,True,True,0.98424647985501,0.5240869991493532,0.7175222726179529,2,TWO_MODELS
2021-02-26,7.4249,True,False,True,1.124165114127474,0.4837536684897784,0.056671124927394345,2,TWO_MODELS
2021-03-01,7.296,False,False,True,0.953469830857917,0.5051964753175787,1.602858567873886,1,ONE_MODEL
2021-03-02,7.3601,False,False,False,0.9335566785002708,0.4712012152004751,-0.06014412371588307,0,NONE
2021-03-03,7.4455,False,False,False,0.9234452068264604,0.4771609086134618,-0.0002524231654437159,0,NONE
2021-03-04,7.5113,False,False,False,0.7220701723410532,0.4283556182612163,-1.1854597224612373,0,NONE
2021-03-05,7.532,False,False,False,0.700299088154056,0.4099565718826877,-1.4076696578561823,0,NONE
2021-03-08,7.7454,True,True,True,1.274661622076062,0.5334604654779541,0.7981398225535106,3,ALL_THREE
2021-03-09,7.6072,False,False,True,0.8797111439845746,0.4952151367746168,1.2907256195937853,1,ONE_MODEL
2021-03-10,7.5045,False,False,False,0.9630187872596356,0.4589070157294491,-0.007751912328000543,0,NONE
2021-03-11,7.4759,False,False,False,0.9568979757323182,0.428264486806882,-0.7897003134416885,0,NONE
2021-03-12,7.5668,False,False,False,0.996251916350003,0.4462254984318164,-0.7969899491219721,0,NONE
2021-03-15,7.5327,False,False,False,0.6003487977892852,0.4053361942235829,-1.2758155270556468,0,NONE
2021-03-16,7.4852,False,False,False,0.488192615568358,0.3865172228549997,-3.3955021374102685,0,NONE
2021-03-17,7.4954,False,False,False,0.3886038493776206,0.3616511131924037,-5.419491960601972,0,NONE
2021-03-18,7.3226,False,False,False,0.6421760985332683,0.4482628422854635,-2.8752673400015887,0,NONE
2021-03-19,7.2131,False,False,False,0.913316290959796,0.4760448779778102,-1.4668820273036722,0,NONE
2021-03-22,7.7886,True,True,True,1.9946347617529223,0.6285079625270957,1.8544602403813775,3,ALL_THREE
2021-03-23,7.94,True,True,False,1.4164435282695345,0.5705632904480646,-0.09542029271234753,2,TWO_MODELS
2021-03-24,7.921,True,True,True,1.426147149975668,0.5584172323762053,0.47201087218383275,3,ALL_THREE
2021-03-25,7.9417,True,True,True,1.2891161757148994,0.570106511026244,0.18327421714820247,3,ALL_THREE
2021-03-26,8.0803,True,True,False,1.37449324760503,0.5817910545238552,-0.00019686123060580485,2,TWO_MODELS
2021-03-29,8.1995,False,False,False,0.3687981881860849,0.4588882241565585,-1.463089391723118,0,NONE
2021-03-30,8.3233,False,False,False,0.3774620403683125,0.4616453413793984,-1.1624887213787467,0,NONE
2021-03-31,8.2399,False,False,False,0.3933818468562138,0.4612574244977258,-0.17333794247747036,0,NONE
2021-04-01,8.1056,False,False,False,0.5366912040862846,0.473410443991997,-0.41930251090644965,0,NONE
2021-04-02,8.1525,False,False,False,0.481309104133199,0.4457817539157927,-1.617756063229029,0,NONE
2021-04-05,8.1021,False,False,False,0.531519950019822,0.4503789839315888,-1.6637934129292287,0,NONE
2021-04-06,8.1282,False,False,False,0.4688044405464159,0.4407150586301218,-0.6448013849635768,0,NONE
2021-04-07,8.1464,False,False,False,0.3052669580710343,0.4228212155909797,-2.2383451612676932,0,NONE
2021-04-08,8.1325,False,False,False,0.1582730583002667,0.4144960171382878,-3.06018385608383,0,NONE
2021-04-09,8.1546,False,False,False,0.1357571918645472,0.413321564020393,-2.5874277624147215,0,NONE
2021-04-12,8.1432,False,False,False,0.0987589057224899,0.4193061591680316,-1.8378946110226764,0,NONE
2021-04-13,8.1047,False,False,False,0.1181967776795374,0.4227670212161714,-1.4944360724516113,0,NONE
2021-04-14,8.0651,False,False,False,0.195355207670036,0.4323559574401056,-0.6157183650498421,0,NONE
2021-04-15,8.0123,False,False,False,0.288827748609326,0.4400359667195976,-0.028278064517094137,0,NONE
2021-04-16,8.0605,False,False,False,0.226112239135922,0.4279246525482968,-0.26618307971564903,0,NONE
2021-04-19,8.0896,False,False,False,0.1933350709138562,0.3923009767623553,-2.050873186011774,0,NONE
2021-04-20,8.1068,False,False,False,0.1869794566660725,0.3793102792252215,-3.0001930878156653,0,NONE
2021-04-21,8.1807,False,False,False,0.2777744404262739,0.3990788061854925,-2.1559483098946846,0,NONE
2021-04-22,8.3095,False,False,False,0.714139824348514,0.4516816418783998,-3.116281091131157e-05,0,NONE
2021-04-23,8.3682,False,False,False,0.63148030228395,0.4218465668926296,-1.0895298833915117,0,NONE
2021-04-26,8.2709,False,False,False,0.3947876490998588,0.418223701571227,-0.938703474489639,0,NONE
2021-04-27,8.2069,False,False,False,0.3990265511346926,0.3913643005832934,-2.8286758478138676,0,NONE
2021-04-28,8.188,False,False,False,0.3821451991572464,0.3788936163421645,-4.083435597500895,0,NONE
2021-04-29,8.1953,False,False,False,0.380071116773946,0.3874281923907085,-1.860398904533275,0,NONE
2021-04-30,8.2822,False,False,False,0.3823311446568869,0.3951945814210475,-0.3642198196079587,0,NONE
2021-05-03,8.2474,False,False,False,0.2399774424167516,0.3724500200924376,-3.419521137942228,0,NONE
2021-05-04,8.3244,False,False,False,0.3119952303790195,0.3843112511858367,-2.73111504965099,0,NONE
2021-05-05,8.3127,False,False,False,0.2980330298033,0.3733934945268866,-3.1775880291883816,0,NONE
2021-05-06,8.2727,False,False,False,0.2572843187887692,0.3745888085472005,-3.2542563623623835,0,NONE
2021-05-07,8.2343,False,False,False,0.2064019238037257,0.3746874671640518,-3.079905766827892,0,NONE
2021-05-10,8.2744,False,False,False,0.2150829994051309,0.3628409431735535,-3.977202116205863,0,NONE
2021-05-11,8.277,False,False,False,0.1380880070358355,0.3675599808762094,-2.6503701073462853,0,NONE
2021-05-12,8.4186,False,False,False,0.5617521376134639,0.4026934009778188,-1.8698334228313733,0,NONE
2021-05-13,8.502,False,False,False,0.288856441619271,0.3862463381523878,-2.7446113549713633,0,NONE
2021-05-14,8.4554,False,False,False,0.2967534251327097,0.3897760414927535,-2.058623193354684,0,NONE
2021-05-17,8.3117,False,False,False,0.6132600112478912,0.4244841826058509,-2.2154306260309014,0,NONE
2021-05-18,8.3548,False,False,False,0.4518516460154916,0.3864073783819612,-3.364013050711552,0,NONE
2021-05-19,8.4125,False,False,False,0.3742694646248108,0.3827356554160784,-2.492759658019283,0,NONE
2021-05-20,8.3805,False,False,False,0.330021332398496,0.3829599791766308,-2.707759174671507,0,NONE
2021-05-21,8.4154,False,False,False,0.3411140943912972,0.3714185072666367,-3.2912829508095545,0,NONE
2021-05-24,8.389,False,False,False,0.181839567160666,0.3675889040370515,-3.383192553636336,0,NONE
2021-05-25,8.4618,False,False,False,0.2530812934039603,0.3782041519907865,-2.9245289649628905,0,NONE
2021-05-26,8.4559,False,False,False,0.1858628295955874,0.359076841683729,-3.779476406419901,0,NONE
2021-05-27,8.4982,False,False,False,0.2768760291696059,0.3731103187778981,-2.764732225702728,0,NONE
2021-05-28,8.5647,False,False,False,0.2037167725241139,0.3778686074347381,-2.6368061490278514,0,NONE
2021-05-31,8.4919,False,False,False,0.3345636801664986,0.3800073295708468,-2.48276183777441,0,NONE
2021-06-01,8.519,False,False,False,0.2316944042225405,0.3558722035331073,-3.946999685749226,0,NONE
2021-06-02,8.5927,False,False,False,0.2557862060822954,0.3700021136180817,-3.1567609319679555,0,NONE
2021-06-03,8.7025,False,False,False,0.3553588844070823,0.3845452862080573,-2.0611957416246156,0,NONE
2021-06-04,8.6668,False,False,False,0.3246303699052345,0.3719929650460333,-2.7017661741960612,0,NONE
2021-06-07,8.6126,False,False,False,0.2996765559402599,0.3753457345109639,-2.9591038844319293,0,NONE
2021-06-08,8.6052,False,False,False,0.3064425957781683,0.3622921867291432,-3.7302653122413663,0,NONE
2021-06-09,8.5899,False,False,False,0.2763478245214226,0.3658640781989369,-3.1186942689122894,0,NONE
2021-06-10,8.4279,False,False,False,0.667637174246722,0.4561376971526107,-0.5274586553259546,0,NONE
2021-06-11,8.3942,False,False,False,0.626486641769608,0.4138099763356664,-1.9494767679575968,0,NONE
2021-06-14,8.4692,False,False,False,0.5850439402735444,0.3856621536941787,-1.9727891926710175,0,NONE
2021-06-15,8.5574,False,False,False,0.710690976503283,0.3824153888221945,-2.6987816679747603,0,NONE
2021-06-16,8.6159,False,False,False,0.7385677512720588,0.3682053482280508,-3.676552692863158,0,NONE
2021-06-17,8.7193,False,False,False,0.6310830221200819,0.3985645008231236,-1.8609832578772867,0,NONE
2021-06-18,8.7373,False,False,False,0.7085320310255699,0.3948940224062293,-0.788611389525645,0,NONE
2021-06-21,8.77,False,False,False,0.53616776788279,0.3821747742925445,-1.619459986747568,0,NONE
2021-06-22,8.6499,False,False,False,0.6032237707873674,0.3842167111607292,-2.913867005901716,0,NONE
2021-06-23,8.64,False,False,False,0.5930253905065958,0.3540730877715532,-4.7468668221605625,0,NONE
2021-06-24,8.7087,False,False,False,0.5403462924449358,0.3600215541760234,-2.9803083158337316,0,NONE
2021-06-25,8.7643,False,False,False,0.5734560781935246,0.3522031288170432,-3.72355970430627,0,NONE
2021-06-28,8.6845,False,False,False,0.6162683445340242,0.3777387441428442,-3.1099875798007037,0,NONE
2021-06-29,8.7318,False,False,False,0.4598085893161673,0.3535442059396637,-4.236154279032846,0,NONE
2021-06-30,8.7026,False,False,False,0.4779810146896538,0.3524391202278573,-4.164361866049683,0,NONE
2021-07-01,8.6551,False,False,False,0.4414259814354175,0.3566447119094774,-3.9964547907067587,0,NONE
2021-07-02,8.6796,False,False,False,0.3860883605422908,0.3543709383724138,-2.9785101356298807,0,NONE
2021-07-05,8.6658,False,False,False,0.2892441413186909,0.3433099133205149,-4.145140283063451,0,NONE
2021-07-06,8.6893,False,False,False,0.2386536321741274,0.3478765178613668,-2.943470175014358,0,NONE
2021-07-07,8.6814,False,False,False,0.2241769267013635,0.3441356552197921,-3.534952767863903,0,NONE
2021-07-08,8.6943,False,False,False,0.1348486991340445,0.3452738450913298,-2.9922215791143003,0,NONE
2021-07-09,8.6581,False,False,False,0.2170719327076542,0.3564479528603286,-2.6299205874701954,0,NONE
2021-07-12,8.6353,False,False,False,0.1860936898102204,0.3551150137445449,-2.7770667822660524,0,NONE
2021-07-13,8.621,False,False,False,0.1557582668186959,0.3638928959482144,-1.76213819001625,0,NONE
2021-07-14,8.5851,False,False,False,0.2196123147092339,0.3772302156950455,-1.286503780088772,0,NONE
2021-07-15,8.5629,False,False,False,0.299657924743442,0.3897228343325887,-0.045047208721175735,0,NONE
2021-07-16,8.5178,False,False,True,0.319954389965792,0.3984708821008651,0.0001431868920640511,1,ONE_MODEL
2021-07-19,8.5854,False,False,False,0.4358589389292138,0.3648636917307654,-1.7334622060908025,0,NONE
2021-07-20,8.5646,False,False,False,0.3704670200238651,0.35210053319594,-3.4306556341236085,0,NONE
2021-07-21,8.5578,False,False,False,0.3536017880975666,0.346620176349887,-3.782978567886685,0,NONE
2021-07-22,8.5648,False,False,False,0.346474194961349,0.3438459026564181,-3.8699814732135724,0,NONE
2021-07-23,8.5504,False,False,False,0.297680274159479,0.3490624219682668,-3.330347054669824,0,NONE
2021-07-26,8.5497,False,False,False,0.0913260059740368,0.3631003813744097,-1.2284421591072707,0,NONE
2021-07-27,8.5594,False,False,False,0.1369046722678575,0.3594391626460529,-1.4042190863224153,0,NONE
2021-07-28,8.5488,False,False,False,0.0894409606822763,0.3599582642230409,-1.553594148806038,0,NONE
2021-07-29,8.4521,False,False,False,0.8250565941382333,0.4220082132882515,-1.0619816591659461,0,NONE
2021-07-30,8.4457,False,False,False,0.3589531461573887,0.3702938157773691,-1.8879363324869036,0,NONE
2021-08-02,8.3466,False,False,False,0.7023710295553548,0.4349037159002711,-0.732079211806461,0,NONE
2021-08-03,8.4026,False,False,False,0.5434429267009416,0.4011040963285723,-7.098530865512487e-05,0,NONE
2021-08-04,8.4732,False,False,False,0.6891386972211851,0.3966884043949348,-0.8375147155152707,0,NONE
2021-08-05,8.5199,False,False,False,0.5995269714813916,0.3664928289339592,-3.003057987270294,0,NONE
2021-08-06,8.615,False,False,False,0.6492068247075491,0.3985789515467021,-2.0967834806268915,0,NONE
2021-08-09,8.6303,False,False,False,0.6469783352337479,0.3905442122115666,-0.37795015695612655,0,NONE
2021-08-10,8.592,False,False,False,0.4609002723793831,0.3771679467666116,-1.2811610588913727,0,NONE
2021-08-11,8.625,False,False,False,0.4326452840144068,0.3640871499266846,-2.735392274587424,0,NONE
2021-08-12,8.5436,False,False,False,0.593027227402442,0.3771012876952304,-2.9837141828296954,0,NONE
2021-08-13,8.5124,False,False,False,0.3965898556676676,0.3634567919964465,-2.5301715656389714,0,NONE
2021-08-16,8.4553,False,False,False,0.39908779931585,0.3888957872768616,-1.5087819342985398,0,NONE
2021-08-17,8.4291,False,False,False,0.3757391643649618,0.3770098619650249,-1.6547365818826272,0,NONE
2021-08-18,8.4512,False,False,False,0.3963511972633979,0.3805896146887664,-0.6647897795804703,0,NONE
2021-08-19,8.5025,False,False,False,0.3891925512392439,0.3566967328331784,-2.368797384180395,0,NONE
2021-08-20,8.4813,False,False,False,0.3838235573804854,0.3509624658384851,-3.671634120745786,0,NONE
2021-08-23,8.4198,False,False,False,0.3978244959989354,0.3677146901423222,-3.1730679722988793,0,NONE
2021-08-24,8.3956,False,False,False,0.396343731865617,0.3584952129762133,-3.432586173173549,0,NONE
2021-08-25,8.3731,False,False,False,0.3759989877815813,0.3660890619424812,-2.659691415065282,0,NONE
2021-08-26,8.388,False,False,False,0.261117445838082,0.3727732030671675,-0.904138996933419,0,NONE
2021-08-27,8.3468,False,False,False,0.30672748004561,0.3824622249055704,-1.1925870531199099,0,NONE
2021-08-30,8.3709,False,False,False,0.2685585602780549,0.364277855791262,-1.7965022456604842,0,NONE
2021-08-31,8.3069,False,False,False,0.3543167695095635,0.3878095600727442,-2.026404256465506,0,NONE
2021-09-01,8.2837,False,False,False,0.3543613565643573,0.3754722357288549,-2.081919253929849,0,NONE
2021-09-02,8.2742,False,False,False,0.342266468598562,0.3811810061777061,-1.308955106704472,0,NONE
2021-09-03,8.3145,False,False,False,0.4228493435296989,0.3722326560598914,-1.712839085222603,0,NONE
2021-09-06,8.2763,False,False,False,0.4074308329688939,0.3799577577464767,-1.8962878930500011,0,NONE
2021-09-07,8.3478,False,False,False,0.6068499915373,0.3847720330135057,-1.6880049580913656,0,NONE
2021-09-08,8.4597,False,False,False,0.744388698286053,0.4165880747346962,-1.5796264547061547,0,NONE
2021-09-09,8.4375,False,False,False,0.6690825276050077,0.3833725550353405,-1.8035539224040775,0,NONE
2021-09-10,8.456,False,False,False,0.6700566477693122,0.378788769727325,-2.5786389613238274,0,NONE
2021-09-13,8.4255,False,False,False,0.6494086078802362,0.3805134169753311,-1.7883880060625472,0,NONE
2021-09-14,8.4336,False,False,False,0.6314114403250699,0.3672412166690397,-3.085718593307721,0,NONE
2021-09-15,8.4278,False,False,False,0.2245662624169748,0.3562253458329817,-2.21364945800544,0,NONE
2021-09-16,8.5237,False,False,False,0.5398682023946513,0.3853911048926041,-2.5288946743390266,0,NONE
2021-09-17,8.6468,False,False,False,0.6907531607209472,0.4196933039571442,-1.446691359923717,0,NONE
2021-09-20,8.6661,False,False,False,0.622652037906458,0.3922075164186179,-1.0637353983532183,0,NONE
2021-09-21,8.6273,False,False,False,0.717172808367836,0.3996642569660051,-0.34492538024271546,0,NONE
2021-09-22,8.6503,False,False,False,0.6801753087153932,0.3960281342369335,-1.1711459353793963,0,NONE
2021-09-23,8.7616,False,False,False,0.6846492933213676,0.4091577674387139,-1.2713216790231208,0,NONE
2021-09-24,8.8718,False,False,False,0.6199917793131609,0.3917711747721673,-1.9238883345578284,0,NONE
2021-09-27,8.8202,False,False,False,0.7397456434372406,0.3877548132014451,-1.6485406692795372,0,NONE
2021-09-28,8.869,False,False,False,0.6368356402753084,0.3738134064419274,-2.438709142591712,0,NONE
2021-09-29,8.9093,False,False,False,0.6238642768071712,0.3700157605752082,-2.475262067138962,0,NONE
2021-09-30,8.8805,False,False,False,0.6008395289405392,0.3643116039143132,-2.4096331586094575,0,NONE
2021-10-01,8.8493,False,False,False,0.4220126592915743,0.361642362672369,-2.3546681969266565,0,NONE
2021-10-04,8.8495,False,False,False,0.3469952799299339,0.3449143433299569,-3.659130042840742,0,NONE
2021-10-05,8.8668,False,False,False,0.2816325620128959,0.3486879211399622,-2.645875122775001,0,NONE
2021-10-06,8.8701,False,False,False,0.1969974594177664,0.353772659332671,-1.8941810357062376,0,NONE
2021-10-07,8.8715,False,False,False,0.1657350070733504,0.346956627346364,-2.2854771186405003,0,NONE
2021-10-08,8.9521,False,False,False,0.3162782880203543,0.359696078604998,-2.3976714045179595,0,NONE
2021-10-11,9.0012,False,False,False,0.3151179795959835,0.3572543506209777,-2.561196418433644,0,NONE
2021-10-12,9.0376,False,False,False,0.3080947860750885,0.3550529504005931,-2.4334627641780084,0,NONE
2021-10-13,9.0824,False,False,False,0.2630961687912236,0.3636855634373321,-1.7934179222264461,0,NONE
2021-10-14,9.1834,False,False,False,0.3083262187999062,0.3902528456717429,-0.47308864977946286,0,NONE
2021-10-15,9.2566,False,False,False,0.2281110589542658,0.3870886080151339,-0.253344083026974,0,NONE
2021-10-18,9.3302,False,False,False,0.2219418944328541,0.395258311746368,-0.00015290032509973628,0,NONE
2021-10-19,9.2911,False,False,False,0.4611377969563768,0.3893584387306323,-0.32132515738416956,0,NONE
2021-10-20,9.2051,False,False,False,0.6839502259669605,0.4056353961378816,-1.0110580668273812,0,NONE
2021-10-21,9.5061,True,False,False,1.179145797885392,0.5061657387910992,-0.22859089240455965,1,ONE_MODEL
2021-10-22,9.6026,True,False,False,1.0796695976782529,0.4417270894570122,-1.3829595973716096,1,ONE_MODEL
2021-10-25,9.5845,True,False,False,1.144638690176028,0.4393131681205369,-1.1288547757086373,1,ONE_MODEL
2021-10-26,9.5312,True,False,False,1.151444046134647,0.4430583121278732,-1.1708637679754403,1,ONE_MODEL
2021-10-27,9.4835,True,False,False,1.094495426329604,0.4327542279830035,-1.6011049768858676,1,ONE_MODEL
2021-10-28,9.527,False,False,False,0.4574558137297112,0.3719197471419989,-2.131944612352452,0,NONE
2021-10-29,9.5896,False,False,False,0.379922935180172,0.3683522442742361,-1.752890543625334,0,NONE
2021-11-01,9.5363,False,False,False,0.4099895878959438,0.3784394334286241,-1.8717864120036172,0,NONE
2021-11-02,9.6024,False,False,False,0.4255780023732277,0.365941202170249,-2.6788350680138784,0,NONE
2021-11-03,9.6391,False,False,False,0.3469819280847017,0.3664607834742567,-2.4278461170571806,0,NONE
2021-11-04,9.6919,False,False,False,0.3586429240046777,0.3658723266293898,-2.5405905743984274,0,NONE
2021-11-05,9.6745,False,False,False,0.3659436588245341,0.3623795399899193,-2.7039830247033194,0,NONE
2021-11-08,9.6775,False,False,False,0.254820471902637,0.3626692308906394,-2.1876932441438175,0,NONE
2021-11-09,9.7322,False,False,False,0.2330061576398614,0.3631446637298884,-1.874016847325768,0,NONE
2021-11-10,9.8378,False,False,False,0.3469952370590025,0.376979358461507,-1.7072293055324685,0,NONE
2021-11-11,9.9049,False,False,False,0.3555578257697716,0.3695345304504167,-2.0988233982045283,0,NONE
2021-11-12,9.9909,False,False,False,0.2757184256147876,0.3855045174252957,-1.165117038095417,0,NONE
2021-11-15,10.0604,False,False,True,0.1739082565134275,0.4038862102878387,0.15508206047116246,1,ONE_MODEL
2021-11-16,10.3168,False,False,False,0.63715160430997,0.4596324253827011,-0.17990187627668597,0,NONE
2021-11-17,10.6327,False,False,False,0.76549899193548,0.4978085570987785,-0.3682662522036715,0,NONE
2021-11-18,11.036,False,True,False,0.948253971239665,0.5556439212688165,-0.0004903297009253293,1,ONE_MODEL
2021-11-19,11.2495,False,True,False,0.6175796897069548,0.530466136176185,-0.36642361392333456,1,ONE_MODEL
2021-11-22,11.4062,False,True,True,0.4900825651118943,0.5272880212756427,0.21435652669879346,2,TWO_MODELS
2021-11-23,12.8129,True,True,True,3.0831915975522075,0.7200056922381141,2.161200528709153,3,ALL_THREE
2021-11-24,11.8876,True,True,True,1.8054070507067077,0.719214632177326,3.6425881617953086,3,ALL_THREE
2021-11-25,11.9998,True,True,True,1.6875418700946414,0.6739041660124523,3.553483256714462,3,ALL_THREE
2021-11-26,12.369,True,True,True,1.6734054485840528,0.67878402560057,2.646706386222726,3,ALL_THREE
2021-11-29,12.817,True,True,True,1.654255963627442,0.6853233308810397,0.4636873715770937,3,ALL_THREE
2021-11-30,13.6848,True,True,True,1.6926737926191748,0.6762012618533652,0.00010437916020045179,3,ALL_THREE
2021-12-01,13.3044,False,True,True,0.8883803582083,0.6616215433079004,3.531272103101518,2,TWO_MODELS
2021-12-02,13.6765,True,True,True,1.257059398114022,0.6567388031604878,0.30649472946346723,3,ALL_THREE
2021-12-03,13.7212,False,True,True,0.7781635135000002,0.6382280642549678,0.23554649149676088,2,TWO_MODELS
2021-12-06,13.7985,False,True,False,0.7681590422444174,0.6172232950471793,-0.3963424935332327,1,ONE_MODEL
2021-12-07,13.4845,False,True,True,0.568902416929375,0.605955277139884,2.5146617650565757,2,TWO_MODELS
2021-12-08,13.6624,False,True,False,0.3962198271923259,0.589669897407848,-1.3775562244384112,1,ONE_MODEL
2021-12-09,13.7773,False,True,True,0.3017846826944319,0.5678519507779738,0.023822032796061876,2,TWO_MODELS
2021-12-10,13.8803,False,True,False,0.3073648489653256,0.5691508539477044,-0.28377959115577767,1,ONE_MODEL
2021-12-13,13.8319,False,True,True,0.3082655319910256,0.5731189821791571,0.10512135724836469,2,TWO_MODELS
2021-12-14,14.3961,True,True,True,1.0197442144607751,0.6297618971622079,0.0001064427757277997,3,ALL_THREE
2021-12-15,14.8062,False,True,False,0.7121720465959525,0.6237354736509227,-0.5644790414245477,1,ONE_MODEL
2021-12-16,15.6828,True,True,True,1.4801231916359323,0.6789494283672786,0.14295890770225128,3,ALL_THREE
2021-12-17,16.5047,True,True,True,1.310193332823215,0.6895652390310223,0.7455238593748472,3,ALL_THREE
2021-12-20,13.437,True,True,True,4.646706695668505,0.7698670532407156,5.124557307127748,3,ALL_THREE
2021-12-21,12.557,True,True,True,4.78372827134089,0.7774619329504749,3.41696891039304,3,ALL_THREE
2021-12-22,12.19,True,True,True,5.22845007785661,0.7727534642014849,3.481883266025087,3,ALL_THREE
2021-12-23,11.2898,True,True,True,6.319290868661652,0.7890225764755151,3.776263023205903,3,ALL_THREE
2021-12-24,10.9914,True,True,True,6.680884838864079,0.7708372601879158,3.950889802737482,3,ALL_THREE
2021-12-27,11.567,True,True,True,2.2660211939629296,0.7432115680608586,5.447533350244257,3,ALL_THREE
2021-12-28,11.828,False,True,True,0.8833847328336759,0.7091502759461954,4.563104002562325,2,TWO_MODELS
2021-12-29,12.668,True,True,True,1.7754480892796725,0.714124574510289,5.15185196458436,3,ALL_THREE
2021-12-30,13.1706,True,True,True,2.279108375190096,0.7088601810682069,3.342696085204077,3,ALL_THREE
2021-12-31,13.2844,True,True,True,2.778602458693582,0.6863303961958854,2.476517464236995,3,ALL_THREE
2022-01-03,13.0819,True,True,True,1.835719522317882,0.6850162049578581,4.652033258919441,3,ALL_THREE
2022-01-04,13.4246,True,True,True,1.934721624749312,0.6833124608419247,1.5833511394666626,3,ALL_THREE
2022-01-05,13.643,True,True,True,1.1814816385635618,0.6422222425292564,0.23450991190492054,3,ALL_THREE
2022-01-06,13.8301,False,True,False,0.799166298084788,0.6206415541846202,2.7714985055382613e-05,1,ONE_MODEL
2022-01-07,13.8328,False,True,False,0.6645379800905179,0.6079461194344818,-0.3736858712177895,1,ONE_MODEL
2022-01-10,13.8227,False,True,True,0.897683690100396,0.6219351116550833,0.42631067773669873,2,TWO_MODELS
2022-01-11,13.8005,False,True,True,0.455506613267736,0.5954997149377584,0.45489184376885117,2,TWO_MODELS
2022-01-12,13.2242,True,True,True,1.043983913626315,0.6499473200895642,2.24812948351739,3,ALL_THREE
2022-01-13,13.5696,False,True,True,0.65296955581434,0.6353353907871085,3.13671527689461,2,TWO_MODELS
2022-01-14,13.5384,False,True,True,0.356746866044218,0.6234517989524104,2.143976115592208,2,TWO_MODELS
2022-01-17,13.4402,False,True,True,0.463504335128776,0.6043419849919391,2.0924885961781525,2,TWO_MODELS
2022-01-18,13.528,False,True,True,0.33020897077802,0.5997458268772333,1.8309856074346804,2,TWO_MODELS
2022-01-19,13.4321,False,True,True,0.2519282386229379,0.5759636427941947,1.4729614999722642,2,TWO_MODELS
2022-01-20,13.3634,False,True,True,0.249868219355696,0.5647511518938775,0.5892883362326486,2,TWO_MODELS
2022-01-21,13.4644,False,True,False,0.1889489201849825,0.5422554033835227,3.315023665528827e-05,1,ONE_MODEL
2022-01-24,13.5109,False,True,False,0.0863387896972749,0.5253948680789338,-1.1083165647679785,1,ONE_MODEL
2022-01-25,13.4821,False,True,False,0.111116782391666,0.5313613659890062,-1.6751532984553634,1,ONE_MODEL
2022-01-26,13.5904,False,False,False,0.20082183042701,0.5144788135563526,-1.183540623809467,0,NONE
2022-01-27,13.6469,False,True,False,0.343538507213094,0.521902034528412,-0.8666325096729324,1,ONE_MODEL
2022-01-28,13.5203,False,True,False,0.2319208025265799,0.5235814874792775,-1.1513859068165715,1,ONE_MODEL
2022-01-31,13.3266,False,True,False,0.35816512947198,0.5471965153273012,-0.993428093312172,1,ONE_MODEL
2022-02-01,13.3612,False,False,False,0.1465037231818819,0.5175431068541793,-2.096477394225701,0,NONE
2022-02-02,13.4673,False,True,False,0.198522587791515,0.5193206413518873,-1.5120262056773264,1,ONE_MODEL
2022-02-03,13.5672,False,False,False,0.1854491991713275,0.5144565745770733,-1.9179715656503014,0,NONE
2022-02-04,13.5595,False,False,False,0.1098742699499434,0.4985307752811349,-3.002335910465284,0,NONE
2022-02-07,13.59,False,True,False,0.319181808818096,0.5198057273789863,-0.9106889069009014,1,ONE_MODEL
2022-02-08,13.5614,False,False,False,0.2425975631183839,0.5143668379403703,-1.1484628095868104,0,NONE
2022-02-09,13.5412,False,False,False,0.08955024932292,0.5044228307239113,-1.2449816205942597,0,NONE
2022-02-10,13.5115,False,True,True,0.0989591945272417,0.5256999695005621,0.16855419518095083,2,TWO_MODELS
2022-02-11,13.501,False,True,True,0.070888898313814,0.5222515105743691,0.3327255724754261,2,TWO_MODELS
2022-02-14,13.5948,False,False,True,0.2792698711986073,0.5166321508340019,0.35168508780842256,1,ONE_MODEL
2022-02-15,13.6078,False,False,False,0.056226408235228,0.4874645423355602,-0.8158101206060326,0,NONE
2022-02-16,13.6015,False,False,False,0.073070095185006,0.4868948341299356,-0.7650265608968958,0,NONE
2022-02-17,13.5839,False,False,False,0.0877325852635879,0.4900642880835461,-0.6051761384199761,0,NONE
2022-02-18,13.6522,False,False,False,0.1832205371803179,0.4923322054016721,-0.6051752793716734,0,NONE
2022-02-21,13.6754,False,False,False,0.097669148787922,0.4875116083937166,-0.641641890145511,0,NONE
2022-02-22,13.8129,False,False,False,0.4227283668355977,0.506164717526794,-0.12807588090406874,0,NONE
2022-02-23,13.8286,False,False,False,0.275194338582344,0.4837148367298968,-0.62949690132454,0,NONE
2022-02-24,14.0966,False,True,True,0.8115159764956958,0.5482078135411448,1.2019498214973696,2,TWO_MODELS
2022-02-25,13.8788,False,True,True,0.6087439949539472,0.5260760384556387,1.215245017755298,2,TWO_MODELS
2022-02-28,13.8723,False,False,False,0.238598702187858,0.4879371864346392,-1.6048506980508854,0,NONE
2022-03-01,13.9088,False,False,False,0.1794451627249818,0.4770863072592058,-2.039722244860174,0,NONE
2022-03-02,14.0869,False,False,False,0.4012450091497717,0.5074756806104044,-0.5525201578313812,0,NONE
2022-03-03,14.1434,False,False,False,0.1492821335859544,0.4712985877938487,-1.5128470264104124,0,NONE
2022-03-04,14.2244,False,False,False,0.418789799269296,0.4875384007034852,-0.9792083981670743,0,NONE
2022-03-07,14.3929,False,True,False,0.6308506061909639,0.5232976654893897,-0.014682619200762304,1,ONE_MODEL
2022-03-08,14.5004,False,True,False,0.7168867049991839,0.5195160143833608,-0.00018180134446765805,1,ONE_MODEL
2022-03-09,14.6594,False,True,True,0.69374178264373,0.5321761430012716,0.3229441380237654,2,TWO_MODELS
2022-03-10,14.8751,False,True,True,0.8866565281404679,0.5486864536964188,0.8943544125233327,2,TWO_MODELS
2022-03-11,14.7786,True,True,True,2.633465876080528,0.5467270658765842,2.3660800012337484,3,ALL_THREE
2022-03-14,14.7808,True,False,True,2.432239576723758,0.4966064575861841,0.00024111441840624082,2,TWO_MODELS
2022-03-15,14.7037,True,False,True,2.198310483820912,0.4856168768951886,0.00026909440948763574,2,TWO_MODELS
2022-03-16,14.6193,True,False,True,1.8921598648143,0.4764810321688039,0.548374237345465,2,TWO_MODELS
2022-03-17,14.7144,True,False,True,1.7586444597068078,0.461539532346682,1.3693320670851863,2,TWO_MODELS
2022-03-18,14.7905,False,False,False,0.1800625641143574,0.3825370493270127,-2.715492422224047,0,NONE
2022-03-21,14.8331,False,False,False,0.2002288768335376,0.373181231155272,-3.2893830303310896,0,NONE
2022-03-22,14.8285,False,False,False,0.1710759373073551,0.3752572666659902,-2.93080686459726,0,NONE
2022-03-23,14.8296,False,False,False,0.2827544016510759,0.3786969080425276,-1.920969112610555,0,NONE
2022-03-24,14.8366,False,False,False,0.1643014164610679,0.3695944478426971,-2.0350184826054054,0,NONE
2022-03-25,14.8317,False,False,False,0.0987028637278055,0.3727845421035691,-1.5540171178738706,0,NONE
2022-03-28,14.829,False,False,False,0.144245969422934,0.3856944759124887,-0.8185332500507343,0,NONE
2022-03-29,14.5738,False,False,False,0.8427758800033422,0.4403571294981437,-0.49778000939282485,0,NONE
2022-03-30,14.6667,False,False,False,0.4646399271130696,0.3766941554455577,-1.6426888164117557,0,NONE
2022-03-31,14.6724,False,False,False,0.4713007048743566,0.3724474137851101,-2.472427094601077,0,NONE
2022-04-01,14.6857,False,False,False,0.475698647299679,0.3707982254498855,-2.4800080623526934,0,NONE
2022-04-04,14.6795,False,False,False,0.47514701438547,0.372538558371,-2.4829308540922295,0,NONE
2022-04-05,14.722,False,False,False,0.199259164644268,0.3700716903826916,-1.4082675044010138,0,NONE
2022-04-06,14.7139,False,False,False,0.0927629240293595,0.3635949718283187,-1.2592384517308233,0,NONE
2022-04-07,14.7429,False,False,False,0.1100822832652371,0.3575667504807268,-1.4460586957204793,0,NONE
2022-04-08,14.7443,False,False,False,0.1140433492272996,0.3541611515843563,-1.6939290063455577,0,NONE
2022-04-11,14.6631,False,False,False,0.2664559457457122,0.3614662882829115,-2.039035752119478,0,NONE
2022-04-12,14.6013,False,False,False,0.2305939221785688,0.368716355293298,-1.6289682952793711,0,NONE
2022-04-13,14.6003,False,False,False,0.2373109630953055,0.3578166439032488,-1.894371640242424,0,NONE
2022-04-14,14.6048,False,False,False,0.2090125881532969,0.3614214683232852,-1.5435570137538246,0,NONE
2022-04-15,14.6352,False,False,False,0.2454639447990964,0.3560142782253421,-1.9529091175732542,0,NONE
2022-04-18,14.64,False,False,False,0.1779181564649004,0.3476462657826812,-2.72262785758352,0,NONE
2022-04-19,14.6554,False,False,False,0.0930056989600282,0.3566729592433628,-1.8306183381267154,0,NONE
2022-04-20,14.6728,False,False,False,0.097478336280094,0.3582388421406728,-1.7243502079974036,0,NONE
2022-04-21,14.7041,False,False,False,0.1445207413729158,0.3599192056305175,-1.5787203715261615,0,NONE
2022-04-22,14.7517,False,False,False,0.198642540138358,0.3571235277812655,-1.6001411384636182,0,NONE
2022-04-25,14.7686,False,False,False,0.172906400629238,0.3549173467739606,-1.400424603368167,0,NONE
2022-04-26,14.8077,False,False,False,0.204771732627006,0.3665020884106821,-0.7562219852888461,0,NONE
2022-04-27,14.8168,False,False,False,0.1936121437839079,0.3570044158172537,-0.7246888558286813,0,NONE
2022-04-28,14.7915,False,False,False,0.2586813235475199,0.3530264661492967,-1.149977123597278,0,NONE
2022-04-29,14.8562,False,False,False,0.4505962571389434,0.3562990130698668,-1.1749568835139073,0,NONE
2022-05-02,14.8784,False,False,False,0.192508718112608,0.3445669584217768,-1.6430550783254034,0,NONE
2022-05-03,14.7987,False,False,False,0.6366985132919135,0.3738249355318784,-1.5104058740325375,0,NONE
2022-05-04,14.7399,False,False,False,0.3978329798515694,0.3665290216937409,-2.2127407979384337,0,NONE
2022-05-05,14.8667,False,False,False,0.7537966152158793,0.3754454665259363,-2.0216400444498355,0,NONE
2022-05-06,14.953,False,False,False,0.4992312999963529,0.3561787060972372,-2.8916571939737636,0,NONE
2022-05-09,15.0973,False,False,False,0.6221175015613369,0.3755504426832819,-2.157776873049002,0,NONE
2022-05-10,15.2561,False,False,False,0.594689866283827,0.3856332236399002,-1.740907750138124,0,NONE
2022-05-11,15.3022,False,False,False,0.2484877364975229,0.3725254798598592,-0.47627055675124375,0,NONE
2022-05-12,15.3562,False,False,False,0.2787541517988294,0.3624865439811033,-0.894478142944962,0,NONE
2022-05-13,15.4792,False,False,False,0.3422787361973571,0.3767831565740188,-0.44486139705644767,0,NONE
2022-05-16,15.56,False,False,False,0.2539244098052933,0.3693447688496008,-0.6959703185461592,0,NONE
2022-05-17,15.9107,True,False,False,1.1646442653686664,0.4558437523121732,-0.27802931431756583,1,ONE_MODEL
2022-05-18,15.95,False,False,False,0.613328299058208,0.3873380373826289,-1.429214018039831,0,NONE
2022-05-19,15.8538,False,False,False,0.8153593994785538,0.4134478929211395,-0.727065126040074,0,NONE
2022-05-20,15.9051,False,False,False,0.8763466426712735,0.3924054415091612,-1.7371894616384242,0,NONE
2022-05-23,15.9263,False,False,False,0.8918440825260904,0.3890313947630098,-1.9305532147221065,0,NONE
2022-05-24,16.064,False,False,False,0.4376403445421142,0.3737790195065284,-2.0356762105029063,0,NONE
2022-05-25,16.3832,False,False,False,0.7671411166033278,0.430154352477982,-1.2215086424103614,0,NONE
2022-05-26,16.3659,False,False,False,0.6615909808577148,0.3934977695191565,-1.4289532768993247,0,NONE
2022-05-27,16.1993,False,False,False,0.8672340517245531,0.4180281017481069,-1.0535722247250412,0,NONE
2022-05-30,16.38,False,False,False,0.8950451438692839,0.4042928124627244,-1.9414407467842185,0,NONE
2022-05-31,16.4148,False,False,False,0.8964053117309502,0.3924653740139366,-1.8588341724005684,0,NONE
2022-06-01,16.4018,False,False,False,0.6032919717496015,0.3712138651459037,-1.956337628797078,0,NONE
2022-06-02,16.4566,False,False,False,0.6306643292389558,0.3678938089981882,-2.0703184667032364,0,NONE
2022-06-03,16.4174,False,False,False,0.4342677326828784,0.3726721963522009,-1.4145762615243136,0,NONE
2022-06-06,16.5859,False,False,False,0.3985816326927563,0.3743273178678573,-1.5280231318898956,0,NONE
2022-06-07,16.7654,False,False,False,0.4954912033043786,0.3853869272170826,-1.470732417997798,0,NONE
2022-06-08,17.1627,False,False,False,0.7320928253024694,0.454360497798715,-0.5230820909437934,0,NONE
2022-06-09,17.2662,False,False,False,0.7077673127370626,0.4165758389574532,-1.0853155867116566,0,NONE
2022-06-10,17.125,False,False,True,0.8400565919054769,0.4348323014965763,0.0003694719479785391,1,ONE_MODEL
2022-06-13,17.271,False,False,False,0.8316981993876135,0.4133701361385808,-1.322292652331436,0,NONE
2022-06-14,17.2711,False,False,False,0.860598037951061,0.4065261499839177,-1.2521894090949761,0,NONE
2022-06-15,17.2215,False,False,False,0.489704663380666,0.3827074234973321,-1.770662065702048,0,NONE
2022-06-16,17.3002,False,False,False,0.4706824883269537,0.3758950485270718,-1.767591368845947,0,NONE
2022-06-17,17.3156,False,False,False,0.3209358664326878,0.375218855947606,-1.6634625319045906,0,NONE
2022-06-20,17.3282,False,False,False,0.1934282932846448,0.3725431872310826,-1.2843784769213684,0,NONE
2022-06-21,17.3358,False,False,False,0.2071939832073117,0.3709845832204125,-1.282723516763653,0,NONE
2022-06-22,17.3456,False,False,False,0.1383679850388557,0.3719266736918645,-0.863186472916107,0,NONE
2022-06-23,17.3501,False,False,False,0.0872354394955581,0.3902993871164598,-0.030983734475652724,0,NONE
2022-06-24,16.8875,False,False,True,0.9879636681591876,0.4977874282324772,0.00022816009955839434,1,ONE_MODEL
2022-06-27,16.5309,False,False,True,0.94431732381946,0.5095488021752339,9.977990865195352e-05,1,ONE_MODEL
2022-06-28,16.6728,False,False,True,0.9514197471071536,0.4789849531994498,0.40375206248627205,1,ONE_MODEL
2022-06-29,16.6478,False,False,False,0.9350114247795271,0.4748250964932018,-0.6694977510440214,0,NONE
2022-06-30,16.6919,False,False,False,0.957645861179304,0.4694178636461449,-0.5129163060616673,0,NONE
2022-07-01,16.7427,False,False,False,0.7115744310131763,0.401563740714611,-1.9049433089095267,0,NONE
2022-07-04,16.8367,False,False,False,0.352505172880848,0.3954361622235641,-0.00029931452604614606,0,NONE
2022-07-05,16.9942,False,False,False,0.3704877781684239,0.3955408175274643,-0.5158757491528707,0,NONE
2022-07-06,17.232,False,False,False,0.6734255133976159,0.4218669802931626,-0.44221424748703875,0,NONE
2022-07-07,17.2726,False,False,False,0.669390954518996,0.3934446798156751,-1.4168424064061682,0,NONE
2022-07-08,17.289,False,False,False,0.6297370043976699,0.388671190200538,-1.6997466807035497,0,NONE
2022-07-11,17.3744,False,False,False,0.591812150938612,0.3860932966743812,-2.016432540276842,0,NONE
2022-07-12,17.2915,False,False,False,0.4198073282098347,0.3685333356030811,-2.695647001643847,0,NONE
2022-07-13,17.4303,False,False,False,0.2918283203480415,0.3570577416376564,-3.2682355708418758,0,NONE
2022-07-14,17.4493,False,False,False,0.2935403922236349,0.3474640291251122,-3.9383735288552923,0,NONE
2022-07-15,17.405,False,False,False,0.318727570093769,0.3495151199680515,-3.8532047757067946,0,NONE
2022-07-18,17.4615,False,False,False,0.3042155526433862,0.3460274552605525,-3.628959994493714,0,NONE
2022-07-19,17.5517,False,False,False,0.2435490143076107,0.3520829769747009,-2.8987069748836145,0,NONE
2022-07-20,17.6228,False,False,False,0.1847783530014544,0.3533243709514954,-2.057776564419708,0,NONE
2022-07-21,17.7149,False,False,False,0.1960647368005104,0.3566630077322856,-1.6514287227068394,0,NONE
2022-07-22,17.7289,False,False,False,0.1108581858580119,0.3586564924734052,-1.1350793044843002,0,NONE
2022-07-25,17.8005,False,False,False,0.1099932768415781,0.3625122273813957,-0.7300627484794209,0,NONE
2022-07-26,17.8623,False,False,False,0.1014615274563136,0.3630352183579542,-0.6937492277485262,0,NONE
2022-07-27,17.89,False,False,False,0.1145950748457784,0.3553507937004609,-0.8956639374634836,0,NONE
2022-07-28,17.9301,False,False,False,0.0850993046842864,0.3585462204609639,-0.9546515267823938,0,NONE
2022-07-29,17.8963,False,False,False,0.3394812038109831,0.3640848991228457,-0.9790792970396911,0,NONE
2022-08-01,17.8957,False,False,False,0.2004121382690847,0.3515764936141391,-1.7552574622121515,0,NONE
2022-08-02,17.9369,False,False,False,0.1120997357698075,0.3477390459754195,-1.9381869329622319,0,NONE
2022-08-03,17.924,False,False,False,0.2155060276872992,0.3517258259773171,-1.4885660842661235,0,NONE
2022-08-04,17.9173,False,False,False,0.1938016831189895,0.3536136398877601,-1.3795476939949456,0,NONE
2022-08-05,17.9111,False,False,False,0.1777192666873376,0.3559867050030616,-1.4016924154247707,0,NONE
2022-08-08,17.9482,False,False,False,0.0922542336439826,0.3518758274104721,-1.7812908861314263,0,NONE
2022-08-09,17.9694,False,False,False,0.0801181185119771,0.3512630482988099,-1.4424644854511453,0,NONE
2022-08-10,17.8566,False,False,False,0.7829700540396133,0.4002173127009127,-0.35327571550161174,0,NONE
2022-08-11,17.9495,False,False,False,0.3546416913351709,0.3544652472510586,-2.1111696814179943,0,NONE
2022-08-12,17.9542,False,False,False,0.2796211114464294,0.3437934973207106,-2.805189239556789,0,NONE
2022-08-15,17.9724,False,False,False,0.2747248346942705,0.3427691027103594,-2.6903452161559773,0,NONE
2022-08-16,17.9548,False,False,False,0.2758583700347307,0.3484274919205845,-2.275167003840476,0,NONE
2022-08-17,17.9614,False,False,False,0.1661901324179668,0.3486684247838225,-1.5450791799959696,0,NONE
2022-08-18,18.0848,False,False,False,0.5665096162373997,0.36754833621151,-1.049624441198386,0,NONE
2022-08-19,18.0917,False,False,False,0.2203750706956222,0.3423930598979603,-2.3414920243070245,0,NONE
2022-08-22,18.0851,False,False,False,0.2322184497742258,0.3420623881823947,-2.340833951928122,0,NONE
2022-08-23,18.1129,False,False,False,0.2138712141740652,0.3419821246689646,-2.4489537068744145,0,NONE
2022-08-24,18.1457,False,False,False,0.2066967086812113,0.3430296871001403,-2.3822409958504753,0,NONE
2022-08-25,18.1663,False,False,False,0.0648048798817067,0.3490948887484013,-1.4756596533377486,0,NONE
2022-08-26,18.1894,False,False,False,0.061952597560485,0.3484942502126685,-1.4502394488801578,0,NONE
2022-08-29,18.1993,False,False,False,0.0353191240627759,0.3554468115296416,-1.1757654189796458,0,NONE
2022-08-30,18.2148,False,False,False,0.0358184193322626,0.3548650638926304,-1.2096762392248337,0,NONE
2022-08-31,18.2064,False,False,False,0.122545423337229,0.3507119332527102,-1.188671475609386,0,NONE
2022-09-01,18.2107,False,False,False,0.0552584930624643,0.3487710333580063,-1.2992561382122219,0,NONE
2022-09-02,18.2191,False,False,False,0.0424377658255214,0.3535873652796063,-1.187586233805881,0,NONE
2022-09-05,18.2251,False,False,False,0.0529862766514538,0.3533504495258059,-1.1499347545980818,0,NONE
2022-09-06,18.2302,False,False,False,0.0494872034888904,0.3560477142310793,-1.0575829299453137,0,NONE
2022-09-07,18.2348,False,False,False,0.0477035838936005,0.3597007493228549,-0.7706731596879894,0,NONE
2022-09-08,18.2354,False,False,False,0.137505904342308,0.3618791437969485,-0.6134842939403207,0,NONE
2022-09-09,18.24,False,False,False,0.0853356647682163,0.3602932166565792,-0.6650418240506966,0,NONE
2022-09-12,18.2352,False,False,False,0.1667885647098881,0.3625483139713953,-0.5881681775073435,0,NONE
2022-09-13,18.255,False,False,False,0.0561396097548988,0.3530397812924986,-0.9831525177682305,0,NONE
2022-09-14,18.2448,False,False,False,0.2246108549985672,0.3557687924230628,-0.7180183381455052,0,NONE
2022-09-15,18.2711,False,False,False,0.1043583228430353,0.3484531710148801,-1.0145665359476563,0,NONE
2022-09-16,18.2628,False,False,False,0.350816541128733,0.3535755648560565,-0.43833479450690227,0,NONE
2022-09-19,18.2802,False,False,False,0.1667915890442301,0.3421600029603799,-0.9875784372617602,0,NONE
2022-09-20,18.3132,False,False,False,0.4519282029410006,0.3511633875222062,-0.58616530360481,0,NONE
2022-09-21,18.3347,False,False,False,0.2153913023508426,0.3444354746807921,-0.8884374425618962,0,NONE
2022-09-22,18.3371,False,False,False,0.1430716301178825,0.3422861947557433,-0.9184952467830527,0,NONE
2022-09-23,18.418,True,False,True,1.4777513730709426,0.4002763367981984,0.6329858491981524,2,TWO_MODELS
2022-09-26,18.4774,False,False,False,0.5924210293369406,0.3550676687297952,-0.9429995666882967,0,NONE
2022-09-27,18.4431,False,False,False,0.5268927143370136,0.357908273816084,-1.3123194846860127,0,NONE
2022-09-28,18.5488,False,False,False,0.93108211780343,0.3803148864855593,-1.2862309693318466,0,NONE
2022-09-29,18.5075,False,False,False,0.7231834902172698,0.3671519284364474,-1.4367676885992982,0,NONE
2022-09-30,18.502,False,False,False,0.6776144987242566,0.3483737773516332,-2.226898408297009,0,NONE
2022-10-03,18.5568,False,False,False,0.679334902248056,0.3511732215203626,-2.1869388780564165,0,NONE
2022-10-04,18.5681,False,False,False,0.644530725367868,0.345884461388905,-2.202394393607266,0,NONE
2022-10-05,18.594,False,False,False,0.4370061473631929,0.3354696780415392,-2.2989792675573923,0,NONE
2022-10-06,18.584,False,False,False,0.3194170333941064,0.3372551828767935,-1.7137149089943229,0,NONE
2022-10-07,18.616,False,False,False,0.2996910733157958,0.337472953698515,-1.8930192686379854,0,NONE
2022-10-10,18.5806,False,False,False,0.3703304829560396,0.3478426348250122,-1.5242926529615861,0,NONE
2022-10-11,18.5902,False,False,False,0.3496096494116749,0.3343451252736903,-2.121036727346251,0,NONE
2022-10-12,18.5589,False,False,False,0.360827186154312,0.3506184712046963,-1.712440872735744,0,NONE
2022-10-13,18.553,False,False,False,0.3733351092077746,0.3420642275048116,-2.022887117414479,0,NONE
2022-10-14,18.5606,False,False,False,0.2805363556101853,0.3430996986124216,-1.6168869281336864,0,NONE
2022-10-17,18.5815,False,False,False,0.2705840479958711,0.3378441036890786,-1.7823825166374103,0,NONE
2022-10-18,18.5829,False,False,False,0.2661791798318818,0.3381675100499917,-1.692423836557479,0,NONE
2022-10-19,18.5791,False,False,False,0.1482218636284872,0.3455926660142882,-1.002968711741591,0,NONE
2022-10-20,18.5913,False,False,False,0.1324371168932927,0.3454485925464534,-0.9471623065949135,0,NONE
2022-10-21,18.5868,False,False,False,0.1542671015221298,0.3455650878842128,-0.9577611830554655,0,NONE
2022-10-24,18.603,False,False,False,0.1320709774373334,0.3447800269849053,-0.8749825162873464,0,NONE
2022-10-25,18.5947,False,False,False,0.1551555846988164,0.3444838696784831,-0.9261902244764464,0,NONE
2022-10-26,18.6016,False,False,False,0.1491873025580213,0.3447320047203395,-0.878569197113956,0,NONE
2022-10-27,18.5956,False,False,False,0.1466281044776501,0.3474457738545302,-0.7773209332581228,0,NONE
2022-10-28,18.589,False,False,False,0.1509799799692062,0.3494324221168576,-0.7489265763247666,0,NONE
2022-10-31,18.6139,False,False,False,0.2490134468261379,0.3437339249214552,-0.7743082779553045,0,NONE
2022-11-01,18.5776,False,False,False,0.5559952816298365,0.3671900799958525,-0.7065239644688841,0,NONE
2022-11-02,18.6281,False,False,False,0.6417053554191027,0.3602377052565114,-0.9802358164272906,0,NONE
2022-11-03,18.6173,False,False,False,0.5578813464692399,0.3434542930901234,-1.717154763554662,0,NONE
2022-11-04,18.5622,False,False,False,0.6886142958322776,0.3856961681273266,-0.9351902252006461,0,NONE
2022-11-07,18.4998,False,False,False,0.6956992573075711,0.3961960644750243,-0.7854805064556327,0,NONE
2022-11-08,18.5269,False,False,False,0.7591152669446999,0.3722133795962483,-0.7123702479870211,0,NONE
2022-11-09,18.588,False,False,False,0.7950779884758112,0.3783823092546705,-0.40904024834939356,0,NONE
2022-11-10,18.4871,True,False,True,1.0300637723850234,0.4390632673658343,0.09032713408936921,2,TWO_MODELS
2022-11-11,18.5474,True,False,False,1.1122833372327234,0.4085712271815357,-0.04295982241616336,1,ONE_MODEL
2022-11-14,18.6007,True,False,False,1.018499614338358,0.3877386784648113,-0.44082366218070845,1,ONE_MODEL
2022-11-15,18.603,True,False,False,1.0253158385856886,0.3799523798499643,-0.4883929129819613,1,ONE_MODEL
2022-11-16,18.5863,False,False,False,0.9626504297973086,0.3786559843834358,-0.8856954014687375,0,NONE
2022-11-17,18.5928,False,False,False,0.5016194417585793,0.3492875796864784,-1.592691684635314,0,NONE
2022-11-18,18.6178,False,False,False,0.3918183517990438,0.3435885809097314,-1.689594382423735,0,NONE
2022-11-21,18.6223,False,False,False,0.2189892566114012,0.3434632940150102,-1.1897776798837043,0,NONE
2022-11-22,18.6108,False,False,False,0.2430462469038835,0.3448878111253684,-1.273998066112453,0,NONE
2022-11-23,18.6169,False,False,False,0.1911340849671184,0.3456544683262135,-1.0183303589018173,0,NONE
2022-11-24,18.6289,False,False,False,0.1950967915584522,0.34458485993345,-1.0085382589512992,0,NONE
2022-11-25,18.6289,False,False,False,0.1296601000256512,0.349959105294619,-0.6378124260214797,0,NONE
2022-11-28,18.627,False,False,False,0.1303381677318732,0.3498700674325714,-0.6282706417923158,0,NONE
2022-11-29,18.6364,False,False,False,0.0878615683390318,0.3543645243762282,-0.3817521656257501,0,NONE
2022-11-30,18.6335,False,False,False,0.1013209478029077,0.3524068162286791,-0.45087529687977224,0,NONE
2022-12-01,18.633,False,False,False,0.0726045820343063,0.3583181536084734,-0.26212486748142005,0,NONE
2022-12-02,18.6307,False,False,False,0.0754898759244677,0.3570227708669711,-0.26847875179656455,0,NONE
2022-12-05,18.6391,False,False,False,0.088242534788181,0.3535680065432076,-0.3458877637445017,0,NONE
2022-12-06,18.6346,False,False,False,0.0850230944256172,0.3586537566721466,-0.22586888239026237,0,NONE
2022-12-07,18.6361,False,False,False,0.0727814639702778,0.3574767765401303,-0.2316518831047354,0,NONE
2022-12-08,18.6428,False,False,False,0.0824433924591995,0.3572963558808276,-0.21195677556968562,0,NONE
2022-12-09,18.6433,False,False,False,0.0963012141701778,0.3587086019121692,-0.09840962327261416,0,NONE
2022-12-12,18.6364,False,False,True,0.20329068497188,0.363237036722321,0.09800447825866421,1,ONE_MODEL
2022-12-13,18.6424,False,False,False,0.1177909683885864,0.3605440427153794,-0.02705406107344821,0,NONE
2022-12-14,18.6223,False,False,True,0.6138573017313085,0.3766740548178383,0.4977195399099692,1,ONE_MODEL
2022-12-15,18.6423,False,False,False,0.4854131976473162,0.3589725216107925,-0.03431355543858494,0,NONE
2022-12-16,18.6564,False,False,False,0.2850710751483469,0.3486189957608975,-0.6555429739224934,0,NONE
2022-12-19,18.65,False,False,False,0.2576625941126371,0.3485387358850361,-0.8247812828508554,0,NONE
2022-12-20,18.6575,False,False,False,0.2623140313562719,0.345473392056886,-0.9130847058067975,0,NONE
2022-12-21,18.6662,False,False,False,0.1787288543388526,0.3517353192012344,-0.4612897154334856,0,NONE
2022-12-22,18.655,False,False,False,0.3807339690517251,0.3598170687896073,-0.1275027466687657,0,NONE
2022-12-23,18.6755,False,False,False,0.5232567050912991,0.360471564348914,-0.00015252692589839967,0,NONE
2022-12-26,18.6626,False,False,False,0.3762299940445152,0.3574785923811368,-0.5060752722332058,0,NONE
2022-12-27,18.6813,False,False,False,0.3973067846157193,0.3485965696238052,-0.5968688196554837,0,NONE
2022-12-28,18.7117,False,False,False,0.628661094707901,0.360315753883737,-0.48826518984802725,0,NONE
2022-12-29,18.7069,False,False,False,0.3429111444018169,0.3442027288959212,-1.2467221294922979,0,NONE
2022-12-30,18.7058,False,False,False,0.3382963258588489,0.342496169984319,-1.3462170313629667,0,NONE
2023-01-02,18.7127,False,False,False,0.2792149459564667,0.3420429427248926,-1.1567101266583109,0,NONE
2023-01-03,18.7198,False,False,False,0.2633016622425707,0.3424714182235678,-1.0784391503105173,0,NONE
2023-01-04,18.7381,False,False,False,0.2757756531234151,0.3515532715268481,-0.3133664723797356,0,NONE
2023-01-05,18.7635,False,False,False,0.3874968333406446,0.3498554304963891,-0.31161345675136687,0,NONE
2023-01-06,18.7134,True,False,False,1.0124064422088652,0.4026111755047271,-0.1287796228144984,1,ONE_MODEL
2023-01-09,18.7673,False,False,False,0.6946496661593853,0.3729805223192231,-0.7065961777477519,0,NONE
2023-01-10,18.7747,False,False,False,0.6944124520596623,0.3521502239059988,-1.3889332006095643,0,NONE
2023-01-11,18.769,False,False,False,0.7006918756679349,0.3531548112290087,-1.304122698891316,0,NONE
2023-01-12,18.7824,False,False,False,0.6798858362820761,0.351534184224844,-1.3680154830488593,0,NONE
2023-01-13,18.7813,False,False,False,0.4314093438557174,0.3438877498311449,-1.5296703217394825,0,NONE
2023-01-16,18.7874,False,False,False,0.136062778323736,0.3477873883708844,-0.5692330584106386,0,NONE
2023-01-17,18.7695,False,False,False,0.3012986344348936,0.3539523634159103,-0.5943344077095496,0,NONE
2023-01-18,18.7984,False,False,False,0.3113271185347103,0.3406926038229763,-1.1625867567073431,0,NONE
2023-01-19,18.7901,False,False,False,0.3176113899723148,0.3424591908108856,-1.3305076682039303,0,NONE
2023-01-20,18.8066,False,False,False,0.3363953341791719,0.3389126680200375,-1.4892629536334763,0,NONE
2023-01-23,18.8103,False,False,False,0.3380903488028332,0.3381619854659596,-1.5391055876959694,0,NONE
2023-01-24,18.7967,False,False,False,0.3205142541301595,0.3461420100381912,-1.197564549546838,0,NONE
2023-01-25,18.7886,False,False,False,0.2270161535936834,0.347875888294585,-0.9091765275696098,0,NONE
2023-01-26,18.8031,False,False,False,0.2505393194308066,0.342263308458816,-1.0746921221618617,0,NONE
2023-01-27,18.8052,False,False,False,0.2144115603747372,0.3439055886772375,-0.9459649630200389,0,NONE
2023-01-30,18.7917,False,False,False,0.2499864987211641,0.350248558262805,-0.8664475273701111,0,NONE
2023-01-31,18.8105,False,False,False,0.2913468036072588,0.3420443653644683,-1.1208957895951652,0,NONE
2023-02-01,18.8056,False,False,False,0.2941357548009734,0.3428128799816239,-1.1892950428883253,0,NONE
2023-02-02,18.8004,False,False,False,0.3357076026914181,0.3444769935278423,-1.24013942228704,0,NONE
2023-02-03,18.8189,False,False,False,0.4490418526933508,0.3454064053294145,-1.2053453608144924,0,NONE
2023-02-06,18.8264,False,False,False,0.387192132205546,0.3445649183878539,-1.2742564451555687,0,NONE
2023-02-07,18.8275,False,False,False,0.3235789457823322,0.3441192210462221,-1.128473261809356,0,NONE
2023-02-08,18.8293,False,False,False,0.2955591082707465,0.3451794930136881,-1.0371189022834546,0,NONE
2023-02-09,18.8276,False,False,False,0.2660419394632778,0.3474009240033787,-0.8719258176954572,0,NONE
2023-02-10,18.8332,False,False,False,0.123802791710204,0.353982926011764,-0.18670532985341914,0,NONE
2023-02-13,18.8403,False,False,False,0.1195194674057771,0.3548792914779189,-0.14244057341458216,0,NONE
2023-02-14,18.8367,False,False,False,0.1552059812813974,0.3567103751422081,-0.2898251877104432,0,NONE
2023-02-15,18.8497,False,False,False,0.2286891958891421,0.3508638534901019,-0.5018727723444041,0,NONE
2023-02-16,18.8468,False,False,False,0.2380849606901193,0.3512786563771903,-0.6672821829629179,0,NONE
2023-02-17,18.8618,False,False,False,0.3068931281168741,0.3498991951234658,-0.5774577597134414,0,NONE
2023-02-20,18.8651,False,False,False,0.2933847923018151,0.3464207817926594,-0.9819186675583644,0,NONE
2023-02-21,18.8662,False,False,False,0.2614883527686834,0.3488544909330417,-0.8452753316586197,0,NONE
2023-02-22,18.8725,False,False,False,0.2273123204536148,0.3506449837520848,-0.664277793521995,0,NONE
2023-02-23,18.8721,False,False,False,0.2060759882502452,0.3530466311614418,-0.49585204722538556,0,NONE
2023-02-24,18.8764,False,False,True,0.0890904255028655,0.3606933660685217,0.022397417652062046,1,ONE_MODEL
2023-02-27,18.884,False,False,False,0.1211171971347745,0.3594905537097597,-0.026782834831220015,0,NONE
2023-02-28,18.8832,False,False,False,0.185478109906662,0.3610979305421779,-0.00022042759417040259,0,NONE
2023-03-01,18.8828,False,False,False,0.1535323786671135,0.3612152529220827,-0.033753610449283045,0,NONE
2023-03-02,18.8908,False,False,False,0.1626785020856,0.3595760752051765,-0.09585804130033715,0,NONE
2023-03-03,18.8944,False,False,False,0.142256255551119,0.3570158628577738,-0.23493037127848737,0,NONE
2023-03-06,18.8961,False,False,False,0.121790531603065,0.35907744803279,-0.06790614646369342,0,NONE
2023-03-07,18.9194,False,False,True,0.9926669305060324,0.3840626923182251,0.6911464652193962,1,ONE_MODEL
2023-03-08,18.9381,False,False,False,0.5308385263025189,0.3603119406979357,-0.2549070593150091,0,NONE
2023-03-09,18.9556,False,False,False,0.4118223174903152,0.3533475108351153,-0.5525161368507003,0,NONE
2023-03-10,18.9658,False,False,False,0.289890522026495,0.348425911370152,-0.928232393701304,0,NONE
2023-03-13,18.9668,False,False,False,0.3003468571617483,0.3495551660799377,-0.791667806724389,0,NONE
2023-03-14,18.9746,False,False,False,0.2507117965750298,0.3497721041720678,-0.8403207346614536,0,NONE
2023-03-15,18.9918,False,False,False,0.3483988822775041,0.3541995247647391,-0.33403077251096214,0,NONE
2023-03-16,18.9957,False,False,False,0.2151859549846121,0.3502363143881139,-0.6147265865134965,0,NONE
2023-03-17,19.0086,False,False,False,0.2285916108219026,0.350724217254207,-0.6049623939689557,0,NONE
2023-03-20,19.0005,False,False,False,0.5381394423022345,0.3650034637467701,-0.17269924934490177,0,NONE
2023-03-21,19.0196,False,False,False,0.3921057477949546,0.3487314185311116,-0.7836861570754312,0,NONE
2023-03-22,19.038,False,False,False,0.4080265791313576,0.3476329818360428,-0.9486365856105703,0,NONE
2023-03-23,19.0283,False,False,False,0.5227273172346224,0.3662590576465084,-0.48777345529741467,0,NONE
2023-03-24,19.0612,False,False,False,0.6715325633434257,0.3713073312453864,-0.34639456461155227,0,NONE
2023-03-27,19.0895,False,False,False,0.558959713063932,0.3553135947903217,-0.9242983953844952,0,NONE
2023-03-28,19.1156,False,False,False,0.5648773024034297,0.3511799777898874,-1.0840766727838886,0,NONE
2023-03-29,19.1247,False,False,False,0.588259106435744,0.347340780203327,-1.238671026351689,0,NONE
2023-03-30,19.1607,False,False,False,0.5156795042546265,0.3569544377743779,-0.6476148149253671,0,NONE
2023-03-31,19.1707,False,False,False,0.4473264104394157,0.3454480036411546,-1.2923103115336687,0,NONE
2023-04-03,19.1802,False,False,False,0.5243691720484516,0.3481203343351962,-1.2327553444123236,0,NONE
2023-04-04,19.2195,False,False,False,0.6189649426547168,0.3620536215526835,-0.799772087997292,0,NONE
2023-04-05,19.2396,False,False,False,0.5658710641435972,0.3485286196350774,-1.2926481944003747,0,NONE
2023-04-06,19.2476,False,False,False,0.5284499170309639,0.3465588198007346,-1.196802793159378,0,NONE
2023-04-07,19.2376,False,False,False,0.7164968459005284,0.3687286778039978,-0.365036736675874,0,NONE
2023-04-10,19.2663,False,False,False,0.738380900350236,0.3568968401143761,-0.8530892194658968,0,NONE
2023-04-11,19.2875,False,False,False,0.6021858013767416,0.3474599270086199,-1.266488093494587,0,NONE
2023-04-12,19.312,False,False,False,0.6316420776495734,0.3492786151124729,-1.1846756629813253,0,NONE
2023-04-13,19.3199,False,False,False,0.642756487841406,0.3499669102544976,-1.0220701286765816,0,NONE
2023-04-14,19.3477,False,False,False,0.338695025820916,0.3472002299428958,-1.1936581168236202,0,NONE
2023-04-17,19.388,False,False,False,0.4457353166583421,0.3522876830577055,-1.1107040396355092,0,NONE
2023-04-18,19.3882,False,False,False,0.6277959780539887,0.3574666900919794,-0.6661968172651349,0,NONE
2023-04-19,19.3938,False,False,False,0.6748203633076376,0.353627454253932,-0.8346622245362436,0,NONE
2023-04-20,19.3861,False,False,False,0.7855866624392587,0.3703368198579013,-0.29381231530044616,0,NONE
2023-04-21,19.401,False,False,False,0.7250901174049019,0.3521129346235063,-0.9219807131234621,0,NONE
2023-04-24,19.4009,False,False,False,0.3354243556789462,0.3516783809811367,-0.8103431588676901,0,NONE
2023-04-25,19.4265,False,False,False,0.5167357308777837,0.3462198731297051,-1.3361286122749103,0,NONE
2023-04-26,19.4147,False,False,False,0.6170159067353967,0.3661073812996163,-0.6274376859754476,0,NONE
2023-04-27,19.4342,False,False,False,0.6050509668003808,0.3487858269392129,-1.248679575208639,0,NONE
2023-04-28,19.4482,False,False,False,0.6039883208112256,0.3477656643734735,-1.25478315251336,0,NONE
2023-05-01,19.4379,False,False,False,0.6734441870278856,0.3641740263147051,-0.6389017726377926,0,NONE
2023-05-02,19.4624,False,False,False,0.6584009405727538,0.3508895640388445,-1.0361741043865162,0,NONE
2023-05-03,19.4734,False,False,False,0.5178180535105299,0.3449670376485799,-1.3965736470087968,0,NONE
2023-05-04,19.4899,False,False,False,0.5065843743447888,0.3447743108979701,-1.4171773256227471,0,NONE
2023-05-05,19.5138,False,False,False,0.5510240201040127,0.3469400273823831,-1.282557105773341,0,NONE
2023-05-08,19.5018,False,False,False,0.5626870056319938,0.3619642986679581,-0.6816417462885553,0,NONE
2023-05-09,19.5096,False,False,False,0.5117369658450962,0.3452954942745072,-1.3833357099041663,0,NONE
2023-05-10,19.5385,False,False,False,0.603218905226256,0.3499311314377915,-1.0766140028163917,0,NONE
2023-05-11,19.537,False,False,False,0.6422752079374997,0.3507231124448769,-0.9850000721601155,0,NONE
2023-05-12,19.564,False,False,False,0.6611666328404159,0.3514934332574465,-0.9857738798523492,0,NONE
2023-05-15,19.6553,True,False,True,1.310801018272307,0.4359446952079494,0.6225092059912418,2,TWO_MODELS
2023-05-16,19.7211,True,False,False,1.0024098048121572,0.3929132133043262,-0.28184945121044436,1,ONE_MODEL
2023-05-17,19.755,False,False,False,0.9848386494995064,0.3783457812696394,-0.4345951672180366,0,NONE
2023-05-18,19.7917,False,False,False,0.737529011184299,0.3606192291824959,-0.963780628284546,0,NONE
2023-05-19,19.8124,False,False,False,0.7820306324294227,0.3628115237275945,-0.7480023969816987,0,NONE
2023-05-22,19.8246,False,False,False,0.5581075748581416,0.3495553586543346,-1.2816686845000493,0,NONE
2023-05-23,19.8489,False,False,False,0.272663234092194,0.3454720328439233,-1.1013630914666752,0,NONE
2023-05-24,19.8912,False,False,False,0.3283579347656671,0.348469100118721,-1.2032750037742161,0,NONE
2023-05-25,19.9279,False,False,False,0.3247709572422599,0.346661744206602,-1.2353749683460933,0,NONE
2023-05-26,19.9662,False,False,False,0.3275960192243108,0.3477769326285896,-1.1975796227403332,0,NONE
2023-05-29,20.0926,True,False,False,1.0248321660743738,0.4155087064860556,-0.1638718915702846,1,ONE_MODEL
2023-05-30,20.4955,True,True,True,2.8983855414582056,0.5348763977579889,1.505569526701822,3,ALL_THREE
2023-05-31,20.7815,True,False,False,1.2588793749799865,0.4605419038198651,-0.0002272201505473248,1,ONE_MODEL
2023-06-01,20.8023,True,False,True,1.289101380588883,0.4406002257556836,0.3267626783679418,2,TWO_MODELS
2023-06-02,20.9567,True,False,False,1.1320580462892509,0.4329851523722954,-0.12171060390571498,1,ONE_MODEL
2023-06-05,21.2569,True,False,False,1.0056656596525395,0.4533095273860543,-2.0730902299703757e-05,1,ONE_MODEL
2023-06-06,21.5686,False,False,False,0.751105977660897,0.4370258475161045,-0.0946176039821296,0,NONE
2023-06-07,23.2553,True,True,True,3.098041520080465,0.6810269510149298,1.9175863271514126,3,ALL_THREE
2023-06-08,23.1098,True,True,True,1.5347541541227745,0.594306561092838,1.0188888447229392,3,ALL_THREE
2023-06-09,23.3834,True,True,False,1.5077516451000312,0.5889801506614433,-0.365667189101762,2,TWO_MODELS
2023-06-12,23.6125,True,True,False,1.5215927420599784,0.5878625708341736,-0.34542379375106513,2,TWO_MODELS
2023-06-13,23.6313,True,True,True,1.5822814829678482,0.5792263563774126,0.021719187386326055,3,ALL_THREE
2023-06-14,23.5614,False,False,False,0.3672960768393974,0.4485599443564871,-1.2391247712894664,0,NONE
2023-06-15,23.6458,False,False,False,0.2869522243300551,0.4456239387237626,-1.5489320014059835,0,NONE
2023-06-16,23.6143,False,False,False,0.2328584130352977,0.4408336024800545,-1.0691503854928897,0,NONE
2023-06-19,23.5748,False,False,True,0.1503506691772141,0.4460797316726975,0.10110851958125266,1,ONE_MODEL
2023-06-20,23.5601,False,False,False,0.1334097336658819,0.4428800471156379,-0.013405801095025538,0,NONE
2023-06-21,23.5664,False,False,False,0.1192385404667887,0.4404550593525326,-0.36871660441594933,0,NONE
2023-06-22,24.8748,True,True,False,1.3879930748862774,0.5692727684919531,-0.9079833370029959,2,TWO_MODELS
2023-06-23,25.2305,False,True,False,0.9544632112522824,0.5288969040147463,-1.9499438855147062,1,ONE_MODEL
2023-06-26,25.9038,False,True,False,0.8881454866069192,0.5581087341918111,-1.9451922028628275,1,ONE_MODEL
2023-06-27,25.9814,False,True,False,0.8604049249618237,0.5435830479137237,-1.1874954302654075,1,ONE_MODEL
2023-06-28,26.0387,False,True,False,0.8449705016896001,0.5441195793600999,-1.08494597296556,1,ONE_MODEL
2023-06-29,26.0194,False,False,False,0.4358785810768266,0.4915909196603937,-0.8857297794919283,0,NONE
2023-06-30,25.8881,False,False,False,0.4735804747609442,0.4903022095092972,-0.6020720353119824,0,NONE
2023-07-03,25.9212,False,False,True,0.1227747820532923,0.4844256532107988,4.1642221150439696e-05,1,ONE_MODEL
2023-07-04,25.9613,False,False,True,0.1125805158502476,0.4796831764139357,0.04076517964927895,1,ONE_MODEL
2023-07-05,26.067,False,False,False,0.1300605449716994,0.4606440118578803,-0.25450028486418574,0,NONE
2023-07-06,26.0728,False,False,False,0.1284784302044122,0.4515066525355453,-0.6379266498590948,0,NONE
2023-07-07,26.0375,False,False,False,0.1366199848587624,0.4503916136137117,-0.006537432174303248,0,NONE
2023-07-10,26.0886,False,False,False,0.090250281312046,0.4450732687073682,-0.3183183307022013,0,NONE
2023-07-11,26.0934,False,False,False,0.0893255970896028,0.4405525694788084,-0.4455011991749256,0,NONE
2023-07-12,26.1246,False,False,False,0.0702743815780545,0.4427625416749587,-0.1275213625504037,0,NONE
2023-07-13,26.0296,False,False,True,0.1631989560236837,0.4395184415349988,0.00034334651327760923,1,ONE_MODEL
2023-07-14,26.1253,False,False,False,0.103946686289982,0.4265852301639863,-0.7092585551339514,0,NONE
2023-07-17,26.3211,False,False,False,0.187366269478245,0.4250300454803456,-0.8605285442951054,0,NONE
2023-07-18,26.9155,False,False,False,0.5645660705669575,0.4635206598639521,-0.7288192306472538,0,NONE
2023-07-19,26.7849,False,False,False,0.4145243585992762,0.4403389702650751,-1.1054500312007711,0,NONE
2023-07-20,26.747,False,False,False,0.39903765815098,0.4163238566578868,-1.0546715206474548,0,NONE
2023-07-21,26.9681,False,False,False,0.3993829473466166,0.418992681802209,-1.1601003660180158,0,NONE
2023-07-24,26.9499,False,False,False,0.4147692013880579,0.411336979963541,-0.8559618625527765,0,NONE
2023-07-25,26.9079,False,False,False,0.1840253399366306,0.394858697901264,-1.0726957377830484,0,NONE
2023-07-26,26.907,False,False,False,0.1553797793556521,0.3853397478063943,-1.6307080101469413,0,NONE
2023-07-27,26.9021,False,False,False,0.1501139906603265,0.3800088941109291,-1.7614044503057045,0,NONE
2023-07-28,26.8765,False,False,True,0.1097537526106835,0.4024264593857868,0.00018807757221672716,1,ONE_MODEL
2023-07-31,26.9113,False,False,False,0.0402422987127199,0.3884285212907463,-0.6466360725947435,0,NONE
2023-08-01,26.9178,False,False,False,0.0707177271277031,0.3857874110819508,-0.8065633827414658,0,NONE
2023-08-02,26.9181,False,False,False,0.0776413446009026,0.3851184702322867,-0.8522371852519157,0,NONE
2023-08-03,26.9555,False,False,False,0.0396023449927879,0.3836511004346128,-1.0728372861346642,0,NONE
2023-08-04,26.914,False,False,False,0.1382535892926846,0.382320702885364,-0.9259949895665773,0,NONE
2023-08-07,26.9624,False,False,False,0.0488849913522377,0.3763467275786445,-1.2545623699363322,0,NONE
2023-08-08,26.982,False,False,False,0.0490363206692182,0.374914963383514,-1.285691655267529,0,NONE
2023-08-09,26.9901,False,False,False,0.0597266947335419,0.3732528038355154,-1.2652197775982454,0,NONE
2023-08-10,26.9981,False,False,False,0.0578936923248974,0.3738464764372977,-1.1579095612686103,0,NONE
2023-08-11,26.9654,False,False,False,0.1337592069486362,0.3804604881163306,-0.8912777498905466,0,NONE
2023-08-14,27.0119,False,False,False,0.0431108012490075,0.3738975841927313,-1.0916387413867472,0,NONE
2023-08-15,27.0472,False,False,False,0.0422446108939657,0.3737906959347896,-0.707581729582575,0,NONE
2023-08-16,27.043,False,False,False,0.0435463809613504,0.3715355278040451,-0.6800030193684279,0,NONE
2023-08-17,27.0793,False,False,False,0.1013201833133962,0.3703991329188803,-0.773254780947072,0,NONE
2023-08-18,27.0689,False,False,False,0.1204664178560879,0.3759568712421512,-0.29709508970425347,0,NONE
2023-08-21,27.1392,False,False,True,0.5700843793474948,0.3857305737545456,0.47385311902259275,1,ONE_MODEL
2023-08-22,27.1721,False,False,False,0.1850167767519971,0.3711902954107684,-0.5116314557129993,0,NONE
2023-08-23,27.1893,False,False,False,0.0409107203027387,0.3711889033812354,-0.623524831833274,0,NONE
2023-08-24,25.7736,True,True,True,12.16580386969299,0.6174122663427811,5.054397860125493,3,ALL_THREE
2023-08-25,26.5335,False,True,True,0.955987446367446,0.525556120750623,1.533097027921988,2,TWO_MODELS
2023-08-28,26.4642,False,False,False,0.952320499185998,0.4834738866760986,-1.0737503973985252,0,NONE
2023-08-29,26.5177,False,False,False,0.957701668413174,0.4832021423987698,-0.9189840861694769,0,NONE
2023-08-30,26.6899,True,False,False,1.2544716094077724,0.4982241383634958,-0.0002342402433654911,1,ONE_MODEL
2023-08-31,26.6899,False,False,False,0.67401514566392,0.4223275746787507,-1.3180517785590489,0,NONE
2023-09-01,26.6917,False,False,False,0.1434890637580418,0.3756847336251422,-2.166309392934103,0,NONE
2023-09-04,26.7578,False,False,False,0.215967310670004,0.3833422198906134,-1.347689805653843,0,NONE
2023-09-05,26.7615,False,False,False,0.1793352532062239,0.3783466213725673,-1.5652360452541476,0,NONE
2023-09-06,26.8114,False,False,False,0.089373393209826,0.3845306506568808,-0.8720939502353904,0,NONE
2023-09-07,26.8106,False,False,False,0.0887849264232619,0.3844685523448973,-0.8203533672214043,0,NONE
2023-09-08,26.8365,False,False,False,0.106512488368584,0.3846112983795854,-0.6845218429268538,0,NONE
2023-09-11,26.8663,False,False,False,0.079810807928116,0.3871124673271705,-0.4783296835095072,0,NONE
2023-09-12,26.8363,False,False,False,0.0550216445439899,0.3861788576656429,-0.638259933394755,0,NONE
2023-09-13,26.9321,False,False,False,0.089244791569625,0.3831712269290668,-0.7437249510250261,0,NONE
2023-09-14,26.945,False,False,False,0.098862420143218,0.3744808345946326,-0.8294652563055713,0,NONE
2023-09-15,26.982,False,False,False,0.1070273968068279,0.3747372622348222,-0.7502163148712029,0,NONE
2023-09-18,27.0089,False,False,False,0.1048942047055279,0.3726390822168469,-0.6574798900303893,0,NONE
2023-09-19,27.0115,False,False,False,0.128874226258126,0.3765467569957977,-0.3228304661487602,0,NONE
2023-09-20,26.9957,False,False,False,0.04678310953206,0.3836200668832137,-9.518096166516443e-05,0,NONE
2023-09-21,27.1371,False,False,False,0.141305587124344,0.3555634784739043,-1.5489242403580388,0,NONE
2023-09-22,27.1418,False,False,False,0.1352615459944635,0.3516251323331683,-1.299002991485878,0,NONE
2023-09-25,27.1993,False,False,False,0.137047696439526,0.3516290646179017,-1.3909556568622872,0,NONE
2023-09-26,27.2436,False,False,False,0.130786743314462,0.3500253788928193,-1.365518976631586,0,NONE
2023-09-27,26.9039,True,False,False,1.8078152477509295,0.4379788662810804,-4.9393374167649995e-05,1,ONE_MODEL
2023-09-28,27.3141,True,False,False,1.100343561689166,0.4185530878236651,-1.2328025381790937,1,ONE_MODEL
2023-09-29,27.3824,False,False,False,0.5457176246512068,0.3566588885357299,-3.430124259572219,0,NONE
2023-10-02,27.4301,False,False,False,0.5456553464328338,0.3567073398705873,-3.386198563450865,0,NONE
2023-10-03,27.4357,False,False,False,0.547010149498998,0.355473306766506,-3.448975167915176,0,NONE
2023-10-04,27.5287,False,False,False,0.3366642537182576,0.3593439477405753,-2.8025537850603186,0,NONE
2023-10-05,27.5588,False,False,False,0.0686088810403341,0.353407653687232,-1.5749197802277806,0,NONE
2023-10-06,27.5771,False,False,False,0.0690763589511188,0.3512029882751714,-1.697253106046455,0,NONE
2023-10-09,27.6736,False,False,False,0.1122774128174876,0.3532751954666688,-1.7570777546221272,0,NONE
2023-10-10,27.721,False,False,False,0.0772279533306514,0.3511793287895529,-1.6912899193773843,0,NONE
2023-10-11,27.6717,False,False,False,0.1807823824704474,0.3510654475856316,-1.8443209497972841,0,NONE
2023-10-12,27.7247,False,False,False,0.1155348283491076,0.3435961657742082,-2.3870194228287236,0,NONE
2023-10-13,27.7642,False,False,False,0.1149752339768921,0.3432296729916986,-2.375669672464497,0,NONE
2023-10-16,27.8561,False,False,False,0.1118232780627677,0.3470722768704681,-2.215529494328697,0,NONE
2023-10-17,27.9446,False,False,False,0.1226828712990044,0.3474690415071597,-2.278972649011102,0,NONE
2023-10-18,27.9745,False,False,False,0.0606527394790931,0.3550919823402786,-1.6550073841475665,0,NONE
2023-10-19,27.981,False,False,False,0.0823093288563598,0.3516689861714679,-1.765704652553504,0,NONE
2023-10-20,27.9433,False,False,False,0.1543657166323596,0.3492779317315984,-2.034947014652131,0,NONE
2023-10-23,28.0652,False,False,False,0.1534944244299763,0.3487407571039385,-2.2944454332072546,0,NONE
2023-10-24,28.0921,False,False,False,0.1240715155684003,0.3433325250591655,-2.481154840513156,0,NONE
2023-10-25,28.1237,False,False,False,0.1240921622751953,0.3448912585875013,-2.2560928985166235,0,NONE
2023-10-26,28.1377,False,False,False,0.1254253965512778,0.3487032448334081,-1.5749555867031866,0,NONE
2023-10-27,28.1667,False,False,False,0.0932234438431784,0.3510521449444779,-1.3992183449953028,0,NONE
2023-10-30,28.245,False,False,False,0.2174676154468568,0.363701677107643,-0.9330123033326743,0,NONE
2023-10-31,28.2995,False,False,False,0.0724957070164135,0.3595039612807501,-1.1024230718251324,0,NONE
2023-11-01,28.3294,False,False,False,0.0787945524289211,0.358333279082376,-0.9574154178724612,0,NONE
2023-11-02,28.3246,False,False,False,0.2648688806330683,0.3618923857832791,-0.5844316131391878,0,NONE
2023-11-03,28.3801,False,False,False,0.0943096217465604,0.3552413910779954,-1.2277756466139778,0,NONE
2023-11-06,28.4367,False,False,False,0.0897501687834013,0.3574625110047686,-1.1264907552897352,0,NONE
2023-11-07,28.4916,False,False,False,0.0959530826868253,0.3580502839939901,-1.119405828849768,0,NONE
2023-11-08,28.4479,False,False,False,0.4893993893014966,0.3719077159841107,-0.20637519409087268,0,NONE
2023-11-09,28.4655,False,False,False,0.1314038237569316,0.3526915754802518,-1.2964219351048154,0,NONE
2023-11-10,28.5481,False,False,False,0.2703662840963429,0.3540455032068698,-1.2772195400622426,0,NONE
2023-11-13,28.5929,False,False,False,0.1000872419661868,0.3486459622203086,-1.5844920101190834,0,NONE
2023-11-14,28.6318,False,False,False,0.0969883722053236,0.3483059451044752,-1.5466124594572257,0,NONE
2023-11-15,28.6809,False,False,False,0.0911071430236259,0.3598785157440685,-1.0979221999031274,0,NONE
2023-11-16,28.6547,False,False,False,0.3939646930849765,0.3574277814484297,-0.4952709308555221,0,NONE
2023-11-17,28.6774,False,False,False,0.1776168605224219,0.3419802035790892,-1.2156270755714331,0,NONE
2023-11-20,28.7431,False,False,False,0.2051381901965272,0.3453692915487615,-1.276620305158815,0,NONE
2023-11-21,28.7802,False,False,False,0.204540702639987,0.3420909966897639,-1.3963208119920338,0,NONE
2023-11-22,28.852,False,False,False,0.2845652990386391,0.3460251357460116,-1.2795179022299372,0,NONE
2023-11-23,28.8257,False,False,False,0.4710155235086012,0.3590112485952272,-0.45263307618370163,0,NONE
2023-11-24,28.8595,False,False,False,0.231790292571542,0.3389531883743739,-1.5588559584099286,0,NONE
2023-11-27,28.9042,False,False,False,0.2142959805900844,0.3405372078589116,-1.4844156578871424,0,NONE
2023-11-28,28.9046,False,False,False,0.2377460416716842,0.3426018195511133,-1.1477260819373392,0,NONE
2023-11-29,28.9259,False,False,False,0.1680867285453968,0.3409776150923925,-1.1916390359594775,0,NONE
2023-11-30,28.8699,False,False,False,0.61383827810654,0.3605453509033821,-0.40477966205251725,0,NONE
2023-12-01,28.896,False,False,False,0.2280971861624354,0.3378025095726467,-1.6558007496522702,0,NONE
2023-12-04,28.9143,False,False,False,0.1992074705888243,0.3378158295118909,-1.4475215820144474,0,NONE
2023-12-05,28.884,False,False,False,0.3572978160647294,0.3528846454685053,-0.968776135013055,0,NONE
2023-12-06,28.9123,False,False,False,0.2260389119804011,0.3377174705723268,-1.5649702693153884,0,NONE
2023-12-07,28.9199,False,False,False,0.1417070361249161,0.3431763876150325,-0.9918262121832306,0,NONE
2023-12-08,28.9846,False,False,False,0.2876263903416915,0.3428549284962753,-1.2025124378324907,0,NONE
2023-12-11,29.0011,False,False,False,0.2030864304059448,0.3378629738596556,-1.5145942693715995,0,NONE
2023-12-12,28.9958,False,False,False,0.1875428205059583,0.3436101410816463,-0.9419632539004557,0,NONE
2023-12-13,28.9699,False,False,False,0.3191295270598933,0.3497196449476062,-0.9593456007354284,0,NONE
2023-12-14,28.9604,False,False,False,0.2096675462147746,0.3445195554153722,-1.348894161899004,0,NONE
2023-12-15,28.9791,False,False,False,0.1119523329740107,0.3459352560713088,-0.8634898513122113,0,NONE
2023-12-18,29.0582,False,False,False,0.4662363723269192,0.3471104175030146,-0.9965232021020096,0,NONE
2023-12-19,29.0934,False,False,False,0.2441160435466222,0.3357190519425185,-1.7222286916960243,0,NONE
2023-12-20,29.1302,False,False,False,0.2438938936112444,0.3378634464993071,-1.51124426222232,0,NONE
2023-12-21,29.1522,False,False,False,0.3059072893416357,0.3388127808700578,-1.4812757818663496,0,NONE
2023-12-22,29.2107,False,False,False,0.329101032794585,0.34479827870894,-1.097010337318867,0,NONE
2023-12-25,29.152,False,False,False,0.5757262404170884,0.3634985501669559,-1.030067453997285,0,NONE
2023-12-26,29.2725,False,False,False,0.7607543495639076,0.3757365961913714,-0.9399461041220505,0,NONE
2023-12-27,29.3874,False,False,False,0.8567220705916262,0.3731379750796699,-1.0653677939740405,0,NONE
2023-12-28,29.435,False,False,False,0.836480725486809,0.3595403842151068,-1.2430658386319493,0,NONE
2023-12-29,29.5711,False,False,False,0.8907738892277582,0.3836826897482711,-0.9422403559702683,0,NONE
2024-01-01,29.5134,False,False,False,0.8715365338402548,0.379909350971326,-0.4170446998746353,0,NONE
2024-01-02,29.7309,False,False,False,0.9921341566875056,0.4092315194754063,-0.6367379126993722,0,NONE
2024-01-03,29.7691,True,False,False,1.0304604741288204,0.3779581962414465,-0.7179869508620023,1,ONE_MODEL
2024-01-04,29.7529,True,False,False,1.1009684499192312,0.3889114313101332,-0.47771155958370315,1,ONE_MODEL
2024-01-05,29.8403,True,False,False,1.0335021106599829,0.3783076659404689,-1.0165204462806088,1,ONE_MODEL
2024-01-08,29.8705,False,False,False,0.8795209406607899,0.3674974339333385,-1.066140475729103,0,NONE
2024-01-09,29.9245,False,False,False,0.3712415486587095,0.343750859531206,-1.736794833878399,0,NONE
2024-01-10,29.9598,False,False,False,0.3715915835068372,0.3429915954634785,-1.6745794835764158,0,NONE
2024-01-11,29.9971,False,False,False,0.2309583122408589,0.344333405070409,-1.044324222283139,0,NONE
2024-01-12,30.098,False,False,False,0.2850370564072455,0.3490887190112472,-1.2317128057392974,0,NONE
2024-01-15,30.0779,False,False,False,0.4355686808313002,0.3523182793545494,-1.2876513154677198,0,NONE
2024-01-16,30.1,False,False,False,0.4357788619940644,0.3434590293463786,-1.7641488622940553,0,NONE
2024-01-17,30.129,False,False,False,0.4366066716659073,0.3432786873113401,-1.829833143595602,0,NONE
2024-01-18,30.1332,False,False,False,0.454036137979489,0.3442256713346351,-1.7493052688774782,0,NONE
2024-01-19,30.2005,False,False,False,0.3212097917310463,0.3424590043135457,-1.6496501638992367,0,NONE
2024-01-22,30.2562,False,False,False,0.255652415249976,0.3439044758972753,-1.3219611106354368,0,NONE
2024-01-23,30.2164,False,False,False,0.4214837605780652,0.3561698474631262,-1.2696915218175508,0,NONE
2024-01-24,30.2349,False,False,False,0.4202827017711205,0.3431817809067765,-1.7949181982108957,0,NONE
2024-01-25,30.2424,False,False,False,0.4184155686412726,0.3430986360102551,-1.752638982371126,0,NONE
2024-01-26,30.0999,False,False,False,0.7200451160517906,0.3982098877059702,-0.8894468252843879,0,NONE
2024-01-29,30.3456,True,False,False,1.148964385108278,0.415912598676586,-0.15109164348658233,1,ONE_MODEL
2024-01-30,30.3488,True,False,False,1.1236270160968274,0.3853510378041042,-0.6655433527132288,1,ONE_MODEL
2024-01-31,30.3454,True,False,False,1.1413241498965636,0.3869698533053403,-0.6591653149596972,1,ONE_MODEL
2024-02-01,30.3329,True,False,False,1.1432390113980064,0.3874770403453141,-0.6812184301708726,1,ONE_MODEL
2024-02-02,30.4907,False,False,False,0.9258895947424954,0.384595438901337,-1.0834228475657017,0,NONE
2024-02-05,30.5514,False,False,False,0.5588636000607186,0.3468466855364655,-2.2329542615411686,0,NONE
2024-02-06,30.5517,False,False,False,0.5607836079993399,0.3462062810773093,-2.1086177644731894,0,NONE
2024-02-07,30.5837,False,False,False,0.5317120053009335,0.3448882978023936,-2.2333677890260457,0,NONE
2024-02-08,30.5893,False,False,False,0.5065076190558632,0.3443187729131713,-2.1226856755681585,0,NONE
2024-02-09,30.6745,False,False,False,0.2818738555596816,0.3438177199391714,-1.6992647454074383,0,NONE
2024-02-12,30.7137,False,False,False,0.2639616807229057,0.3400425214195708,-1.735669770855326,0,NONE
2024-02-13,30.7063,False,False,False,0.2781548168608637,0.3396121910286204,-1.6573187233039555,0,NONE
2024-02-14,30.7433,False,False,False,0.2800328752567066,0.338078753788825,-1.854582379812138,0,NONE
2024-02-15,30.7253,False,False,False,0.3231667434614167,0.3399040133649134,-1.8600494299323689,0,NONE
2024-02-16,30.839,False,False,False,0.3993689609338155,0.344130319549459,-2.061752399075571,0,NONE
2024-02-19,30.8376,False,False,False,0.4131580280767676,0.3386711564038417,-2.243280247290402,0,NONE
2024-02-20,30.9105,False,False,False,0.4123402494735975,0.341186911693769,-2.2962305485944228,0,NONE
2024-02-21,31.0042,False,False,False,0.445259986859938,0.3442798837358392,-2.2329790101995286,0,NONE
2024-02-22,30.9876,False,False,False,0.4474024711413484,0.3433353943757224,-1.987793271643886,0,NONE
2024-02-23,31.0391,False,False,False,0.3639218794346963,0.3385502205041414,-2.108297308768595,0,NONE
2024-02-26,31.0937,False,False,False,0.3179748162892319,0.338805368310114,-1.725391961489823,0,NONE
2024-02-27,31.1427,False,False,False,0.3070097552556251,0.3378455746641706,-1.7172449277910218,0,NONE
2024-02-28,31.2017,False,False,False,0.2431248221820723,0.339814574469067,-1.409270898898166,0,NONE
2024-02-29,31.2335,False,False,False,0.0805436991651189,0.3533384066038308,-0.296223444517544,0,NONE
2024-03-01,31.3634,False,False,False,0.4518970722120651,0.3544138015151965,-0.878418151327292,0,NONE
2024-03-04,31.5712,False,False,False,0.9542041078299572,0.3886474845756356,-0.6836828845275367,0,NONE
2024-03-05,31.5876,False,False,False,0.5716771401311165,0.3537043031666302,-1.2720885270291138,0,NONE
2024-03-06,31.7653,False,False,False,0.6033285320812497,0.3751846688270629,-1.1975408280219568,0,NONE
2024-03-07,31.8177,False,False,False,0.5762856897322536,0.3593448513591042,-1.1790271993691803,0,NONE
2024-03-08,31.9088,False,False,False,0.5776710501653002,0.3600243959287348,-1.4123736552605735,0,NONE
2024-03-11,32.022,False,False,False,0.4297520354007329,0.3557189657113124,-1.3475942297264076,0,NONE
2024-03-12,32.0589,False,False,False,0.3905879269084561,0.3540293827615506,-0.8651587367486684,0,NONE
2024-03-13,32.0416,False,False,False,0.3561206687135145,0.3592830996306006,-0.5649043589039024,0,NONE
2024-03-14,32.1327,False,False,False,0.3642953815090829,0.3514095985087292,-1.4258732427266665,0,NONE
2024-03-15,32.1271,False,False,False,0.3936730926449949,0.3550440166584142,-0.9234308357372942,0,NONE
2024-03-18,32.2803,False,False,False,0.4853032748290692,0.361058043963619,-1.4204776091349576,0,NONE
2024-03-19,32.3476,False,False,False,0.4880157487143172,0.3541800781685632,-1.4900266901694028,0,NONE
2024-03-20,32.3779,False,False,False,0.4213294078681603,0.3538781951661525,-1.0768469983673832,0,NONE
2024-03-21,32.0211,True,False,True,1.679865315483454,0.4743151736153925,0.5558608526332067,2,TWO_MODELS
2024-03-22,31.9679,True,False,False,1.0983889729979237,0.4097178941877537,-0.8591675784924231,1,ONE_MODEL
2024-03-25,32.1128,True,False,False,1.089454693299536,0.4041964836526584,-0.34138265284403424,1,ONE_MODEL
2024-03-26,32.1354,True,False,False,1.1074526470161885,0.3999772336515275,-0.6571853813900361,1,ONE_MODEL
2024-03-27,32.256,True,False,False,1.172886525832452,0.4051300459952839,-0.45122977138546005,1,ONE_MODEL
2024-03-28,32.3174,False,False,False,0.4654430702996177,0.3552633175673331,-1.7904273030189284,0,NONE
2024-03-29,32.3984,False,False,False,0.2846100599207101,0.3626625846739008,-0.8340808712866377,0,NONE
2024-04-01,32.1785,False,False,False,0.7311223869086171,0.389545260347662,-1.3466160042980047,0,NONE
2024-04-02,32.0214,False,False,False,0.8073822561410201,0.3861389783757011,-1.8338374804991542,0,NONE
2024-04-03,31.9543,False,False,False,0.6828385952169894,0.3807959551651417,-1.57939730262067,0,NONE
2024-04-04,31.8958,False,False,False,0.5846499246380713,0.3785785728201981,-1.2101262953801069,0,NONE
2024-04-05,32.0158,False,False,False,0.6613914998829968,0.3813911324059624,-0.5756169491576895,0,NONE
2024-04-08,32.0122,False,False,False,0.5272573368360424,0.357824797043167,-2.3419538723940523,0,NONE
2024-04-09,32.2378,False,False,False,0.6345721533832248,0.3658916372506385,-1.9641908747338022,0,NONE
2024-04-10,32.2842,False,False,False,0.5565888637447632,0.3544943541783645,-2.200326535607319,0,NONE
2024-04-11,32.2783,False,False,False,0.4906376937514902,0.3561302018430277,-1.838779601542397,0,NONE
2024-04-12,32.3565,False,False,False,0.4755237474343418,0.353994998871271,-2.26077213476799,0,NONE
2024-04-15,32.4045,False,False,False,0.4398066207422081,0.3520543286265983,-1.9874812623154483,0,NONE
2024-04-16,32.4515,False,False,False,0.1516640546985149,0.3423305722441344,-1.4928700379657052,0,NONE
2024-04-17,32.3808,False,False,False,0.2899613157359693,0.3401165310971435,-2.339833384908312,0,NONE
2024-04-18,32.4747,False,False,False,0.3185539675555415,0.3390892441706711,-2.4176115998150394,0,NONE
2024-04-19,32.5004,False,False,False,0.3094825845056074,0.3346707321734701,-2.5190833314892895,0,NONE
2024-04-22,32.5131,False,False,False,0.3199949354163011,0.3338742769900952,-2.4613313339704668,0,NONE
2024-04-23,32.5468,False,False,False,0.314389668005288,0.3343118084543726,-2.4427304826881695,0,NONE
2024-04-24,32.54,False,False,False,0.2020008175678617,0.3380421430480111,-1.6801095334714535,0,NONE
2024-04-25,32.5105,False,False,False,0.1354533745858638,0.3450116398530909,-1.1867449257254954,0,NONE
2024-04-26,32.4375,False,False,False,0.2188188524184604,0.3515394636238118,-1.4113262529358455,0,NONE
2024-04-29,32.4363,False,False,False,0.2097068714269458,0.3448644286286531,-1.4740501486500222,0,NONE
2024-04-30,32.3795,False,False,False,0.2095684193308995,0.3618420950113373,-0.7907132451302967,0,NONE
2024-05-01,32.4788,False,False,False,0.3595969053738604,0.343705381071676,-1.799106769512134,0,NONE
2024-05-02,32.3591,False,False,False,0.4918459069760247,0.3702572950732931,-1.8044811371355411,0,NONE
2024-05-03,32.3374,False,False,False,0.4165715615245431,0.3478748653169997,-2.398849315647402,0,NONE
2024-05-06,32.2398,False,False,False,0.4403051557636683,0.3679263986198345,-1.9138191210477018,0,NONE
2024-05-07,32.257,False,False,False,0.4538729377223415,0.3497640342792917,-2.1765245619648343,0,NONE
2024-05-08,32.2468,False,False,False,0.3017704215452809,0.358198389505164,-1.3011799234374948,0,NONE
2024-05-09,32.2398,False,False,False,0.2234406720623229,0.3539498002412686,-1.36760229009829,0,NONE
2024-05-10,32.2081,False,False,False,0.2251605517845686,0.3581807012348681,-1.3231171204687904,0,NONE
2024-05-13,32.2788,False,False,False,0.3375933652586322,0.3527591606005684,-1.0066510103088717,0,NONE
2024-05-14,32.2618,False,False,False,0.2074180393691775,0.3487994553100026,-1.6004098975750285,0,NONE
2024-05-15,32.1624,False,False,False,0.3881682828916415,0.3670630562525261,-1.5787577601451463,0,NONE
2024-05-16,32.2745,False,False,False,0.5146176949716073,0.355551339191203,-1.622525009633824,0,NONE
2024-05-17,32.202,False,False,False,0.4597744053369024,0.3533106119552784,-2.4033544426433444,0,NONE
2024-05-20,32.184,False,False,False,0.4123782635684627,0.3519091185768692,-2.2450085307037924,0,NONE
2024-05-21,32.1427,False,False,False,0.4144693760336835,0.3543654865591275,-2.188644611418649,0,NONE
2024-05-22,32.1662,False,False,False,0.3617106349433993,0.3494129463517948,-2.06234949156781,0,NONE
2024-05-23,32.1791,False,False,False,0.1989510256438736,0.3561447887357437,-1.0707859795301236,0,NONE
2024-05-24,32.2247,False,False,False,0.2487756609950466,0.3550067295154609,-1.0407092665732343,0,NONE
2024-05-27,32.1324,False,False,False,0.3273721398457458,0.3635995621848888,-1.6091221004652034,0,NONE
2024-05-28,32.2213,False,False,False,0.401077019924614,0.3529802132838585,-1.6629941083042983,0,NONE
2024-05-29,32.2181,False,False,False,0.3626608827444083,0.3454343351900595,-2.252720867030419,0,NONE
2024-05-30,32.1822,False,False,False,0.3790164309956784,0.3499085055397663,-2.2296214484648473,0,NONE
2024-05-31,32.2329,False,False,False,0.3856363294026093,0.3492502707104175,-1.9074792265330984,0,NONE
2024-06-03,32.149,False,False,False,0.3725367452428313,0.3625637926036503,-1.8118489155997857,0,NONE
2024-06-04,32.529,True,False,True,1.6313158784209267,0.4565691211827407,0.021524889179302065,2,TWO_MODELS
2024-06-05,32.2163,True,False,False,1.1214544000404971,0.4378869020667672,-0.444588557179328,1,ONE_MODEL
2024-06-06,32.2076,True,False,False,1.1243681280705458,0.4002520417965536,-1.0846053876203197,1,ONE_MODEL
2024-06-07,32.3,True,False,False,1.129606271620251,0.3997037114469911,-1.0157613221264459,1,ONE_MODEL
2024-06-10,32.3566,True,False,False,1.1185265439412853,0.3972432967983368,-0.8794135219188774,1,ONE_MODEL
2024-06-11,32.3413,False,False,False,0.7224623724499376,0.3689701804726401,-1.9143554281940443,0,NONE
2024-06-12,32.3088,False,False,False,0.2422566062114825,0.3470967145483019,-1.982404428444875,0,NONE
2024-06-13,32.2852,False,False,False,0.2783967526520165,0.3458094091610419,-2.157453345499306,0,NONE
2024-06-14,32.7682,False,False,False,0.9704424006863174,0.4285387047026067,-1.1255704410296712,0,NONE
2024-06-17,32.793,False,False,False,0.958615322946772,0.3764256301314879,-1.5628787341996748,0,NONE
2024-06-18,32.5128,True,False,False,1.1350464192838452,0.4174306637900096,-1.3300100312278058,1,ONE_MODEL
2024-06-19,32.5026,True,False,False,1.1387753737018167,0.3944231076326621,-1.7527750666127275,1,ONE_MODEL
2024-06-20,32.8109,True,False,False,1.1637919636587006,0.4122764033286396,-1.2578183109864547,1,ONE_MODEL
2024-06-21,32.8221,False,False,False,0.815694102559347,0.3575287232542496,-2.543527077242217,0,NONE
2024-06-24,32.8946,False,False,False,0.8449099495840658,0.3597077032105355,-2.52638712664991,0,NONE
2024-06-25,32.9356,False,False,False,0.5289017413374715,0.3495999624013472,-2.609986790999054,0,NONE
2024-06-26,32.8128,False,False,False,0.6356041589524605,0.3575048693649033,-2.5500404376552535,0,NONE
2024-06-27,32.8278,False,False,False,0.301469530711331,0.3384396696612926,-2.6263568118164997,0,NONE
2024-06-28,32.7525,False,False,False,0.3322195076405665,0.3472502111627857,-2.4803956043412025,0,NONE
2024-07-01,32.6446,False,False,False,0.2967114400328017,0.3600532489747392,-1.7898869094653271,0,NONE
2024-07-02,32.517,False,False,False,0.254193031248858,0.3750613629300118,-0.8534706362604787,0,NONE
2024-07-03,32.5192,False,False,False,0.2649173218288861,0.3587876206560115,-1.5399661680039003,0,NONE
2024-07-04,32.5584,False,False,False,0.29554832590496,0.3545941928705919,-1.7290107300821145,0,NONE
2024-07-05,32.661,False,False,False,0.4023102029759179,0.345254582411275,-2.804278817536126,0,NONE
2024-07-08,32.6925,False,False,False,0.3497886994274222,0.3374387777087661,-3.277337130610908,0,NONE
2024-07-09,32.8481,False,False,False,0.2515130489460399,0.3530393272932218,-1.7109852786467243,0,NONE
2024-07-10,32.8188,False,False,False,0.2890059493726654,0.3441826610503943,-1.9515901740476753,0,NONE
2024-07-11,32.8078,False,False,False,0.3184278691551172,0.3393478466605305,-2.386526931326838,0,NONE
2024-07-12,33.0372,False,False,False,0.4457873699247645,0.3545073013019367,-2.393235927366012,0,NONE
2024-07-15,32.9742,False,False,False,0.5075721453553504,0.342961569274298,-2.7261991980681515,0,NONE
2024-07-16,33.0252,False,False,False,0.4583033696204698,0.3374387006391918,-3.288894994381513,0,NONE
2024-07-17,33.0562,False,False,False,0.4369229982619348,0.3370632916334766,-3.109645629766433,0,NONE
2024-07-18,33.0595,False,False,False,0.4304803697909588,0.3370895848166236,-2.8211096069816204,0,NONE
2024-07-19,33.0413,False,False,False,0.1748618509943589,0.3380821389856651,-1.7648409438861083,0,NONE
2024-07-22,32.8963,False,False,False,0.4325853872883349,0.3631953383132892,-1.8049346059775822,0,NONE
2024-07-23,32.8492,False,False,False,0.2637840764729065,0.3525889286826289,-1.8585023889076915,0,NONE
2024-07-24,32.8069,False,False,False,0.222201697991434,0.3585055748862573,-1.304015559281849,0,NONE
2024-07-25,32.9827,False,False,False,0.4828283333314984,0.3546619346518247,-1.8455687171511652,0,NONE
2024-07-26,32.9449,False,False,False,0.4593015900890626,0.3453460011186186,-2.9197467521250573,0,NONE
2024-07-29,33.0711,False,False,False,0.4190674796293443,0.3434916445217315,-2.6280202442444303,0,NONE
2024-07-30,33.0577,False,False,False,0.3973689023197739,0.3386892591294395,-2.4790073365290084,0,NONE
2024-07-31,33.1513,False,False,False,0.3555223772464145,0.342899295637136,-2.2961700141314605,0,NONE
2024-08-01,33.0852,False,False,False,0.3260516946457494,0.3421896026639327,-2.3991907811780813,0,NONE
2024-08-02,33.2012,False,False,False,0.3300249189017876,0.3412751568760986,-2.5177542842329803,0,NONE
2024-08-05,33.3451,False,False,False,0.342732565418336,0.3408823525850437,-2.437222984729914,0,NONE
2024-08-06,33.5981,False,False,False,0.549756058454344,0.3627463704134455,-1.9280058912105762,0,NONE
2024-08-07,33.4399,False,False,False,0.6090771127438112,0.3698884159182976,-2.2252233732904685,0,NONE
2024-08-08,33.4842,False,False,False,0.5601414426048856,0.3468255805601342,-3.100950817562776,0,NONE
2024-08-09,33.491,False,False,False,0.5674357940012242,0.345906477531651,-2.9776810687574518,0,NONE
2024-08-12,33.5916,False,False,False,0.547838779093381,0.3451238704170857,-3.178125932168525,0,NONE
2024-08-13,33.5335,False,False,False,0.3642768687791656,0.341123303166967,-2.6169172309108095,0,NONE
2024-08-14,33.5803,False,False,False,0.2145415988619747,0.3371881984778036,-2.1733144411667205,0,NONE
2024-08-15,33.6102,False,False,False,0.2121645858329982,0.3368201250944908,-2.1650269834354834,0,NONE
2024-08-16,33.6825,False,False,False,0.2197831697358568,0.3388457728294258,-2.207831040400075,0,NONE
2024-08-19,33.7433,False,False,False,0.1905561623976975,0.336906350400931,-1.9835783933047075,0,NONE
2024-08-20,33.8598,False,False,False,0.1856316021741835,0.3516893284846678,-1.178608850887196,0,NONE
2024-08-21,33.8521,False,False,False,0.1699592646249114,0.3414129231176248,-1.4483964413556052,0,NONE
2024-08-22,33.8864,False,False,False,0.1684326160007287,0.3394434731908143,-1.6333381095610413,0,NONE
2024-08-23,33.9767,False,False,False,0.1763200458480044,0.3436508931568675,-1.6774366327142491,0,NONE
2024-08-26,33.9757,False,False,False,0.2022522623234375,0.3393691150688598,-1.7128706954225823,0,NONE
2024-08-27,33.9985,False,False,False,0.1523088523088851,0.3393716051783141,-1.5694767415608304,0,NONE
2024-08-28,34.0385,False,False,False,0.1406969491683356,0.3404832494448861,-1.4456693255995372,0,NONE
2024-08-29,34.0697,False,False,False,0.1412684853573621,0.3401650234259145,-1.4155678325316963,0,NONE
2024-08-30,34.0669,False,False,False,0.1578678311508415,0.3475473364356502,-0.8271640561724407,0,NONE
2024-09-02,33.878,False,False,False,0.7025217031445977,0.3831177463091293,-1.4173416126871565,0,NONE
2024-09-03,33.982,False,False,False,0.4505091889755292,0.3442035977421212,-2.500956804867549,0,NONE
2024-09-04,34.0158,False,False,False,0.4491854617145598,0.3387853784415641,-2.7527538679459003,0,NONE
2024-09-05,33.9376,False,False,False,0.4551929046227089,0.3611350886985903,-2.2374066691982915,0,NONE
2024-09-06,33.9762,False,False,False,0.5470181224688045,0.3470114053258055,-2.4242645712357493,0,NONE
2024-09-09,34.0428,False,False,False,0.3219633140561568,0.3387794080155692,-2.1183786095169257,0,NONE
2024-09-10,34.0306,False,False,False,0.2897893846470901,0.3373298044188953,-1.99024870700889,0,NONE
2024-09-11,33.9557,False,False,False,0.3717150997335062,0.3547378256600565,-1.713270121961651,0,NONE
2024-09-12,33.8832,False,False,False,0.3502563164832722,0.355680497374029,-1.8541900504158217,0,NONE
2024-09-13,33.8935,False,False,False,0.3262663697210892,0.3458088741465579,-1.9934911876240538,0,NONE
2024-09-16,33.9773,False,False,False,0.3601333815617812,0.3469397477453629,-1.7162511355370995,0,NONE
2024-09-17,34.0729,False,False,False,0.4455592289263886,0.3418803500453765,-2.1438658687833936,0,NONE
2024-09-18,34.0617,False,False,False,0.3875658745722443,0.336855694186516,-2.2059357133684667,0,NONE
2024-09-19,34.0168,False,False,False,0.3372099642943146,0.3407374011630103,-1.75141715133441,0,NONE
2024-09-20,34.0973,False,False,False,0.3575448713616737,0.3407485509145956,-1.8688684536634828,0,NONE
2024-09-23,34.1205,False,False,False,0.3383498467417177,0.333978350060798,-2.1692242535812643,0,NONE
2024-09-24,34.1089,False,False,False,0.2770497315570208,0.3343514073716141,-1.8978936632592358,0,NONE
2024-09-25,34.1316,False,False,False,0.2721424841790823,0.3343028728409223,-1.8977262864424222,0,NONE
2024-09-26,34.1374,False,False,False,0.2019444646979957,0.337184015949022,-1.4803706628199222,0,NONE
2024-09-27,34.1623,False,False,False,0.0925362123686816,0.3462876121809969,-0.757196830378863,0,NONE
2024-09-30,34.1833,False,False,False,0.0905804145334552,0.3460319881631787,-0.6876980187441806,0,NONE
2024-10-01,34.2059,False,False,False,0.0463041381698344,0.3568595572649239,-0.38900086363478437,0,NONE
2024-10-02,34.1633,False,False,False,0.2625231112328122,0.3484425948488072,-0.7892666291970123,0,NONE
2024-10-03,34.1435,False,False,False,0.1833177304934225,0.3440856727141207,-1.08418572597248,0,NONE
2024-10-04,34.2398,False,False,False,0.4410301222285872,0.3446190662058918,-1.320653700181527,0,NONE
2024-10-07,34.2276,False,False,False,0.3443498399948463,0.3364849676872378,-1.878109824462319,0,NONE
2024-10-08,34.2617,False,False,False,0.350832151584704,0.3351217984341914,-1.9115275206258602,0,NONE
2024-10-09,34.2158,False,False,False,0.3538532581016607,0.3435084923651947,-1.634956067666245,0,NONE
2024-10-10,34.1664,False,False,False,0.3850962543275593,0.3501143640654513,-1.6943126110690567,0,NONE
2024-10-11,34.2714,False,False,False,0.486976715221059,0.349170690340279,-1.358535485846991,0,NONE
2024-10-14,34.2605,False,False,False,0.4179972994928966,0.3388713473776811,-1.9778829893085934,0,NONE
2024-10-15,34.1951,False,False,False,0.4459577539380118,0.3582471720171699,-1.5802686676814623,0,NONE
2024-10-16,34.1617,False,False,False,0.4386949109586101,0.3484356080708669,-1.9233479311629864,0,NONE
2024-10-17,34.1203,False,False,False,0.4462878068075084,0.3522220000558407,-1.8837402300523678,0,NONE
2024-10-18,34.2271,False,False,False,0.5264236456493595,0.3557313802955402,-1.0750612296922615,0,NONE
2024-10-21,34.218,False,False,False,0.4569402793311902,0.3419719018946238,-1.9945023810173126,0,NONE
2024-10-22,34.258,False,False,False,0.4168289229560229,0.3401380777740224,-1.8753417550885878,0,NONE
2024-10-23,34.2763,False,False,False,0.3826931418809853,0.3394703714633951,-1.8347645526288243,0,NONE
2024-10-24,34.2255,False,False,False,0.4031701616924218,0.3493655488249356,-1.466364170471806,0,NONE
2024-10-25,34.2863,False,False,False,0.3026017167132767,0.3399247785239681,-1.3945584766566412,0,NONE
2024-10-28,34.2911,False,False,False,0.3025019451545995,0.3376368050203986,-1.6473281724746602,0,NONE
2024-10-29,34.2741,False,False,False,0.3325192177153685,0.3398236175700451,-1.633076460707283,0,NONE
2024-10-30,34.253,False,False,False,0.3572895464748315,0.3423406169125089,-1.6235581596682866,0,NONE
2024-10-31,34.2451,False,False,False,0.286552501778171,0.3402445913803113,-1.4478998667865035,0,NONE
2024-11-01,34.3061,False,False,False,0.2855654747715724,0.3415930915135252,-1.1078811365903913,0,NONE
2024-11-04,34.3406,False,False,False,0.3146787799172286,0.3380301204822296,-1.451388973609557,0,NONE
2024-11-05,34.2819,False,False,False,0.4096255363574472,0.3508569876323887,-1.4684815195856338,0,NONE
2024-11-06,34.1941,False,False,False,0.5294968650186789,0.3712981461969276,-1.4079394177263538,0,NONE
2024-11-07,34.2225,False,False,False,0.5520911725963575,0.3526859320749109,-1.5745581496441101,0,NONE
2024-11-08,34.3826,False,False,False,0.7924536922408753,0.3786956858700079,-0.6796216950139211,0,NONE
2024-11-11,34.3262,False,False,False,0.821103218682642,0.366950629316945,-1.2066834798613684,0,NONE
2024-11-12,34.3604,False,False,False,0.8060192871721611,0.3576546036975623,-1.2377865902230614,0,NONE
2024-11-13,34.356,False,False,False,0.6677865824230848,0.352352071728663,-1.4318888483106385,0,NONE
2024-11-14,34.3324,False,False,False,0.7001751020667246,0.3567218536293922,-1.4232645887048445,0,NONE
2024-11-15,34.4347,False,False,False,0.5049542131212088,0.3487794368415613,-1.494509466692124,0,NONE
2024-11-18,34.5492,False,False,False,0.5004873217814506,0.3535623305029362,-1.6566600245917726,0,NONE
2024-11-19,34.4818,False,False,False,0.6391163018263989,0.3575360205934468,-1.5887822325418757,0,NONE
2024-11-20,34.4605,False,False,False,0.654153845750915,0.3514948290898432,-1.8231518594253053,0,NONE
2024-11-21,34.4788,False,False,False,0.6257782752695077,0.3471192739477016,-1.9262323880271648,0,NONE
2024-11-22,34.5424,False,False,False,0.5620160343973243,0.3440939919660833,-1.911847244695167,0,NONE
2024-11-25,34.5573,False,False,False,0.4251812973641375,0.3383351743399136,-1.8964751913973803,0,NONE
2024-11-26,34.6445,False,False,False,0.3756474555673577,0.3424836457518649,-1.6641015407437436,0,NONE
2024-11-27,34.6373,False,False,False,0.3392675830840723,0.3381947755982435,-1.5926616130959417,0,NONE
2024-11-28,34.6011,False,False,False,0.449863423928263,0.3419353958737994,-1.7762084842461885,0,NONE
2024-11-29,34.6904,False,False,False,0.4951376768555088,0.3441876690718658,-1.8885295626811391,0,NONE
2024-12-02,34.7145,False,False,False,0.4950931870771302,0.3397732087630091,-2.0357189295523703,0,NONE
2024-12-03,34.7341,False,False,False,0.4119523207268337,0.3362096060185207,-1.9825870864053794,0,NONE
2024-12-04,34.7258,False,False,False,0.4216162957602274,0.337446490820142,-1.8867437035620114,0,NONE
2024-12-05,34.6852,False,False,False,0.4386906212279003,0.3452240584377046,-1.6928655020376588,0,NONE
2024-12-06,34.7784,False,False,False,0.4437253623139101,0.3414483600058678,-1.7544329419820546,0,NONE
2024-12-09,34.8218,False,False,False,0.4612002264581566,0.3368244076180085,-1.980169124928178,0,NONE
2024-12-10,34.8404,False,False,False,0.4706175864401456,0.3363276356428402,-1.974308806628434,0,NONE
2024-12-11,34.8654,False,False,False,0.4460647434888856,0.3357163863320684,-1.9823263060595302,0,NONE
2024-12-12,34.8925,False,False,False,0.2841051194841164,0.3365882868172892,-1.5116985885632044,0,NONE
2024-12-13,34.9466,False,False,False,0.1374181970638503,0.3446889447146651,-0.704328723661158,0,NONE
2024-12-16,34.9405,False,False,False,0.2016082145277453,0.3404120458029436,-0.9096990710530672,0,NONE
2024-12-17,34.9865,False,False,False,0.2179625510132155,0.3388276349792485,-1.1151251043143215,0,NONE
2024-12-18,35.0379,False,False,False,0.233143993373137,0.3381795456779992,-1.1703630120483837,0,NONE
2024-12-19,35.0923,False,False,False,0.2407800069424085,0.3386881915988274,-1.2012983901636698,0,NONE
2024-12-20,35.1981,False,False,False,0.481243721665301,0.3500735738180726,-1.1958482876035799,0,NONE
2024-12-23,35.1932,False,False,False,0.3541691253197866,0.3419126003112847,-1.258695995954774,0,NONE
2024-12-24,35.17,False,False,False,0.4630495741578034,0.347212905864681,-1.4143502313917278,0,NONE
2024-12-25,35.2215,False,False,False,0.4661688306865008,0.3381374517135185,-1.930294563216103,0,NONE
2024-12-26,35.1498,False,False,False,0.6099807977486486,0.3649492381885582,-1.0809815600180475,0,NONE
2024-12-27,35.1564,False,False,False,0.4050334098952862,0.3407197579545432,-1.7709248854978146,0,NONE
2024-12-30,35.3234,False,False,False,0.8394095870318676,0.3797180707801778,-0.8236433943142654,0,NONE
2024-12-31,35.3711,False,False,False,0.7372476594774888,0.3479077257845371,-1.6906039320638246,0,NONE
2025-01-01,35.3659,False,False,False,0.760123674088735,0.3525867754160622,-1.4630843753814649,0,NONE
2025-01-02,35.326,False,False,False,0.6910360510988298,0.3564593856617978,-1.3609365947128804,0,NONE
2025-01-03,35.3743,False,False,False,0.68984945088108,0.3502240126215734,-1.711813576962962,0,NONE
2025-01-06,35.304,False,False,False,0.485154717716008,0.3583539911931708,-1.3516187090415066,0,NONE
2025-01-07,35.3377,False,False,False,0.4336433934857656,0.3378593806814924,-1.9302363458963416,0,NONE
2025-01-08,35.3389,False,False,False,0.4377457528764006,0.3387986137930327,-1.921551921628355,0,NONE
2025-01-09,35.3286,False,False,False,0.4101776454725634,0.3384995592444839,-1.8633207754739782,0,NONE
2025-01-10,35.4226,False,False,False,0.5402576923032303,0.3454503655826593,-1.6927831342018553,0,NONE
2025-01-13,35.4877,False,False,False,0.3884144625887281,0.3385450320108547,-1.890675230884856,0,NONE
2025-01-14,35.4793,False,False,False,0.4286175355454941,0.3369176778086448,-1.8588847255945176,0,NONE
2025-01-15,35.4613,False,False,False,0.4566435743601368,0.3384173488062432,-1.8792446822340896,0,NONE
2025-01-16,35.4275,False,False,False,0.502461304358046,0.3427636797048071,-1.8487659006735893,0,NONE
2025-01-17,35.4856,False,False,False,0.4080971104794608,0.3361698791237794,-1.8473574462476137,0,NONE
2025-01-20,35.5675,False,False,False,0.4495351478845435,0.3405381501623726,-1.7805682356605352,0,NONE
2025-01-21,35.62,False,False,False,0.4501816531576733,0.3361457340128856,-2.029061385090394,0,NONE
2025-01-22,35.6452,False,False,False,0.394417769317665,0.3352800108719175,-1.9698566252644607,0,NONE
2025-01-23,35.6339,False,False,False,0.3169436248070446,0.336984554534873,-1.500972537910986,0,NONE
2025-01-24,35.6798,False,False,False,0.3084058239023545,0.3347849318856472,-1.6752705825625878,0,NONE
2025-01-27,35.7431,False,False,False,0.2603973164217051,0.3370301359434099,-1.3607670820809243,0,NONE
2025-01-28,35.7352,False,False,False,0.2942285921593695,0.3366747882328804,-1.4001692966954806,0,NONE
2025-01-29,35.7944,False,False,False,0.3408000354435998,0.3382435888860761,-1.5845543107359799,0,NONE
2025-01-30,35.7721,False,False,False,0.3684998733967487,0.3413312715654096,-1.4751875085217474,0,NONE
2025-01-31,35.844,False,False,False,0.4320339705715576,0.3408404737701156,-1.7021043774027316,0,NONE
2025-02-03,35.9745,False,False,False,0.600109598115158,0.3596500275884943,-1.3171276443036195,0,NONE
2025-02-04,35.9325,False,False,False,0.6731368105621692,0.3604324818269311,-1.123762306088226,0,NONE
2025-02-05,35.9044,False,False,False,0.7115681756487265,0.3558447917273458,-1.3808843799230601,0,NONE
2025-02-06,35.8882,False,False,False,0.7051517773653861,0.352291115517826,-1.5123894844028847,0,NONE
2025-02-07,35.9677,False,False,False,0.7251441267360302,0.3505677658696444,-1.4710735119716745,0,NONE
2025-02-10,35.9951,False,False,False,0.4851827210829078,0.3387581425728853,-1.8699048372763087,0,NONE
2025-02-11,36.0423,False,False,False,0.4495575657277439,0.3374817510231587,-1.8833812567788453,0,NONE
2025-02-12,36.1027,False,False,False,0.370442899595267,0.3394429506519522,-1.7131888778581796,0,NONE
2025-02-13,36.0963,False,False,False,0.3319200801039831,0.3407078887053766,-1.2234613387747526,0,NONE
2025-02-14,36.2225,False,False,False,0.502886473284464,0.3552497795978686,-1.44152981395162,0,NONE
2025-02-17,36.2417,False,False,False,0.4904866983372455,0.3403430596128583,-1.7424913089485425,0,NONE
2025-02-18,36.2722,False,False,False,0.5042205001037448,0.3401592349845824,-1.8427116422999443,0,NONE
2025-02-19,36.2922,False,False,False,0.5096009401838975,0.3395511534017265,-1.8230654309676524,0,NONE
2025-02-20,36.2991,False,False,False,0.490360307562674,0.3400925281496141,-1.716893831021462,0,NONE
2025-02-21,36.4339,False,False,False,0.5216471216657754,0.3560926718040861,-1.4277124421023348,0,NONE
2025-02-24,36.434,False,False,False,0.5385026839982271,0.3439474765550476,-1.6444599586145436,0,NONE
2025-02-25,36.4455,False,False,False,0.551083608081144,0.3415781020192925,-1.7712949177994304,0,NONE
2025-02-26,36.4511,False,False,False,0.5652890197509494,0.3426600233385519,-1.7200279003988896,0,NONE
2025-02-27,36.4292,False,False,False,0.6130104498315573,0.348575331090533,-1.5279973491353491,0,NONE
2025-02-28,36.4935,False,False,False,0.3172725055772004,0.3372999049687274,-1.5511075042670068,0,NONE
2025-03-03,36.438,False,False,False,0.4309856925563727,0.3578535125820968,-1.2993224076620233,0,NONE
2025-03-04,36.4371,False,False,False,0.4260629122442463,0.3428741676902891,-1.7893388805013277,0,NONE
2025-03-05,36.4178,False,False,False,0.4268697005252288,0.3477491212891782,-1.6302015121974254,0,NONE
2025-03-06,36.4023,False,False,False,0.4201483079294505,0.3476880685030533,-1.6601574568436437,0,NONE
2025-03-07,36.475,False,False,False,0.450926673256078,0.3449192209087552,-1.5629349415485745,0,NONE
2025-03-10,36.5508,False,False,False,0.4537870316397146,0.3427807726675969,-1.7235382819584597,0,NONE
2025-03-11,36.5873,False,False,False,0.4380777816140332,0.3373014066531319,-1.900163134637804,0,NONE
2025-03-12,36.5878,False,False,False,0.3933998436157531,0.3396627139402485,-1.6053764297251583,0,NONE
2025-03-13,36.607,False,False,False,0.3151674592262709,0.3383338717093607,-1.5084936311762949,0,NONE
2025-03-14,36.6383,False,False,False,0.2714622252950054,0.3376463181176379,-1.419141043727432,0,NONE
2025-03-17,36.6454,False,False,False,0.1496315477545745,0.3443820454734276,-0.7269333913809746,0,NONE
2025-03-18,36.6908,False,False,False,0.1778518969562899,0.3425627401977635,-0.8644212972017726,0,NONE
2025-03-19,37.808,True,True,True,6.410805166710201,0.5790018297674844,2.9409886075023453,3,ALL_THREE
2025-03-20,37.8242,True,False,False,1.6386510938862815,0.4612982102912223,1.9540414779584125e-05,1,ONE_MODEL
2025-03-21,37.839,True,False,False,1.6453487279650083,0.4608519205575545,-0.02411204553597024,1,ONE_MODEL
2025-03-24,37.9769,True,False,False,1.6108840307667356,0.4586225126742376,-0.09833565037693148,1,ONE_MODEL
2025-03-25,37.979,True,False,False,1.6277926156712643,0.4599013449108454,-0.036574735879069564,1,ONE_MODEL
2025-03-26,37.9973,False,False,False,0.1836601520451654,0.3479304592390763,-1.4134080269604912,0,NONE
2025-03-27,37.9622,False,False,False,0.2127011547895461,0.3476328510918794,-1.6096773606504922,0,NONE
2025-03-28,37.9821,False,False,False,0.2119725992191003,0.3446981660165442,-1.8701017232065436,0,NONE
2025-03-31,37.9447,False,False,False,0.1107841642208864,0.3553606193628202,-0.8443809753037073,0,NONE
2025-04-01,37.9461,False,False,False,0.0913943526018221,0.3523625872092796,-1.0398488824591485,0,NONE
2025-04-02,37.9435,False,False,False,0.0807382056066405,0.3536757882943634,-1.0117874534370621,0,NONE
2025-04-03,37.9101,False,False,False,0.1092605121255935,0.355008834523811,-1.0646772398613713,0,NONE
2025-04-04,37.9772,False,False,False,0.1366642230100365,0.346646769393839,-1.614660364350362,0,NONE
2025-04-07,37.9771,False,False,False,0.1200227063041929,0.3464409336050913,-1.5504818922834147,0,NONE
2025-04-08,37.9207,False,False,False,0.1514445568254731,0.3505384165456073,-1.6254450481064957,0,NONE
2025-04-09,37.9793,False,False,False,0.1781575383278307,0.3438437314862281,-1.9650764836421004,0,NONE
2025-04-10,37.9132,False,False,False,0.2021160121760924,0.3480190118520902,-1.8869626784908302,0,NONE
2025-04-11,38.03,False,False,False,0.2515887739713832,0.344032940570434,-2.1822361191581834,0,NONE
2025-04-14,38.032,False,False,False,0.2513936941135909,0.3426266080645797,-2.2155936573754396,0,NONE
2025-04-15,38.0832,False,False,False,0.2222930861686508,0.3443112593355839,-1.9840317866541763,0,NONE
2025-04-16,38.1278,False,False,False,0.2188519819123074,0.3426605167166944,-1.5180888199479146,0,NONE
2025-04-17,37.9702,False,False,False,0.820575621265265,0.3880090078028076,-0.5141067252743916,0,NONE
2025-04-18,38.1008,False,False,False,0.4712907434670902,0.3513226875204844,-1.435999313975156,0,NONE
2025-04-21,38.212,False,False,False,0.3635969298442656,0.3441802027464168,-2.0874025563537497,0,NONE
2025-04-22,38.2629,False,False,False,0.3638660910434032,0.3384428768126949,-2.5504369818448627,0,NONE
2025-04-23,38.3008,False,False,False,0.3636305972722639,0.3370611191019487,-2.666562414222261,0,NONE
2025-04-24,38.3395,False,False,False,0.1401809590548861,0.3454231282165588,-1.2050903937912896,0,NONE
2025-04-25,38.4149,False,False,False,0.2039273881058946,0.3471557147336014,-0.9745840798199339,0,NONE
2025-04-28,38.4339,False,False,False,0.0659177639648101,0.3477128857296036,-0.9177227083461617,0,NONE
2025-04-29,38.4866,False,False,False,0.1014674861411343,0.3488229580755796,-0.9272542103741248,0,NONE
2025-04-30,38.4903,False,False,False,0.0894282639802164,0.3434288484914729,-1.0399259401708054,0,NONE
2025-05-01,38.4421,False,False,False,0.2744888875526619,0.3475328418688523,-1.1213530102249702,0,NONE
2025-05-02,38.5687,False,False,False,0.3577867190656626,0.3430893605936987,-1.4908772773031664,0,NONE
2025-05-05,38.5637,False,False,False,0.2110273282790274,0.3360320358475083,-1.9213866286856316,0,NONE
2025-05-06,38.6239,False,False,False,0.2135648634993907,0.335258166232277,-2.037220485047074,0,NONE
2025-05-07,38.6504,False,False,False,0.2096349296673404,0.3339674472215227,-2.0074287919157143,0,NONE
2025-05-08,38.6112,False,False,False,0.2600665387922415,0.3403642553521265,-1.4987567070422863,0,NONE
2025-05-09,38.7612,False,False,False,0.4195329230898259,0.343410059910353,-1.477999446022487,0,NONE
2025-05-12,38.7747,False,False,False,0.2201957933364549,0.3339811443047189,-1.954149636033458,0,NONE
2025-05-13,38.7892,False,False,False,0.2202810054885165,0.3335861976652178,-1.9848362304293161,0,NONE
2025-05-14,38.7704,False,False,False,0.2321602380202507,0.3357821927794986,-1.8931190987405913,0,NONE
2025-05-15,38.7145,False,False,False,0.3077836643502723,0.3429237278357636,-1.6909100113548252,0,NONE
2025-05-16,38.852,False,False,False,0.4178294736930247,0.3441743307317054,-1.3906307498092154,0,NONE
2025-05-19,38.8038,False,False,False,0.3571341347763379,0.3463721518694634,-1.5579782045476875,0,NONE
2025-05-20,38.8394,False,False,False,0.2485256149370258,0.3336961696050005,-2.225019379299427,0,NONE
2025-05-21,38.8704,False,False,False,0.244222294834284,0.333696693636663,-2.224806256746053,0,NONE
2025-05-22,38.9174,False,False,False,0.2059474603890267,0.3355227780776664,-1.9599380286430659,0,NONE
2025-05-23,38.9344,False,False,False,0.1173665690390647,0.3376641247552058,-1.311264911529884,0,NONE
2025-05-26,38.9598,False,False,False,0.0350899996262309,0.3555817566037969,-0.7362455404698167,0,NONE
2025-05-27,38.9837,False,False,False,0.0353293518448872,0.3540165927653789,-0.7301914389317083,0,NONE
2025-05-28,39.097,False,False,False,0.3724166669023958,0.3485738058738646,-0.8432519252407804,0,NONE
2025-05-29,39.1054,False,False,False,0.1334664586766569,0.3383880234141647,-1.3336149001602102,0,NONE
2025-05-30,39.2289,False,False,False,0.3765148872666155,0.3475890939971359,-1.1301534765104666,0,NONE
2025-06-02,39.1961,False,False,False,0.2778955599108281,0.3430008553057548,-1.3623420709135914,0,NONE
2025-06-03,39.1492,False,False,False,0.3246465940409967,0.3449036809466727,-1.597192294772075,0,NONE
2025-06-04,39.1642,False,False,False,0.2065504474064235,0.3353067581303796,-1.9485228272957276,0,NONE
2025-06-05,39.2864,False,False,False,0.3836256616242833,0.341049067307453,-1.7443231265770809,0,NONE
2025-06-06,39.2423,False,False,False,0.3033622821498201,0.3430278367501583,-1.5181236194634025,0,NONE
2025-06-09,39.2561,False,False,False,0.2102513117024256,0.3340214326282358,-2.0068258281091325,0,NONE
2025-06-10,39.2056,False,False,False,0.3102384583592437,0.343830426612097,-1.5304378503754208,0,NONE
2025-06-11,39.1681,False,False,False,0.574322493059132,0.3485366117059174,-1.8562737753220748,0,NONE
2025-06-12,39.3445,False,False,False,0.7226100511642921,0.3660401771067317,-1.0885006791693357,0,NONE
2025-06-13,39.2169,False,False,False,0.8206673771281935,0.3805187465749849,-1.0962224689144016,0,NONE
2025-06-16,39.3602,False,False,False,0.9553304899871684,0.3767189333607979,-0.9446207732043241,0,NONE
2025-06-17,39.4751,False,False,False,0.930448660947455,0.3701762599765835,-1.2827474514487065,0,NONE
2025-06-18,39.516,False,False,False,0.8632830868744757,0.3589840159044762,-1.3122426247451742,0,NONE
2025-06-19,39.6085,False,False,False,0.7658950965967356,0.3512461574905097,-1.7736496726690323,0,NONE
2025-06-20,39.6706,False,False,False,0.2914330433018803,0.3424904651768006,-1.4635023076949185,0,NONE
2025-06-23,39.6149,False,False,False,0.4646790054037394,0.3468112056293189,-1.731594468773764,0,NONE
2025-06-24,39.5944,False,False,False,0.4258259603722475,0.3393153233504988,-2.073262719959608,0,NONE
2025-06-25,39.7576,False,False,False,0.5991998030132984,0.3509310400220863,-1.9365329415393528,0,NONE
2025-06-26,39.7712,False,False,False,0.5831952849126668,0.3405100085140786,-2.1660172747779445,0,NONE
2025-06-27,39.8993,False,False,False,0.644845208760967,0.350725595553426,-2.0257295585462582,0,NONE
2025-06-30,39.8102,False,False,False,0.6941967711944578,0.3596219459485263,-1.7121761865595246,0,NONE
2025-07-01,39.8237,False,False,False,0.676964421306691,0.3469038157137126,-2.1038721574609216,0,NONE
2025-07-02,39.7761,False,False,False,0.5439164457909361,0.3497371468331822,-2.108137193042877,0,NONE
2025-07-03,39.8232,False,False,False,0.5679557318824283,0.3413727821798866,-2.2121483609273245,0,NONE
2025-07-04,39.862,False,False,False,0.400543543858022,0.3380221451725019,-2.0943604590187928,0,NONE
2025-07-07,39.9734,False,False,False,0.3889053961488755,0.341095830575397,-2.027626673398185,0,NONE
2025-07-08,40.0353,False,False,False,0.3888650074481162,0.3368191255005237,-2.1617597048142176,0,NONE
2025-07-09,40.0431,False,False,False,0.2560779078154314,0.3388964010278906,-1.3847951511372703,0,NONE
2025-07-10,40.0815,False,False,False,0.2774510051027084,0.3367611955787477,-1.6218213889853903,0,NONE
2025-07-11,40.1704,False,False,False,0.2973254017064489,0.3388026239832456,-1.6235521908662847,0,NONE
2025-07-14,40.1734,False,False,False,0.2665569121696065,0.3379843389916082,-1.3146512969999975,0,NONE
2025-07-15,40.2048,False,False,False,0.251204910272871,0.335669938488261,-1.4643424361603952,0,NONE
2025-07-16,40.2497,False,False,False,0.2276887416798028,0.3374655672203283,-1.3651967129308478,0,NONE
2025-07-17,40.2957,False,False,False,0.2276891775248681,0.3374612918613168,-1.3527762397219014,0,NONE
2025-07-18,40.3912,False,False,False,0.2437812596715764,0.3426369274048124,-1.2331209442618167,0,NONE
2025-07-21,40.3844,False,False,False,0.2659903343843045,0.3393215699381076,-1.2625045007100795,0,NONE
2025-07-22,40.4147,False,False,False,0.2669221524483841,0.3363372673763305,-1.4955976406464373,0,NONE
2025-07-23,40.4534,False,False,False,0.2671811966248438,0.3369664839064638,-1.4823902182522861,0,NONE
2025-07-24,40.7511,True,False,False,1.277278383664907,0.4155531207795347,-0.49508057346443124,1,ONE_MODEL
2025-07-25,40.5557,True,False,False,1.0853830838896,0.4216124544160924,-0.4508379326317584,1,ONE_MODEL
2025-07-28,40.5562,True,False,False,1.083579624015898,0.3876929831554647,-1.0272205208230272,1,ONE_MODEL
2025-07-29,40.5763,True,False,False,1.0853064165968374,0.3885543067891474,-1.016932827087608,1,ONE_MODEL
2025-07-30,40.5856,True,False,False,1.08601104507296,0.3871722025475534,-1.0173820081300775,1,ONE_MODEL
2025-07-31,40.638,False,False,False,0.6100556422392646,0.3530175970926209,-1.9391063300556315,0,NONE
2025-08-01,40.647,False,False,False,0.1286940367237806,0.347364941603951,-0.9326406110927685,0,NONE
2025-08-04,40.6608,False,False,False,0.1150834883783309,0.3466387126913574,-0.8419977699812105,0,NONE
2025-08-05,40.6734,False,False,False,0.1175503057265973,0.3467053822813519,-0.8689736068098632,0,NONE
2025-08-06,40.6454,False,False,False,0.1800505431392499,0.3467451570139094,-1.108293511568851,0,NONE
2025-08-07,40.6128,False,False,False,0.1835676806906492,0.3523253709157826,-0.9151803308730742,0,NONE
2025-08-08,40.6825,False,False,False,0.2661619339646862,0.3408159846056308,-1.679168751883056,0,NONE
2025-08-11,40.7088,False,False,False,0.2744232476215945,0.3378736667411888,-1.773897263404212,0,NONE
2025-08-12,40.7258,False,False,False,0.27513946149453,0.337044774452893,-1.7438961981280965,0,NONE
2025-08-13,40.7739,False,False,False,0.2503060420820853,0.3376455209683784,-1.586991158283178,0,NONE
2025-08-14,40.8279,False,False,False,0.1386431734433197,0.346292006258271,-0.9031202112299237,0,NONE
2025-08-15,40.8638,False,False,False,0.0986515854576184,0.3482682422303782,-0.7484962199779268,0,NONE
2025-08-18,40.8789,False,False,False,0.1146937866087305,0.3440451101319282,-0.8355182273057125,0,NONE
2025-08-19,40.8937,False,False,False,0.118310278965705,0.3430930736071026,-0.8549363386503597,0,NONE
2025-08-20,40.9321,False,False,False,0.1097506374104444,0.3435293432775373,-0.8149171146228387,0,NONE
2025-08-21,40.9374,False,False,False,0.0947984670351047,0.3456895408104472,-0.5808636228681703,0,NONE
2025-08-22,40.988,False,False,False,0.188456144061582,0.346082338740808,-0.5305797763195468,0,NONE
2025-08-25,40.9925,False,False,False,0.163437815856331,0.3452507784817292,-0.5426130620089964,0,NONE
2025-08-26,41.0433,False,False,False,0.2750676859342467,0.3458384059112681,-0.5555299204625719,0,NONE
2025-08-27,41.0374,False,False,False,0.2718823374222153,0.3471525832766841,-0.5591419775514836,0,NONE
2025-08-28,41.0458,False,False,False,0.1833035485725297,0.3406330134748502,-0.8593638051183383,0,NONE
2025-08-29,41.1402,False,False,False,0.6871941797161041,0.3582856827816572,-0.41816677354293397,0,NONE
2025-09-01,41.1162,False,False,False,0.3882394318474501,0.3484813987167299,-0.9836872160071444,0,NONE
2025-09-02,41.1404,False,False,False,0.3114851288632954,0.3357975004607894,-1.6424723051561525,0,NONE
2025-09-03,41.1597,False,False,False,0.2991338462260766,0.3357950818603791,-1.5612235537646164,0,NONE
2025-09-04,41.1573,False,False,False,0.3193085992293563,0.3394198372235534,-1.2793678379474969,0,NONE
2025-09-05,41.2411,False,False,False,0.4952624876693905,0.3480363700127894,-0.8004186383948184,0,NONE
2025-09-08,41.2487,False,False,False,0.2578728188794355,0.3385559117749787,-1.092129436419805,0,NONE
2025-09-09,41.2581,False,False,False,0.2687144010830704,0.337254758686436,-1.1967062680472456,0,NONE
2025-09-10,41.2704,False,False,False,0.2713980808790646,0.3369767304677061,-1.2589144222692852,0,NONE
2025-09-11,41.3269,False,False,False,0.2700937051098087,0.3405838459556128,-1.1219244814666318,0,NONE
2025-09-12,41.3597,False,False,False,0.1638771300203143,0.3422757872560081,-0.8183482150111878,0,NONE
2025-09-15,41.2925,False,False,False,0.7662382374111706,0.3743503569233212,-0.29203619691209504,0,NONE
2025-09-16,41.2349,False,False,False,0.5386688231150324,0.368081802161264,-1.017488670183699,0,NONE
2025-09-17,41.2799,False,False,False,0.4785142427439176,0.3444444158801297,-1.612239823447144,0,NONE
2025-09-18,41.2899,False,False,False,0.4177473794003309,0.3422549556164805,-1.7292436732239018,0,NONE
2025-09-19,41.3754,False,False,False,0.5380313343082437,0.3493554930201162,-1.2570891300120675,0,NONE
2025-09-22,41.3658,False,False,False,0.4584580694052088,0.3406042141257493,-1.6132707992930637,0,NONE
2025-09-23,41.3941,False,False,False,0.3065483091124126,0.3386188554183241,-1.415255576054843,0,NONE
2025-09-24,41.4428,False,False,False,0.3137073976856208,0.338204469706891,-1.411935623719712,0,NONE
2025-09-25,41.4835,False,False,False,0.294874955800413,0.3378091464740124,-1.4213686459234136,0,NONE
2025-09-26,41.5663,False,False,False,0.3536369981962319,0.3419150317114275,-1.0343513212394875,0,NONE
2025-09-29,41.5876,False,False,False,0.2071086128072922,0.3402008862266698,-1.0158262480436662,0,NONE
2025-09-30,41.5853,False,False,False,0.2747218264487554,0.3389440989544529,-1.1492908881574841,0,NONE
2025-10-01,41.5626,False,False,False,0.3498708842674066,0.3432967761896807,-1.2635514401270544,0,NONE
2025-10-02,41.6007,False,False,False,0.3476528492474759,0.3352847611919904,-1.610883248573046,0,NONE
2025-10-03,41.6842,False,False,False,0.3633999390896342,0.3413564501545096,-1.2409025388640753,0,NONE
2025-10-06,41.6917,False,False,False,0.3559004580061489,0.3361848210685638,-1.600325083005167,0,NONE
2025-10-07,41.6921,False,False,False,0.3522745398991896,0.3369034467036722,-1.5312582510308683,0,NONE
2025-10-08,41.6959,False,False,False,0.3022112785545499,0.3363688717474266,-1.389286551442943,0,NONE
2025-10-09,41.7439,False,False,False,0.3112344572918702,0.3361912354301455,-1.4434464202950164,0,NONE
2025-10-10,41.8312,False,False,False,0.3935304828312476,0.3425577975076403,-1.1125278633262248,0,NONE
2025-10-13,41.8054,False,False,False,0.3836303312114962,0.3444557564308665,-1.341511980736259,0,NONE
2025-10-14,41.8173,False,False,False,0.3736552895972451,0.3364062901810881,-1.6276583977805394,0,NONE
2025-10-15,41.8402,False,False,False,0.3609128873349548,0.3352269910973915,-1.6234296859350081,0,NONE
2025-10-16,41.8426,False,False,False,0.4656982119403482,0.3400034362824101,-1.4501369038774516,0,NONE
2025-10-17,41.9043,False,False,False,0.4556466604999218,0.3415873179853925,-1.3499646600901105,0,NONE
2025-10-20,41.9564,False,False,False,0.3651371719437444,0.3395541968643037,-1.353126671840963,0,NONE
2025-10-21,41.97,False,False,False,0.3608401101510093,0.3397342992977002,-1.303714151203545,0,NONE
2025-10-22,41.9703,False,False,False,0.4093410476281179,0.3409661377131316,-1.2359884489021962,0,NONE
2025-10-23,42.0024,False,False,False,0.3661554329236105,0.338441479852547,-1.4453037743191839,0,NONE
2025-10-24,41.9391,False,False,False,0.653835089756547,0.3739082726708103,-0.5180092307503905,0,NONE
2025-10-27,41.877,False,False,False,0.5762672159021988,0.377053454752019,-0.7809650471822831,0,NONE
2025-10-28,41.9357,False,False,False,0.7119686827487846,0.3596275921645616,-0.7767479951198144,0,NONE
2025-10-29,41.9493,False,False,False,0.7320921967962511,0.355018905687481,-1.0007392406138855,0,NONE
2025-10-30,41.9615,False,False,False,0.7109519521084214,0.3555716049004779,-1.0223450663610496,0,NONE
2025-10-31,42.0611,False,False,False,0.7907710211187046,0.3676164564589474,-0.5361987613586923,0,NONE
2025-11-03,42.049,False,False,False,0.5789322796746776,0.3481348172710823,-1.1246246277249767,0,NONE
2025-11-04,42.0909,False,False,False,0.5556296879440219,0.3445612116681329,-1.4389599257144106,0,NONE
2025-11-05,42.0903,False,False,False,0.5805696576493216,0.3439843674579043,-1.3256475322013426,0,NONE
2025-11-06,42.105,False,False,False,0.5814973983222697,0.3435781289049871,-1.4082783297769303,0,NONE
2025-11-07,42.2081,False,False,False,0.5773171230218002,0.3523330997342837,-1.032134307172413,0,NONE
2025-11-10,42.2331,False,False,False,0.5051567913284707,0.3411697674248088,-1.5966706338456742,0,NONE
2025-11-11,42.2206,False,False,False,0.5680806017335486,0.3453917875015633,-1.3375875814047582,0,NONE
2025-11-12,42.2306,False,False,False,0.5520657436399315,0.3414009712181244,-1.503566596513494,0,NONE
2025-11-13,42.2506,False,False,False,0.5486648919849103,0.3416850919883508,-1.5307209177222436,0,NONE
2025-11-14,42.2451,False,False,False,0.2014369175547086,0.3460441022461061,-0.7169868301638669,0,NONE
2025-11-17,42.3089,False,False,False,0.3725188990298488,0.3408040585653825,-1.2364373147049719,0,NONE
2025-11-18,42.3322,False,False,False,0.320938860301899,0.3385187499563239,-1.3847397469163525,0,NONE
2025-11-19,42.3518,False,False,False,0.312260823486104,0.3381710758912744,-1.3491120324491899,0,NONE
2025-11-20,42.3676,False,False,False,0.3156369788378494,0.3383110699189243,-1.3468695988370047,0,NONE
2025-11-21,42.4369,False,False,False,0.3305156485057457,0.34298433538603,-1.113634940349625,0,NONE
2025-11-24,42.4184,False,False,False,0.3995057178058657,0.3463719447011665,-1.146078372608816,0,NONE
2025-11-25,42.4144,False,False,False,0.4236467468474502,0.3426423484790941,-1.2921065413397326,0,NONE
2025-11-26,42.4397,False,False,False,0.4265403376694738,0.3383654909640772,-1.5350682831571234,0,NONE
2025-11-27,42.435,False,False,False,0.4452184451765177,0.3414097753200336,-1.314670761957922,0,NONE
2025-11-28,42.5007,False,False,False,0.4319400437198792,0.3420155526180335,-1.2293942889350493,0,NONE
2025-12-01,42.4321,False,False,False,0.698331485211296,0.3770071195422215,-0.45393052535076883,0,NONE
2025-12-02,42.4447,False,False,False,0.6051030051826388,0.3487891975204032,-1.3734616547750722,0,NONE
2025-12-03,42.4437,False,False,False,0.5893900558531108,0.3487200427161716,-1.3395657115168866,0,NONE
2025-12-04,42.4994,False,False,False,0.6582381095308674,0.351296137919119,-1.0429993087959915,0,NONE
2025-12-05,42.5291,False,False,False,0.5733891215009782,0.3451748254635893,-1.363079557297194,0,NONE
2025-12-08,42.5687,False,False,False,0.2853301440916082,0.3425738771156821,-1.0625316988077493,0,NONE
2025-12-09,42.5875,False,False,False,0.2849997139888386,0.3422848748598937,-1.165448051709804,0,NONE
2025-12-10,42.5938,False,False,False,0.2534653491749383,0.3439282623818305,-0.9408030757500789,0,NONE
2025-12-11,42.5971,False,False,False,0.2047224251713565,0.3452452901866277,-0.71581806759845,0,NONE
2025-12-12,42.6945,False,False,False,0.6101587394616286,0.3581214017981321,-0.8012651559469735,0,NONE
2025-12-15,42.6941,False,False,False,0.5432730137815507,0.3436014327885082,-1.3358328043622016,0,NONE
2025-12-16,42.6948,False,False,False,0.5612638660392005,0.344533939762687,-1.345237335434014,0,NONE
2025-12-17,42.7184,False,False,False,0.5527204409177447,0.3428886464957825,-1.4495223298312894,0,NONE
2025-12-18,42.728,False,False,False,0.5440367321312986,0.3423415495375417,-1.4307963439677813,0,NONE
2025-12-19,42.8012,False,False,False,0.4078410090172211,0.3431137072363033,-1.0784005165396184,0,NONE
2025-12-22,42.8122,False,False,False,0.3856392884527249,0.3384129394887715,-1.4445248405544557,0,NONE
2025-12-23,42.8227,False,False,False,0.3644899765903994,0.3382574498381151,-1.3842864250428608,0,NONE
2025-12-24,42.8411,False,False,False,0.3715929073817122,0.3381720962239919,-1.4286666587556667,0,NONE
2025-12-25,42.8461,False,False,False,0.3811493968038339,0.3392864824700231,-1.3583556328440771,0,NONE
2025-12-26,42.9027,False,False,False,0.2869215348983928,0.3430033962716963,-0.9280520558586804,0,NONE
2025-12-29,42.9289,False,False,False,0.2789659877654762,0.3403521271551351,-1.1227422630114798,0,NONE
2025-12-30,42.934,False,False,False,0.2927852552347309,0.3424027748860512,-0.9424301957386003,0,NONE
2025-12-31,42.9256,False,False,False,0.3492072040222048,0.3478783570764209,-0.8856861600571069,0,NONE
2026-01-01,42.9562,False,False,False,0.3449718501141161,0.3391341733278523,-1.3250992898041254,0,NONE
2026-01-02,43.0237,False,False,False,0.4157986906473698,0.3459791589948706,-0.9555521710395407,0,NONE
2026-01-05,43.0151,False,False,False,0.4568654012637323,0.3478429373066991,-1.079250023302535,0,NONE
2026-01-06,43.0317,False,False,False,0.4474452358074849,0.3394861670475879,-1.4500456132961492,0,NONE
2026-01-07,43.0342,False,False,False,0.4168567925317558,0.3420950177047756,-1.2761010019014751,0,NONE
2026-01-08,43.0385,False,False,False,0.4221327820112224,0.3403690449534798,-1.311974489398553,0,NONE
2026-01-09,43.1297,False,False,False,0.5865117936253217,0.357822270640987,-0.7246130795223955,0,NONE
2026-01-12,43.1112,False,False,False,0.5805173187411136,0.3549225792371794,-0.9179886154239849,0,NONE
2026-01-13,43.1528,False,False,False,0.5935959626261018,0.345232199752413,-1.2546121085186979,0,NONE
2026-01-14,43.1739,False,False,False,0.57359891535608,0.3434169065534002,-1.3714377813121619,0,NONE
2026-01-15,43.1825,False,False,False,0.5659288665514934,0.3443015495708763,-1.293790767091588,0,NONE
2026-01-16,43.2756,False,False,False,0.5945408837362196,0.358278972347172,-0.7468586937402222,0,NONE
2026-01-19,43.2572,False,False,False,0.6059975024863485,0.3541361963192022,-0.8935423113171144,0,NONE
2026-01-20,43.2731,False,False,False,0.6071317691612733,0.3450505235856155,-1.2825669832075697,0,NONE
2026-01-21,43.2949,False,False,False,0.6073077994076177,0.3454114652160437,-1.2975403928216007,0,NONE
2026-01-22,43.2557,False,False,False,0.7200641175997102,0.3691065294353375,-0.5211190473512133,0,NONE
2026-01-23,43.363,False,False,False,0.7948466705147286,0.3713785261918199,-0.307978770961542,0,NONE
2026-01-26,43.3512,False,False,False,0.7810707718083238,0.3577723516790965,-0.7182874206728673,0,NONE
2026-01-27,43.4006,False,False,False,0.801560380878459,0.355645448634825,-0.7778429250723686,0,NONE
2026-01-28,43.3978,False,False,False,0.8214833674837998,0.3578088097460302,-0.6671042449936149,0,NONE
2026-01-29,43.4066,False,False,False,0.6926095104553429,0.3509205821984971,-1.050100909197024,0,NONE
2026-01-30,43.4888,False,False,False,0.5703701256555465,0.3474097859554949,-1.1310731527370255,0,NONE
2026-02-02,43.4709,False,False,False,0.585497581452366,0.348213497852591,-1.1540753099790138,0,NONE
2026-02-03,43.4814,False,False,False,0.55489801790306,0.3418207292016025,-1.4063323730639965,0,NONE
2026-02-04,43.5189,False,False,False,0.5435692508273178,0.3416090014956153,-1.4502008810697724,0,NONE
2026-02-05,43.5344,False,False,False,0.5353223205654866,0.3407216544708178,-1.4471160282127524,0,NONE
2026-02-06,43.6024,False,False,False,0.455344792321006,0.3414612093883312,-1.343542676973298,0,NONE
2026-02-09,43.5901,False,False,False,0.4328134723072325,0.3423699116233824,-1.255129802052128,0,NONE
2026-02-10,43.6254,False,False,False,0.4221799841924076,0.3381835453489326,-1.5137077782458679,0,NONE
2026-02-11,43.6403,False,False,False,0.4229450170144628,0.3376518161950267,-1.4840108126775942,0,NONE
2026-02-12,43.645,False,False,False,0.4387859314227234,0.3390110839670711,-1.42519728425345,0,NONE
2026-02-13,43.7288,False,False,False,0.5190519256722051,0.3468200178655639,-1.1596428722446799,0,NONE
2026-02-16,43.704,False,False,False,0.5652033203573315,0.3507052159730816,-1.0900705659306738,0,NONE
2026-02-17,43.7239,False,False,False,0.5591337110285381,0.3419224777310857,-1.4277239391890717,0,NONE
2026-02-18,43.7597,False,False,False,0.5649573673512706,0.341992312879225,-1.4154185384675593,0,NONE
2026-02-19,43.7574,False,False,False,0.5787073009388376,0.3445990248704427,-1.2551237146095744,0,NONE
2026-02-20,43.829,False,False,False,0.5145136564663952,0.3456779412648418,-1.214662099477815,0,NONE
2026-02-23,43.835,False,False,False,0.4334995146205054,0.34081291121665,-1.3501712320962511,0,NONE
2026-02-24,43.8432,False,False,False,0.4491454841299734,0.3409369866933929,-1.371766088622783,0,NONE
2026-02-25,43.865,False,False,False,0.4401199340533569,0.3394280692023539,-1.4671715171013773,0,NONE
2026-02-26,43.8838,False,False,False,0.4019422302167458,0.3391559312833325,-1.4205569451446358,0,NONE
2026-02-27,43.9347,False,False,False,0.2672987719088412,0.3446268187410464,-0.897543376332191,0,NONE
2026-03-02,43.9517,False,False,False,0.2420338824334826,0.3430814731133944,-0.9360547550507974,0,NONE
2026-03-03,43.9584,False,False,False,0.2469916576431142,0.3451785565813169,-0.8019693542088433,0,NONE
2026-03-04,43.9555,False,False,False,0.3015164881866423,0.3453045968257794,-0.856019185920351,0,NONE
2026-03-05,43.9944,False,False,False,0.3323246189159728,0.3407326409118838,-1.2011702466478411,0,NONE
2026-03-06,44.068,False,False,False,0.4643077282814386,0.3489234627941631,-0.9660871420752883,0,NONE
2026-03-09,44.0366,False,False,False,0.6036755809398615,0.3651014148235557,-0.6653608540891369,0,NONE
2026-03-10,44.0652,False,False,False,0.6026562533475662,0.3461839277610955,-1.269770910010413,0,NONE
2026-03-11,44.0828,False,False,False,0.5709641544911742,0.3438792893922195,-1.3223805255872385,0,NONE
2026-03-12,44.1219,False,False,False,0.5707910786736458,0.3440523508448099,-1.2941225680911543,0,NONE
2026-03-13,44.2207,False,False,False,0.6837644215210993,0.3673097711679862,-0.5570687145964293,0,NONE
2026-03-16,44.1694,False,False,False,0.7551325459163709,0.3743072775464597,-0.22491371169522978,0,NONE
2026-03-17,44.1903,False,False,False,0.756411026442362,0.3557556729547755,-0.9368742836386854,0,NONE
2026-03-18,44.2112,False,False,False,0.755167084271463,0.3541188584210188,-0.9217948738373156,0,NONE
2026-03-19,44.2949,False,False,False,0.8236830749992274,0.3652835627136881,-0.4956898773437093,0,NONE
2026-03-20,44.2976,False,False,False,0.6683751481317836,0.3502457339927977,-1.0466010926108886,0,NONE
2026-03-23,44.3048,False,False,False,0.4514347342430714,0.3405614453557233,-1.3865461131494445,0,NONE
2026-03-24,44.3373,False,False,False,0.4502729407209224,0.3395118920586391,-1.513254814139973,0,NONE
2026-03-25,44.3411,False,False,False,0.4793784278571646,0.3417799898274405,-1.3607871011867871,0,NONE
2026-03-26,44.333,False,False,False,0.224662837657816,0.3491306784629452,-0.5406615123328713,0,NONE
2026-03-27,44.42,False,False,False,0.5163814610068846,0.3499469660541511,-1.043233352089299,0,NONE
2026-03-30,44.4456,False,False,False,0.5031601707971466,0.3402810421947106,-1.5155587624984985,0,NONE
2026-03-31,44.4499,False,False,False,0.5199403111060982,0.3418974615798241,-1.385474127747365,0,NONE
2026-04-01,44.4705,False,False,False,0.5029867991382078,0.3396427309391437,-1.4957829175406232,0,NONE
2026-04-02,44.461,False,False,False,0.5050087678864555,0.3445050583823476,-1.2418117551439725,0,NONE
2026-04-03,44.5811,False,False,False,0.6764702242494197,0.3647766044910784,-0.6759069137051714,0,NONE
2026-04-06,44.5698,False,False,False,0.7285218618064937,0.3537415642981737,-0.9080410509659664,0,NONE
2026-04-07,44.6045,False,False,False,0.7138573941947796,0.3492941382830618,-1.117329171241412,0,NONE
2026-04-08,44.5158,False,False,True,0.9464933225982252,0.4011442193458768,0.09009431821740321,1,ONE_MODEL
2026-04-09,44.5674,False,False,False,0.957779486036249,0.3709969433419823,-0.39908119759861194,0,NONE
2026-04-10,44.6144,False,False,False,0.744891918781577,0.3530440414270148,-0.9509381830880734,0,NONE
2026-04-13,44.6864,False,False,False,0.8080955248216424,0.357364930975373,-0.7384692481285189,0,NONE
2026-04-14,44.7241,False,False,False,0.8093951666137351,0.35321409173337,-0.8668444644517042,0,NONE
2026-04-15,44.745,False,False,False,0.2368092843328187,0.3443408057424035,-0.9610246721630542,0,NONE
2026-04-16,44.7541,False,False,False,0.3134213112071615,0.33971626367888,-1.2243093290421303,0,NONE
2026-04-17,44.8573,False,False,False,0.5003906054647458,0.3520676677685916,-1.1471854215450428,0,NONE
2026-04-20,44.8643,False,False,False,0.5170712856596029,0.3410248125089362,-1.4554995613574295,0,NONE
2026-04-21,44.879,False,False,False,0.5319546242031603,0.3407479906875666,-1.492886796875851,0,NONE
2026-04-22,44.9199,False,False,False,0.5303064154533611,0.3409976071167924,-1.5473301368834687,0,NONE
2026-04-23,44.9251,False,False,False,0.5384807289955851,0.3418640119845011,-1.4117278307258,0,NONE
2026-04-24,45.0098,False,False,False,0.4368873887387388,0.3429839320955185,-1.352147902880997,0,NONE
2026-04-27,45.0347,False,False,False,0.4122216390199474,0.3380006976672419,-1.5403434023140523,0,NONE
2026-04-28,45.049,False,False,False,0.4133917290784705,0.3378416120850547,-1.4856295878679049,0,NONE
2026-04-29,45.1137,False,False,False,0.4488966428289059,0.3408221569675148,-1.514986795168852,0,NONE
2026-04-30,45.1863,False,False,False,0.3994893745595869,0.342637596715048,-1.42780965174809,0,NONE
2026-05-01,45.1846,False,False,False,0.4195065421133538,0.341476510607212,-1.262362540146869,0,NONE
2026-05-04,45.1901,False,False,False,0.4559338968667586,0.3402080416566518,-1.410681998300067,0,NONE
2026-05-05,45.2168,False,False,False,0.4422800218555363,0.3383668341868008,-1.551192505377717,0,NONE
2026-05-06,45.2134,False,False,False,0.4135742685144044,0.3416453049292613,-1.255526233130123,0,NONE
2026-05-07,45.2441,False,False,False,0.2091755505493486,0.3439005630457103,-0.8331318949969795,0,NONE
2026-05-08,45.3532,False,False,False,0.6001315700717789,0.3584600992313463,-0.8408142942254706,0,NONE
2026-05-11,45.3541,False,False,False,0.5854421537282939,0.3483129112095624,-1.0830437684904854,0,NONE
2026-05-12,45.382,False,False,False,0.5851817845547332,0.3435835042420986,-1.397695507137188,0,NONE
2026-05-13,45.4209,False,False,False,0.5227276664896425,0.3428304137198994,-1.5232502288905874,0,NONE
2026-05-14,45.4325,False,False,False,0.552326536290396,0.3444751260396185,-1.2969238431806183,0,NONE
2026-05-15,45.5176,False,False,False,0.4196329019864537,0.3443783685692902,-1.1879610515403254,0,NONE
2026-05-18,45.578,False,False,False,0.3673871191288362,0.3415617973105255,-1.33774448303798,0,NONE
2026-05-19,45.5808,False,False,False,0.4358907782691872,0.3453498132247305,-1.140557325856694,0,NONE
2026-05-20,45.5888,False,False,False,0.4716535490976387,0.3418153749507583,-1.2820430524207822,0,NONE
2026-05-21,45.5904,False,False,False,0.4918045980400219,0.3447392575315873,-1.2288883813956346,0,NONE
2026-05-22,45.7362,False,False,False,0.8119156124657689,0.3764566835008133,-0.4242563074106851,0,NONE
2026-05-25,45.6907,False,False,False,0.835259316981883,0.3747848066392852,-0.36541539443612514,0,NONE
2026-05-26,45.8839,True,False,True,1.0707768394705366,0.4125113421749564,0.08594419975507428,2,TWO_MODELS
2026-05-27,45.9088,True,False,False,1.0558709546339244,0.3794225991564408,-0.3001900856182811,1,ONE_MODEL
2026-05-28,45.8729,True,False,True,1.1093750090908283,0.3926541419028036,0.00046063523813266727,2,TWO_MODELS
2026-05-29,45.8248,True,False,False,1.0376954354639851,0.3874316831792513,-0.2989349079326704,1,ONE_MODEL
2026-06-01,45.9011,False,False,False,0.999596480829794,0.375281120944656,-0.5549017731642465,0,NONE
2026-06-02,45.9392,False,False,False,0.5298486896224224,0.3412580161873786,-1.6979978842488137,0,NONE
2026-06-03,45.9653,False,False,False,0.5309403029700224,0.3409739332245997,-1.677929091111185,0,NONE
2026-06-04,46.0303,False,False,False,0.4943675684512408,0.3424672006127314,-1.7597874678941565,0,NONE
2026-06-05,46.0408,False,False,False,0.2800327814561091,0.3406700764088693,-1.171324332222369,0,NONE
2026-06-08,46.1073,False,False,False,0.2562100748519757,0.3409279596909975,-1.2102088486494083,0,NONE
2026-06-09,46.1238,False,False,False,0.2821799212561307,0.3388159779654069,-1.2716485316128416,0,NONE
2026-06-10,46.127,False,False,False,0.3228346503723512,0.3389941005157518,-1.3499706423255038,0,NONE
2026-06-11,46.2025,False,False,False,0.3548504331277557,0.3386462950080881,-1.5402294594022532,0,NONE
2026-06-12,46.269,False,False,False,0.3476023988230954,0.3385980109178294,-1.5600019083815315,0,NONE
2026-06-15,46.2985,False,False,False,0.3300721204839865,0.3377073328942723,-1.5016741252928743,0,NONE
2026-06-16,46.2902,False,False,False,0.387414852593252,0.3401059827990338,-1.444009171089375,0,NONE
2026-06-17,46.3601,False,False,False,0.3703665643263786,0.3387991544715023,-1.6005944876730283,0,NONE
2026-06-18,46.4529,False,False,False,0.4099014212612352,0.3428466176545636,-1.596764568534951,0,NONE
2026-06-19,46.4438,False,False,False,0.474553101001569,0.3435007348314392,-1.4519745497871952,0,NONE
2026-06-22,46.4656,False,False,False,0.4781250756070366,0.340754029399637,-1.6728038267157892,0,NONE
2026-06-23,46.4739,False,False,False,0.4446930673369949,0.3402182240997865,-1.4864788082245877,0,NONE
2026-06-24,46.5056,False,False,False,0.4014207917356641,0.3381250815772052,-1.617914349565451,0,NONE
2026-06-25,46.5673,False,False,False,0.2755767719598912,0.3427348788879245,-1.0977206891194342,0,NONE
2026-06-26,46.6255,False,False,False,0.2466834148772801,0.3441656321091321,-1.0189976272503447,0,NONE
2026-06-29,46.6471,False,False,False,0.2491083760255141,0.3439114959944306,-0.8799565787650501,0,NONE
2026-06-30,46.6592,False,False,False,0.2367800946705092,0.3455478942271556,-0.694439414182062,0,NONE
2026-07-01,46.6625,False,False,False,0.3079234882619115,0.3455118344422834,-0.8573287693445852,0,NONE
2026-07-02,46.7081,False,False,False,0.263712521744033,0.3416016560086318,-1.1325821007028019,0,NONE
2026-07-03,46.8088,False,False,False,0.5365978225926316,0.3538711453350551,-0.9415195008669901,0,NONE
2026-07-06,46.8181,False,False,False,0.4576905809605112,0.342923337524109,-1.274604800069664,0,NONE
2026-07-07,46.8496,False,False,False,0.4380521216418797,0.3396796771373295,-1.5565527947085247,0,NONE
2026-07-08,46.8294,False,False,False,0.5010787960852876,0.3581594042282875,-0.8842518226872542,0,NONE
2026-07-09,46.9009,False,False,False,0.5343156348680582,0.3462442021774978,-1.4118958523985086,0,NONE
2026-07-10,46.9929,False,False,False,0.5071294680604719,0.3502591239032078,-1.2218417881507246,0,NONE
2026-07-13,46.9933,False,False,False,0.5228310466373934,0.3469861705402179,-1.2285558565853076,0,NONE
2026-07-14,47.0327,False,False,False,0.5236051263967438,0.3433365509231075,-1.5765764883713285,0,NONE
2026-07-15,47.0397,False,False,False,0.4418926703532473,0.3428722479096479,-1.2698269796064583,0,NONE
2026-07-16,47.1003,False,False,False,0.4225935573817375,0.3402819032941469,-1.494324090839834,0,NONE
2026-07-17,47.1623,False,False,False,0.3247409481001738,0.3415785863173976,-1.2207298846002494,0,NONE
2026-07-20,47.1697,False,False,False,0.302487949531857,0.3430665761051651,-0.946228171945064,0,NONE
2026-07-21,47.1865,False,False,False,0.3137992493756085,0.3401186832795971,-1.1707863208345906,0,NONE
2026-07-22,47.2159,False,False,False,0.2802981308532765,0.3398141224156623,-1.1786878456884828,0,NONE
2026-07-23,47.2676,False,False,False,0.2587214089650315,0.3423235094725273,-1.0900603736421317,0,NONE
2026-07-24,47.3323,False,False,False,0.2681995869014942,0.3446441520458733,-0.9919374851158782,0,NONE
2026-07-27,47.3448,False,False,False,0.2535229677655087,0.3436685052748489,-0.8467928893578556,0,NONE
2026-07-28,47.3771,False,False,False,0.2292332701065493,0.343338324002854,-0.9713418013440211,0,NONE
2026-07-29,47.3904,False,False,False,0.2621272428435154,0.3427418236249741,-0.8859097968226042,0,NONE
2026-07-30,47.4289,False,False,False,0.2426605555474165,0.3416547153789253,-1.0554649374615153,0,NONE
2026-07-31,47.5127,False,False,False,0.3682690230234677,0.3443957278092095,-0.9732520466298542,0,NONE
2026-08-03,47.5316,False,False,False,0.3205498160802321,0.3407027451382346,-1.1599209872324803,0,NONE
2026-08-04,47.528,False,False,False,0.3832116470467572,0.3478379004085558,-0.9225500520242722,0,NONE
2026-08-05,47.5669,False,False,False,0.3684573236574266,0.338988402687796,-1.4647962364126812,0,NONE
2026-08-06,47.6245,False,False,False,0.3864662291012488,0.3400356784510607,-1.405931003425545,0,NONE
2026-08-07,47.7111,False,False,False,0.4484811676278865,0.3485975825099627,-0.9839380247063758,0,NONE
